Año;Habilidad informática;Edad;Sexo;Ámbito territorial;Magnitud;Valor
2022;"A - Al menos una / Competencia global";"Total";"Total";"C.A. de Euskadi";"%";68,8
2024;"A - Al menos una / Competencia global";"Total";"Total";"C.A. de Euskadi";"%";69,8
2019;"A - Al menos una / Competencia global";"Total";"Total";"C.A. de Euskadi";"%";67
2023;"A - Al menos una / Competencia global";"Total";"Total";"C.A. de Euskadi";"%";71,5
2025;"A - Al menos una / Competencia global";"Total";"Total";"C.A. de Euskadi";"%";71,8
2020;"A - Al menos una / Competencia global";"Total";"Total";"C.A. de Euskadi";"%";69,8
2021;"A - Al menos una / Competencia global";"Total";"Total";"C.A. de Euskadi";"%";75
2020;"A - Al menos una / Competencia global";"Total";"Total";"Araba/Álava";"%";70,1
2019;"A - Al menos una / Competencia global";"Total";"Total";"Araba/Álava";"%";68,5
2024;"A - Al menos una / Competencia global";"Total";"Total";"Araba/Álava";"%";69,6
2022;"A - Al menos una / Competencia global";"Total";"Total";"Araba/Álava";"%";68,3
2023;"A - Al menos una / Competencia global";"Total";"Total";"Araba/Álava";"%";71,3
2021;"A - Al menos una / Competencia global";"Total";"Total";"Araba/Álava";"%";75,4
2025;"A - Al menos una / Competencia global";"Total";"Total";"Araba/Álava";"%";70,9
2019;"A - Al menos una / Competencia global";"Total";"Total";"Bizkaia";"%";67,7
2023;"A - Al menos una / Competencia global";"Total";"Total";"Bizkaia";"%";71,3
2022;"A - Al menos una / Competencia global";"Total";"Total";"Bizkaia";"%";68,5
2021;"A - Al menos una / Competencia global";"Total";"Total";"Bizkaia";"%";74,6
2025;"A - Al menos una / Competencia global";"Total";"Total";"Bizkaia";"%";73
2024;"A - Al menos una / Competencia global";"Total";"Total";"Bizkaia";"%";70,8
2020;"A - Al menos una / Competencia global";"Total";"Total";"Bizkaia";"%";69,5
2020;"A - Al menos una / Competencia global";"Total";"Total";"Gipuzkoa";"%";70,2
2022;"A - Al menos una / Competencia global";"Total";"Total";"Gipuzkoa";"%";69,4
2023;"A - Al menos una / Competencia global";"Total";"Total";"Gipuzkoa";"%";72
2024;"A - Al menos una / Competencia global";"Total";"Total";"Gipuzkoa";"%";68,4
2025;"A - Al menos una / Competencia global";"Total";"Total";"Gipuzkoa";"%";70,1
2019;"A - Al menos una / Competencia global";"Total";"Total";"Gipuzkoa";"%";65,2
2021;"A - Al menos una / Competencia global";"Total";"Total";"Gipuzkoa";"%";75,4
2025;"D - Instalar software o aplicaciones";"Total";"Total";"C.A. de Euskadi";"%";45,8
2021;"D - Instalar software o aplicaciones";"Total";"Total";"C.A. de Euskadi";"%";64,6
2022;"D - Instalar software o aplicaciones";"Total";"Total";"C.A. de Euskadi";"%";54
2019;"D - Instalar software o aplicaciones";"Total";"Total";"C.A. de Euskadi";"%";53,9
2024;"D - Instalar software o aplicaciones";"Total";"Total";"C.A. de Euskadi";"%";47,8
2023;"D - Instalar software o aplicaciones";"Total";"Total";"C.A. de Euskadi";"%";51,6
2020;"D - Instalar software o aplicaciones";"Total";"Total";"C.A. de Euskadi";"%";58,8
2021;"D - Instalar software o aplicaciones";"Total";"Total";"Araba/Álava";"%";65,8
2020;"D - Instalar software o aplicaciones";"Total";"Total";"Araba/Álava";"%";57,3
2019;"D - Instalar software o aplicaciones";"Total";"Total";"Araba/Álava";"%";54,5
2024;"D - Instalar software o aplicaciones";"Total";"Total";"Araba/Álava";"%";48,8
2025;"D - Instalar software o aplicaciones";"Total";"Total";"Araba/Álava";"%";46,8
2022;"D - Instalar software o aplicaciones";"Total";"Total";"Araba/Álava";"%";53
2023;"D - Instalar software o aplicaciones";"Total";"Total";"Araba/Álava";"%";52,5
2021;"D - Instalar software o aplicaciones";"Total";"Total";"Bizkaia";"%";64,3
2024;"D - Instalar software o aplicaciones";"Total";"Total";"Bizkaia";"%";48,4
2023;"D - Instalar software o aplicaciones";"Total";"Total";"Bizkaia";"%";51,9
2019;"D - Instalar software o aplicaciones";"Total";"Total";"Bizkaia";"%";55,2
2020;"D - Instalar software o aplicaciones";"Total";"Total";"Bizkaia";"%";58,3
2022;"D - Instalar software o aplicaciones";"Total";"Total";"Bizkaia";"%";54,5
2025;"D - Instalar software o aplicaciones";"Total";"Total";"Bizkaia";"%";46,5
2020;"D - Instalar software o aplicaciones";"Total";"Total";"Gipuzkoa";"%";60,2
2022;"D - Instalar software o aplicaciones";"Total";"Total";"Gipuzkoa";"%";53,6
2023;"D - Instalar software o aplicaciones";"Total";"Total";"Gipuzkoa";"%";50,7
2024;"D - Instalar software o aplicaciones";"Total";"Total";"Gipuzkoa";"%";46,4
2021;"D - Instalar software o aplicaciones";"Total";"Total";"Gipuzkoa";"%";64,6
2025;"D - Instalar software o aplicaciones";"Total";"Total";"Gipuzkoa";"%";44,3
2019;"D - Instalar software o aplicaciones";"Total";"Total";"Gipuzkoa";"%";51,6
2023;"E - Cambiar la configuración de cualquier software, incluídos el sistema operativo, programas de seguridad";"Total";"Total";"C.A. de Euskadi";"%";33,4
2021;"E - Cambiar la configuración de cualquier software, incluídos el sistema operativo, programas de seguridad";"Total";"Total";"C.A. de Euskadi";"%";27,9
2020;"E - Cambiar la configuración de cualquier software, incluídos el sistema operativo, programas de seguridad";"Total";"Total";"C.A. de Euskadi";"%";28,4
2019;"E - Cambiar la configuración de cualquier software, incluídos el sistema operativo, programas de seguridad";"Total";"Total";"C.A. de Euskadi";"%";16
2025;"E - Cambiar la configuración de cualquier software, incluídos el sistema operativo, programas de seguridad";"Total";"Total";"C.A. de Euskadi";"%";29,2
2024;"E - Cambiar la configuración de cualquier software, incluídos el sistema operativo, programas de seguridad";"Total";"Total";"C.A. de Euskadi";"%";21,3
2022;"E - Cambiar la configuración de cualquier software, incluídos el sistema operativo, programas de seguridad";"Total";"Total";"C.A. de Euskadi";"%";23
2020;"E - Cambiar la configuración de cualquier software, incluídos el sistema operativo, programas de seguridad";"Total";"Total";"Araba/Álava";"%";26,8
2019;"E - Cambiar la configuración de cualquier software, incluídos el sistema operativo, programas de seguridad";"Total";"Total";"Araba/Álava";"%";16,2
2021;"E - Cambiar la configuración de cualquier software, incluídos el sistema operativo, programas de seguridad";"Total";"Total";"Araba/Álava";"%";27
2023;"E - Cambiar la configuración de cualquier software, incluídos el sistema operativo, programas de seguridad";"Total";"Total";"Araba/Álava";"%";31,7
2025;"E - Cambiar la configuración de cualquier software, incluídos el sistema operativo, programas de seguridad";"Total";"Total";"Araba/Álava";"%";28,9
2024;"E - Cambiar la configuración de cualquier software, incluídos el sistema operativo, programas de seguridad";"Total";"Total";"Araba/Álava";"%";24,2
2022;"E - Cambiar la configuración de cualquier software, incluídos el sistema operativo, programas de seguridad";"Total";"Total";"Araba/Álava";"%";23,6
2022;"E - Cambiar la configuración de cualquier software, incluídos el sistema operativo, programas de seguridad";"Total";"Total";"Bizkaia";"%";22,5
2024;"E - Cambiar la configuración de cualquier software, incluídos el sistema operativo, programas de seguridad";"Total";"Total";"Bizkaia";"%";21,5
2025;"E - Cambiar la configuración de cualquier software, incluídos el sistema operativo, programas de seguridad";"Total";"Total";"Bizkaia";"%";30
2019;"E - Cambiar la configuración de cualquier software, incluídos el sistema operativo, programas de seguridad";"Total";"Total";"Bizkaia";"%";16,7
2023;"E - Cambiar la configuración de cualquier software, incluídos el sistema operativo, programas de seguridad";"Total";"Total";"Bizkaia";"%";34,4
2020;"E - Cambiar la configuración de cualquier software, incluídos el sistema operativo, programas de seguridad";"Total";"Total";"Bizkaia";"%";27,9
2021;"E - Cambiar la configuración de cualquier software, incluídos el sistema operativo, programas de seguridad";"Total";"Total";"Bizkaia";"%";28
2021;"E - Cambiar la configuración de cualquier software, incluídos el sistema operativo, programas de seguridad";"Total";"Total";"Gipuzkoa";"%";28,1
2022;"E - Cambiar la configuración de cualquier software, incluídos el sistema operativo, programas de seguridad";"Total";"Total";"Gipuzkoa";"%";23,7
2020;"E - Cambiar la configuración de cualquier software, incluídos el sistema operativo, programas de seguridad";"Total";"Total";"Gipuzkoa";"%";30,1
2025;"E - Cambiar la configuración de cualquier software, incluídos el sistema operativo, programas de seguridad";"Total";"Total";"Gipuzkoa";"%";28,1
2019;"E - Cambiar la configuración de cualquier software, incluídos el sistema operativo, programas de seguridad";"Total";"Total";"Gipuzkoa";"%";14,7
2024;"E - Cambiar la configuración de cualquier software, incluídos el sistema operativo, programas de seguridad";"Total";"Total";"Gipuzkoa";"%";19,4
2023;"E - Cambiar la configuración de cualquier software, incluídos el sistema operativo, programas de seguridad";"Total";"Total";"Gipuzkoa";"%";32,7
2025;"B - Copiar o mover ficheros o carpetas";"Total";"Total";"C.A. de Euskadi";"%";53,7
2024;"B - Copiar o mover ficheros o carpetas";"Total";"Total";"C.A. de Euskadi";"%";51
2022;"B - Copiar o mover ficheros o carpetas";"Total";"Total";"C.A. de Euskadi";"%";57,2
2020;"B - Copiar o mover ficheros o carpetas";"Total";"Total";"C.A. de Euskadi";"%";55,4
2019;"B - Copiar o mover ficheros o carpetas";"Total";"Total";"C.A. de Euskadi";"%";55,4
2023;"B - Copiar o mover ficheros o carpetas";"Total";"Total";"C.A. de Euskadi";"%";56,3
2021;"B - Copiar o mover ficheros o carpetas";"Total";"Total";"C.A. de Euskadi";"%";61,5
2022;"B - Copiar o mover ficheros o carpetas";"Total";"Total";"Araba/Álava";"%";56,7
2024;"B - Copiar o mover ficheros o carpetas";"Total";"Total";"Araba/Álava";"%";52
2025;"B - Copiar o mover ficheros o carpetas";"Total";"Total";"Araba/Álava";"%";54,2
2020;"B - Copiar o mover ficheros o carpetas";"Total";"Total";"Araba/Álava";"%";54
2023;"B - Copiar o mover ficheros o carpetas";"Total";"Total";"Araba/Álava";"%";54,8
2019;"B - Copiar o mover ficheros o carpetas";"Total";"Total";"Araba/Álava";"%";55,8
2021;"B - Copiar o mover ficheros o carpetas";"Total";"Total";"Araba/Álava";"%";61,9
2025;"B - Copiar o mover ficheros o carpetas";"Total";"Total";"Bizkaia";"%";54,1
2022;"B - Copiar o mover ficheros o carpetas";"Total";"Total";"Bizkaia";"%";56,7
2024;"B - Copiar o mover ficheros o carpetas";"Total";"Total";"Bizkaia";"%";51,2
2019;"B - Copiar o mover ficheros o carpetas";"Total";"Total";"Bizkaia";"%";55,8
2021;"B - Copiar o mover ficheros o carpetas";"Total";"Total";"Bizkaia";"%";61,6
2020;"B - Copiar o mover ficheros o carpetas";"Total";"Total";"Bizkaia";"%";54,3
2023;"B - Copiar o mover ficheros o carpetas";"Total";"Total";"Bizkaia";"%";56
2022;"B - Copiar o mover ficheros o carpetas";"Total";"Total";"Gipuzkoa";"%";58,3
2023;"B - Copiar o mover ficheros o carpetas";"Total";"Total";"Gipuzkoa";"%";57,3
2020;"B - Copiar o mover ficheros o carpetas";"Total";"Total";"Gipuzkoa";"%";57,7
2021;"B - Copiar o mover ficheros o carpetas";"Total";"Total";"Gipuzkoa";"%";61
2025;"B - Copiar o mover ficheros o carpetas";"Total";"Total";"Gipuzkoa";"%";53
2024;"B - Copiar o mover ficheros o carpetas";"Total";"Total";"Gipuzkoa";"%";50,3
2019;"B - Copiar o mover ficheros o carpetas";"Total";"Total";"Gipuzkoa";"%";54,5
2020;"F - Crear presentaciones o documentos que integren texto, imágenes, tablas o gráficos";"Total";"Total";"C.A. de Euskadi";"%";45
2023;"F - Crear presentaciones o documentos que integren texto, imágenes, tablas o gráficos";"Total";"Total";"C.A. de Euskadi";"%";41,1
2019;"F - Crear presentaciones o documentos que integren texto, imágenes, tablas o gráficos";"Total";"Total";"C.A. de Euskadi";"%";42,2
2024;"F - Crear presentaciones o documentos que integren texto, imágenes, tablas o gráficos";"Total";"Total";"C.A. de Euskadi";"%";40
2025;"F - Crear presentaciones o documentos que integren texto, imágenes, tablas o gráficos";"Total";"Total";"C.A. de Euskadi";"%";43,1
2022;"F - Crear presentaciones o documentos que integren texto, imágenes, tablas o gráficos";"Total";"Total";"C.A. de Euskadi";"%";42,3
2021;"F - Crear presentaciones o documentos que integren texto, imágenes, tablas o gráficos";"Total";"Total";"C.A. de Euskadi";"%";46
2023;"F - Crear presentaciones o documentos que integren texto, imágenes, tablas o gráficos";"Total";"Total";"Araba/Álava";"%";38,4
2024;"F - Crear presentaciones o documentos que integren texto, imágenes, tablas o gráficos";"Total";"Total";"Araba/Álava";"%";38,1
2025;"F - Crear presentaciones o documentos que integren texto, imágenes, tablas o gráficos";"Total";"Total";"Araba/Álava";"%";43,8
2020;"F - Crear presentaciones o documentos que integren texto, imágenes, tablas o gráficos";"Total";"Total";"Araba/Álava";"%";43
2019;"F - Crear presentaciones o documentos que integren texto, imágenes, tablas o gráficos";"Total";"Total";"Araba/Álava";"%";41,8
2021;"F - Crear presentaciones o documentos que integren texto, imágenes, tablas o gráficos";"Total";"Total";"Araba/Álava";"%";46,6
2022;"F - Crear presentaciones o documentos que integren texto, imágenes, tablas o gráficos";"Total";"Total";"Araba/Álava";"%";43,5
2023;"F - Crear presentaciones o documentos que integren texto, imágenes, tablas o gráficos";"Total";"Total";"Bizkaia";"%";40,7
2020;"F - Crear presentaciones o documentos que integren texto, imágenes, tablas o gráficos";"Total";"Total";"Bizkaia";"%";45,1
2019;"F - Crear presentaciones o documentos que integren texto, imágenes, tablas o gráficos";"Total";"Total";"Bizkaia";"%";42,4
2021;"F - Crear presentaciones o documentos que integren texto, imágenes, tablas o gráficos";"Total";"Total";"Bizkaia";"%";46,1
2022;"F - Crear presentaciones o documentos que integren texto, imágenes, tablas o gráficos";"Total";"Total";"Bizkaia";"%";41,9
2024;"F - Crear presentaciones o documentos que integren texto, imágenes, tablas o gráficos";"Total";"Total";"Bizkaia";"%";40,6
2025;"F - Crear presentaciones o documentos que integren texto, imágenes, tablas o gráficos";"Total";"Total";"Bizkaia";"%";43,5
2020;"F - Crear presentaciones o documentos que integren texto, imágenes, tablas o gráficos";"Total";"Total";"Gipuzkoa";"%";45,7
2025;"F - Crear presentaciones o documentos que integren texto, imágenes, tablas o gráficos";"Total";"Total";"Gipuzkoa";"%";42,2
2022;"F - Crear presentaciones o documentos que integren texto, imágenes, tablas o gráficos";"Total";"Total";"Gipuzkoa";"%";42,3
2021;"F - Crear presentaciones o documentos que integren texto, imágenes, tablas o gráficos";"Total";"Total";"Gipuzkoa";"%";45,4
2019;"F - Crear presentaciones o documentos que integren texto, imágenes, tablas o gráficos";"Total";"Total";"Gipuzkoa";"%";42,2
2023;"F - Crear presentaciones o documentos que integren texto, imágenes, tablas o gráficos";"Total";"Total";"Gipuzkoa";"%";42,9
2024;"F - Crear presentaciones o documentos que integren texto, imágenes, tablas o gráficos";"Total";"Total";"Gipuzkoa";"%";40
2023;"H - Programar en un lenguaje de programación";"Total";"Total";"C.A. de Euskadi";"%";6,2
2021;"H - Programar en un lenguaje de programación";"Total";"Total";"C.A. de Euskadi";"%";5,3
2025;"H - Programar en un lenguaje de programación";"Total";"Total";"C.A. de Euskadi";"%";5,8
2024;"H - Programar en un lenguaje de programación";"Total";"Total";"C.A. de Euskadi";"%";4,5
2020;"H - Programar en un lenguaje de programación";"Total";"Total";"C.A. de Euskadi";"%";5,7
2022;"H - Programar en un lenguaje de programación";"Total";"Total";"C.A. de Euskadi";"%";5,3
2019;"H - Programar en un lenguaje de programación";"Total";"Total";"C.A. de Euskadi";"%";5,6
2020;"H - Programar en un lenguaje de programación";"Total";"Total";"Araba/Álava";"%";5,7
2021;"H - Programar en un lenguaje de programación";"Total";"Total";"Araba/Álava";"%";5,7
2019;"H - Programar en un lenguaje de programación";"Total";"Total";"Araba/Álava";"%";5,3
2024;"H - Programar en un lenguaje de programación";"Total";"Total";"Araba/Álava";"%";3,7
2023;"H - Programar en un lenguaje de programación";"Total";"Total";"Araba/Álava";"%";4,3
2025;"H - Programar en un lenguaje de programación";"Total";"Total";"Araba/Álava";"%";4,9
2022;"H - Programar en un lenguaje de programación";"Total";"Total";"Araba/Álava";"%";4,7
2024;"H - Programar en un lenguaje de programación";"Total";"Total";"Bizkaia";"%";4,9
2019;"H - Programar en un lenguaje de programación";"Total";"Total";"Bizkaia";"%";5,8
2022;"H - Programar en un lenguaje de programación";"Total";"Total";"Bizkaia";"%";5,1
2023;"H - Programar en un lenguaje de programación";"Total";"Total";"Bizkaia";"%";6,9
2025;"H - Programar en un lenguaje de programación";"Total";"Total";"Bizkaia";"%";6,5
2021;"H - Programar en un lenguaje de programación";"Total";"Total";"Bizkaia";"%";5,2
2020;"H - Programar en un lenguaje de programación";"Total";"Total";"Bizkaia";"%";5,7
2025;"H - Programar en un lenguaje de programación";"Total";"Total";"Gipuzkoa";"%";5,2
2019;"H - Programar en un lenguaje de programación";"Total";"Total";"Gipuzkoa";"%";5,2
2024;"H - Programar en un lenguaje de programación";"Total";"Total";"Gipuzkoa";"%";4,1
2020;"H - Programar en un lenguaje de programación";"Total";"Total";"Gipuzkoa";"%";5,6
2022;"H - Programar en un lenguaje de programación";"Total";"Total";"Gipuzkoa";"%";5,7
2021;"H - Programar en un lenguaje de programación";"Total";"Total";"Gipuzkoa";"%";5,2
2023;"H - Programar en un lenguaje de programación";"Total";"Total";"Gipuzkoa";"%";6,1
2023;"G - Usar hojas de cálculo";"Total";"Total";"C.A. de Euskadi";"%";41,9
2025;"G - Usar hojas de cálculo";"Total";"Total";"C.A. de Euskadi";"%";42,4
2020;"G - Usar hojas de cálculo";"Total";"Total";"C.A. de Euskadi";"%";41,1
2019;"G - Usar hojas de cálculo";"Total";"Total";"C.A. de Euskadi";"%";41,9
2021;"G - Usar hojas de cálculo";"Total";"Total";"C.A. de Euskadi";"%";44,4
2024;"G - Usar hojas de cálculo";"Total";"Total";"C.A. de Euskadi";"%";42,7
2022;"G - Usar hojas de cálculo";"Total";"Total";"C.A. de Euskadi";"%";42,2
2024;"G - Usar hojas de cálculo";"Total";"Total";"Araba/Álava";"%";41,5
2022;"G - Usar hojas de cálculo";"Total";"Total";"Araba/Álava";"%";44,9
2021;"G - Usar hojas de cálculo";"Total";"Total";"Araba/Álava";"%";44,1
2019;"G - Usar hojas de cálculo";"Total";"Total";"Araba/Álava";"%";42,9
2025;"G - Usar hojas de cálculo";"Total";"Total";"Araba/Álava";"%";41,7
2020;"G - Usar hojas de cálculo";"Total";"Total";"Araba/Álava";"%";39,7
2023;"G - Usar hojas de cálculo";"Total";"Total";"Araba/Álava";"%";37,4
2019;"G - Usar hojas de cálculo";"Total";"Total";"Bizkaia";"%";41,1
2022;"G - Usar hojas de cálculo";"Total";"Total";"Bizkaia";"%";40,9
2024;"G - Usar hojas de cálculo";"Total";"Total";"Bizkaia";"%";43,5
2025;"G - Usar hojas de cálculo";"Total";"Total";"Bizkaia";"%";43,3
2023;"G - Usar hojas de cálculo";"Total";"Total";"Bizkaia";"%";41,5
2021;"G - Usar hojas de cálculo";"Total";"Total";"Bizkaia";"%";44,6
2020;"G - Usar hojas de cálculo";"Total";"Total";"Bizkaia";"%";41,2
2024;"G - Usar hojas de cálculo";"Total";"Total";"Gipuzkoa";"%";42,1
2022;"G - Usar hojas de cálculo";"Total";"Total";"Gipuzkoa";"%";43,2
2020;"G - Usar hojas de cálculo";"Total";"Total";"Gipuzkoa";"%";41,6
2019;"G - Usar hojas de cálculo";"Total";"Total";"Gipuzkoa";"%";42,8
2023;"G - Usar hojas de cálculo";"Total";"Total";"Gipuzkoa";"%";44,4
2025;"G - Usar hojas de cálculo";"Total";"Total";"Gipuzkoa";"%";41,2
2021;"G - Usar hojas de cálculo";"Total";"Total";"Gipuzkoa";"%";44,4
2025;"C - Transferir ficheros entre el ordenador y otros dispositivos (móviles, cámaras, etc)";"Total";"Total";"C.A. de Euskadi";"%";41,9
2023;"C - Transferir ficheros entre el ordenador y otros dispositivos (móviles, cámaras, etc)";"Total";"Total";"C.A. de Euskadi";"%";50
2019;"C - Transferir ficheros entre el ordenador y otros dispositivos (móviles, cámaras, etc)";"Total";"Total";"C.A. de Euskadi";"%";51,9
2024;"C - Transferir ficheros entre el ordenador y otros dispositivos (móviles, cámaras, etc)";"Total";"Total";"C.A. de Euskadi";"%";37
2021;"C - Transferir ficheros entre el ordenador y otros dispositivos (móviles, cámaras, etc)";"Total";"Total";"C.A. de Euskadi";"%";60,3
2020;"C - Transferir ficheros entre el ordenador y otros dispositivos (móviles, cámaras, etc)";"Total";"Total";"C.A. de Euskadi";"%";55,2
2022;"C - Transferir ficheros entre el ordenador y otros dispositivos (móviles, cámaras, etc)";"Total";"Total";"C.A. de Euskadi";"%";52,1
2025;"C - Transferir ficheros entre el ordenador y otros dispositivos (móviles, cámaras, etc)";"Total";"Total";"Araba/Álava";"%";40
2024;"C - Transferir ficheros entre el ordenador y otros dispositivos (móviles, cámaras, etc)";"Total";"Total";"Araba/Álava";"%";38,4
2022;"C - Transferir ficheros entre el ordenador y otros dispositivos (móviles, cámaras, etc)";"Total";"Total";"Araba/Álava";"%";52,5
2023;"C - Transferir ficheros entre el ordenador y otros dispositivos (móviles, cámaras, etc)";"Total";"Total";"Araba/Álava";"%";46
2020;"C - Transferir ficheros entre el ordenador y otros dispositivos (móviles, cámaras, etc)";"Total";"Total";"Araba/Álava";"%";55,9
2019;"C - Transferir ficheros entre el ordenador y otros dispositivos (móviles, cámaras, etc)";"Total";"Total";"Araba/Álava";"%";51,6
2021;"C - Transferir ficheros entre el ordenador y otros dispositivos (móviles, cámaras, etc)";"Total";"Total";"Araba/Álava";"%";59,6
2020;"C - Transferir ficheros entre el ordenador y otros dispositivos (móviles, cámaras, etc)";"Total";"Total";"Bizkaia";"%";54,2
2024;"C - Transferir ficheros entre el ordenador y otros dispositivos (móviles, cámaras, etc)";"Total";"Total";"Bizkaia";"%";37,4
2019;"C - Transferir ficheros entre el ordenador y otros dispositivos (móviles, cámaras, etc)";"Total";"Total";"Bizkaia";"%";52,8
2021;"C - Transferir ficheros entre el ordenador y otros dispositivos (móviles, cámaras, etc)";"Total";"Total";"Bizkaia";"%";60,3
2023;"C - Transferir ficheros entre el ordenador y otros dispositivos (móviles, cámaras, etc)";"Total";"Total";"Bizkaia";"%";50,6
2025;"C - Transferir ficheros entre el ordenador y otros dispositivos (móviles, cámaras, etc)";"Total";"Total";"Bizkaia";"%";42,5
2022;"C - Transferir ficheros entre el ordenador y otros dispositivos (móviles, cámaras, etc)";"Total";"Total";"Bizkaia";"%";52,3
2025;"C - Transferir ficheros entre el ordenador y otros dispositivos (móviles, cámaras, etc)";"Total";"Total";"Gipuzkoa";"%";41,8
2019;"C - Transferir ficheros entre el ordenador y otros dispositivos (móviles, cámaras, etc)";"Total";"Total";"Gipuzkoa";"%";50,6
2021;"C - Transferir ficheros entre el ordenador y otros dispositivos (móviles, cámaras, etc)";"Total";"Total";"Gipuzkoa";"%";60,6
2020;"C - Transferir ficheros entre el ordenador y otros dispositivos (móviles, cámaras, etc)";"Total";"Total";"Gipuzkoa";"%";56,4
2024;"C - Transferir ficheros entre el ordenador y otros dispositivos (móviles, cámaras, etc)";"Total";"Total";"Gipuzkoa";"%";35,7
2023;"C - Transferir ficheros entre el ordenador y otros dispositivos (móviles, cámaras, etc)";"Total";"Total";"Gipuzkoa";"%";50,8
2022;"C - Transferir ficheros entre el ordenador y otros dispositivos (móviles, cámaras, etc)";"Total";"Total";"Gipuzkoa";"%";51,6
2023;"A - Al menos una / Competencia global";"Total";"Mujer";"C.A. de Euskadi";"%";70,5
2020;"A - Al menos una / Competencia global";"Total";"Mujer";"C.A. de Euskadi";"%";68,3
2022;"A - Al menos una / Competencia global";"Total";"Mujer";"C.A. de Euskadi";"%";68,2
2021;"A - Al menos una / Competencia global";"Total";"Mujer";"C.A. de Euskadi";"%";73,8
2025;"A - Al menos una / Competencia global";"Total";"Mujer";"C.A. de Euskadi";"%";70,6
2019;"A - Al menos una / Competencia global";"Total";"Mujer";"C.A. de Euskadi";"%";64,5
2024;"A - Al menos una / Competencia global";"Total";"Mujer";"C.A. de Euskadi";"%";68,4
2022;"A - Al menos una / Competencia global";"Total";"Mujer";"Araba/Álava";"%";67,8
2025;"A - Al menos una / Competencia global";"Total";"Mujer";"Araba/Álava";"%";69,6
2020;"A - Al menos una / Competencia global";"Total";"Mujer";"Araba/Álava";"%";70,8
2019;"A - Al menos una / Competencia global";"Total";"Mujer";"Araba/Álava";"%";66,1
2024;"A - Al menos una / Competencia global";"Total";"Mujer";"Araba/Álava";"%";67
2021;"A - Al menos una / Competencia global";"Total";"Mujer";"Araba/Álava";"%";74,4
2023;"A - Al menos una / Competencia global";"Total";"Mujer";"Araba/Álava";"%";72,8
2024;"A - Al menos una / Competencia global";"Total";"Mujer";"Bizkaia";"%";69,1
2020;"A - Al menos una / Competencia global";"Total";"Mujer";"Bizkaia";"%";67,7
2022;"A - Al menos una / Competencia global";"Total";"Mujer";"Bizkaia";"%";67,3
2025;"A - Al menos una / Competencia global";"Total";"Mujer";"Bizkaia";"%";71,9
2019;"A - Al menos una / Competencia global";"Total";"Mujer";"Bizkaia";"%";64,6
2023;"A - Al menos una / Competencia global";"Total";"Mujer";"Bizkaia";"%";69,6
2021;"A - Al menos una / Competencia global";"Total";"Mujer";"Bizkaia";"%";72,8
2021;"A - Al menos una / Competencia global";"Total";"Mujer";"Gipuzkoa";"%";75
2020;"A - Al menos una / Competencia global";"Total";"Mujer";"Gipuzkoa";"%";68,1
2019;"A - Al menos una / Competencia global";"Total";"Mujer";"Gipuzkoa";"%";63,6
2025;"A - Al menos una / Competencia global";"Total";"Mujer";"Gipuzkoa";"%";68,9
2024;"A - Al menos una / Competencia global";"Total";"Mujer";"Gipuzkoa";"%";67,8
2022;"A - Al menos una / Competencia global";"Total";"Mujer";"Gipuzkoa";"%";70
2023;"A - Al menos una / Competencia global";"Total";"Mujer";"Gipuzkoa";"%";70,9
2019;"D - Instalar software o aplicaciones";"Total";"Mujer";"C.A. de Euskadi";"%";50,6
2023;"D - Instalar software o aplicaciones";"Total";"Mujer";"C.A. de Euskadi";"%";49
2022;"D - Instalar software o aplicaciones";"Total";"Mujer";"C.A. de Euskadi";"%";51,9
2025;"D - Instalar software o aplicaciones";"Total";"Mujer";"C.A. de Euskadi";"%";42,5
2024;"D - Instalar software o aplicaciones";"Total";"Mujer";"C.A. de Euskadi";"%";44,6
2021;"D - Instalar software o aplicaciones";"Total";"Mujer";"C.A. de Euskadi";"%";61,2
2020;"D - Instalar software o aplicaciones";"Total";"Mujer";"C.A. de Euskadi";"%";56,7
2025;"D - Instalar software o aplicaciones";"Total";"Mujer";"Araba/Álava";"%";43,5
2024;"D - Instalar software o aplicaciones";"Total";"Mujer";"Araba/Álava";"%";43,8
2020;"D - Instalar software o aplicaciones";"Total";"Mujer";"Araba/Álava";"%";55,8
2023;"D - Instalar software o aplicaciones";"Total";"Mujer";"Araba/Álava";"%";52,5
2022;"D - Instalar software o aplicaciones";"Total";"Mujer";"Araba/Álava";"%";50,2
2019;"D - Instalar software o aplicaciones";"Total";"Mujer";"Araba/Álava";"%";49,8
2021;"D - Instalar software o aplicaciones";"Total";"Mujer";"Araba/Álava";"%";62
2025;"D - Instalar software o aplicaciones";"Total";"Mujer";"Bizkaia";"%";42,9
2022;"D - Instalar software o aplicaciones";"Total";"Mujer";"Bizkaia";"%";52,2
2024;"D - Instalar software o aplicaciones";"Total";"Mujer";"Bizkaia";"%";45,8
2020;"D - Instalar software o aplicaciones";"Total";"Mujer";"Bizkaia";"%";56,8
2019;"D - Instalar software o aplicaciones";"Total";"Mujer";"Bizkaia";"%";51,5
2023;"D - Instalar software o aplicaciones";"Total";"Mujer";"Bizkaia";"%";49,4
2021;"D - Instalar software o aplicaciones";"Total";"Mujer";"Bizkaia";"%";60,6
2024;"D - Instalar software o aplicaciones";"Total";"Mujer";"Gipuzkoa";"%";43,1
2021;"D - Instalar software o aplicaciones";"Total";"Mujer";"Gipuzkoa";"%";62
2022;"D - Instalar software o aplicaciones";"Total";"Mujer";"Gipuzkoa";"%";52,2
2025;"D - Instalar software o aplicaciones";"Total";"Mujer";"Gipuzkoa";"%";41,5
2020;"D - Instalar software o aplicaciones";"Total";"Mujer";"Gipuzkoa";"%";56,9
2019;"D - Instalar software o aplicaciones";"Total";"Mujer";"Gipuzkoa";"%";49,4
2023;"D - Instalar software o aplicaciones";"Total";"Mujer";"Gipuzkoa";"%";46,9
2021;"E - Cambiar la configuración de cualquier software, incluídos el sistema operativo, programas de seguridad";"Total";"Mujer";"C.A. de Euskadi";"%";23,5
2024;"E - Cambiar la configuración de cualquier software, incluídos el sistema operativo, programas de seguridad";"Total";"Mujer";"C.A. de Euskadi";"%";19,4
2023;"E - Cambiar la configuración de cualquier software, incluídos el sistema operativo, programas de seguridad";"Total";"Mujer";"C.A. de Euskadi";"%";29,3
2020;"E - Cambiar la configuración de cualquier software, incluídos el sistema operativo, programas de seguridad";"Total";"Mujer";"C.A. de Euskadi";"%";25,5
2022;"E - Cambiar la configuración de cualquier software, incluídos el sistema operativo, programas de seguridad";"Total";"Mujer";"C.A. de Euskadi";"%";19,5
2025;"E - Cambiar la configuración de cualquier software, incluídos el sistema operativo, programas de seguridad";"Total";"Mujer";"C.A. de Euskadi";"%";25,4
2019;"E - Cambiar la configuración de cualquier software, incluídos el sistema operativo, programas de seguridad";"Total";"Mujer";"C.A. de Euskadi";"%";11,6
2020;"E - Cambiar la configuración de cualquier software, incluídos el sistema operativo, programas de seguridad";"Total";"Mujer";"Araba/Álava";"%";24,4
2022;"E - Cambiar la configuración de cualquier software, incluídos el sistema operativo, programas de seguridad";"Total";"Mujer";"Araba/Álava";"%";19,3
2023;"E - Cambiar la configuración de cualquier software, incluídos el sistema operativo, programas de seguridad";"Total";"Mujer";"Araba/Álava";"%";26
2021;"E - Cambiar la configuración de cualquier software, incluídos el sistema operativo, programas de seguridad";"Total";"Mujer";"Araba/Álava";"%";24,1
2019;"E - Cambiar la configuración de cualquier software, incluídos el sistema operativo, programas de seguridad";"Total";"Mujer";"Araba/Álava";"%";8,7
2025;"E - Cambiar la configuración de cualquier software, incluídos el sistema operativo, programas de seguridad";"Total";"Mujer";"Araba/Álava";"%";23,8
2024;"E - Cambiar la configuración de cualquier software, incluídos el sistema operativo, programas de seguridad";"Total";"Mujer";"Araba/Álava";"%";24,9
2020;"E - Cambiar la configuración de cualquier software, incluídos el sistema operativo, programas de seguridad";"Total";"Mujer";"Bizkaia";"%";24,8
2023;"E - Cambiar la configuración de cualquier software, incluídos el sistema operativo, programas de seguridad";"Total";"Mujer";"Bizkaia";"%";30,3
2025;"E - Cambiar la configuración de cualquier software, incluídos el sistema operativo, programas de seguridad";"Total";"Mujer";"Bizkaia";"%";26,6
2024;"E - Cambiar la configuración de cualquier software, incluídos el sistema operativo, programas de seguridad";"Total";"Mujer";"Bizkaia";"%";19,6
2021;"E - Cambiar la configuración de cualquier software, incluídos el sistema operativo, programas de seguridad";"Total";"Mujer";"Bizkaia";"%";22,4
2022;"E - Cambiar la configuración de cualquier software, incluídos el sistema operativo, programas de seguridad";"Total";"Mujer";"Bizkaia";"%";18,4
2019;"E - Cambiar la configuración de cualquier software, incluídos el sistema operativo, programas de seguridad";"Total";"Mujer";"Bizkaia";"%";13,5
2023;"E - Cambiar la configuración de cualquier software, incluídos el sistema operativo, programas de seguridad";"Total";"Mujer";"Gipuzkoa";"%";29,3
2025;"E - Cambiar la configuración de cualquier software, incluídos el sistema operativo, programas de seguridad";"Total";"Mujer";"Gipuzkoa";"%";24,1
2020;"E - Cambiar la configuración de cualquier software, incluídos el sistema operativo, programas de seguridad";"Total";"Mujer";"Gipuzkoa";"%";27,1
2019;"E - Cambiar la configuración de cualquier software, incluídos el sistema operativo, programas de seguridad";"Total";"Mujer";"Gipuzkoa";"%";9,8
2024;"E - Cambiar la configuración de cualquier software, incluídos el sistema operativo, programas de seguridad";"Total";"Mujer";"Gipuzkoa";"%";16,7
2021;"E - Cambiar la configuración de cualquier software, incluídos el sistema operativo, programas de seguridad";"Total";"Mujer";"Gipuzkoa";"%";25,1
2022;"E - Cambiar la configuración de cualquier software, incluídos el sistema operativo, programas de seguridad";"Total";"Mujer";"Gipuzkoa";"%";21,3
2020;"B - Copiar o mover ficheros o carpetas";"Total";"Mujer";"C.A. de Euskadi";"%";53,5
2025;"B - Copiar o mover ficheros o carpetas";"Total";"Mujer";"C.A. de Euskadi";"%";53,2
2019;"B - Copiar o mover ficheros o carpetas";"Total";"Mujer";"C.A. de Euskadi";"%";53
2023;"B - Copiar o mover ficheros o carpetas";"Total";"Mujer";"C.A. de Euskadi";"%";55,8
2024;"B - Copiar o mover ficheros o carpetas";"Total";"Mujer";"C.A. de Euskadi";"%";49,7
2021;"B - Copiar o mover ficheros o carpetas";"Total";"Mujer";"C.A. de Euskadi";"%";60,2
2022;"B - Copiar o mover ficheros o carpetas";"Total";"Mujer";"C.A. de Euskadi";"%";56,5
2025;"B - Copiar o mover ficheros o carpetas";"Total";"Mujer";"Araba/Álava";"%";55
2021;"B - Copiar o mover ficheros o carpetas";"Total";"Mujer";"Araba/Álava";"%";59,5
2020;"B - Copiar o mover ficheros o carpetas";"Total";"Mujer";"Araba/Álava";"%";53,8
2019;"B - Copiar o mover ficheros o carpetas";"Total";"Mujer";"Araba/Álava";"%";51,7
2022;"B - Copiar o mover ficheros o carpetas";"Total";"Mujer";"Araba/Álava";"%";57,6
2023;"B - Copiar o mover ficheros o carpetas";"Total";"Mujer";"Araba/Álava";"%";55,5
2024;"B - Copiar o mover ficheros o carpetas";"Total";"Mujer";"Araba/Álava";"%";48,7
2025;"B - Copiar o mover ficheros o carpetas";"Total";"Mujer";"Bizkaia";"%";53,4
2024;"B - Copiar o mover ficheros o carpetas";"Total";"Mujer";"Bizkaia";"%";50,1
2022;"B - Copiar o mover ficheros o carpetas";"Total";"Mujer";"Bizkaia";"%";55,3
2021;"B - Copiar o mover ficheros o carpetas";"Total";"Mujer";"Bizkaia";"%";59,5
2020;"B - Copiar o mover ficheros o carpetas";"Total";"Mujer";"Bizkaia";"%";51,2
2023;"B - Copiar o mover ficheros o carpetas";"Total";"Mujer";"Bizkaia";"%";55,2
2019;"B - Copiar o mover ficheros o carpetas";"Total";"Mujer";"Bizkaia";"%";53,1
2024;"B - Copiar o mover ficheros o carpetas";"Total";"Mujer";"Gipuzkoa";"%";49,6
2023;"B - Copiar o mover ficheros o carpetas";"Total";"Mujer";"Gipuzkoa";"%";57,1
2020;"B - Copiar o mover ficheros o carpetas";"Total";"Mujer";"Gipuzkoa";"%";57
2022;"B - Copiar o mover ficheros o carpetas";"Total";"Mujer";"Gipuzkoa";"%";57,9
2025;"B - Copiar o mover ficheros o carpetas";"Total";"Mujer";"Gipuzkoa";"%";51,9
2021;"B - Copiar o mover ficheros o carpetas";"Total";"Mujer";"Gipuzkoa";"%";61,8
2019;"B - Copiar o mover ficheros o carpetas";"Total";"Mujer";"Gipuzkoa";"%";53,6
2025;"F - Crear presentaciones o documentos que integren texto, imágenes, tablas o gráficos";"Total";"Mujer";"C.A. de Euskadi";"%";43,1
2019;"F - Crear presentaciones o documentos que integren texto, imágenes, tablas o gráficos";"Total";"Mujer";"C.A. de Euskadi";"%";41,7
2022;"F - Crear presentaciones o documentos que integren texto, imágenes, tablas o gráficos";"Total";"Mujer";"C.A. de Euskadi";"%";42,9
2023;"F - Crear presentaciones o documentos que integren texto, imágenes, tablas o gráficos";"Total";"Mujer";"C.A. de Euskadi";"%";41,8
2020;"F - Crear presentaciones o documentos que integren texto, imágenes, tablas o gráficos";"Total";"Mujer";"C.A. de Euskadi";"%";44,5
2024;"F - Crear presentaciones o documentos que integren texto, imágenes, tablas o gráficos";"Total";"Mujer";"C.A. de Euskadi";"%";38,6
2021;"F - Crear presentaciones o documentos que integren texto, imágenes, tablas o gráficos";"Total";"Mujer";"C.A. de Euskadi";"%";45,1
2022;"F - Crear presentaciones o documentos que integren texto, imágenes, tablas o gráficos";"Total";"Mujer";"Araba/Álava";"%";44,3
2025;"F - Crear presentaciones o documentos que integren texto, imágenes, tablas o gráficos";"Total";"Mujer";"Araba/Álava";"%";43,9
2023;"F - Crear presentaciones o documentos que integren texto, imágenes, tablas o gráficos";"Total";"Mujer";"Araba/Álava";"%";39,6
2020;"F - Crear presentaciones o documentos que integren texto, imágenes, tablas o gráficos";"Total";"Mujer";"Araba/Álava";"%";42,4
2021;"F - Crear presentaciones o documentos que integren texto, imágenes, tablas o gráficos";"Total";"Mujer";"Araba/Álava";"%";44,9
2024;"F - Crear presentaciones o documentos que integren texto, imágenes, tablas o gráficos";"Total";"Mujer";"Araba/Álava";"%";35,8
2019;"F - Crear presentaciones o documentos que integren texto, imágenes, tablas o gráficos";"Total";"Mujer";"Araba/Álava";"%";42,9
2022;"F - Crear presentaciones o documentos que integren texto, imágenes, tablas o gráficos";"Total";"Mujer";"Bizkaia";"%";42,1
2019;"F - Crear presentaciones o documentos que integren texto, imágenes, tablas o gráficos";"Total";"Mujer";"Bizkaia";"%";40,6
2021;"F - Crear presentaciones o documentos que integren texto, imágenes, tablas o gráficos";"Total";"Mujer";"Bizkaia";"%";43,9
2025;"F - Crear presentaciones o documentos que integren texto, imágenes, tablas o gráficos";"Total";"Mujer";"Bizkaia";"%";44
2020;"F - Crear presentaciones o documentos que integren texto, imágenes, tablas o gráficos";"Total";"Mujer";"Bizkaia";"%";43,9
2024;"F - Crear presentaciones o documentos que integren texto, imágenes, tablas o gráficos";"Total";"Mujer";"Bizkaia";"%";39,8
2023;"F - Crear presentaciones o documentos que integren texto, imágenes, tablas o gráficos";"Total";"Mujer";"Bizkaia";"%";42,1
2025;"F - Crear presentaciones o documentos que integren texto, imágenes, tablas o gráficos";"Total";"Mujer";"Gipuzkoa";"%";41,1
2020;"F - Crear presentaciones o documentos que integren texto, imágenes, tablas o gráficos";"Total";"Mujer";"Gipuzkoa";"%";46,5
2023;"F - Crear presentaciones o documentos que integren texto, imágenes, tablas o gráficos";"Total";"Mujer";"Gipuzkoa";"%";42,3
2021;"F - Crear presentaciones o documentos que integren texto, imágenes, tablas o gráficos";"Total";"Mujer";"Gipuzkoa";"%";47
2019;"F - Crear presentaciones o documentos que integren texto, imágenes, tablas o gráficos";"Total";"Mujer";"Gipuzkoa";"%";43
2022;"F - Crear presentaciones o documentos que integren texto, imágenes, tablas o gráficos";"Total";"Mujer";"Gipuzkoa";"%";43,7
2024;"F - Crear presentaciones o documentos que integren texto, imágenes, tablas o gráficos";"Total";"Mujer";"Gipuzkoa";"%";37,8
2024;"H - Programar en un lenguaje de programación";"Total";"Mujer";"C.A. de Euskadi";"%";2,9
2022;"H - Programar en un lenguaje de programación";"Total";"Mujer";"C.A. de Euskadi";"%";3,4
2019;"H - Programar en un lenguaje de programación";"Total";"Mujer";"C.A. de Euskadi";"%";3,1
2023;"H - Programar en un lenguaje de programación";"Total";"Mujer";"C.A. de Euskadi";"%";4,4
2021;"H - Programar en un lenguaje de programación";"Total";"Mujer";"C.A. de Euskadi";"%";3,1
2025;"H - Programar en un lenguaje de programación";"Total";"Mujer";"C.A. de Euskadi";"%";3,1
2020;"H - Programar en un lenguaje de programación";"Total";"Mujer";"C.A. de Euskadi";"%";4
2019;"H - Programar en un lenguaje de programación";"Total";"Mujer";"Araba/Álava";"%";3
2021;"H - Programar en un lenguaje de programación";"Total";"Mujer";"Araba/Álava";"%";3,7
2024;"H - Programar en un lenguaje de programación";"Total";"Mujer";"Araba/Álava";"%";2,1
2025;"H - Programar en un lenguaje de programación";"Total";"Mujer";"Araba/Álava";"%";3,5
2023;"H - Programar en un lenguaje de programación";"Total";"Mujer";"Araba/Álava";"%";3,5
2022;"H - Programar en un lenguaje de programación";"Total";"Mujer";"Araba/Álava";"%";3
2020;"H - Programar en un lenguaje de programación";"Total";"Mujer";"Araba/Álava";"%";4,6
2025;"H - Programar en un lenguaje de programación";"Total";"Mujer";"Bizkaia";"%";3
2023;"H - Programar en un lenguaje de programación";"Total";"Mujer";"Bizkaia";"%";5,3
2020;"H - Programar en un lenguaje de programación";"Total";"Mujer";"Bizkaia";"%";3,6
2021;"H - Programar en un lenguaje de programación";"Total";"Mujer";"Bizkaia";"%";3,3
2019;"H - Programar en un lenguaje de programación";"Total";"Mujer";"Bizkaia";"%";3,3
2024;"H - Programar en un lenguaje de programación";"Total";"Mujer";"Bizkaia";"%";4
2022;"H - Programar en un lenguaje de programación";"Total";"Mujer";"Bizkaia";"%";3,7
2025;"H - Programar en un lenguaje de programación";"Total";"Mujer";"Gipuzkoa";"%";3,1
2023;"H - Programar en un lenguaje de programación";"Total";"Mujer";"Gipuzkoa";"%";3,4
2022;"H - Programar en un lenguaje de programación";"Total";"Mujer";"Gipuzkoa";"%";2,8
2021;"H - Programar en un lenguaje de programación";"Total";"Mujer";"Gipuzkoa";"%";2,6
2020;"H - Programar en un lenguaje de programación";"Total";"Mujer";"Gipuzkoa";"%";4,5
2019;"H - Programar en un lenguaje de programación";"Total";"Mujer";"Gipuzkoa";"%";2,7
2024;"H - Programar en un lenguaje de programación";"Total";"Mujer";"Gipuzkoa";"%";1,5
2022;"G - Usar hojas de cálculo";"Total";"Mujer";"C.A. de Euskadi";"%";41,1
2021;"G - Usar hojas de cálculo";"Total";"Mujer";"C.A. de Euskadi";"%";42,3
2023;"G - Usar hojas de cálculo";"Total";"Mujer";"C.A. de Euskadi";"%";40,9
2025;"G - Usar hojas de cálculo";"Total";"Mujer";"C.A. de Euskadi";"%";40,7
2020;"G - Usar hojas de cálculo";"Total";"Mujer";"C.A. de Euskadi";"%";39,8
2019;"G - Usar hojas de cálculo";"Total";"Mujer";"C.A. de Euskadi";"%";39,6
2024;"G - Usar hojas de cálculo";"Total";"Mujer";"C.A. de Euskadi";"%";39
2023;"G - Usar hojas de cálculo";"Total";"Mujer";"Araba/Álava";"%";39,3
2020;"G - Usar hojas de cálculo";"Total";"Mujer";"Araba/Álava";"%";39,7
2022;"G - Usar hojas de cálculo";"Total";"Mujer";"Araba/Álava";"%";43,9
2019;"G - Usar hojas de cálculo";"Total";"Mujer";"Araba/Álava";"%";40,2
2021;"G - Usar hojas de cálculo";"Total";"Mujer";"Araba/Álava";"%";43,2
2025;"G - Usar hojas de cálculo";"Total";"Mujer";"Araba/Álava";"%";39,3
2024;"G - Usar hojas de cálculo";"Total";"Mujer";"Araba/Álava";"%";37,1
2022;"G - Usar hojas de cálculo";"Total";"Mujer";"Bizkaia";"%";38,9
2021;"G - Usar hojas de cálculo";"Total";"Mujer";"Bizkaia";"%";41
2020;"G - Usar hojas de cálculo";"Total";"Mujer";"Bizkaia";"%";38,2
2023;"G - Usar hojas de cálculo";"Total";"Mujer";"Bizkaia";"%";39,9
2024;"G - Usar hojas de cálculo";"Total";"Mujer";"Bizkaia";"%";39,4
2019;"G - Usar hojas de cálculo";"Total";"Mujer";"Bizkaia";"%";38,1
2025;"G - Usar hojas de cálculo";"Total";"Mujer";"Bizkaia";"%";41,8
2023;"G - Usar hojas de cálculo";"Total";"Mujer";"Gipuzkoa";"%";43,2
2024;"G - Usar hojas de cálculo";"Total";"Mujer";"Gipuzkoa";"%";39,2
2021;"G - Usar hojas de cálculo";"Total";"Mujer";"Gipuzkoa";"%";44
2022;"G - Usar hojas de cálculo";"Total";"Mujer";"Gipuzkoa";"%";43,4
2020;"G - Usar hojas de cálculo";"Total";"Mujer";"Gipuzkoa";"%";42,3
2025;"G - Usar hojas de cálculo";"Total";"Mujer";"Gipuzkoa";"%";39,6
2019;"G - Usar hojas de cálculo";"Total";"Mujer";"Gipuzkoa";"%";41,6
2023;"C - Transferir ficheros entre el ordenador y otros dispositivos (móviles, cámaras, etc)";"Total";"Mujer";"C.A. de Euskadi";"%";48,1
2019;"C - Transferir ficheros entre el ordenador y otros dispositivos (móviles, cámaras, etc)";"Total";"Mujer";"C.A. de Euskadi";"%";50,1
2024;"C - Transferir ficheros entre el ordenador y otros dispositivos (móviles, cámaras, etc)";"Total";"Mujer";"C.A. de Euskadi";"%";34,5
2020;"C - Transferir ficheros entre el ordenador y otros dispositivos (móviles, cámaras, etc)";"Total";"Mujer";"C.A. de Euskadi";"%";52,6
2025;"C - Transferir ficheros entre el ordenador y otros dispositivos (móviles, cámaras, etc)";"Total";"Mujer";"C.A. de Euskadi";"%";39,7
2021;"C - Transferir ficheros entre el ordenador y otros dispositivos (móviles, cámaras, etc)";"Total";"Mujer";"C.A. de Euskadi";"%";58,6
2022;"C - Transferir ficheros entre el ordenador y otros dispositivos (móviles, cámaras, etc)";"Total";"Mujer";"C.A. de Euskadi";"%";51,1
2025;"C - Transferir ficheros entre el ordenador y otros dispositivos (móviles, cámaras, etc)";"Total";"Mujer";"Araba/Álava";"%";37,7
2021;"C - Transferir ficheros entre el ordenador y otros dispositivos (móviles, cámaras, etc)";"Total";"Mujer";"Araba/Álava";"%";56,3
2024;"C - Transferir ficheros entre el ordenador y otros dispositivos (móviles, cámaras, etc)";"Total";"Mujer";"Araba/Álava";"%";35,7
2019;"C - Transferir ficheros entre el ordenador y otros dispositivos (móviles, cámaras, etc)";"Total";"Mujer";"Araba/Álava";"%";48,6
2023;"C - Transferir ficheros entre el ordenador y otros dispositivos (móviles, cámaras, etc)";"Total";"Mujer";"Araba/Álava";"%";46
2022;"C - Transferir ficheros entre el ordenador y otros dispositivos (móviles, cámaras, etc)";"Total";"Mujer";"Araba/Álava";"%";52,9
2020;"C - Transferir ficheros entre el ordenador y otros dispositivos (móviles, cámaras, etc)";"Total";"Mujer";"Araba/Álava";"%";54,3
2019;"C - Transferir ficheros entre el ordenador y otros dispositivos (móviles, cámaras, etc)";"Total";"Mujer";"Bizkaia";"%";50,3
2025;"C - Transferir ficheros entre el ordenador y otros dispositivos (móviles, cámaras, etc)";"Total";"Mujer";"Bizkaia";"%";40,5
2020;"C - Transferir ficheros entre el ordenador y otros dispositivos (móviles, cámaras, etc)";"Total";"Mujer";"Bizkaia";"%";51,4
2024;"C - Transferir ficheros entre el ordenador y otros dispositivos (móviles, cámaras, etc)";"Total";"Mujer";"Bizkaia";"%";34,9
2021;"C - Transferir ficheros entre el ordenador y otros dispositivos (móviles, cámaras, etc)";"Total";"Mujer";"Bizkaia";"%";58,5
2022;"C - Transferir ficheros entre el ordenador y otros dispositivos (móviles, cámaras, etc)";"Total";"Mujer";"Bizkaia";"%";50,5
2023;"C - Transferir ficheros entre el ordenador y otros dispositivos (móviles, cámaras, etc)";"Total";"Mujer";"Bizkaia";"%";47,9
2020;"C - Transferir ficheros entre el ordenador y otros dispositivos (móviles, cámaras, etc)";"Total";"Mujer";"Gipuzkoa";"%";53,6
2023;"C - Transferir ficheros entre el ordenador y otros dispositivos (móviles, cámaras, etc)";"Total";"Mujer";"Gipuzkoa";"%";49,4
2021;"C - Transferir ficheros entre el ordenador y otros dispositivos (móviles, cámaras, etc)";"Total";"Mujer";"Gipuzkoa";"%";60
2025;"C - Transferir ficheros entre el ordenador y otros dispositivos (móviles, cámaras, etc)";"Total";"Mujer";"Gipuzkoa";"%";39,3
2022;"C - Transferir ficheros entre el ordenador y otros dispositivos (móviles, cámaras, etc)";"Total";"Mujer";"Gipuzkoa";"%";51,2
2019;"C - Transferir ficheros entre el ordenador y otros dispositivos (móviles, cámaras, etc)";"Total";"Mujer";"Gipuzkoa";"%";50,3
2024;"C - Transferir ficheros entre el ordenador y otros dispositivos (móviles, cámaras, etc)";"Total";"Mujer";"Gipuzkoa";"%";33,2
2019;"A - Al menos una / Competencia global";"Total";"Hombre";"C.A. de Euskadi";"%";69,7
2024;"A - Al menos una / Competencia global";"Total";"Hombre";"C.A. de Euskadi";"%";71,4
2025;"A - Al menos una / Competencia global";"Total";"Hombre";"C.A. de Euskadi";"%";72,9
2023;"A - Al menos una / Competencia global";"Total";"Hombre";"C.A. de Euskadi";"%";72,5
2020;"A - Al menos una / Competencia global";"Total";"Hombre";"C.A. de Euskadi";"%";71,4
2021;"A - Al menos una / Competencia global";"Total";"Hombre";"C.A. de Euskadi";"%";76,2
2022;"A - Al menos una / Competencia global";"Total";"Hombre";"C.A. de Euskadi";"%";69,4
2020;"A - Al menos una / Competencia global";"Total";"Hombre";"Araba/Álava";"%";69,5
2024;"A - Al menos una / Competencia global";"Total";"Hombre";"Araba/Álava";"%";72,3
2021;"A - Al menos una / Competencia global";"Total";"Hombre";"Araba/Álava";"%";76,4
2019;"A - Al menos una / Competencia global";"Total";"Hombre";"Araba/Álava";"%";71
2023;"A - Al menos una / Competencia global";"Total";"Hombre";"Araba/Álava";"%";69,8
2025;"A - Al menos una / Competencia global";"Total";"Hombre";"Araba/Álava";"%";72,3
2022;"A - Al menos una / Competencia global";"Total";"Hombre";"Araba/Álava";"%";68,9
2025;"A - Al menos una / Competencia global";"Total";"Hombre";"Bizkaia";"%";74,2
2019;"A - Al menos una / Competencia global";"Total";"Hombre";"Bizkaia";"%";71
2022;"A - Al menos una / Competencia global";"Total";"Hombre";"Bizkaia";"%";69,9
2021;"A - Al menos una / Competencia global";"Total";"Hombre";"Bizkaia";"%";76,5
2020;"A - Al menos una / Competencia global";"Total";"Hombre";"Bizkaia";"%";71,4
2023;"A - Al menos una / Competencia global";"Total";"Hombre";"Bizkaia";"%";73
2024;"A - Al menos una / Competencia global";"Total";"Hombre";"Bizkaia";"%";72,6
2021;"A - Al menos una / Competencia global";"Total";"Hombre";"Gipuzkoa";"%";75,8
2023;"A - Al menos una / Competencia global";"Total";"Hombre";"Gipuzkoa";"%";73
2025;"A - Al menos una / Competencia global";"Total";"Hombre";"Gipuzkoa";"%";71,3
2020;"A - Al menos una / Competencia global";"Total";"Hombre";"Gipuzkoa";"%";72,3
2019;"A - Al menos una / Competencia global";"Total";"Hombre";"Gipuzkoa";"%";66,9
2024;"A - Al menos una / Competencia global";"Total";"Hombre";"Gipuzkoa";"%";69
2022;"A - Al menos una / Competencia global";"Total";"Hombre";"Gipuzkoa";"%";68,8
2024;"D - Instalar software o aplicaciones";"Total";"Hombre";"C.A. de Euskadi";"%";51,2
2021;"D - Instalar software o aplicaciones";"Total";"Hombre";"C.A. de Euskadi";"%";68,1
2023;"D - Instalar software o aplicaciones";"Total";"Hombre";"C.A. de Euskadi";"%";54,3
2025;"D - Instalar software o aplicaciones";"Total";"Hombre";"C.A. de Euskadi";"%";49,2
2019;"D - Instalar software o aplicaciones";"Total";"Hombre";"C.A. de Euskadi";"%";57,3
2022;"D - Instalar software o aplicaciones";"Total";"Hombre";"C.A. de Euskadi";"%";56,2
2020;"D - Instalar software o aplicaciones";"Total";"Hombre";"C.A. de Euskadi";"%";60,9
2023;"D - Instalar software o aplicaciones";"Total";"Hombre";"Araba/Álava";"%";52,5
2020;"D - Instalar software o aplicaciones";"Total";"Hombre";"Araba/Álava";"%";58,7
2021;"D - Instalar software o aplicaciones";"Total";"Hombre";"Araba/Álava";"%";69,7
2025;"D - Instalar software o aplicaciones";"Total";"Hombre";"Araba/Álava";"%";50,2
2019;"D - Instalar software o aplicaciones";"Total";"Hombre";"Araba/Álava";"%";59,3
2024;"D - Instalar software o aplicaciones";"Total";"Hombre";"Araba/Álava";"%";53,9
2022;"D - Instalar software o aplicaciones";"Total";"Hombre";"Araba/Álava";"%";56
2021;"D - Instalar software o aplicaciones";"Total";"Hombre";"Bizkaia";"%";68,2
2023;"D - Instalar software o aplicaciones";"Total";"Hombre";"Bizkaia";"%";54,6
2024;"D - Instalar software o aplicaciones";"Total";"Hombre";"Bizkaia";"%";51,2
2020;"D - Instalar software o aplicaciones";"Total";"Hombre";"Bizkaia";"%";59,8
2019;"D - Instalar software o aplicaciones";"Total";"Hombre";"Bizkaia";"%";59
2022;"D - Instalar software o aplicaciones";"Total";"Hombre";"Bizkaia";"%";57
2025;"D - Instalar software o aplicaciones";"Total";"Hombre";"Bizkaia";"%";50,1
2021;"D - Instalar software o aplicaciones";"Total";"Hombre";"Gipuzkoa";"%";67,1
2024;"D - Instalar software o aplicaciones";"Total";"Hombre";"Gipuzkoa";"%";49,9
2023;"D - Instalar software o aplicaciones";"Total";"Hombre";"Gipuzkoa";"%";54,5
2025;"D - Instalar software o aplicaciones";"Total";"Hombre";"Gipuzkoa";"%";47,1
2022;"D - Instalar software o aplicaciones";"Total";"Hombre";"Gipuzkoa";"%";55,1
2020;"D - Instalar software o aplicaciones";"Total";"Hombre";"Gipuzkoa";"%";63,7
2019;"D - Instalar software o aplicaciones";"Total";"Hombre";"Gipuzkoa";"%";53,9
2023;"E - Cambiar la configuración de cualquier software, incluídos el sistema operativo, programas de seguridad";"Total";"Hombre";"C.A. de Euskadi";"%";37,7
2020;"E - Cambiar la configuración de cualquier software, incluídos el sistema operativo, programas de seguridad";"Total";"Hombre";"C.A. de Euskadi";"%";31,5
2021;"E - Cambiar la configuración de cualquier software, incluídos el sistema operativo, programas de seguridad";"Total";"Hombre";"C.A. de Euskadi";"%";32,2
2025;"E - Cambiar la configuración de cualquier software, incluídos el sistema operativo, programas de seguridad";"Total";"Hombre";"C.A. de Euskadi";"%";33,1
2019;"E - Cambiar la configuración de cualquier software, incluídos el sistema operativo, programas de seguridad";"Total";"Hombre";"C.A. de Euskadi";"%";20,5
2022;"E - Cambiar la configuración de cualquier software, incluídos el sistema operativo, programas de seguridad";"Total";"Hombre";"C.A. de Euskadi";"%";26,7
2024;"E - Cambiar la configuración de cualquier software, incluídos el sistema operativo, programas de seguridad";"Total";"Hombre";"C.A. de Euskadi";"%";23,2
2020;"E - Cambiar la configuración de cualquier software, incluídos el sistema operativo, programas de seguridad";"Total";"Hombre";"Araba/Álava";"%";29,3
2019;"E - Cambiar la configuración de cualquier software, incluídos el sistema operativo, programas de seguridad";"Total";"Hombre";"Araba/Álava";"%";23,9
2021;"E - Cambiar la configuración de cualquier software, incluídos el sistema operativo, programas de seguridad";"Total";"Hombre";"Araba/Álava";"%";29,9
2024;"E - Cambiar la configuración de cualquier software, incluídos el sistema operativo, programas de seguridad";"Total";"Hombre";"Araba/Álava";"%";23,4
2025;"E - Cambiar la configuración de cualquier software, incluídos el sistema operativo, programas de seguridad";"Total";"Hombre";"Araba/Álava";"%";34,1
2022;"E - Cambiar la configuración de cualquier software, incluídos el sistema operativo, programas de seguridad";"Total";"Hombre";"Araba/Álava";"%";28
2023;"E - Cambiar la configuración de cualquier software, incluídos el sistema operativo, programas de seguridad";"Total";"Hombre";"Araba/Álava";"%";37,3
2020;"E - Cambiar la configuración de cualquier software, incluídos el sistema operativo, programas de seguridad";"Total";"Hombre";"Bizkaia";"%";31,1
2024;"E - Cambiar la configuración de cualquier software, incluídos el sistema operativo, programas de seguridad";"Total";"Hombre";"Bizkaia";"%";23,6
2019;"E - Cambiar la configuración de cualquier software, incluídos el sistema operativo, programas de seguridad";"Total";"Hombre";"Bizkaia";"%";20,1
2023;"E - Cambiar la configuración de cualquier software, incluídos el sistema operativo, programas de seguridad";"Total";"Hombre";"Bizkaia";"%";38,8
2021;"E - Cambiar la configuración de cualquier software, incluídos el sistema operativo, programas de seguridad";"Total";"Hombre";"Bizkaia";"%";33,7
2022;"E - Cambiar la configuración de cualquier software, incluídos el sistema operativo, programas de seguridad";"Total";"Hombre";"Bizkaia";"%";26,8
2025;"E - Cambiar la configuración de cualquier software, incluídos el sistema operativo, programas de seguridad";"Total";"Hombre";"Bizkaia";"%";33,5
2023;"E - Cambiar la configuración de cualquier software, incluídos el sistema operativo, programas de seguridad";"Total";"Hombre";"Gipuzkoa";"%";36,2
2025;"E - Cambiar la configuración de cualquier software, incluídos el sistema operativo, programas de seguridad";"Total";"Hombre";"Gipuzkoa";"%";32,1
2024;"E - Cambiar la configuración de cualquier software, incluídos el sistema operativo, programas de seguridad";"Total";"Hombre";"Gipuzkoa";"%";22,3
2021;"E - Cambiar la configuración de cualquier software, incluídos el sistema operativo, programas de seguridad";"Total";"Hombre";"Gipuzkoa";"%";31
2020;"E - Cambiar la configuración de cualquier software, incluídos el sistema operativo, programas de seguridad";"Total";"Hombre";"Gipuzkoa";"%";33,1
2019;"E - Cambiar la configuración de cualquier software, incluídos el sistema operativo, programas de seguridad";"Total";"Hombre";"Gipuzkoa";"%";19,7
2022;"E - Cambiar la configuración de cualquier software, incluídos el sistema operativo, programas de seguridad";"Total";"Hombre";"Gipuzkoa";"%";26,1
2019;"B - Copiar o mover ficheros o carpetas";"Total";"Hombre";"C.A. de Euskadi";"%";57,8
2022;"B - Copiar o mover ficheros o carpetas";"Total";"Hombre";"C.A. de Euskadi";"%";57,9
2023;"B - Copiar o mover ficheros o carpetas";"Total";"Hombre";"C.A. de Euskadi";"%";56,7
2024;"B - Copiar o mover ficheros o carpetas";"Total";"Hombre";"C.A. de Euskadi";"%";52,4
2025;"B - Copiar o mover ficheros o carpetas";"Total";"Hombre";"C.A. de Euskadi";"%";54,3
2020;"B - Copiar o mover ficheros o carpetas";"Total";"Hombre";"C.A. de Euskadi";"%";57,3
2021;"B - Copiar o mover ficheros o carpetas";"Total";"Hombre";"C.A. de Euskadi";"%";62,7
2022;"B - Copiar o mover ficheros o carpetas";"Total";"Hombre";"Araba/Álava";"%";55,9
2021;"B - Copiar o mover ficheros o carpetas";"Total";"Hombre";"Araba/Álava";"%";64,3
2024;"B - Copiar o mover ficheros o carpetas";"Total";"Hombre";"Araba/Álava";"%";55,3
2023;"B - Copiar o mover ficheros o carpetas";"Total";"Hombre";"Araba/Álava";"%";54,1
2019;"B - Copiar o mover ficheros o carpetas";"Total";"Hombre";"Araba/Álava";"%";60
2025;"B - Copiar o mover ficheros o carpetas";"Total";"Hombre";"Araba/Álava";"%";53,4
2020;"B - Copiar o mover ficheros o carpetas";"Total";"Hombre";"Araba/Álava";"%";54,3
2019;"B - Copiar o mover ficheros o carpetas";"Total";"Hombre";"Bizkaia";"%";58,6
2025;"B - Copiar o mover ficheros o carpetas";"Total";"Hombre";"Bizkaia";"%";54,7
2021;"B - Copiar o mover ficheros o carpetas";"Total";"Hombre";"Bizkaia";"%";63,8
2022;"B - Copiar o mover ficheros o carpetas";"Total";"Hombre";"Bizkaia";"%";58,1
2024;"B - Copiar o mover ficheros o carpetas";"Total";"Hombre";"Bizkaia";"%";52,3
2023;"B - Copiar o mover ficheros o carpetas";"Total";"Hombre";"Bizkaia";"%";57
2020;"B - Copiar o mover ficheros o carpetas";"Total";"Hombre";"Bizkaia";"%";57,5
2024;"B - Copiar o mover ficheros o carpetas";"Total";"Hombre";"Gipuzkoa";"%";51,1
2025;"B - Copiar o mover ficheros o carpetas";"Total";"Hombre";"Gipuzkoa";"%";54,1
2020;"B - Copiar o mover ficheros o carpetas";"Total";"Hombre";"Gipuzkoa";"%";58,4
2022;"B - Copiar o mover ficheros o carpetas";"Total";"Hombre";"Gipuzkoa";"%";58,7
2021;"B - Copiar o mover ficheros o carpetas";"Total";"Hombre";"Gipuzkoa";"%";60,2
2019;"B - Copiar o mover ficheros o carpetas";"Total";"Hombre";"Gipuzkoa";"%";55,4
2023;"B - Copiar o mover ficheros o carpetas";"Total";"Hombre";"Gipuzkoa";"%";57,4
2022;"F - Crear presentaciones o documentos que integren texto, imágenes, tablas o gráficos";"Total";"Hombre";"C.A. de Euskadi";"%";41,7
2025;"F - Crear presentaciones o documentos que integren texto, imágenes, tablas o gráficos";"Total";"Hombre";"C.A. de Euskadi";"%";43,1
2021;"F - Crear presentaciones o documentos que integren texto, imágenes, tablas o gráficos";"Total";"Hombre";"C.A. de Euskadi";"%";46,8
2019;"F - Crear presentaciones o documentos que integren texto, imágenes, tablas o gráficos";"Total";"Hombre";"C.A. de Euskadi";"%";42,7
2023;"F - Crear presentaciones o documentos que integren texto, imágenes, tablas o gráficos";"Total";"Hombre";"C.A. de Euskadi";"%";40,3
2020;"F - Crear presentaciones o documentos que integren texto, imágenes, tablas o gráficos";"Total";"Hombre";"C.A. de Euskadi";"%";45,5
2024;"F - Crear presentaciones o documentos que integren texto, imágenes, tablas o gráficos";"Total";"Hombre";"C.A. de Euskadi";"%";41,5
2019;"F - Crear presentaciones o documentos que integren texto, imágenes, tablas o gráficos";"Total";"Hombre";"Araba/Álava";"%";40,6
2025;"F - Crear presentaciones o documentos que integren texto, imágenes, tablas o gráficos";"Total";"Hombre";"Araba/Álava";"%";43,8
2024;"F - Crear presentaciones o documentos que integren texto, imágenes, tablas o gráficos";"Total";"Hombre";"Araba/Álava";"%";40,4
2023;"F - Crear presentaciones o documentos que integren texto, imágenes, tablas o gráficos";"Total";"Hombre";"Araba/Álava";"%";37,2
2020;"F - Crear presentaciones o documentos que integren texto, imágenes, tablas o gráficos";"Total";"Hombre";"Araba/Álava";"%";43,6
2022;"F - Crear presentaciones o documentos que integren texto, imágenes, tablas o gráficos";"Total";"Hombre";"Araba/Álava";"%";42,7
2021;"F - Crear presentaciones o documentos que integren texto, imágenes, tablas o gráficos";"Total";"Hombre";"Araba/Álava";"%";48,3
2019;"F - Crear presentaciones o documentos que integren texto, imágenes, tablas o gráficos";"Total";"Hombre";"Bizkaia";"%";44,2
2020;"F - Crear presentaciones o documentos que integren texto, imágenes, tablas o gráficos";"Total";"Hombre";"Bizkaia";"%";46,3
2024;"F - Crear presentaciones o documentos que integren texto, imágenes, tablas o gráficos";"Total";"Hombre";"Bizkaia";"%";41,5
2023;"F - Crear presentaciones o documentos que integren texto, imágenes, tablas o gráficos";"Total";"Hombre";"Bizkaia";"%";39,2
2025;"F - Crear presentaciones o documentos que integren texto, imágenes, tablas o gráficos";"Total";"Hombre";"Bizkaia";"%";42,9
2021;"F - Crear presentaciones o documentos que integren texto, imágenes, tablas o gráficos";"Total";"Hombre";"Bizkaia";"%";48,4
2022;"F - Crear presentaciones o documentos que integren texto, imágenes, tablas o gráficos";"Total";"Hombre";"Bizkaia";"%";41,8
2024;"F - Crear presentaciones o documentos que integren texto, imágenes, tablas o gráficos";"Total";"Hombre";"Gipuzkoa";"%";42,2
2023;"F - Crear presentaciones o documentos que integren texto, imágenes, tablas o gráficos";"Total";"Hombre";"Gipuzkoa";"%";43,5
2019;"F - Crear presentaciones o documentos que integren texto, imágenes, tablas o gráficos";"Total";"Hombre";"Gipuzkoa";"%";41,4
2021;"F - Crear presentaciones o documentos que integren texto, imágenes, tablas o gráficos";"Total";"Hombre";"Gipuzkoa";"%";43,7
2025;"F - Crear presentaciones o documentos que integren texto, imágenes, tablas o gráficos";"Total";"Hombre";"Gipuzkoa";"%";43,2
2022;"F - Crear presentaciones o documentos que integren texto, imágenes, tablas o gráficos";"Total";"Hombre";"Gipuzkoa";"%";40,9
2020;"F - Crear presentaciones o documentos que integren texto, imágenes, tablas o gráficos";"Total";"Hombre";"Gipuzkoa";"%";45
2021;"H - Programar en un lenguaje de programación";"Total";"Hombre";"C.A. de Euskadi";"%";7,4
2023;"H - Programar en un lenguaje de programación";"Total";"Hombre";"C.A. de Euskadi";"%";8,1
2019;"H - Programar en un lenguaje de programación";"Total";"Hombre";"C.A. de Euskadi";"%";8,1
2024;"H - Programar en un lenguaje de programación";"Total";"Hombre";"C.A. de Euskadi";"%";6,1
2025;"H - Programar en un lenguaje de programación";"Total";"Hombre";"C.A. de Euskadi";"%";8,6
2020;"H - Programar en un lenguaje de programación";"Total";"Hombre";"C.A. de Euskadi";"%";7,4
2022;"H - Programar en un lenguaje de programación";"Total";"Hombre";"C.A. de Euskadi";"%";7,2
2022;"H - Programar en un lenguaje de programación";"Total";"Hombre";"Araba/Álava";"%";6,5
2025;"H - Programar en un lenguaje de programación";"Total";"Hombre";"Araba/Álava";"%";6,3
2023;"H - Programar en un lenguaje de programación";"Total";"Hombre";"Araba/Álava";"%";5
2020;"H - Programar en un lenguaje de programación";"Total";"Hombre";"Araba/Álava";"%";6,8
2021;"H - Programar en un lenguaje de programación";"Total";"Hombre";"Araba/Álava";"%";7,7
2024;"H - Programar en un lenguaje de programación";"Total";"Hombre";"Araba/Álava";"%";5,3
2019;"H - Programar en un lenguaje de programación";"Total";"Hombre";"Araba/Álava";"%";7,6
2019;"H - Programar en un lenguaje de programación";"Total";"Hombre";"Bizkaia";"%";8,5
2021;"H - Programar en un lenguaje de programación";"Total";"Hombre";"Bizkaia";"%";7
2023;"H - Programar en un lenguaje de programación";"Total";"Hombre";"Bizkaia";"%";8,5
2025;"H - Programar en un lenguaje de programación";"Total";"Hombre";"Bizkaia";"%";10,1
2022;"H - Programar en un lenguaje de programación";"Total";"Hombre";"Bizkaia";"%";6,6
2020;"H - Programar en un lenguaje de programación";"Total";"Hombre";"Bizkaia";"%";8
2024;"H - Programar en un lenguaje de programación";"Total";"Hombre";"Bizkaia";"%";5,8
2024;"H - Programar en un lenguaje de programación";"Total";"Hombre";"Gipuzkoa";"%";6,9
2023;"H - Programar en un lenguaje de programación";"Total";"Hombre";"Gipuzkoa";"%";8,9
2025;"H - Programar en un lenguaje de programación";"Total";"Hombre";"Gipuzkoa";"%";7,3
2021;"H - Programar en un lenguaje de programación";"Total";"Hombre";"Gipuzkoa";"%";7,8
2022;"H - Programar en un lenguaje de programación";"Total";"Hombre";"Gipuzkoa";"%";8,6
2020;"H - Programar en un lenguaje de programación";"Total";"Hombre";"Gipuzkoa";"%";6,7
2019;"H - Programar en un lenguaje de programación";"Total";"Hombre";"Gipuzkoa";"%";7,8
2020;"G - Usar hojas de cálculo";"Total";"Hombre";"C.A. de Euskadi";"%";42,5
2022;"G - Usar hojas de cálculo";"Total";"Hombre";"C.A. de Euskadi";"%";43,4
2024;"G - Usar hojas de cálculo";"Total";"Hombre";"C.A. de Euskadi";"%";46,7
2023;"G - Usar hojas de cálculo";"Total";"Hombre";"C.A. de Euskadi";"%";42,8
2025;"G - Usar hojas de cálculo";"Total";"Hombre";"C.A. de Euskadi";"%";44,1
2021;"G - Usar hojas de cálculo";"Total";"Hombre";"C.A. de Euskadi";"%";46,6
2019;"G - Usar hojas de cálculo";"Total";"Hombre";"C.A. de Euskadi";"%";44,3
2020;"G - Usar hojas de cálculo";"Total";"Hombre";"Araba/Álava";"%";39,7
2022;"G - Usar hojas de cálculo";"Total";"Hombre";"Araba/Álava";"%";46
2023;"G - Usar hojas de cálculo";"Total";"Hombre";"Araba/Álava";"%";35,4
2019;"G - Usar hojas de cálculo";"Total";"Hombre";"Araba/Álava";"%";45,7
2025;"G - Usar hojas de cálculo";"Total";"Hombre";"Araba/Álava";"%";44,2
2021;"G - Usar hojas de cálculo";"Total";"Hombre";"Araba/Álava";"%";44,9
2024;"G - Usar hojas de cálculo";"Total";"Hombre";"Araba/Álava";"%";46,1
2019;"G - Usar hojas de cálculo";"Total";"Hombre";"Bizkaia";"%";44,2
2025;"G - Usar hojas de cálculo";"Total";"Hombre";"Bizkaia";"%";44,8
2023;"G - Usar hojas de cálculo";"Total";"Hombre";"Bizkaia";"%";43,3
2020;"G - Usar hojas de cálculo";"Total";"Hombre";"Bizkaia";"%";44,3
2021;"G - Usar hojas de cálculo";"Total";"Hombre";"Bizkaia";"%";48,2
2022;"G - Usar hojas de cálculo";"Total";"Hombre";"Bizkaia";"%";43
2024;"G - Usar hojas de cálculo";"Total";"Hombre";"Bizkaia";"%";47,8
2025;"G - Usar hojas de cálculo";"Total";"Hombre";"Gipuzkoa";"%";42,9
2022;"G - Usar hojas de cálculo";"Total";"Hombre";"Gipuzkoa";"%";43
2024;"G - Usar hojas de cálculo";"Total";"Hombre";"Gipuzkoa";"%";45,1
2019;"G - Usar hojas de cálculo";"Total";"Hombre";"Gipuzkoa";"%";43,9
2020;"G - Usar hojas de cálculo";"Total";"Hombre";"Gipuzkoa";"%";40,9
2021;"G - Usar hojas de cálculo";"Total";"Hombre";"Gipuzkoa";"%";44,8
2023;"G - Usar hojas de cálculo";"Total";"Hombre";"Gipuzkoa";"%";45,6
2023;"C - Transferir ficheros entre el ordenador y otros dispositivos (móviles, cámaras, etc)";"Total";"Hombre";"C.A. de Euskadi";"%";51,9
2022;"C - Transferir ficheros entre el ordenador y otros dispositivos (móviles, cámaras, etc)";"Total";"Hombre";"C.A. de Euskadi";"%";53,2
2020;"C - Transferir ficheros entre el ordenador y otros dispositivos (móviles, cámaras, etc)";"Total";"Hombre";"C.A. de Euskadi";"%";57,8
2019;"C - Transferir ficheros entre el ordenador y otros dispositivos (móviles, cámaras, etc)";"Total";"Hombre";"C.A. de Euskadi";"%";53,8
2025;"C - Transferir ficheros entre el ordenador y otros dispositivos (móviles, cámaras, etc)";"Total";"Hombre";"C.A. de Euskadi";"%";44,1
2021;"C - Transferir ficheros entre el ordenador y otros dispositivos (móviles, cámaras, etc)";"Total";"Hombre";"C.A. de Euskadi";"%";62
2024;"C - Transferir ficheros entre el ordenador y otros dispositivos (móviles, cámaras, etc)";"Total";"Hombre";"C.A. de Euskadi";"%";39,7
2024;"C - Transferir ficheros entre el ordenador y otros dispositivos (móviles, cámaras, etc)";"Total";"Hombre";"Araba/Álava";"%";41,1
2025;"C - Transferir ficheros entre el ordenador y otros dispositivos (móviles, cámaras, etc)";"Total";"Hombre";"Araba/Álava";"%";42,4
2019;"C - Transferir ficheros entre el ordenador y otros dispositivos (móviles, cámaras, etc)";"Total";"Hombre";"Araba/Álava";"%";54,8
2023;"C - Transferir ficheros entre el ordenador y otros dispositivos (móviles, cámaras, etc)";"Total";"Hombre";"Araba/Álava";"%";46,1
2022;"C - Transferir ficheros entre el ordenador y otros dispositivos (móviles, cámaras, etc)";"Total";"Hombre";"Araba/Álava";"%";52,2
2021;"C - Transferir ficheros entre el ordenador y otros dispositivos (móviles, cámaras, etc)";"Total";"Hombre";"Araba/Álava";"%";62,9
2020;"C - Transferir ficheros entre el ordenador y otros dispositivos (móviles, cámaras, etc)";"Total";"Hombre";"Araba/Álava";"%";57,6
2024;"C - Transferir ficheros entre el ordenador y otros dispositivos (móviles, cámaras, etc)";"Total";"Hombre";"Bizkaia";"%";40,1
2025;"C - Transferir ficheros entre el ordenador y otros dispositivos (móviles, cámaras, etc)";"Total";"Hombre";"Bizkaia";"%";44,5
2022;"C - Transferir ficheros entre el ordenador y otros dispositivos (móviles, cámaras, etc)";"Total";"Hombre";"Bizkaia";"%";54,2
2023;"C - Transferir ficheros entre el ordenador y otros dispositivos (móviles, cámaras, etc)";"Total";"Hombre";"Bizkaia";"%";53,4
2021;"C - Transferir ficheros entre el ordenador y otros dispositivos (móviles, cámaras, etc)";"Total";"Hombre";"Bizkaia";"%";62,2
2020;"C - Transferir ficheros entre el ordenador y otros dispositivos (móviles, cámaras, etc)";"Total";"Hombre";"Bizkaia";"%";57
2019;"C - Transferir ficheros entre el ordenador y otros dispositivos (móviles, cámaras, etc)";"Total";"Hombre";"Bizkaia";"%";55,3
2023;"C - Transferir ficheros entre el ordenador y otros dispositivos (móviles, cámaras, etc)";"Total";"Hombre";"Gipuzkoa";"%";52,3
2022;"C - Transferir ficheros entre el ordenador y otros dispositivos (móviles, cámaras, etc)";"Total";"Hombre";"Gipuzkoa";"%";52,1
2021;"C - Transferir ficheros entre el ordenador y otros dispositivos (móviles, cámaras, etc)";"Total";"Hombre";"Gipuzkoa";"%";61,2
2020;"C - Transferir ficheros entre el ordenador y otros dispositivos (móviles, cámaras, etc)";"Total";"Hombre";"Gipuzkoa";"%";59,2
2019;"C - Transferir ficheros entre el ordenador y otros dispositivos (móviles, cámaras, etc)";"Total";"Hombre";"Gipuzkoa";"%";50,9
2025;"C - Transferir ficheros entre el ordenador y otros dispositivos (móviles, cámaras, etc)";"Total";"Hombre";"Gipuzkoa";"%";44,3
2024;"C - Transferir ficheros entre el ordenador y otros dispositivos (móviles, cámaras, etc)";"Total";"Hombre";"Gipuzkoa";"%";38,3
2022;"A - Al menos una / Competencia global";"16-24 años";"Hombre";"C.A. de Euskadi";"%";93,5
2023;"A - Al menos una / Competencia global";"16-24 años";"Hombre";"C.A. de Euskadi";"%";93,1
2024;"A - Al menos una / Competencia global";"16-24 años";"Hombre";"C.A. de Euskadi";"%";92,5
2025;"A - Al menos una / Competencia global";"16-24 años";"Hombre";"C.A. de Euskadi";"%";92,1
2020;"A - Al menos una / Competencia global";"16-24 años";"Hombre";"C.A. de Euskadi";"%";95,3
2021;"A - Al menos una / Competencia global";"16-24 años";"Hombre";"C.A. de Euskadi";"%";95,7
2019;"A - Al menos una / Competencia global";"16-24 años";"Hombre";"C.A. de Euskadi";"%";93,6
2025;"A - Al menos una / Competencia global";"16-24 años";"Hombre";"Araba/Álava";"%";93,9
2023;"A - Al menos una / Competencia global";"16-24 años";"Hombre";"Araba/Álava";"%";100
2021;"A - Al menos una / Competencia global";"16-24 años";"Hombre";"Araba/Álava";"%";97,2
2019;"A - Al menos una / Competencia global";"16-24 años";"Hombre";"Araba/Álava";"%";91,9
2022;"A - Al menos una / Competencia global";"16-24 años";"Hombre";"Araba/Álava";"%";92,7
2024;"A - Al menos una / Competencia global";"16-24 años";"Hombre";"Araba/Álava";"%";92,8
2020;"A - Al menos una / Competencia global";"16-24 años";"Hombre";"Araba/Álava";"%";100
2021;"A - Al menos una / Competencia global";"16-24 años";"Hombre";"Bizkaia";"%";93,3
2022;"A - Al menos una / Competencia global";"16-24 años";"Hombre";"Bizkaia";"%";91,8
2019;"A - Al menos una / Competencia global";"16-24 años";"Hombre";"Bizkaia";"%";97,2
2020;"A - Al menos una / Competencia global";"16-24 años";"Hombre";"Bizkaia";"%";92
2025;"A - Al menos una / Competencia global";"16-24 años";"Hombre";"Bizkaia";"%";93,3
2024;"A - Al menos una / Competencia global";"16-24 años";"Hombre";"Bizkaia";"%";91,3
2023;"A - Al menos una / Competencia global";"16-24 años";"Hombre";"Bizkaia";"%";89,7
2021;"A - Al menos una / Competencia global";"16-24 años";"Hombre";"Gipuzkoa";"%";98,3
2020;"A - Al menos una / Competencia global";"16-24 años";"Hombre";"Gipuzkoa";"%";98,1
2022;"A - Al menos una / Competencia global";"16-24 años";"Hombre";"Gipuzkoa";"%";96,4
2023;"A - Al menos una / Competencia global";"16-24 años";"Hombre";"Gipuzkoa";"%";94,6
2024;"A - Al menos una / Competencia global";"16-24 años";"Hombre";"Gipuzkoa";"%";94
2019;"A - Al menos una / Competencia global";"16-24 años";"Hombre";"Gipuzkoa";"%";89,4
2025;"A - Al menos una / Competencia global";"16-24 años";"Hombre";"Gipuzkoa";"%";89,6
2019;"D - Instalar software o aplicaciones";"16-24 años";"Hombre";"C.A. de Euskadi";"%";81
2025;"D - Instalar software o aplicaciones";"16-24 años";"Hombre";"C.A. de Euskadi";"%";68,2
2023;"D - Instalar software o aplicaciones";"16-24 años";"Hombre";"C.A. de Euskadi";"%";73,7
2020;"D - Instalar software o aplicaciones";"16-24 años";"Hombre";"C.A. de Euskadi";"%";88,2
2024;"D - Instalar software o aplicaciones";"16-24 años";"Hombre";"C.A. de Euskadi";"%";72,7
2021;"D - Instalar software o aplicaciones";"16-24 años";"Hombre";"C.A. de Euskadi";"%";90,8
2022;"D - Instalar software o aplicaciones";"16-24 años";"Hombre";"C.A. de Euskadi";"%";83,5
2021;"D - Instalar software o aplicaciones";"16-24 años";"Hombre";"Araba/Álava";"%";94,3
2022;"D - Instalar software o aplicaciones";"16-24 años";"Hombre";"Araba/Álava";"%";76,7
2024;"D - Instalar software o aplicaciones";"16-24 años";"Hombre";"Araba/Álava";"%";73,2
2019;"D - Instalar software o aplicaciones";"16-24 años";"Hombre";"Araba/Álava";"%";82
2020;"D - Instalar software o aplicaciones";"16-24 años";"Hombre";"Araba/Álava";"%";92,8
2023;"D - Instalar software o aplicaciones";"16-24 años";"Hombre";"Araba/Álava";"%";67,6
2025;"D - Instalar software o aplicaciones";"16-24 años";"Hombre";"Araba/Álava";"%";64,4
2024;"D - Instalar software o aplicaciones";"16-24 años";"Hombre";"Bizkaia";"%";67,1
2020;"D - Instalar software o aplicaciones";"16-24 años";"Hombre";"Bizkaia";"%";85,7
2022;"D - Instalar software o aplicaciones";"16-24 años";"Hombre";"Bizkaia";"%";84
2025;"D - Instalar software o aplicaciones";"16-24 años";"Hombre";"Bizkaia";"%";72
2021;"D - Instalar software o aplicaciones";"16-24 años";"Hombre";"Bizkaia";"%";87,5
2023;"D - Instalar software o aplicaciones";"16-24 años";"Hombre";"Bizkaia";"%";72,4
2019;"D - Instalar software o aplicaciones";"16-24 años";"Hombre";"Bizkaia";"%";82,9
2022;"D - Instalar software o aplicaciones";"16-24 años";"Hombre";"Gipuzkoa";"%";85,5
2023;"D - Instalar software o aplicaciones";"16-24 años";"Hombre";"Gipuzkoa";"%";78,6
2024;"D - Instalar software o aplicaciones";"16-24 años";"Hombre";"Gipuzkoa";"%";80,3
2020;"D - Instalar software o aplicaciones";"16-24 años";"Hombre";"Gipuzkoa";"%";89,7
2025;"D - Instalar software o aplicaciones";"16-24 años";"Hombre";"Gipuzkoa";"%";63,5
2019;"D - Instalar software o aplicaciones";"16-24 años";"Hombre";"Gipuzkoa";"%";78
2021;"D - Instalar software o aplicaciones";"16-24 años";"Hombre";"Gipuzkoa";"%";93,7
2021;"E - Cambiar la configuración de cualquier software, incluídos el sistema operativo, programas de seguridad";"16-24 años";"Hombre";"C.A. de Euskadi";"%";53,3
2023;"E - Cambiar la configuración de cualquier software, incluídos el sistema operativo, programas de seguridad";"16-24 años";"Hombre";"C.A. de Euskadi";"%";47,3
2024;"E - Cambiar la configuración de cualquier software, incluídos el sistema operativo, programas de seguridad";"16-24 años";"Hombre";"C.A. de Euskadi";"%";34,1
2020;"E - Cambiar la configuración de cualquier software, incluídos el sistema operativo, programas de seguridad";"16-24 años";"Hombre";"C.A. de Euskadi";"%";47,9
2025;"E - Cambiar la configuración de cualquier software, incluídos el sistema operativo, programas de seguridad";"16-24 años";"Hombre";"C.A. de Euskadi";"%";44,8
2022;"E - Cambiar la configuración de cualquier software, incluídos el sistema operativo, programas de seguridad";"16-24 años";"Hombre";"C.A. de Euskadi";"%";40
2019;"E - Cambiar la configuración de cualquier software, incluídos el sistema operativo, programas de seguridad";"16-24 años";"Hombre";"C.A. de Euskadi";"%";32,8
2025;"E - Cambiar la configuración de cualquier software, incluídos el sistema operativo, programas de seguridad";"16-24 años";"Hombre";"Araba/Álava";"%";34,5
2024;"E - Cambiar la configuración de cualquier software, incluídos el sistema operativo, programas de seguridad";"16-24 años";"Hombre";"Araba/Álava";"%";35,8
2022;"E - Cambiar la configuración de cualquier software, incluídos el sistema operativo, programas de seguridad";"16-24 años";"Hombre";"Araba/Álava";"%";42,9
2021;"E - Cambiar la configuración de cualquier software, incluídos el sistema operativo, programas de seguridad";"16-24 años";"Hombre";"Araba/Álava";"%";42,2
2020;"E - Cambiar la configuración de cualquier software, incluídos el sistema operativo, programas de seguridad";"16-24 años";"Hombre";"Araba/Álava";"%";49
2023;"E - Cambiar la configuración de cualquier software, incluídos el sistema operativo, programas de seguridad";"16-24 años";"Hombre";"Araba/Álava";"%";38,2
2019;"E - Cambiar la configuración de cualquier software, incluídos el sistema operativo, programas de seguridad";"16-24 años";"Hombre";"Araba/Álava";"%";35,2
2022;"E - Cambiar la configuración de cualquier software, incluídos el sistema operativo, programas de seguridad";"16-24 años";"Hombre";"Bizkaia";"%";43,8
2025;"E - Cambiar la configuración de cualquier software, incluídos el sistema operativo, programas de seguridad";"16-24 años";"Hombre";"Bizkaia";"%";46,1
2024;"E - Cambiar la configuración de cualquier software, incluídos el sistema operativo, programas de seguridad";"16-24 años";"Hombre";"Bizkaia";"%";35,8
2019;"E - Cambiar la configuración de cualquier software, incluídos el sistema operativo, programas de seguridad";"16-24 años";"Hombre";"Bizkaia";"%";32,6
2023;"E - Cambiar la configuración de cualquier software, incluídos el sistema operativo, programas de seguridad";"16-24 años";"Hombre";"Bizkaia";"%";51,2
2021;"E - Cambiar la configuración de cualquier software, incluídos el sistema operativo, programas de seguridad";"16-24 años";"Hombre";"Bizkaia";"%";55,2
2020;"E - Cambiar la configuración de cualquier software, incluídos el sistema operativo, programas de seguridad";"16-24 años";"Hombre";"Bizkaia";"%";47,4
2020;"E - Cambiar la configuración de cualquier software, incluídos el sistema operativo, programas de seguridad";"16-24 años";"Hombre";"Gipuzkoa";"%";47,9
2023;"E - Cambiar la configuración de cualquier software, incluídos el sistema operativo, programas de seguridad";"16-24 años";"Hombre";"Gipuzkoa";"%";46,3
2025;"E - Cambiar la configuración de cualquier software, incluídos el sistema operativo, programas de seguridad";"16-24 años";"Hombre";"Gipuzkoa";"%";46,8
2021;"E - Cambiar la configuración de cualquier software, incluídos el sistema operativo, programas de seguridad";"16-24 años";"Hombre";"Gipuzkoa";"%";55,5
2019;"E - Cambiar la configuración de cualquier software, incluídos el sistema operativo, programas de seguridad";"16-24 años";"Hombre";"Gipuzkoa";"%";32,2
2022;"E - Cambiar la configuración de cualquier software, incluídos el sistema operativo, programas de seguridad";"16-24 años";"Hombre";"Gipuzkoa";"%";33,2
2024;"E - Cambiar la configuración de cualquier software, incluídos el sistema operativo, programas de seguridad";"16-24 años";"Hombre";"Gipuzkoa";"%";30,9
2020;"B - Copiar o mover ficheros o carpetas";"16-24 años";"Hombre";"C.A. de Euskadi";"%";85,2
2024;"B - Copiar o mover ficheros o carpetas";"16-24 años";"Hombre";"C.A. de Euskadi";"%";79,9
2019;"B - Copiar o mover ficheros o carpetas";"16-24 años";"Hombre";"C.A. de Euskadi";"%";85,1
2025;"B - Copiar o mover ficheros o carpetas";"16-24 años";"Hombre";"C.A. de Euskadi";"%";78,9
2022;"B - Copiar o mover ficheros o carpetas";"16-24 años";"Hombre";"C.A. de Euskadi";"%";85,4
2023;"B - Copiar o mover ficheros o carpetas";"16-24 años";"Hombre";"C.A. de Euskadi";"%";85,6
2021;"B - Copiar o mover ficheros o carpetas";"16-24 años";"Hombre";"C.A. de Euskadi";"%";87,5
2019;"B - Copiar o mover ficheros o carpetas";"16-24 años";"Hombre";"Araba/Álava";"%";90,2
2025;"B - Copiar o mover ficheros o carpetas";"16-24 años";"Hombre";"Araba/Álava";"%";82,6
2024;"B - Copiar o mover ficheros o carpetas";"16-24 años";"Hombre";"Araba/Álava";"%";82,4
2023;"B - Copiar o mover ficheros o carpetas";"16-24 años";"Hombre";"Araba/Álava";"%";93,3
2020;"B - Copiar o mover ficheros o carpetas";"16-24 años";"Hombre";"Araba/Álava";"%";80,5
2022;"B - Copiar o mover ficheros o carpetas";"16-24 años";"Hombre";"Araba/Álava";"%";74
2021;"B - Copiar o mover ficheros o carpetas";"16-24 años";"Hombre";"Araba/Álava";"%";85
2025;"B - Copiar o mover ficheros o carpetas";"16-24 años";"Hombre";"Bizkaia";"%";80,5
2024;"B - Copiar o mover ficheros o carpetas";"16-24 años";"Hombre";"Bizkaia";"%";80,4
2020;"B - Copiar o mover ficheros o carpetas";"16-24 años";"Hombre";"Bizkaia";"%";81,7
2019;"B - Copiar o mover ficheros o carpetas";"16-24 años";"Hombre";"Bizkaia";"%";87,1
2022;"B - Copiar o mover ficheros o carpetas";"16-24 años";"Hombre";"Bizkaia";"%";85,8
2021;"B - Copiar o mover ficheros o carpetas";"16-24 años";"Hombre";"Bizkaia";"%";89,5
2023;"B - Copiar o mover ficheros o carpetas";"16-24 años";"Hombre";"Bizkaia";"%";83,9
2025;"B - Copiar o mover ficheros o carpetas";"16-24 años";"Hombre";"Gipuzkoa";"%";75
2022;"B - Copiar o mover ficheros o carpetas";"16-24 años";"Hombre";"Gipuzkoa";"%";89,4
2021;"B - Copiar o mover ficheros o carpetas";"16-24 años";"Hombre";"Gipuzkoa";"%";86
2020;"B - Copiar o mover ficheros o carpetas";"16-24 años";"Hombre";"Gipuzkoa";"%";92,7
2019;"B - Copiar o mover ficheros o carpetas";"16-24 años";"Hombre";"Gipuzkoa";"%";80,5
2024;"B - Copiar o mover ficheros o carpetas";"16-24 años";"Hombre";"Gipuzkoa";"%";78,3
2023;"B - Copiar o mover ficheros o carpetas";"16-24 años";"Hombre";"Gipuzkoa";"%";84,1
2023;"F - Crear presentaciones o documentos que integren texto, imágenes, tablas o gráficos";"16-24 años";"Hombre";"C.A. de Euskadi";"%";77,2
2019;"F - Crear presentaciones o documentos que integren texto, imágenes, tablas o gráficos";"16-24 años";"Hombre";"C.A. de Euskadi";"%";81,9
2020;"F - Crear presentaciones o documentos que integren texto, imágenes, tablas o gráficos";"16-24 años";"Hombre";"C.A. de Euskadi";"%";86,4
2025;"F - Crear presentaciones o documentos que integren texto, imágenes, tablas o gráficos";"16-24 años";"Hombre";"C.A. de Euskadi";"%";77
2022;"F - Crear presentaciones o documentos que integren texto, imágenes, tablas o gráficos";"16-24 años";"Hombre";"C.A. de Euskadi";"%";77
2024;"F - Crear presentaciones o documentos que integren texto, imágenes, tablas o gráficos";"16-24 años";"Hombre";"C.A. de Euskadi";"%";73,2
2021;"F - Crear presentaciones o documentos que integren texto, imágenes, tablas o gráficos";"16-24 años";"Hombre";"C.A. de Euskadi";"%";82,5
2023;"F - Crear presentaciones o documentos que integren texto, imágenes, tablas o gráficos";"16-24 años";"Hombre";"Araba/Álava";"%";76,9
2022;"F - Crear presentaciones o documentos que integren texto, imágenes, tablas o gráficos";"16-24 años";"Hombre";"Araba/Álava";"%";73,5
2019;"F - Crear presentaciones o documentos que integren texto, imágenes, tablas o gráficos";"16-24 años";"Hombre";"Araba/Álava";"%";88,5
2024;"F - Crear presentaciones o documentos que integren texto, imágenes, tablas o gráficos";"16-24 años";"Hombre";"Araba/Álava";"%";77,8
2020;"F - Crear presentaciones o documentos que integren texto, imágenes, tablas o gráficos";"16-24 años";"Hombre";"Araba/Álava";"%";82,5
2025;"F - Crear presentaciones o documentos que integren texto, imágenes, tablas o gráficos";"16-24 años";"Hombre";"Araba/Álava";"%";85,4
2021;"F - Crear presentaciones o documentos que integren texto, imágenes, tablas o gráficos";"16-24 años";"Hombre";"Araba/Álava";"%";71,4
2021;"F - Crear presentaciones o documentos que integren texto, imágenes, tablas o gráficos";"16-24 años";"Hombre";"Bizkaia";"%";86,3
2022;"F - Crear presentaciones o documentos que integren texto, imágenes, tablas o gráficos";"16-24 años";"Hombre";"Bizkaia";"%";81,1
2025;"F - Crear presentaciones o documentos que integren texto, imágenes, tablas o gráficos";"16-24 años";"Hombre";"Bizkaia";"%";76,9
2024;"F - Crear presentaciones o documentos que integren texto, imágenes, tablas o gráficos";"16-24 años";"Hombre";"Bizkaia";"%";66,6
2023;"F - Crear presentaciones o documentos que integren texto, imágenes, tablas o gráficos";"16-24 años";"Hombre";"Bizkaia";"%";75,5
2020;"F - Crear presentaciones o documentos que integren texto, imágenes, tablas o gráficos";"16-24 años";"Hombre";"Bizkaia";"%";85,8
2019;"F - Crear presentaciones o documentos que integren texto, imágenes, tablas o gráficos";"16-24 años";"Hombre";"Bizkaia";"%";85,5
2021;"F - Crear presentaciones o documentos que integren texto, imágenes, tablas o gráficos";"16-24 años";"Hombre";"Gipuzkoa";"%";82,4
2023;"F - Crear presentaciones o documentos que integren texto, imágenes, tablas o gráficos";"16-24 años";"Hombre";"Gipuzkoa";"%";79,9
2025;"F - Crear presentaciones o documentos que integren texto, imágenes, tablas o gráficos";"16-24 años";"Hombre";"Gipuzkoa";"%";74
2024;"F - Crear presentaciones o documentos que integren texto, imágenes, tablas o gráficos";"16-24 años";"Hombre";"Gipuzkoa";"%";80,5
2022;"F - Crear presentaciones o documentos que integren texto, imágenes, tablas o gráficos";"16-24 años";"Hombre";"Gipuzkoa";"%";72,4
2020;"F - Crear presentaciones o documentos que integren texto, imágenes, tablas o gráficos";"16-24 años";"Hombre";"Gipuzkoa";"%";89,2
2019;"F - Crear presentaciones o documentos que integren texto, imágenes, tablas o gráficos";"16-24 años";"Hombre";"Gipuzkoa";"%";74,7
2023;"H - Programar en un lenguaje de programación";"16-24 años";"Hombre";"C.A. de Euskadi";"%";20,8
2020;"H - Programar en un lenguaje de programación";"16-24 años";"Hombre";"C.A. de Euskadi";"%";16,5
2024;"H - Programar en un lenguaje de programación";"16-24 años";"Hombre";"C.A. de Euskadi";"%";15,6
2019;"H - Programar en un lenguaje de programación";"16-24 años";"Hombre";"C.A. de Euskadi";"%";15,8
2025;"H - Programar en un lenguaje de programación";"16-24 años";"Hombre";"C.A. de Euskadi";"%";15,5
2021;"H - Programar en un lenguaje de programación";"16-24 años";"Hombre";"C.A. de Euskadi";"%";17,8
2022;"H - Programar en un lenguaje de programación";"16-24 años";"Hombre";"C.A. de Euskadi";"%";12,9
2025;"H - Programar en un lenguaje de programación";"16-24 años";"Hombre";"Araba/Álava";"%";9,8
2024;"H - Programar en un lenguaje de programación";"16-24 años";"Hombre";"Araba/Álava";"%";27,8
2022;"H - Programar en un lenguaje de programación";"16-24 años";"Hombre";"Araba/Álava";"%";17,3
2023;"H - Programar en un lenguaje de programación";"16-24 años";"Hombre";"Araba/Álava";"%";18,6
2020;"H - Programar en un lenguaje de programación";"16-24 años";"Hombre";"Araba/Álava";"%";9,6
2019;"H - Programar en un lenguaje de programación";"16-24 años";"Hombre";"Araba/Álava";"%";13,7
2021;"H - Programar en un lenguaje de programación";"16-24 años";"Hombre";"Araba/Álava";"%";18,8
2022;"H - Programar en un lenguaje de programación";"16-24 años";"Hombre";"Bizkaia";"%";9,6
2020;"H - Programar en un lenguaje de programación";"16-24 años";"Hombre";"Bizkaia";"%";20,5
2025;"H - Programar en un lenguaje de programación";"16-24 años";"Hombre";"Bizkaia";"%";17,8
2023;"H - Programar en un lenguaje de programación";"16-24 años";"Hombre";"Bizkaia";"%";24,5
2021;"H - Programar en un lenguaje de programación";"16-24 años";"Hombre";"Bizkaia";"%";15,6
2019;"H - Programar en un lenguaje de programación";"16-24 años";"Hombre";"Bizkaia";"%";17,7
2024;"H - Programar en un lenguaje de programación";"16-24 años";"Hombre";"Bizkaia";"%";11,8
2025;"H - Programar en un lenguaje de programación";"16-24 años";"Hombre";"Gipuzkoa";"%";14,1
2021;"H - Programar en un lenguaje de programación";"16-24 años";"Hombre";"Gipuzkoa";"%";20,3
2024;"H - Programar en un lenguaje de programación";"16-24 años";"Hombre";"Gipuzkoa";"%";16,1
2020;"H - Programar en un lenguaje de programación";"16-24 años";"Hombre";"Gipuzkoa";"%";13,9
2022;"H - Programar en un lenguaje de programación";"16-24 años";"Hombre";"Gipuzkoa";"%";16
2019;"H - Programar en un lenguaje de programación";"16-24 años";"Hombre";"Gipuzkoa";"%";14,1
2023;"H - Programar en un lenguaje de programación";"16-24 años";"Hombre";"Gipuzkoa";"%";16,5
2019;"G - Usar hojas de cálculo";"16-24 años";"Hombre";"C.A. de Euskadi";"%";69,8
2022;"G - Usar hojas de cálculo";"16-24 años";"Hombre";"C.A. de Euskadi";"%";68
2024;"G - Usar hojas de cálculo";"16-24 años";"Hombre";"C.A. de Euskadi";"%";64,1
2021;"G - Usar hojas de cálculo";"16-24 años";"Hombre";"C.A. de Euskadi";"%";70,2
2023;"G - Usar hojas de cálculo";"16-24 años";"Hombre";"C.A. de Euskadi";"%";62,7
2020;"G - Usar hojas de cálculo";"16-24 años";"Hombre";"C.A. de Euskadi";"%";72,5
2025;"G - Usar hojas de cálculo";"16-24 años";"Hombre";"C.A. de Euskadi";"%";60
2024;"G - Usar hojas de cálculo";"16-24 años";"Hombre";"Araba/Álava";"%";60,7
2023;"G - Usar hojas de cálculo";"16-24 años";"Hombre";"Araba/Álava";"%";54,2
2021;"G - Usar hojas de cálculo";"16-24 años";"Hombre";"Araba/Álava";"%";60,4
2025;"G - Usar hojas de cálculo";"16-24 años";"Hombre";"Araba/Álava";"%";62,3
2019;"G - Usar hojas de cálculo";"16-24 años";"Hombre";"Araba/Álava";"%";69,7
2022;"G - Usar hojas de cálculo";"16-24 años";"Hombre";"Araba/Álava";"%";77
2020;"G - Usar hojas de cálculo";"16-24 años";"Hombre";"Araba/Álava";"%";72,7
2019;"G - Usar hojas de cálculo";"16-24 años";"Hombre";"Bizkaia";"%";70,3
2020;"G - Usar hojas de cálculo";"16-24 años";"Hombre";"Bizkaia";"%";71,7
2023;"G - Usar hojas de cálculo";"16-24 años";"Hombre";"Bizkaia";"%";62,9
2025;"G - Usar hojas de cálculo";"16-24 años";"Hombre";"Bizkaia";"%";58,8
2024;"G - Usar hojas de cálculo";"16-24 años";"Hombre";"Bizkaia";"%";62,6
2021;"G - Usar hojas de cálculo";"16-24 años";"Hombre";"Bizkaia";"%";68,8
2022;"G - Usar hojas de cálculo";"16-24 años";"Hombre";"Bizkaia";"%";68,8
2022;"G - Usar hojas de cálculo";"16-24 años";"Hombre";"Gipuzkoa";"%";63,2
2019;"G - Usar hojas de cálculo";"16-24 años";"Hombre";"Gipuzkoa";"%";69,2
2024;"G - Usar hojas de cálculo";"16-24 años";"Hombre";"Gipuzkoa";"%";67,6
2020;"G - Usar hojas de cálculo";"16-24 años";"Hombre";"Gipuzkoa";"%";73,7
2021;"G - Usar hojas de cálculo";"16-24 años";"Hombre";"Gipuzkoa";"%";76,3
2023;"G - Usar hojas de cálculo";"16-24 años";"Hombre";"Gipuzkoa";"%";66,8
2025;"G - Usar hojas de cálculo";"16-24 años";"Hombre";"Gipuzkoa";"%";61
2022;"C - Transferir ficheros entre el ordenador y otros dispositivos (móviles, cámaras, etc)";"16-24 años";"Hombre";"C.A. de Euskadi";"%";75,2
2021;"C - Transferir ficheros entre el ordenador y otros dispositivos (móviles, cámaras, etc)";"16-24 años";"Hombre";"C.A. de Euskadi";"%";87,5
2025;"C - Transferir ficheros entre el ordenador y otros dispositivos (móviles, cámaras, etc)";"16-24 años";"Hombre";"C.A. de Euskadi";"%";61,4
2024;"C - Transferir ficheros entre el ordenador y otros dispositivos (móviles, cámaras, etc)";"16-24 años";"Hombre";"C.A. de Euskadi";"%";54,9
2023;"C - Transferir ficheros entre el ordenador y otros dispositivos (móviles, cámaras, etc)";"16-24 años";"Hombre";"C.A. de Euskadi";"%";71,3
2019;"C - Transferir ficheros entre el ordenador y otros dispositivos (móviles, cámaras, etc)";"16-24 años";"Hombre";"C.A. de Euskadi";"%";81,1
2020;"C - Transferir ficheros entre el ordenador y otros dispositivos (móviles, cámaras, etc)";"16-24 años";"Hombre";"C.A. de Euskadi";"%";84,8
2024;"C - Transferir ficheros entre el ordenador y otros dispositivos (móviles, cámaras, etc)";"16-24 años";"Hombre";"Araba/Álava";"%";61,5
2021;"C - Transferir ficheros entre el ordenador y otros dispositivos (móviles, cámaras, etc)";"16-24 años";"Hombre";"Araba/Álava";"%";80,1
2025;"C - Transferir ficheros entre el ordenador y otros dispositivos (móviles, cámaras, etc)";"16-24 años";"Hombre";"Araba/Álava";"%";61,9
2023;"C - Transferir ficheros entre el ordenador y otros dispositivos (móviles, cámaras, etc)";"16-24 años";"Hombre";"Araba/Álava";"%";79,3
2019;"C - Transferir ficheros entre el ordenador y otros dispositivos (móviles, cámaras, etc)";"16-24 años";"Hombre";"Araba/Álava";"%";81,8
2020;"C - Transferir ficheros entre el ordenador y otros dispositivos (móviles, cámaras, etc)";"16-24 años";"Hombre";"Araba/Álava";"%";91
2022;"C - Transferir ficheros entre el ordenador y otros dispositivos (móviles, cámaras, etc)";"16-24 años";"Hombre";"Araba/Álava";"%";77,9
2023;"C - Transferir ficheros entre el ordenador y otros dispositivos (móviles, cámaras, etc)";"16-24 años";"Hombre";"Bizkaia";"%";68,9
2019;"C - Transferir ficheros entre el ordenador y otros dispositivos (móviles, cámaras, etc)";"16-24 años";"Hombre";"Bizkaia";"%";87,4
2025;"C - Transferir ficheros entre el ordenador y otros dispositivos (móviles, cámaras, etc)";"16-24 años";"Hombre";"Bizkaia";"%";61,2
2021;"C - Transferir ficheros entre el ordenador y otros dispositivos (móviles, cámaras, etc)";"16-24 años";"Hombre";"Bizkaia";"%";87,2
2020;"C - Transferir ficheros entre el ordenador y otros dispositivos (móviles, cámaras, etc)";"16-24 años";"Hombre";"Bizkaia";"%";82,3
2022;"C - Transferir ficheros entre el ordenador y otros dispositivos (móviles, cámaras, etc)";"16-24 años";"Hombre";"Bizkaia";"%";72
2024;"C - Transferir ficheros entre el ordenador y otros dispositivos (móviles, cámaras, etc)";"16-24 años";"Hombre";"Bizkaia";"%";54,4
2020;"C - Transferir ficheros entre el ordenador y otros dispositivos (móviles, cámaras, etc)";"16-24 años";"Hombre";"Gipuzkoa";"%";85,5
2022;"C - Transferir ficheros entre el ordenador y otros dispositivos (móviles, cámaras, etc)";"16-24 años";"Hombre";"Gipuzkoa";"%";78,8
2025;"C - Transferir ficheros entre el ordenador y otros dispositivos (móviles, cámaras, etc)";"16-24 años";"Hombre";"Gipuzkoa";"%";61,6
2024;"C - Transferir ficheros entre el ordenador y otros dispositivos (móviles, cámaras, etc)";"16-24 años";"Hombre";"Gipuzkoa";"%";53,1
2019;"C - Transferir ficheros entre el ordenador y otros dispositivos (móviles, cámaras, etc)";"16-24 años";"Hombre";"Gipuzkoa";"%";72,4
2021;"C - Transferir ficheros entre el ordenador y otros dispositivos (móviles, cámaras, etc)";"16-24 años";"Hombre";"Gipuzkoa";"%";91,1
2023;"C - Transferir ficheros entre el ordenador y otros dispositivos (móviles, cámaras, etc)";"16-24 años";"Hombre";"Gipuzkoa";"%";70,8
2023;"A - Al menos una / Competencia global";"16-24 años";"Mujer";"C.A. de Euskadi";"%";98,8
2021;"A - Al menos una / Competencia global";"16-24 años";"Mujer";"C.A. de Euskadi";"%";96,7
2025;"A - Al menos una / Competencia global";"16-24 años";"Mujer";"C.A. de Euskadi";"%";92,3
2024;"A - Al menos una / Competencia global";"16-24 años";"Mujer";"C.A. de Euskadi";"%";95,5
2022;"A - Al menos una / Competencia global";"16-24 años";"Mujer";"C.A. de Euskadi";"%";97,5
2019;"A - Al menos una / Competencia global";"16-24 años";"Mujer";"C.A. de Euskadi";"%";97,9
2020;"A - Al menos una / Competencia global";"16-24 años";"Mujer";"C.A. de Euskadi";"%";96,5
2025;"A - Al menos una / Competencia global";"16-24 años";"Mujer";"Araba/Álava";"%";89,6
2022;"A - Al menos una / Competencia global";"16-24 años";"Mujer";"Araba/Álava";"%";96,5
2024;"A - Al menos una / Competencia global";"16-24 años";"Mujer";"Araba/Álava";"%";98,9
2023;"A - Al menos una / Competencia global";"16-24 años";"Mujer";"Araba/Álava";"%";98,8
2019;"A - Al menos una / Competencia global";"16-24 años";"Mujer";"Araba/Álava";"%";98,8
2020;"A - Al menos una / Competencia global";"16-24 años";"Mujer";"Araba/Álava";"%";96,6
2021;"A - Al menos una / Competencia global";"16-24 años";"Mujer";"Araba/Álava";"%";96,3
2020;"A - Al menos una / Competencia global";"16-24 años";"Mujer";"Bizkaia";"%";96,6
2024;"A - Al menos una / Competencia global";"16-24 años";"Mujer";"Bizkaia";"%";92,8
2023;"A - Al menos una / Competencia global";"16-24 años";"Mujer";"Bizkaia";"%";97,9
2025;"A - Al menos una / Competencia global";"16-24 años";"Mujer";"Bizkaia";"%";90,6
2022;"A - Al menos una / Competencia global";"16-24 años";"Mujer";"Bizkaia";"%";99
2019;"A - Al menos una / Competencia global";"16-24 años";"Mujer";"Bizkaia";"%";97
2021;"A - Al menos una / Competencia global";"16-24 años";"Mujer";"Bizkaia";"%";95,5
2021;"A - Al menos una / Competencia global";"16-24 años";"Mujer";"Gipuzkoa";"%";98,7
2025;"A - Al menos una / Competencia global";"16-24 años";"Mujer";"Gipuzkoa";"%";96
2023;"A - Al menos una / Competencia global";"16-24 años";"Mujer";"Gipuzkoa";"%";100
2019;"A - Al menos una / Competencia global";"16-24 años";"Mujer";"Gipuzkoa";"%";98,7
2024;"A - Al menos una / Competencia global";"16-24 años";"Mujer";"Gipuzkoa";"%";97,8
2020;"A - Al menos una / Competencia global";"16-24 años";"Mujer";"Gipuzkoa";"%";96,3
2022;"A - Al menos una / Competencia global";"16-24 años";"Mujer";"Gipuzkoa";"%";95,8
2023;"D - Instalar software o aplicaciones";"16-24 años";"Mujer";"C.A. de Euskadi";"%";79,7
2025;"D - Instalar software o aplicaciones";"16-24 años";"Mujer";"C.A. de Euskadi";"%";59,4
2024;"D - Instalar software o aplicaciones";"16-24 años";"Mujer";"C.A. de Euskadi";"%";65,5
2021;"D - Instalar software o aplicaciones";"16-24 años";"Mujer";"C.A. de Euskadi";"%";86,3
2020;"D - Instalar software o aplicaciones";"16-24 años";"Mujer";"C.A. de Euskadi";"%";86,8
2019;"D - Instalar software o aplicaciones";"16-24 años";"Mujer";"C.A. de Euskadi";"%";85,7
2022;"D - Instalar software o aplicaciones";"16-24 años";"Mujer";"C.A. de Euskadi";"%";78,5
2023;"D - Instalar software o aplicaciones";"16-24 años";"Mujer";"Araba/Álava";"%";78,4
2021;"D - Instalar software o aplicaciones";"16-24 años";"Mujer";"Araba/Álava";"%";84,2
2022;"D - Instalar software o aplicaciones";"16-24 años";"Mujer";"Araba/Álava";"%";82,4
2019;"D - Instalar software o aplicaciones";"16-24 años";"Mujer";"Araba/Álava";"%";83,5
2020;"D - Instalar software o aplicaciones";"16-24 años";"Mujer";"Araba/Álava";"%";91,9
2024;"D - Instalar software o aplicaciones";"16-24 años";"Mujer";"Araba/Álava";"%";66,6
2025;"D - Instalar software o aplicaciones";"16-24 años";"Mujer";"Araba/Álava";"%";59,8
2020;"D - Instalar software o aplicaciones";"16-24 años";"Mujer";"Bizkaia";"%";88,5
2023;"D - Instalar software o aplicaciones";"16-24 años";"Mujer";"Bizkaia";"%";79,7
2019;"D - Instalar software o aplicaciones";"16-24 años";"Mujer";"Bizkaia";"%";86,8
2024;"D - Instalar software o aplicaciones";"16-24 años";"Mujer";"Bizkaia";"%";62,3
2021;"D - Instalar software o aplicaciones";"16-24 años";"Mujer";"Bizkaia";"%";86,7
2025;"D - Instalar software o aplicaciones";"16-24 años";"Mujer";"Bizkaia";"%";55,7
2022;"D - Instalar software o aplicaciones";"16-24 años";"Mujer";"Bizkaia";"%";80,3
2023;"D - Instalar software o aplicaciones";"16-24 años";"Mujer";"Gipuzkoa";"%";80,1
2025;"D - Instalar software o aplicaciones";"16-24 años";"Mujer";"Gipuzkoa";"%";64,8
2019;"D - Instalar software o aplicaciones";"16-24 años";"Mujer";"Gipuzkoa";"%";85,2
2022;"D - Instalar software o aplicaciones";"16-24 años";"Mujer";"Gipuzkoa";"%";74,2
2021;"D - Instalar software o aplicaciones";"16-24 años";"Mujer";"Gipuzkoa";"%";86,6
2024;"D - Instalar software o aplicaciones";"16-24 años";"Mujer";"Gipuzkoa";"%";69,7
2020;"D - Instalar software o aplicaciones";"16-24 años";"Mujer";"Gipuzkoa";"%";82
2025;"E - Cambiar la configuración de cualquier software, incluídos el sistema operativo, programas de seguridad";"16-24 años";"Mujer";"C.A. de Euskadi";"%";33,6
2020;"E - Cambiar la configuración de cualquier software, incluídos el sistema operativo, programas de seguridad";"16-24 años";"Mujer";"C.A. de Euskadi";"%";46,3
2021;"E - Cambiar la configuración de cualquier software, incluídos el sistema operativo, programas de seguridad";"16-24 años";"Mujer";"C.A. de Euskadi";"%";38,3
2019;"E - Cambiar la configuración de cualquier software, incluídos el sistema operativo, programas de seguridad";"16-24 años";"Mujer";"C.A. de Euskadi";"%";20,9
2022;"E - Cambiar la configuración de cualquier software, incluídos el sistema operativo, programas de seguridad";"16-24 años";"Mujer";"C.A. de Euskadi";"%";33,3
2023;"E - Cambiar la configuración de cualquier software, incluídos el sistema operativo, programas de seguridad";"16-24 años";"Mujer";"C.A. de Euskadi";"%";43,7
2024;"E - Cambiar la configuración de cualquier software, incluídos el sistema operativo, programas de seguridad";"16-24 años";"Mujer";"C.A. de Euskadi";"%";27,4
2020;"E - Cambiar la configuración de cualquier software, incluídos el sistema operativo, programas de seguridad";"16-24 años";"Mujer";"Araba/Álava";"%";53
2025;"E - Cambiar la configuración de cualquier software, incluídos el sistema operativo, programas de seguridad";"16-24 años";"Mujer";"Araba/Álava";"%";33,3
2019;"E - Cambiar la configuración de cualquier software, incluídos el sistema operativo, programas de seguridad";"16-24 años";"Mujer";"Araba/Álava";"%";16
2024;"E - Cambiar la configuración de cualquier software, incluídos el sistema operativo, programas de seguridad";"16-24 años";"Mujer";"Araba/Álava";"%";39,4
2021;"E - Cambiar la configuración de cualquier software, incluídos el sistema operativo, programas de seguridad";"16-24 años";"Mujer";"Araba/Álava";"%";38
2023;"E - Cambiar la configuración de cualquier software, incluídos el sistema operativo, programas de seguridad";"16-24 años";"Mujer";"Araba/Álava";"%";40,9
2022;"E - Cambiar la configuración de cualquier software, incluídos el sistema operativo, programas de seguridad";"16-24 años";"Mujer";"Araba/Álava";"%";37,7
2021;"E - Cambiar la configuración de cualquier software, incluídos el sistema operativo, programas de seguridad";"16-24 años";"Mujer";"Bizkaia";"%";39,1
2025;"E - Cambiar la configuración de cualquier software, incluídos el sistema operativo, programas de seguridad";"16-24 años";"Mujer";"Bizkaia";"%";35,1
2019;"E - Cambiar la configuración de cualquier software, incluídos el sistema operativo, programas de seguridad";"16-24 años";"Mujer";"Bizkaia";"%";23,5
2024;"E - Cambiar la configuración de cualquier software, incluídos el sistema operativo, programas de seguridad";"16-24 años";"Mujer";"Bizkaia";"%";21,2
2020;"E - Cambiar la configuración de cualquier software, incluídos el sistema operativo, programas de seguridad";"16-24 años";"Mujer";"Bizkaia";"%";45,2
2023;"E - Cambiar la configuración de cualquier software, incluídos el sistema operativo, programas de seguridad";"16-24 años";"Mujer";"Bizkaia";"%";39,8
2022;"E - Cambiar la configuración de cualquier software, incluídos el sistema operativo, programas de seguridad";"16-24 años";"Mujer";"Bizkaia";"%";29
2021;"E - Cambiar la configuración de cualquier software, incluídos el sistema operativo, programas de seguridad";"16-24 años";"Mujer";"Gipuzkoa";"%";37,2
2020;"E - Cambiar la configuración de cualquier software, incluídos el sistema operativo, programas de seguridad";"16-24 años";"Mujer";"Gipuzkoa";"%";44,9
2022;"E - Cambiar la configuración de cualquier software, incluídos el sistema operativo, programas de seguridad";"16-24 años";"Mujer";"Gipuzkoa";"%";38,1
2024;"E - Cambiar la configuración de cualquier software, incluídos el sistema operativo, programas de seguridad";"16-24 años";"Mujer";"Gipuzkoa";"%";31,2
2025;"E - Cambiar la configuración de cualquier software, incluídos el sistema operativo, programas de seguridad";"16-24 años";"Mujer";"Gipuzkoa";"%";31,6
2019;"E - Cambiar la configuración de cualquier software, incluídos el sistema operativo, programas de seguridad";"16-24 años";"Mujer";"Gipuzkoa";"%";19,6
2023;"E - Cambiar la configuración de cualquier software, incluídos el sistema operativo, programas de seguridad";"16-24 años";"Mujer";"Gipuzkoa";"%";50,5
2020;"B - Copiar o mover ficheros o carpetas";"16-24 años";"Mujer";"C.A. de Euskadi";"%";88
2024;"B - Copiar o mover ficheros o carpetas";"16-24 años";"Mujer";"C.A. de Euskadi";"%";83
2021;"B - Copiar o mover ficheros o carpetas";"16-24 años";"Mujer";"C.A. de Euskadi";"%";85,6
2022;"B - Copiar o mover ficheros o carpetas";"16-24 años";"Mujer";"C.A. de Euskadi";"%";89,6
2019;"B - Copiar o mover ficheros o carpetas";"16-24 años";"Mujer";"C.A. de Euskadi";"%";93,7
2023;"B - Copiar o mover ficheros o carpetas";"16-24 años";"Mujer";"C.A. de Euskadi";"%";92,9
2025;"B - Copiar o mover ficheros o carpetas";"16-24 años";"Mujer";"C.A. de Euskadi";"%";80,4
2021;"B - Copiar o mover ficheros o carpetas";"16-24 años";"Mujer";"Araba/Álava";"%";86,5
2019;"B - Copiar o mover ficheros o carpetas";"16-24 años";"Mujer";"Araba/Álava";"%";91,8
2022;"B - Copiar o mover ficheros o carpetas";"16-24 años";"Mujer";"Araba/Álava";"%";91,4
2023;"B - Copiar o mover ficheros o carpetas";"16-24 años";"Mujer";"Araba/Álava";"%";96,8
2024;"B - Copiar o mover ficheros o carpetas";"16-24 años";"Mujer";"Araba/Álava";"%";91,2
2020;"B - Copiar o mover ficheros o carpetas";"16-24 años";"Mujer";"Araba/Álava";"%";80,8
2025;"B - Copiar o mover ficheros o carpetas";"16-24 años";"Mujer";"Araba/Álava";"%";79,2
2025;"B - Copiar o mover ficheros o carpetas";"16-24 años";"Mujer";"Bizkaia";"%";81,4
2024;"B - Copiar o mover ficheros o carpetas";"16-24 años";"Mujer";"Bizkaia";"%";82,1
2021;"B - Copiar o mover ficheros o carpetas";"16-24 años";"Mujer";"Bizkaia";"%";84,9
2019;"B - Copiar o mover ficheros o carpetas";"16-24 años";"Mujer";"Bizkaia";"%";93
2023;"B - Copiar o mover ficheros o carpetas";"16-24 años";"Mujer";"Bizkaia";"%";90,4
2022;"B - Copiar o mover ficheros o carpetas";"16-24 años";"Mujer";"Bizkaia";"%";90,4
2020;"B - Copiar o mover ficheros o carpetas";"16-24 años";"Mujer";"Bizkaia";"%";85
2021;"B - Copiar o mover ficheros o carpetas";"16-24 años";"Mujer";"Gipuzkoa";"%";86,2
2025;"B - Copiar o mover ficheros o carpetas";"16-24 años";"Mujer";"Gipuzkoa";"%";79,2
2019;"B - Copiar o mover ficheros o carpetas";"16-24 años";"Mujer";"Gipuzkoa";"%";95,6
2020;"B - Copiar o mover ficheros o carpetas";"16-24 años";"Mujer";"Gipuzkoa";"%";95,6
2024;"B - Copiar o mover ficheros o carpetas";"16-24 años";"Mujer";"Gipuzkoa";"%";80,9
2022;"B - Copiar o mover ficheros o carpetas";"16-24 años";"Mujer";"Gipuzkoa";"%";87,4
2023;"B - Copiar o mover ficheros o carpetas";"16-24 años";"Mujer";"Gipuzkoa";"%";95,1
2023;"F - Crear presentaciones o documentos que integren texto, imágenes, tablas o gráficos";"16-24 años";"Mujer";"C.A. de Euskadi";"%";90,3
2024;"F - Crear presentaciones o documentos que integren texto, imágenes, tablas o gráficos";"16-24 años";"Mujer";"C.A. de Euskadi";"%";86,5
2020;"F - Crear presentaciones o documentos que integren texto, imágenes, tablas o gráficos";"16-24 años";"Mujer";"C.A. de Euskadi";"%";86,5
2025;"F - Crear presentaciones o documentos que integren texto, imágenes, tablas o gráficos";"16-24 años";"Mujer";"C.A. de Euskadi";"%";84,4
2022;"F - Crear presentaciones o documentos que integren texto, imágenes, tablas o gráficos";"16-24 años";"Mujer";"C.A. de Euskadi";"%";85,7
2021;"F - Crear presentaciones o documentos que integren texto, imágenes, tablas o gráficos";"16-24 años";"Mujer";"C.A. de Euskadi";"%";83,2
2019;"F - Crear presentaciones o documentos que integren texto, imágenes, tablas o gráficos";"16-24 años";"Mujer";"C.A. de Euskadi";"%";88,7
2020;"F - Crear presentaciones o documentos que integren texto, imágenes, tablas o gráficos";"16-24 años";"Mujer";"Araba/Álava";"%";74,8
2024;"F - Crear presentaciones o documentos que integren texto, imágenes, tablas o gráficos";"16-24 años";"Mujer";"Araba/Álava";"%";93,1
2025;"F - Crear presentaciones o documentos que integren texto, imágenes, tablas o gráficos";"16-24 años";"Mujer";"Araba/Álava";"%";85
2023;"F - Crear presentaciones o documentos que integren texto, imágenes, tablas o gráficos";"16-24 años";"Mujer";"Araba/Álava";"%";92,2
2022;"F - Crear presentaciones o documentos que integren texto, imágenes, tablas o gráficos";"16-24 años";"Mujer";"Araba/Álava";"%";94
2019;"F - Crear presentaciones o documentos que integren texto, imágenes, tablas o gráficos";"16-24 años";"Mujer";"Araba/Álava";"%";89,8
2021;"F - Crear presentaciones o documentos que integren texto, imágenes, tablas o gráficos";"16-24 años";"Mujer";"Araba/Álava";"%";83,9
2022;"F - Crear presentaciones o documentos que integren texto, imágenes, tablas o gráficos";"16-24 años";"Mujer";"Bizkaia";"%";84,3
2025;"F - Crear presentaciones o documentos que integren texto, imágenes, tablas o gráficos";"16-24 años";"Mujer";"Bizkaia";"%";85,8
2023;"F - Crear presentaciones o documentos que integren texto, imágenes, tablas o gráficos";"16-24 años";"Mujer";"Bizkaia";"%";88,7
2021;"F - Crear presentaciones o documentos que integren texto, imágenes, tablas o gráficos";"16-24 años";"Mujer";"Bizkaia";"%";80,2
2020;"F - Crear presentaciones o documentos que integren texto, imágenes, tablas o gráficos";"16-24 años";"Mujer";"Bizkaia";"%";87,6
2019;"F - Crear presentaciones o documentos que integren texto, imágenes, tablas o gráficos";"16-24 años";"Mujer";"Bizkaia";"%";90,7
2024;"F - Crear presentaciones o documentos que integren texto, imágenes, tablas o gráficos";"16-24 años";"Mujer";"Bizkaia";"%";84
2021;"F - Crear presentaciones o documentos que integren texto, imágenes, tablas o gráficos";"16-24 años";"Mujer";"Gipuzkoa";"%";87,5
2025;"F - Crear presentaciones o documentos que integren texto, imágenes, tablas o gráficos";"16-24 años";"Mujer";"Gipuzkoa";"%";81,9
2024;"F - Crear presentaciones o documentos que integren texto, imágenes, tablas o gráficos";"16-24 años";"Mujer";"Gipuzkoa";"%";87,3
2023;"F - Crear presentaciones o documentos que integren texto, imágenes, tablas o gráficos";"16-24 años";"Mujer";"Gipuzkoa";"%";91,7
2022;"F - Crear presentaciones o documentos que integren texto, imágenes, tablas o gráficos";"16-24 años";"Mujer";"Gipuzkoa";"%";84,4
2020;"F - Crear presentaciones o documentos que integren texto, imágenes, tablas o gráficos";"16-24 años";"Mujer";"Gipuzkoa";"%";90
2019;"F - Crear presentaciones o documentos que integren texto, imágenes, tablas o gráficos";"16-24 años";"Mujer";"Gipuzkoa";"%";85,4
2019;"H - Programar en un lenguaje de programación";"16-24 años";"Mujer";"C.A. de Euskadi";"%";8,9
2022;"H - Programar en un lenguaje de programación";"16-24 años";"Mujer";"C.A. de Euskadi";"%";9,1
2021;"H - Programar en un lenguaje de programación";"16-24 años";"Mujer";"C.A. de Euskadi";"%";11,1
2025;"H - Programar en un lenguaje de programación";"16-24 años";"Mujer";"C.A. de Euskadi";"%";8
2024;"H - Programar en un lenguaje de programación";"16-24 años";"Mujer";"C.A. de Euskadi";"%";6,3
2020;"H - Programar en un lenguaje de programación";"16-24 años";"Mujer";"C.A. de Euskadi";"%";9,7
2023;"H - Programar en un lenguaje de programación";"16-24 años";"Mujer";"C.A. de Euskadi";"%";12,1
2019;"H - Programar en un lenguaje de programación";"16-24 años";"Mujer";"Araba/Álava";"%";7,9
2021;"H - Programar en un lenguaje de programación";"16-24 años";"Mujer";"Araba/Álava";"%";9,2
2024;"H - Programar en un lenguaje de programación";"16-24 años";"Mujer";"Araba/Álava";"%";5,9
2022;"H - Programar en un lenguaje de programación";"16-24 años";"Mujer";"Araba/Álava";"%";4,7
2020;"H - Programar en un lenguaje de programación";"16-24 años";"Mujer";"Araba/Álava";"%";4,1
2025;"H - Programar en un lenguaje de programación";"16-24 años";"Mujer";"Araba/Álava";"%";6,5
2023;"H - Programar en un lenguaje de programación";"16-24 años";"Mujer";"Araba/Álava";"%";9
2025;"H - Programar en un lenguaje de programación";"16-24 años";"Mujer";"Bizkaia";"%";9,6
2024;"H - Programar en un lenguaje de programación";"16-24 años";"Mujer";"Bizkaia";"%";8,4
2023;"H - Programar en un lenguaje de programación";"16-24 años";"Mujer";"Bizkaia";"%";15,5
2022;"H - Programar en un lenguaje de programación";"16-24 años";"Mujer";"Bizkaia";"%";13,1
2021;"H - Programar en un lenguaje de programación";"16-24 años";"Mujer";"Bizkaia";"%";13,4
2020;"H - Programar en un lenguaje de programación";"16-24 años";"Mujer";"Bizkaia";"%";11,5
2019;"H - Programar en un lenguaje de programación";"16-24 años";"Mujer";"Bizkaia";"%";10,7
2023;"H - Programar en un lenguaje de programación";"16-24 años";"Mujer";"Gipuzkoa";"%";8,3
2025;"H - Programar en un lenguaje de programación";"16-24 años";"Mujer";"Gipuzkoa";"%";6,2
2024;"H - Programar en un lenguaje de programación";"16-24 años";"Mujer";"Gipuzkoa";"%";3,6
2022;"H - Programar en un lenguaje de programación";"16-24 años";"Mujer";"Gipuzkoa";"%";4,7
2021;"H - Programar en un lenguaje de programación";"16-24 años";"Mujer";"Gipuzkoa";"%";8,3
2019;"H - Programar en un lenguaje de programación";"16-24 años";"Mujer";"Gipuzkoa";"%";6,8
2020;"H - Programar en un lenguaje de programación";"16-24 años";"Mujer";"Gipuzkoa";"%";9,3
2020;"G - Usar hojas de cálculo";"16-24 años";"Mujer";"C.A. de Euskadi";"%";68,8
2024;"G - Usar hojas de cálculo";"16-24 años";"Mujer";"C.A. de Euskadi";"%";64,1
2025;"G - Usar hojas de cálculo";"16-24 años";"Mujer";"C.A. de Euskadi";"%";64,8
2019;"G - Usar hojas de cálculo";"16-24 años";"Mujer";"C.A. de Euskadi";"%";70,3
2021;"G - Usar hojas de cálculo";"16-24 años";"Mujer";"C.A. de Euskadi";"%";64,2
2022;"G - Usar hojas de cálculo";"16-24 años";"Mujer";"C.A. de Euskadi";"%";68,7
2023;"G - Usar hojas de cálculo";"16-24 años";"Mujer";"C.A. de Euskadi";"%";64,5
2022;"G - Usar hojas de cálculo";"16-24 años";"Mujer";"Araba/Álava";"%";72,2
2021;"G - Usar hojas de cálculo";"16-24 años";"Mujer";"Araba/Álava";"%";62,5
2020;"G - Usar hojas de cálculo";"16-24 años";"Mujer";"Araba/Álava";"%";64,6
2024;"G - Usar hojas de cálculo";"16-24 años";"Mujer";"Araba/Álava";"%";75
2025;"G - Usar hojas de cálculo";"16-24 años";"Mujer";"Araba/Álava";"%";60,7
2023;"G - Usar hojas de cálculo";"16-24 años";"Mujer";"Araba/Álava";"%";62,4
2019;"G - Usar hojas de cálculo";"16-24 años";"Mujer";"Araba/Álava";"%";70,3
2022;"G - Usar hojas de cálculo";"16-24 años";"Mujer";"Bizkaia";"%";69,4
2019;"G - Usar hojas de cálculo";"16-24 años";"Mujer";"Bizkaia";"%";67,8
2024;"G - Usar hojas de cálculo";"16-24 años";"Mujer";"Bizkaia";"%";58
2021;"G - Usar hojas de cálculo";"16-24 años";"Mujer";"Bizkaia";"%";59,5
2020;"G - Usar hojas de cálculo";"16-24 años";"Mujer";"Bizkaia";"%";65,8
2025;"G - Usar hojas de cálculo";"16-24 años";"Mujer";"Bizkaia";"%";65,3
2023;"G - Usar hojas de cálculo";"16-24 años";"Mujer";"Bizkaia";"%";58,9
2025;"G - Usar hojas de cálculo";"16-24 años";"Mujer";"Gipuzkoa";"%";65,8
2022;"G - Usar hojas de cálculo";"16-24 años";"Mujer";"Gipuzkoa";"%";66,2
2021;"G - Usar hojas de cálculo";"16-24 años";"Mujer";"Gipuzkoa";"%";72,3
2023;"G - Usar hojas de cálculo";"16-24 años";"Mujer";"Gipuzkoa";"%";73,5
2020;"G - Usar hojas de cálculo";"16-24 años";"Mujer";"Gipuzkoa";"%";75,1
2019;"G - Usar hojas de cálculo";"16-24 años";"Mujer";"Gipuzkoa";"%";73,9
2024;"G - Usar hojas de cálculo";"16-24 años";"Mujer";"Gipuzkoa";"%";68,1
2021;"C - Transferir ficheros entre el ordenador y otros dispositivos (móviles, cámaras, etc)";"16-24 años";"Mujer";"C.A. de Euskadi";"%";82,6
2025;"C - Transferir ficheros entre el ordenador y otros dispositivos (móviles, cámaras, etc)";"16-24 años";"Mujer";"C.A. de Euskadi";"%";60,4
2023;"C - Transferir ficheros entre el ordenador y otros dispositivos (móviles, cámaras, etc)";"16-24 años";"Mujer";"C.A. de Euskadi";"%";84,3
2024;"C - Transferir ficheros entre el ordenador y otros dispositivos (móviles, cámaras, etc)";"16-24 años";"Mujer";"C.A. de Euskadi";"%";53,7
2019;"C - Transferir ficheros entre el ordenador y otros dispositivos (móviles, cámaras, etc)";"16-24 años";"Mujer";"C.A. de Euskadi";"%";88,6
2020;"C - Transferir ficheros entre el ordenador y otros dispositivos (móviles, cámaras, etc)";"16-24 años";"Mujer";"C.A. de Euskadi";"%";84,4
2022;"C - Transferir ficheros entre el ordenador y otros dispositivos (móviles, cámaras, etc)";"16-24 años";"Mujer";"C.A. de Euskadi";"%";81,1
2023;"C - Transferir ficheros entre el ordenador y otros dispositivos (móviles, cámaras, etc)";"16-24 años";"Mujer";"Araba/Álava";"%";89,9
2020;"C - Transferir ficheros entre el ordenador y otros dispositivos (móviles, cámaras, etc)";"16-24 años";"Mujer";"Araba/Álava";"%";82,3
2022;"C - Transferir ficheros entre el ordenador y otros dispositivos (móviles, cámaras, etc)";"16-24 años";"Mujer";"Araba/Álava";"%";85,6
2024;"C - Transferir ficheros entre el ordenador y otros dispositivos (móviles, cámaras, etc)";"16-24 años";"Mujer";"Araba/Álava";"%";77,7
2025;"C - Transferir ficheros entre el ordenador y otros dispositivos (móviles, cámaras, etc)";"16-24 años";"Mujer";"Araba/Álava";"%";56,9
2019;"C - Transferir ficheros entre el ordenador y otros dispositivos (móviles, cámaras, etc)";"16-24 años";"Mujer";"Araba/Álava";"%";87,2
2021;"C - Transferir ficheros entre el ordenador y otros dispositivos (móviles, cámaras, etc)";"16-24 años";"Mujer";"Araba/Álava";"%";84,9
2020;"C - Transferir ficheros entre el ordenador y otros dispositivos (móviles, cámaras, etc)";"16-24 años";"Mujer";"Bizkaia";"%";85,6
2022;"C - Transferir ficheros entre el ordenador y otros dispositivos (móviles, cámaras, etc)";"16-24 años";"Mujer";"Bizkaia";"%";81,2
2024;"C - Transferir ficheros entre el ordenador y otros dispositivos (móviles, cámaras, etc)";"16-24 años";"Mujer";"Bizkaia";"%";48,9
2023;"C - Transferir ficheros entre el ordenador y otros dispositivos (móviles, cámaras, etc)";"16-24 años";"Mujer";"Bizkaia";"%";84,2
2019;"C - Transferir ficheros entre el ordenador y otros dispositivos (móviles, cámaras, etc)";"16-24 años";"Mujer";"Bizkaia";"%";89
2025;"C - Transferir ficheros entre el ordenador y otros dispositivos (móviles, cámaras, etc)";"16-24 años";"Mujer";"Bizkaia";"%";60,6
2021;"C - Transferir ficheros entre el ordenador y otros dispositivos (móviles, cámaras, etc)";"16-24 años";"Mujer";"Bizkaia";"%";83,6
2024;"C - Transferir ficheros entre el ordenador y otros dispositivos (móviles, cámaras, etc)";"16-24 años";"Mujer";"Gipuzkoa";"%";50,2
2020;"C - Transferir ficheros entre el ordenador y otros dispositivos (móviles, cámaras, etc)";"16-24 años";"Mujer";"Gipuzkoa";"%";83,6
2021;"C - Transferir ficheros entre el ordenador y otros dispositivos (móviles, cámaras, etc)";"16-24 años";"Mujer";"Gipuzkoa";"%";80
2023;"C - Transferir ficheros entre el ordenador y otros dispositivos (móviles, cámaras, etc)";"16-24 años";"Mujer";"Gipuzkoa";"%";82,2
2022;"C - Transferir ficheros entre el ordenador y otros dispositivos (móviles, cámaras, etc)";"16-24 años";"Mujer";"Gipuzkoa";"%";78,9
2025;"C - Transferir ficheros entre el ordenador y otros dispositivos (móviles, cámaras, etc)";"16-24 años";"Mujer";"Gipuzkoa";"%";61,7
2019;"C - Transferir ficheros entre el ordenador y otros dispositivos (móviles, cámaras, etc)";"16-24 años";"Mujer";"Gipuzkoa";"%";88,6
2022;"A - Al menos una / Competencia global";"16-24 años";"Total";"C.A. de Euskadi";"%";95,5
2023;"A - Al menos una / Competencia global";"16-24 años";"Total";"C.A. de Euskadi";"%";95,9
2024;"A - Al menos una / Competencia global";"16-24 años";"Total";"C.A. de Euskadi";"%";93,9
2025;"A - Al menos una / Competencia global";"16-24 años";"Total";"C.A. de Euskadi";"%";92,2
2021;"A - Al menos una / Competencia global";"16-24 años";"Total";"C.A. de Euskadi";"%";96,2
2020;"A - Al menos una / Competencia global";"16-24 años";"Total";"C.A. de Euskadi";"%";95,9
2019;"A - Al menos una / Competencia global";"16-24 años";"Total";"C.A. de Euskadi";"%";95,7
2022;"A - Al menos una / Competencia global";"16-24 años";"Total";"Araba/Álava";"%";94,6
2021;"A - Al menos una / Competencia global";"16-24 años";"Total";"Araba/Álava";"%";96,8
2024;"A - Al menos una / Competencia global";"16-24 años";"Total";"Araba/Álava";"%";95,8
2019;"A - Al menos una / Competencia global";"16-24 años";"Total";"Araba/Álava";"%";95,6
2020;"A - Al menos una / Competencia global";"16-24 años";"Total";"Araba/Álava";"%";98,4
2025;"A - Al menos una / Competencia global";"16-24 años";"Total";"Araba/Álava";"%";91,6
2023;"A - Al menos una / Competencia global";"16-24 años";"Total";"Araba/Álava";"%";99,5
2019;"A - Al menos una / Competencia global";"16-24 años";"Total";"Bizkaia";"%";97,1
2023;"A - Al menos una / Competencia global";"16-24 años";"Total";"Bizkaia";"%";93,8
2020;"A - Al menos una / Competencia global";"16-24 años";"Total";"Bizkaia";"%";94,2
2025;"A - Al menos una / Competencia global";"16-24 años";"Total";"Bizkaia";"%";92
2022;"A - Al menos una / Competencia global";"16-24 años";"Total";"Bizkaia";"%";95,4
2024;"A - Al menos una / Competencia global";"16-24 años";"Total";"Bizkaia";"%";92
2021;"A - Al menos una / Competencia global";"16-24 años";"Total";"Bizkaia";"%";94,4
2021;"A - Al menos una / Competencia global";"16-24 años";"Total";"Gipuzkoa";"%";98,4
2023;"A - Al menos una / Competencia global";"16-24 años";"Total";"Gipuzkoa";"%";97,3
2022;"A - Al menos una / Competencia global";"16-24 años";"Total";"Gipuzkoa";"%";96,1
2020;"A - Al menos una / Competencia global";"16-24 años";"Total";"Gipuzkoa";"%";97,2
2019;"A - Al menos una / Competencia global";"16-24 años";"Total";"Gipuzkoa";"%";94
2025;"A - Al menos una / Competencia global";"16-24 años";"Total";"Gipuzkoa";"%";92,7
2024;"A - Al menos una / Competencia global";"16-24 años";"Total";"Gipuzkoa";"%";95,8
2025;"D - Instalar software o aplicaciones";"16-24 años";"Total";"C.A. de Euskadi";"%";63,9
2019;"D - Instalar software o aplicaciones";"16-24 años";"Total";"C.A. de Euskadi";"%";83,4
2020;"D - Instalar software o aplicaciones";"16-24 años";"Total";"C.A. de Euskadi";"%";87,5
2024;"D - Instalar software o aplicaciones";"16-24 años";"Total";"C.A. de Euskadi";"%";69,3
2022;"D - Instalar software o aplicaciones";"16-24 años";"Total";"C.A. de Euskadi";"%";81,1
2021;"D - Instalar software o aplicaciones";"16-24 años";"Total";"C.A. de Euskadi";"%";88,7
2023;"D - Instalar software o aplicaciones";"16-24 años";"Total";"C.A. de Euskadi";"%";76,6
2019;"D - Instalar software o aplicaciones";"16-24 años";"Total";"Araba/Álava";"%";82,8
2021;"D - Instalar software o aplicaciones";"16-24 años";"Total";"Araba/Álava";"%";89,7
2023;"D - Instalar software o aplicaciones";"16-24 años";"Total";"Araba/Álava";"%";72,3
2025;"D - Instalar software o aplicaciones";"16-24 años";"Total";"Araba/Álava";"%";62
2020;"D - Instalar software o aplicaciones";"16-24 años";"Total";"Araba/Álava";"%";92,4
2022;"D - Instalar software o aplicaciones";"16-24 años";"Total";"Araba/Álava";"%";79,5
2024;"D - Instalar software o aplicaciones";"16-24 años";"Total";"Araba/Álava";"%";70
2019;"D - Instalar software o aplicaciones";"16-24 años";"Total";"Bizkaia";"%";84,9
2022;"D - Instalar software o aplicaciones";"16-24 años";"Total";"Bizkaia";"%";82,2
2025;"D - Instalar software o aplicaciones";"16-24 años";"Total";"Bizkaia";"%";64,2
2023;"D - Instalar software o aplicaciones";"16-24 años";"Total";"Bizkaia";"%";76
2021;"D - Instalar software o aplicaciones";"16-24 años";"Total";"Bizkaia";"%";87,1
2020;"D - Instalar software o aplicaciones";"16-24 años";"Total";"Bizkaia";"%";87,1
2024;"D - Instalar software o aplicaciones";"16-24 años";"Total";"Bizkaia";"%";64,8
2024;"D - Instalar software o aplicaciones";"16-24 años";"Total";"Gipuzkoa";"%";75,3
2021;"D - Instalar software o aplicaciones";"16-24 años";"Total";"Gipuzkoa";"%";90,5
2019;"D - Instalar software o aplicaciones";"16-24 años";"Total";"Gipuzkoa";"%";81,5
2022;"D - Instalar software o aplicaciones";"16-24 años";"Total";"Gipuzkoa";"%";80
2020;"D - Instalar software o aplicaciones";"16-24 años";"Total";"Gipuzkoa";"%";86
2023;"D - Instalar software o aplicaciones";"16-24 años";"Total";"Gipuzkoa";"%";79,3
2025;"D - Instalar software o aplicaciones";"16-24 años";"Total";"Gipuzkoa";"%";64,2
2024;"E - Cambiar la configuración de cualquier software, incluídos el sistema operativo, programas de seguridad";"16-24 años";"Total";"C.A. de Euskadi";"%";30,9
2023;"E - Cambiar la configuración de cualquier software, incluídos el sistema operativo, programas de seguridad";"16-24 años";"Total";"C.A. de Euskadi";"%";45,5
2019;"E - Cambiar la configuración de cualquier software, incluídos el sistema operativo, programas de seguridad";"16-24 años";"Total";"C.A. de Euskadi";"%";26,8
2025;"E - Cambiar la configuración de cualquier software, incluídos el sistema operativo, programas de seguridad";"16-24 años";"Total";"C.A. de Euskadi";"%";39,3
2021;"E - Cambiar la configuración de cualquier software, incluídos el sistema operativo, programas de seguridad";"16-24 años";"Total";"C.A. de Euskadi";"%";46,2
2020;"E - Cambiar la configuración de cualquier software, incluídos el sistema operativo, programas de seguridad";"16-24 años";"Total";"C.A. de Euskadi";"%";47,1
2022;"E - Cambiar la configuración de cualquier software, incluídos el sistema operativo, programas de seguridad";"16-24 años";"Total";"C.A. de Euskadi";"%";36,7
2022;"E - Cambiar la configuración de cualquier software, incluídos el sistema operativo, programas de seguridad";"16-24 años";"Total";"Araba/Álava";"%";40,3
2020;"E - Cambiar la configuración de cualquier software, incluídos el sistema operativo, programas de seguridad";"16-24 años";"Total";"Araba/Álava";"%";50,9
2019;"E - Cambiar la configuración de cualquier software, incluídos el sistema operativo, programas de seguridad";"16-24 años";"Total";"Araba/Álava";"%";24,8
2021;"E - Cambiar la configuración de cualquier software, incluídos el sistema operativo, programas de seguridad";"16-24 años";"Total";"Araba/Álava";"%";40,3
2024;"E - Cambiar la configuración de cualquier software, incluídos el sistema operativo, programas de seguridad";"16-24 años";"Total";"Araba/Álava";"%";37,6
2025;"E - Cambiar la configuración de cualquier software, incluídos el sistema operativo, programas de seguridad";"16-24 años";"Total";"Araba/Álava";"%";33,9
2023;"E - Cambiar la configuración de cualquier software, incluídos el sistema operativo, programas de seguridad";"16-24 años";"Total";"Araba/Álava";"%";39,4
2024;"E - Cambiar la configuración de cualquier software, incluídos el sistema operativo, programas de seguridad";"16-24 años";"Total";"Bizkaia";"%";28,9
2021;"E - Cambiar la configuración de cualquier software, incluídos el sistema operativo, programas de seguridad";"16-24 años";"Total";"Bizkaia";"%";47,3
2022;"E - Cambiar la configuración de cualquier software, incluídos el sistema operativo, programas de seguridad";"16-24 años";"Total";"Bizkaia";"%";36,4
2023;"E - Cambiar la configuración de cualquier software, incluídos el sistema operativo, programas de seguridad";"16-24 años";"Total";"Bizkaia";"%";45,5
2019;"E - Cambiar la configuración de cualquier software, incluídos el sistema operativo, programas de seguridad";"16-24 años";"Total";"Bizkaia";"%";28
2025;"E - Cambiar la configuración de cualquier software, incluídos el sistema operativo, programas de seguridad";"16-24 años";"Total";"Bizkaia";"%";40,8
2020;"E - Cambiar la configuración de cualquier software, incluídos el sistema operativo, programas de seguridad";"16-24 años";"Total";"Bizkaia";"%";46,3
2024;"E - Cambiar la configuración de cualquier software, incluídos el sistema operativo, programas de seguridad";"16-24 años";"Total";"Gipuzkoa";"%";31
2020;"E - Cambiar la configuración de cualquier software, incluídos el sistema operativo, programas de seguridad";"16-24 años";"Total";"Gipuzkoa";"%";46,5
2022;"E - Cambiar la configuración de cualquier software, incluídos el sistema operativo, programas de seguridad";"16-24 años";"Total";"Gipuzkoa";"%";35,6
2023;"E - Cambiar la configuración de cualquier software, incluídos el sistema operativo, programas de seguridad";"16-24 años";"Total";"Gipuzkoa";"%";48,4
2021;"E - Cambiar la configuración de cualquier software, incluídos el sistema operativo, programas de seguridad";"16-24 años";"Total";"Gipuzkoa";"%";47,3
2019;"E - Cambiar la configuración de cualquier software, incluídos el sistema operativo, programas de seguridad";"16-24 años";"Total";"Gipuzkoa";"%";26
2025;"E - Cambiar la configuración de cualquier software, incluídos el sistema operativo, programas de seguridad";"16-24 años";"Total";"Gipuzkoa";"%";39,4
2020;"B - Copiar o mover ficheros o carpetas";"16-24 años";"Total";"C.A. de Euskadi";"%";86,6
2024;"B - Copiar o mover ficheros o carpetas";"16-24 años";"Total";"C.A. de Euskadi";"%";81,4
2021;"B - Copiar o mover ficheros o carpetas";"16-24 años";"Total";"C.A. de Euskadi";"%";86,6
2022;"B - Copiar o mover ficheros o carpetas";"16-24 años";"Total";"C.A. de Euskadi";"%";87,4
2023;"B - Copiar o mover ficheros o carpetas";"16-24 años";"Total";"C.A. de Euskadi";"%";89,1
2025;"B - Copiar o mover ficheros o carpetas";"16-24 años";"Total";"C.A. de Euskadi";"%";79,6
2019;"B - Copiar o mover ficheros o carpetas";"16-24 años";"Total";"C.A. de Euskadi";"%";89,4
2025;"B - Copiar o mover ficheros o carpetas";"16-24 años";"Total";"Araba/Álava";"%";80,8
2019;"B - Copiar o mover ficheros o carpetas";"16-24 años";"Total";"Araba/Álava";"%";91,1
2024;"B - Copiar o mover ficheros o carpetas";"16-24 años";"Total";"Araba/Álava";"%";86,7
2022;"B - Copiar o mover ficheros o carpetas";"16-24 años";"Total";"Araba/Álava";"%";82,6
2021;"B - Copiar o mover ficheros o carpetas";"16-24 años";"Total";"Araba/Álava";"%";85,7
2023;"B - Copiar o mover ficheros o carpetas";"16-24 años";"Total";"Araba/Álava";"%";94,8
2020;"B - Copiar o mover ficheros o carpetas";"16-24 años";"Total";"Araba/Álava";"%";80,6
2020;"B - Copiar o mover ficheros o carpetas";"16-24 años";"Total";"Bizkaia";"%";83,3
2021;"B - Copiar o mover ficheros o carpetas";"16-24 años";"Total";"Bizkaia";"%";87,2
2019;"B - Copiar o mover ficheros o carpetas";"16-24 años";"Total";"Bizkaia";"%";90
2023;"B - Copiar o mover ficheros o carpetas";"16-24 años";"Total";"Bizkaia";"%";87,1
2024;"B - Copiar o mover ficheros o carpetas";"16-24 años";"Total";"Bizkaia";"%";81,2
2025;"B - Copiar o mover ficheros o carpetas";"16-24 años";"Total";"Bizkaia";"%";81
2022;"B - Copiar o mover ficheros o carpetas";"16-24 años";"Total";"Bizkaia";"%";88,1
2022;"B - Copiar o mover ficheros o carpetas";"16-24 años";"Total";"Gipuzkoa";"%";88,4
2023;"B - Copiar o mover ficheros o carpetas";"16-24 años";"Total";"Gipuzkoa";"%";89,5
2019;"B - Copiar o mover ficheros o carpetas";"16-24 años";"Total";"Gipuzkoa";"%";87,9
2020;"B - Copiar o mover ficheros o carpetas";"16-24 años";"Total";"Gipuzkoa";"%";94,1
2021;"B - Copiar o mover ficheros o carpetas";"16-24 años";"Total";"Gipuzkoa";"%";86,1
2024;"B - Copiar o mover ficheros o carpetas";"16-24 años";"Total";"Gipuzkoa";"%";79,5
2025;"B - Copiar o mover ficheros o carpetas";"16-24 años";"Total";"Gipuzkoa";"%";77,1
2019;"F - Crear presentaciones o documentos que integren texto, imágenes, tablas o gráficos";"16-24 años";"Total";"C.A. de Euskadi";"%";85,3
2023;"F - Crear presentaciones o documentos que integren texto, imágenes, tablas o gráficos";"16-24 años";"Total";"C.A. de Euskadi";"%";83,5
2021;"F - Crear presentaciones o documentos que integren texto, imágenes, tablas o gráficos";"16-24 años";"Total";"C.A. de Euskadi";"%";82,8
2022;"F - Crear presentaciones o documentos que integren texto, imágenes, tablas o gráficos";"16-24 años";"Total";"C.A. de Euskadi";"%";81,3
2025;"F - Crear presentaciones o documentos que integren texto, imágenes, tablas o gráficos";"16-24 años";"Total";"C.A. de Euskadi";"%";80,6
2024;"F - Crear presentaciones o documentos que integren texto, imágenes, tablas o gráficos";"16-24 años";"Total";"C.A. de Euskadi";"%";79,5
2020;"F - Crear presentaciones o documentos que integren texto, imágenes, tablas o gráficos";"16-24 años";"Total";"C.A. de Euskadi";"%";86,4
2020;"F - Crear presentaciones o documentos que integren texto, imágenes, tablas o gráficos";"16-24 años";"Total";"Araba/Álava";"%";78,9
2022;"F - Crear presentaciones o documentos que integren texto, imágenes, tablas o gráficos";"16-24 años";"Total";"Araba/Álava";"%";83,7
2019;"F - Crear presentaciones o documentos que integren texto, imágenes, tablas o gráficos";"16-24 años";"Total";"Araba/Álava";"%";89,2
2023;"F - Crear presentaciones o documentos que integren texto, imágenes, tablas o gráficos";"16-24 años";"Total";"Araba/Álava";"%";83,6
2021;"F - Crear presentaciones o documentos que integren texto, imágenes, tablas o gráficos";"16-24 años";"Total";"Araba/Álava";"%";77
2025;"F - Crear presentaciones o documentos que integren texto, imágenes, tablas o gráficos";"16-24 años";"Total";"Araba/Álava";"%";85,2
2024;"F - Crear presentaciones o documentos que integren texto, imágenes, tablas o gráficos";"16-24 años";"Total";"Araba/Álava";"%";85,2
2020;"F - Crear presentaciones o documentos que integren texto, imágenes, tablas o gráficos";"16-24 años";"Total";"Bizkaia";"%";86,6
2025;"F - Crear presentaciones o documentos que integren texto, imágenes, tablas o gráficos";"16-24 años";"Total";"Bizkaia";"%";81,2
2019;"F - Crear presentaciones o documentos que integren texto, imágenes, tablas o gráficos";"16-24 años";"Total";"Bizkaia";"%";88,1
2022;"F - Crear presentaciones o documentos que integren texto, imágenes, tablas o gráficos";"16-24 años";"Total";"Bizkaia";"%";82,7
2024;"F - Crear presentaciones o documentos que integren texto, imágenes, tablas o gráficos";"16-24 años";"Total";"Bizkaia";"%";74,8
2021;"F - Crear presentaciones o documentos que integren texto, imágenes, tablas o gráficos";"16-24 años";"Total";"Bizkaia";"%";83,3
2023;"F - Crear presentaciones o documentos que integren texto, imágenes, tablas o gráficos";"16-24 años";"Total";"Bizkaia";"%";82
2022;"F - Crear presentaciones o documentos que integren texto, imágenes, tablas o gráficos";"16-24 años";"Total";"Gipuzkoa";"%";78,2
2019;"F - Crear presentaciones o documentos que integren texto, imágenes, tablas o gráficos";"16-24 años";"Total";"Gipuzkoa";"%";79,9
2021;"F - Crear presentaciones o documentos que integren texto, imágenes, tablas o gráficos";"16-24 años";"Total";"Gipuzkoa";"%";84,7
2023;"F - Crear presentaciones o documentos que integren texto, imágenes, tablas o gráficos";"16-24 años";"Total";"Gipuzkoa";"%";85,7
2024;"F - Crear presentaciones o documentos que integren texto, imágenes, tablas o gráficos";"16-24 años";"Total";"Gipuzkoa";"%";83,7
2020;"F - Crear presentaciones o documentos que integren texto, imágenes, tablas o gráficos";"16-24 años";"Total";"Gipuzkoa";"%";89,6
2025;"F - Crear presentaciones o documentos que integren texto, imágenes, tablas o gráficos";"16-24 años";"Total";"Gipuzkoa";"%";77,9
2021;"H - Programar en un lenguaje de programación";"16-24 años";"Total";"C.A. de Euskadi";"%";14,7
2023;"H - Programar en un lenguaje de programación";"16-24 años";"Total";"C.A. de Euskadi";"%";16,6
2020;"H - Programar en un lenguaje de programación";"16-24 años";"Total";"C.A. de Euskadi";"%";13,2
2024;"H - Programar en un lenguaje de programación";"16-24 años";"Total";"C.A. de Euskadi";"%";11,2
2022;"H - Programar en un lenguaje de programación";"16-24 años";"Total";"C.A. de Euskadi";"%";11
2025;"H - Programar en un lenguaje de programación";"16-24 años";"Total";"C.A. de Euskadi";"%";11,8
2019;"H - Programar en un lenguaje de programación";"16-24 años";"Total";"C.A. de Euskadi";"%";12,3
2025;"H - Programar en un lenguaje de programación";"16-24 años";"Total";"Araba/Álava";"%";8
2022;"H - Programar en un lenguaje de programación";"16-24 años";"Total";"Araba/Álava";"%";11,1
2020;"H - Programar en un lenguaje de programación";"16-24 años";"Total";"Araba/Álava";"%";7
2021;"H - Programar en un lenguaje de programación";"16-24 años";"Total";"Araba/Álava";"%";14,5
2023;"H - Programar en un lenguaje de programación";"16-24 años";"Total";"Araba/Álava";"%";14,4
2019;"H - Programar en un lenguaje de programación";"16-24 años";"Total";"Araba/Álava";"%";10,6
2024;"H - Programar en un lenguaje de programación";"16-24 años";"Total";"Araba/Álava";"%";17,1
2020;"H - Programar en un lenguaje de programación";"16-24 años";"Total";"Bizkaia";"%";16,1
2019;"H - Programar en un lenguaje de programación";"16-24 años";"Total";"Bizkaia";"%";14,2
2025;"H - Programar en un lenguaje de programación";"16-24 años";"Total";"Bizkaia";"%";13,9
2024;"H - Programar en un lenguaje de programación";"16-24 años";"Total";"Bizkaia";"%";10,2
2021;"H - Programar en un lenguaje de programación";"16-24 años";"Total";"Bizkaia";"%";14,5
2023;"H - Programar en un lenguaje de programación";"16-24 años";"Total";"Bizkaia";"%";20,1
2022;"H - Programar en un lenguaje de programación";"16-24 años";"Total";"Bizkaia";"%";11,4
2021;"H - Programar en un lenguaje de programación";"16-24 años";"Total";"Gipuzkoa";"%";14,9
2023;"H - Programar en un lenguaje de programación";"16-24 años";"Total";"Gipuzkoa";"%";12,5
2025;"H - Programar en un lenguaje de programación";"16-24 años";"Total";"Gipuzkoa";"%";10,3
2024;"H - Programar en un lenguaje de programación";"16-24 años";"Total";"Gipuzkoa";"%";10,3
2022;"H - Programar en un lenguaje de programación";"16-24 años";"Total";"Gipuzkoa";"%";10,5
2020;"H - Programar en un lenguaje de programación";"16-24 años";"Total";"Gipuzkoa";"%";11,7
2019;"H - Programar en un lenguaje de programación";"16-24 años";"Total";"Gipuzkoa";"%";10,5
2025;"G - Usar hojas de cálculo";"16-24 años";"Total";"C.A. de Euskadi";"%";62,4
2019;"G - Usar hojas de cálculo";"16-24 años";"Total";"C.A. de Euskadi";"%";70,1
2021;"G - Usar hojas de cálculo";"16-24 años";"Total";"C.A. de Euskadi";"%";67,3
2020;"G - Usar hojas de cálculo";"16-24 años";"Total";"C.A. de Euskadi";"%";70,7
2022;"G - Usar hojas de cálculo";"16-24 años";"Total";"C.A. de Euskadi";"%";68,3
2023;"G - Usar hojas de cálculo";"16-24 años";"Total";"C.A. de Euskadi";"%";63,6
2024;"G - Usar hojas de cálculo";"16-24 años";"Total";"C.A. de Euskadi";"%";64,1
2020;"G - Usar hojas de cálculo";"16-24 años";"Total";"Araba/Álava";"%";68,9
2024;"G - Usar hojas de cálculo";"16-24 años";"Total";"Araba/Álava";"%";67,6
2021;"G - Usar hojas de cálculo";"16-24 años";"Total";"Araba/Álava";"%";61,3
2025;"G - Usar hojas de cálculo";"16-24 años";"Total";"Araba/Álava";"%";61,5
2023;"G - Usar hojas de cálculo";"16-24 años";"Total";"Araba/Álava";"%";57,8
2019;"G - Usar hojas de cálculo";"16-24 años";"Total";"Araba/Álava";"%";70
2022;"G - Usar hojas de cálculo";"16-24 años";"Total";"Araba/Álava";"%";74,6
2019;"G - Usar hojas de cálculo";"16-24 años";"Total";"Bizkaia";"%";69,1
2023;"G - Usar hojas de cálculo";"16-24 años";"Total";"Bizkaia";"%";60,9
2025;"G - Usar hojas de cálculo";"16-24 años";"Total";"Bizkaia";"%";62
2020;"G - Usar hojas de cálculo";"16-24 años";"Total";"Bizkaia";"%";68,8
2021;"G - Usar hojas de cálculo";"16-24 años";"Total";"Bizkaia";"%";64,2
2022;"G - Usar hojas de cálculo";"16-24 años";"Total";"Bizkaia";"%";69,1
2024;"G - Usar hojas de cálculo";"16-24 años";"Total";"Bizkaia";"%";60,4
2022;"G - Usar hojas de cálculo";"16-24 años";"Total";"Gipuzkoa";"%";64,6
2021;"G - Usar hojas de cálculo";"16-24 años";"Total";"Gipuzkoa";"%";74,5
2019;"G - Usar hojas de cálculo";"16-24 años";"Total";"Gipuzkoa";"%";71,5
2025;"G - Usar hojas de cálculo";"16-24 años";"Total";"Gipuzkoa";"%";63,4
2024;"G - Usar hojas de cálculo";"16-24 años";"Total";"Gipuzkoa";"%";67,8
2023;"G - Usar hojas de cálculo";"16-24 años";"Total";"Gipuzkoa";"%";70,1
2020;"G - Usar hojas de cálculo";"16-24 años";"Total";"Gipuzkoa";"%";74,4
2021;"C - Transferir ficheros entre el ordenador y otros dispositivos (móviles, cámaras, etc)";"16-24 años";"Total";"C.A. de Euskadi";"%";85,2
2025;"C - Transferir ficheros entre el ordenador y otros dispositivos (móviles, cámaras, etc)";"16-24 años";"Total";"C.A. de Euskadi";"%";60,9
2022;"C - Transferir ficheros entre el ordenador y otros dispositivos (móviles, cámaras, etc)";"16-24 años";"Total";"C.A. de Euskadi";"%";78,1
2023;"C - Transferir ficheros entre el ordenador y otros dispositivos (móviles, cámaras, etc)";"16-24 años";"Total";"C.A. de Euskadi";"%";77,6
2024;"C - Transferir ficheros entre el ordenador y otros dispositivos (móviles, cámaras, etc)";"16-24 años";"Total";"C.A. de Euskadi";"%";54,3
2019;"C - Transferir ficheros entre el ordenador y otros dispositivos (móviles, cámaras, etc)";"16-24 años";"Total";"C.A. de Euskadi";"%";84,9
2020;"C - Transferir ficheros entre el ordenador y otros dispositivos (móviles, cámaras, etc)";"16-24 años";"Total";"C.A. de Euskadi";"%";84,6
2024;"C - Transferir ficheros entre el ordenador y otros dispositivos (móviles, cámaras, etc)";"16-24 años";"Total";"Araba/Álava";"%";69,4
2022;"C - Transferir ficheros entre el ordenador y otros dispositivos (móviles, cámaras, etc)";"16-24 años";"Total";"Araba/Álava";"%";81,7
2021;"C - Transferir ficheros entre el ordenador y otros dispositivos (móviles, cámaras, etc)";"16-24 años";"Total";"Araba/Álava";"%";82,3
2020;"C - Transferir ficheros entre el ordenador y otros dispositivos (móviles, cámaras, etc)";"16-24 años";"Total";"Araba/Álava";"%";86,9
2019;"C - Transferir ficheros entre el ordenador y otros dispositivos (móviles, cámaras, etc)";"16-24 años";"Total";"Araba/Álava";"%";84,7
2023;"C - Transferir ficheros entre el ordenador y otros dispositivos (móviles, cámaras, etc)";"16-24 años";"Total";"Araba/Álava";"%";83,9
2025;"C - Transferir ficheros entre el ordenador y otros dispositivos (móviles, cámaras, etc)";"16-24 años";"Total";"Araba/Álava";"%";59,3
2022;"C - Transferir ficheros entre el ordenador y otros dispositivos (móviles, cámaras, etc)";"16-24 años";"Total";"Bizkaia";"%";76,6
2019;"C - Transferir ficheros entre el ordenador y otros dispositivos (móviles, cámaras, etc)";"16-24 años";"Total";"Bizkaia";"%";88,2
2024;"C - Transferir ficheros entre el ordenador y otros dispositivos (móviles, cámaras, etc)";"16-24 años";"Total";"Bizkaia";"%";51,8
2020;"C - Transferir ficheros entre el ordenador y otros dispositivos (móviles, cámaras, etc)";"16-24 años";"Total";"Bizkaia";"%";83,9
2021;"C - Transferir ficheros entre el ordenador y otros dispositivos (móviles, cámaras, etc)";"16-24 años";"Total";"Bizkaia";"%";85,4
2023;"C - Transferir ficheros entre el ordenador y otros dispositivos (móviles, cámaras, etc)";"16-24 años";"Total";"Bizkaia";"%";76,4
2025;"C - Transferir ficheros entre el ordenador y otros dispositivos (móviles, cámaras, etc)";"16-24 años";"Total";"Bizkaia";"%";60,9
2022;"C - Transferir ficheros entre el ordenador y otros dispositivos (móviles, cámaras, etc)";"16-24 años";"Total";"Gipuzkoa";"%";78,9
2025;"C - Transferir ficheros entre el ordenador y otros dispositivos (móviles, cámaras, etc)";"16-24 años";"Total";"Gipuzkoa";"%";61,7
2021;"C - Transferir ficheros entre el ordenador y otros dispositivos (móviles, cámaras, etc)";"16-24 años";"Total";"Gipuzkoa";"%";86,2
2023;"C - Transferir ficheros entre el ordenador y otros dispositivos (móviles, cámaras, etc)";"16-24 años";"Total";"Gipuzkoa";"%";76,4
2019;"C - Transferir ficheros entre el ordenador y otros dispositivos (móviles, cámaras, etc)";"16-24 años";"Total";"Gipuzkoa";"%";80,4
2020;"C - Transferir ficheros entre el ordenador y otros dispositivos (móviles, cámaras, etc)";"16-24 años";"Total";"Gipuzkoa";"%";84,6
2024;"C - Transferir ficheros entre el ordenador y otros dispositivos (móviles, cámaras, etc)";"16-24 años";"Total";"Gipuzkoa";"%";51,8
2024;"A - Al menos una / Competencia global";"25-74 años";"Total";"C.A. de Euskadi";"%";66,5
2022;"A - Al menos una / Competencia global";"25-74 años";"Total";"C.A. de Euskadi";"%";65,3
2019;"A - Al menos una / Competencia global";"25-74 años";"Total";"C.A. de Euskadi";"%";63,8
2020;"A - Al menos una / Competencia global";"25-74 años";"Total";"C.A. de Euskadi";"%";66,6
2025;"A - Al menos una / Competencia global";"25-74 años";"Total";"C.A. de Euskadi";"%";68,6
2023;"A - Al menos una / Competencia global";"25-74 años";"Total";"C.A. de Euskadi";"%";68,3
2021;"A - Al menos una / Competencia global";"25-74 años";"Total";"C.A. de Euskadi";"%";72,2
2023;"A - Al menos una / Competencia global";"25-74 años";"Total";"Araba/Álava";"%";67,4
2024;"A - Al menos una / Competencia global";"25-74 años";"Total";"Araba/Álava";"%";66,1
2021;"A - Al menos una / Competencia global";"25-74 años";"Total";"Araba/Álava";"%";72,5
2019;"A - Al menos una / Competencia global";"25-74 años";"Total";"Araba/Álava";"%";65,5
2020;"A - Al menos una / Competencia global";"25-74 años";"Total";"Araba/Álava";"%";66,6
2025;"A - Al menos una / Competencia global";"25-74 años";"Total";"Araba/Álava";"%";68
2022;"A - Al menos una / Competencia global";"25-74 años";"Total";"Araba/Álava";"%";65,2
2025;"A - Al menos una / Competencia global";"25-74 años";"Total";"Bizkaia";"%";70,2
2021;"A - Al menos una / Competencia global";"25-74 años";"Total";"Bizkaia";"%";72,1
2019;"A - Al menos una / Competencia global";"25-74 años";"Total";"Bizkaia";"%";64,7
2023;"A - Al menos una / Competencia global";"25-74 años";"Total";"Bizkaia";"%";68,4
2024;"A - Al menos una / Competencia global";"25-74 años";"Total";"Bizkaia";"%";68
2022;"A - Al menos una / Competencia global";"25-74 años";"Total";"Bizkaia";"%";65
2020;"A - Al menos una / Competencia global";"25-74 años";"Total";"Bizkaia";"%";66,6
2024;"A - Al menos una / Competencia global";"25-74 años";"Total";"Gipuzkoa";"%";64,2
2019;"A - Al menos una / Competencia global";"25-74 años";"Total";"Gipuzkoa";"%";61,7
2021;"A - Al menos una / Competencia global";"25-74 años";"Total";"Gipuzkoa";"%";72,1
2023;"A - Al menos una / Competencia global";"25-74 años";"Total";"Gipuzkoa";"%";68,4
2022;"A - Al menos una / Competencia global";"25-74 años";"Total";"Gipuzkoa";"%";65,7
2025;"A - Al menos una / Competencia global";"25-74 años";"Total";"Gipuzkoa";"%";66,5
2020;"A - Al menos una / Competencia global";"25-74 años";"Total";"Gipuzkoa";"%";66,6
2024;"D - Instalar software o aplicaciones";"25-74 años";"Total";"C.A. de Euskadi";"%";44,8
2023;"D - Instalar software o aplicaciones";"25-74 años";"Total";"C.A. de Euskadi";"%";48,3
2025;"D - Instalar software o aplicaciones";"25-74 años";"Total";"C.A. de Euskadi";"%";43,1
2021;"D - Instalar software o aplicaciones";"25-74 años";"Total";"C.A. de Euskadi";"%";61,4
2020;"D - Instalar software o aplicaciones";"25-74 años";"Total";"C.A. de Euskadi";"%";55,2
2022;"D - Instalar software o aplicaciones";"25-74 años";"Total";"C.A. de Euskadi";"%";50,4
2019;"D - Instalar software o aplicaciones";"25-74 años";"Total";"C.A. de Euskadi";"%";50,6
2019;"D - Instalar software o aplicaciones";"25-74 años";"Total";"Araba/Álava";"%";51,3
2025;"D - Instalar software o aplicaciones";"25-74 años";"Total";"Araba/Álava";"%";44,6
2024;"D - Instalar software o aplicaciones";"25-74 años";"Total";"Araba/Álava";"%";45,9
2023;"D - Instalar software o aplicaciones";"25-74 años";"Total";"Araba/Álava";"%";49,8
2020;"D - Instalar software o aplicaciones";"25-74 años";"Total";"Araba/Álava";"%";52,9
2021;"D - Instalar software o aplicaciones";"25-74 años";"Total";"Araba/Álava";"%";62,6
2022;"D - Instalar software o aplicaciones";"25-74 años";"Total";"Araba/Álava";"%";49,9
2023;"D - Instalar software o aplicaciones";"25-74 años";"Total";"Bizkaia";"%";48,9
2022;"D - Instalar software o aplicaciones";"25-74 años";"Total";"Bizkaia";"%";50,9
2020;"D - Instalar software o aplicaciones";"25-74 años";"Total";"Bizkaia";"%";54,9
2019;"D - Instalar software o aplicaciones";"25-74 años";"Total";"Bizkaia";"%";52,1
2025;"D - Instalar software o aplicaciones";"25-74 años";"Total";"Bizkaia";"%";43,8
2024;"D - Instalar software o aplicaciones";"25-74 años";"Total";"Bizkaia";"%";46,2
2021;"D - Instalar software o aplicaciones";"25-74 años";"Total";"Bizkaia";"%";61,4
2024;"D - Instalar software o aplicaciones";"25-74 años";"Total";"Gipuzkoa";"%";42
2021;"D - Instalar software o aplicaciones";"25-74 años";"Total";"Gipuzkoa";"%";60,9
2025;"D - Instalar software o aplicaciones";"25-74 años";"Total";"Gipuzkoa";"%";41,2
2019;"D - Instalar software o aplicaciones";"25-74 años";"Total";"Gipuzkoa";"%";47,9
2023;"D - Instalar software o aplicaciones";"25-74 años";"Total";"Gipuzkoa";"%";46,7
2022;"D - Instalar software o aplicaciones";"25-74 años";"Total";"Gipuzkoa";"%";49,9
2020;"D - Instalar software o aplicaciones";"25-74 años";"Total";"Gipuzkoa";"%";56,9
2022;"E - Cambiar la configuración de cualquier software, incluídos el sistema operativo, programas de seguridad";"25-74 años";"Total";"C.A. de Euskadi";"%";21,2
2020;"E - Cambiar la configuración de cualquier software, incluídos el sistema operativo, programas de seguridad";"25-74 años";"Total";"C.A. de Euskadi";"%";26,1
2019;"E - Cambiar la configuración de cualquier software, incluídos el sistema operativo, programas de seguridad";"25-74 años";"Total";"C.A. de Euskadi";"%";14,8
2023;"E - Cambiar la configuración de cualquier software, incluídos el sistema operativo, programas de seguridad";"25-74 años";"Total";"C.A. de Euskadi";"%";31,8
2021;"E - Cambiar la configuración de cualquier software, incluídos el sistema operativo, programas de seguridad";"25-74 años";"Total";"C.A. de Euskadi";"%";25,4
2025;"E - Cambiar la configuración de cualquier software, incluídos el sistema operativo, programas de seguridad";"25-74 años";"Total";"C.A. de Euskadi";"%";27,7
2024;"E - Cambiar la configuración de cualquier software, incluídos el sistema operativo, programas de seguridad";"25-74 años";"Total";"C.A. de Euskadi";"%";19,9
2023;"E - Cambiar la configuración de cualquier software, incluídos el sistema operativo, programas de seguridad";"25-74 años";"Total";"Araba/Álava";"%";30,6
2025;"E - Cambiar la configuración de cualquier software, incluídos el sistema operativo, programas de seguridad";"25-74 años";"Total";"Araba/Álava";"%";28,2
2020;"E - Cambiar la configuración de cualquier software, incluídos el sistema operativo, programas de seguridad";"25-74 años";"Total";"Araba/Álava";"%";23,8
2022;"E - Cambiar la configuración de cualquier software, incluídos el sistema operativo, programas de seguridad";"25-74 años";"Total";"Araba/Álava";"%";21,6
2024;"E - Cambiar la configuración de cualquier software, incluídos el sistema operativo, programas de seguridad";"25-74 años";"Total";"Araba/Álava";"%";22,4
2019;"E - Cambiar la configuración de cualquier software, incluídos el sistema operativo, programas de seguridad";"25-74 años";"Total";"Araba/Álava";"%";15,2
2021;"E - Cambiar la configuración de cualquier software, incluídos el sistema operativo, programas de seguridad";"25-74 años";"Total";"Araba/Álava";"%";25,2
2022;"E - Cambiar la configuración de cualquier software, incluídos el sistema operativo, programas de seguridad";"25-74 años";"Total";"Bizkaia";"%";20,7
2023;"E - Cambiar la configuración de cualquier software, incluídos el sistema operativo, programas de seguridad";"25-74 años";"Total";"Bizkaia";"%";33
2021;"E - Cambiar la configuración de cualquier software, incluídos el sistema operativo, programas de seguridad";"25-74 años";"Total";"Bizkaia";"%";25,5
2019;"E - Cambiar la configuración de cualquier software, incluídos el sistema operativo, programas de seguridad";"25-74 años";"Total";"Bizkaia";"%";15,5
2024;"E - Cambiar la configuración de cualquier software, incluídos el sistema operativo, programas de seguridad";"25-74 años";"Total";"Bizkaia";"%";20,6
2020;"E - Cambiar la configuración de cualquier software, incluídos el sistema operativo, programas de seguridad";"25-74 años";"Total";"Bizkaia";"%";25,7
2025;"E - Cambiar la configuración de cualquier software, incluídos el sistema operativo, programas de seguridad";"25-74 años";"Total";"Bizkaia";"%";28,4
2019;"E - Cambiar la configuración de cualquier software, incluídos el sistema operativo, programas de seguridad";"25-74 años";"Total";"Gipuzkoa";"%";13,3
2020;"E - Cambiar la configuración de cualquier software, incluídos el sistema operativo, programas de seguridad";"25-74 años";"Total";"Gipuzkoa";"%";27,9
2022;"E - Cambiar la configuración de cualquier software, incluídos el sistema operativo, programas de seguridad";"25-74 años";"Total";"Gipuzkoa";"%";22
2024;"E - Cambiar la configuración de cualquier software, incluídos el sistema operativo, programas de seguridad";"25-74 años";"Total";"Gipuzkoa";"%";17,7
2025;"E - Cambiar la configuración de cualquier software, incluídos el sistema operativo, programas de seguridad";"25-74 años";"Total";"Gipuzkoa";"%";26,2
2021;"E - Cambiar la configuración de cualquier software, incluídos el sistema operativo, programas de seguridad";"25-74 años";"Total";"Gipuzkoa";"%";25,3
2023;"E - Cambiar la configuración de cualquier software, incluídos el sistema operativo, programas de seguridad";"25-74 años";"Total";"Gipuzkoa";"%";30,5
2024;"B - Copiar o mover ficheros o carpetas";"25-74 años";"Total";"C.A. de Euskadi";"%";46,8
2025;"B - Copiar o mover ficheros o carpetas";"25-74 años";"Total";"C.A. de Euskadi";"%";49,8
2022;"B - Copiar o mover ficheros o carpetas";"25-74 años";"Total";"C.A. de Euskadi";"%";53,2
2020;"B - Copiar o mover ficheros o carpetas";"25-74 años";"Total";"C.A. de Euskadi";"%";51,5
2019;"B - Copiar o mover ficheros o carpetas";"25-74 años";"Total";"C.A. de Euskadi";"%";51,5
2023;"B - Copiar o mover ficheros o carpetas";"25-74 años";"Total";"C.A. de Euskadi";"%";51,9
2021;"B - Copiar o mover ficheros o carpetas";"25-74 años";"Total";"C.A. de Euskadi";"%";58,1
2023;"B - Copiar o mover ficheros o carpetas";"25-74 años";"Total";"Araba/Álava";"%";49,3
2025;"B - Copiar o mover ficheros o carpetas";"25-74 años";"Total";"Araba/Álava";"%";50,4
2022;"B - Copiar o mover ficheros o carpetas";"25-74 años";"Total";"Araba/Álava";"%";53,6
2020;"B - Copiar o mover ficheros o carpetas";"25-74 años";"Total";"Araba/Álava";"%";50,7
2021;"B - Copiar o mover ficheros o carpetas";"25-74 años";"Total";"Araba/Álava";"%";58,7
2024;"B - Copiar o mover ficheros o carpetas";"25-74 años";"Total";"Araba/Álava";"%";47,3
2019;"B - Copiar o mover ficheros o carpetas";"25-74 años";"Total";"Araba/Álava";"%";51,8
2025;"B - Copiar o mover ficheros o carpetas";"25-74 años";"Total";"Bizkaia";"%";50
2022;"B - Copiar o mover ficheros o carpetas";"25-74 años";"Total";"Bizkaia";"%";52,6
2024;"B - Copiar o mover ficheros o carpetas";"25-74 años";"Total";"Bizkaia";"%";47,2
2020;"B - Copiar o mover ficheros o carpetas";"25-74 años";"Total";"Bizkaia";"%";50,9
2021;"B - Copiar o mover ficheros o carpetas";"25-74 años";"Total";"Bizkaia";"%";58,4
2019;"B - Copiar o mover ficheros o carpetas";"25-74 años";"Total";"Bizkaia";"%";52,2
2023;"B - Copiar o mover ficheros o carpetas";"25-74 años";"Total";"Bizkaia";"%";52,1
2023;"B - Copiar o mover ficheros o carpetas";"25-74 años";"Total";"Gipuzkoa";"%";52,8
2024;"B - Copiar o mover ficheros o carpetas";"25-74 años";"Total";"Gipuzkoa";"%";45,9
2022;"B - Copiar o mover ficheros o carpetas";"25-74 años";"Total";"Gipuzkoa";"%";54,1
2025;"B - Copiar o mover ficheros o carpetas";"25-74 años";"Total";"Gipuzkoa";"%";49,2
2020;"B - Copiar o mover ficheros o carpetas";"25-74 años";"Total";"Gipuzkoa";"%";52,9
2019;"B - Copiar o mover ficheros o carpetas";"25-74 años";"Total";"Gipuzkoa";"%";50,3
2021;"B - Copiar o mover ficheros o carpetas";"25-74 años";"Total";"Gipuzkoa";"%";57,4
2019;"F - Crear presentaciones o documentos que integren texto, imágenes, tablas o gráficos";"25-74 años";"Total";"C.A. de Euskadi";"%";37,4
2025;"F - Crear presentaciones o documentos que integren texto, imágenes, tablas o gráficos";"25-74 años";"Total";"C.A. de Euskadi";"%";37,4
2020;"F - Crear presentaciones o documentos que integren texto, imágenes, tablas o gráficos";"25-74 años";"Total";"C.A. de Euskadi";"%";39,9
2021;"F - Crear presentaciones o documentos que integren texto, imágenes, tablas o gráficos";"25-74 años";"Total";"C.A. de Euskadi";"%";41
2022;"F - Crear presentaciones o documentos que integren texto, imágenes, tablas o gráficos";"25-74 años";"Total";"C.A. de Euskadi";"%";37,2
2024;"F - Crear presentaciones o documentos que integren texto, imágenes, tablas o gráficos";"25-74 años";"Total";"C.A. de Euskadi";"%";34,5
2023;"F - Crear presentaciones o documentos que integren texto, imágenes, tablas o gráficos";"25-74 años";"Total";"C.A. de Euskadi";"%";35,4
2020;"F - Crear presentaciones o documentos que integren texto, imágenes, tablas o gráficos";"25-74 años";"Total";"Araba/Álava";"%";38,5
2019;"F - Crear presentaciones o documentos que integren texto, imágenes, tablas o gráficos";"25-74 años";"Total";"Araba/Álava";"%";36,4
2025;"F - Crear presentaciones o documentos que integren texto, imágenes, tablas o gráficos";"25-74 años";"Total";"Araba/Álava";"%";37,9
2021;"F - Crear presentaciones o documentos que integren texto, imágenes, tablas o gráficos";"25-74 años";"Total";"Araba/Álava";"%";42,5
2023;"F - Crear presentaciones o documentos que integren texto, imágenes, tablas o gráficos";"25-74 años";"Total";"Araba/Álava";"%";32,1
2024;"F - Crear presentaciones o documentos que integren texto, imágenes, tablas o gráficos";"25-74 años";"Total";"Araba/Álava";"%";31,7
2022;"F - Crear presentaciones o documentos que integren texto, imágenes, tablas o gráficos";"25-74 años";"Total";"Araba/Álava";"%";38,7
2019;"F - Crear presentaciones o documentos que integren texto, imágenes, tablas o gráficos";"25-74 años";"Total";"Bizkaia";"%";37,6
2021;"F - Crear presentaciones o documentos que integren texto, imágenes, tablas o gráficos";"25-74 años";"Total";"Bizkaia";"%";41,4
2024;"F - Crear presentaciones o documentos que integren texto, imágenes, tablas o gráficos";"25-74 años";"Total";"Bizkaia";"%";36
2025;"F - Crear presentaciones o documentos que integren texto, imágenes, tablas o gráficos";"25-74 años";"Total";"Bizkaia";"%";37,8
2023;"F - Crear presentaciones o documentos que integren texto, imágenes, tablas o gráficos";"25-74 años";"Total";"Bizkaia";"%";35,5
2020;"F - Crear presentaciones o documentos que integren texto, imágenes, tablas o gráficos";"25-74 años";"Total";"Bizkaia";"%";40,2
2022;"F - Crear presentaciones o documentos que integren texto, imágenes, tablas o gráficos";"25-74 años";"Total";"Bizkaia";"%";36,6
2022;"F - Crear presentaciones o documentos que integren texto, imágenes, tablas o gráficos";"25-74 años";"Total";"Gipuzkoa";"%";37,3
2019;"F - Crear presentaciones o documentos que integren texto, imágenes, tablas o gráficos";"25-74 años";"Total";"Gipuzkoa";"%";37,5
2021;"F - Crear presentaciones o documentos que integren texto, imágenes, tablas o gráficos";"25-74 años";"Total";"Gipuzkoa";"%";39,7
2020;"F - Crear presentaciones o documentos que integren texto, imágenes, tablas o gráficos";"25-74 años";"Total";"Gipuzkoa";"%";40
2024;"F - Crear presentaciones o documentos que integren texto, imágenes, tablas o gráficos";"25-74 años";"Total";"Gipuzkoa";"%";33,3
2025;"F - Crear presentaciones o documentos que integren texto, imágenes, tablas o gráficos";"25-74 años";"Total";"Gipuzkoa";"%";36,5
2023;"F - Crear presentaciones o documentos que integren texto, imágenes, tablas o gráficos";"25-74 años";"Total";"Gipuzkoa";"%";36,9
2021;"H - Programar en un lenguaje de programación";"25-74 años";"Total";"C.A. de Euskadi";"%";4
2025;"H - Programar en un lenguaje de programación";"25-74 años";"Total";"C.A. de Euskadi";"%";4,9
2019;"H - Programar en un lenguaje de programación";"25-74 años";"Total";"C.A. de Euskadi";"%";4,8
2020;"H - Programar en un lenguaje de programación";"25-74 años";"Total";"C.A. de Euskadi";"%";4,8
2023;"H - Programar en un lenguaje de programación";"25-74 años";"Total";"C.A. de Euskadi";"%";4,9
2022;"H - Programar en un lenguaje de programación";"25-74 años";"Total";"C.A. de Euskadi";"%";4,5
2024;"H - Programar en un lenguaje de programación";"25-74 años";"Total";"C.A. de Euskadi";"%";3,5
2023;"H - Programar en un lenguaje de programación";"25-74 años";"Total";"Araba/Álava";"%";2,9
2022;"H - Programar en un lenguaje de programación";"25-74 años";"Total";"Araba/Álava";"%";4
2019;"H - Programar en un lenguaje de programación";"25-74 años";"Total";"Araba/Álava";"%";4,7
2025;"H - Programar en un lenguaje de programación";"25-74 años";"Total";"Araba/Álava";"%";4,5
2024;"H - Programar en un lenguaje de programación";"25-74 años";"Total";"Araba/Álava";"%";1,8
2020;"H - Programar en un lenguaje de programación";"25-74 años";"Total";"Araba/Álava";"%";5,6
2021;"H - Programar en un lenguaje de programación";"25-74 años";"Total";"Araba/Álava";"%";4,5
2019;"H - Programar en un lenguaje de programación";"25-74 años";"Total";"Bizkaia";"%";5
2020;"H - Programar en un lenguaje de programación";"25-74 años";"Total";"Bizkaia";"%";4,5
2023;"H - Programar en un lenguaje de programación";"25-74 años";"Total";"Bizkaia";"%";5,2
2021;"H - Programar en un lenguaje de programación";"25-74 años";"Total";"Bizkaia";"%";4
2024;"H - Programar en un lenguaje de programación";"25-74 años";"Total";"Bizkaia";"%";4,2
2022;"H - Programar en un lenguaje de programación";"25-74 años";"Total";"Bizkaia";"%";4,3
2025;"H - Programar en un lenguaje de programación";"25-74 años";"Total";"Bizkaia";"%";5,4
2023;"H - Programar en un lenguaje de programación";"25-74 años";"Total";"Gipuzkoa";"%";5,2
2022;"H - Programar en un lenguaje de programación";"25-74 años";"Total";"Gipuzkoa";"%";5
2019;"H - Programar en un lenguaje de programación";"25-74 años";"Total";"Gipuzkoa";"%";4,6
2020;"H - Programar en un lenguaje de programación";"25-74 años";"Total";"Gipuzkoa";"%";4,8
2021;"H - Programar en un lenguaje de programación";"25-74 años";"Total";"Gipuzkoa";"%";3,8
2024;"H - Programar en un lenguaje de programación";"25-74 años";"Total";"Gipuzkoa";"%";3,2
2025;"H - Programar en un lenguaje de programación";"25-74 años";"Total";"Gipuzkoa";"%";4,4
2024;"G - Usar hojas de cálculo";"25-74 años";"Total";"C.A. de Euskadi";"%";39,8
2022;"G - Usar hojas de cálculo";"25-74 años";"Total";"C.A. de Euskadi";"%";38,8
2020;"G - Usar hojas de cálculo";"25-74 años";"Total";"C.A. de Euskadi";"%";37,4
2023;"G - Usar hojas de cálculo";"25-74 años";"Total";"C.A. de Euskadi";"%";39
2019;"G - Usar hojas de cálculo";"25-74 años";"Total";"C.A. de Euskadi";"%";38,7
2021;"G - Usar hojas de cálculo";"25-74 años";"Total";"C.A. de Euskadi";"%";41,4
2025;"G - Usar hojas de cálculo";"25-74 años";"Total";"C.A. de Euskadi";"%";39,4
2019;"G - Usar hojas de cálculo";"25-74 años";"Total";"Araba/Álava";"%";39,8
2023;"G - Usar hojas de cálculo";"25-74 años";"Total";"Araba/Álava";"%";34,5
2022;"G - Usar hojas de cálculo";"25-74 años";"Total";"Araba/Álava";"%";41,3
2020;"G - Usar hojas de cálculo";"25-74 años";"Total";"Araba/Álava";"%";36
2021;"G - Usar hojas de cálculo";"25-74 años";"Total";"Araba/Álava";"%";41,7
2025;"G - Usar hojas de cálculo";"25-74 años";"Total";"Araba/Álava";"%";38,9
2024;"G - Usar hojas de cálculo";"25-74 años";"Total";"Araba/Álava";"%";38
2024;"G - Usar hojas de cálculo";"25-74 años";"Total";"Bizkaia";"%";41,2
2019;"G - Usar hojas de cálculo";"25-74 años";"Total";"Bizkaia";"%";38,2
2020;"G - Usar hojas de cálculo";"25-74 años";"Total";"Bizkaia";"%";37,9
2025;"G - Usar hojas de cálculo";"25-74 años";"Total";"Bizkaia";"%";40,5
2022;"G - Usar hojas de cálculo";"25-74 años";"Total";"Bizkaia";"%";37,2
2021;"G - Usar hojas de cálculo";"25-74 años";"Total";"Bizkaia";"%";42,1
2023;"G - Usar hojas de cálculo";"25-74 años";"Total";"Bizkaia";"%";39,1
2022;"G - Usar hojas de cálculo";"25-74 años";"Total";"Gipuzkoa";"%";40,2
2023;"G - Usar hojas de cálculo";"25-74 años";"Total";"Gipuzkoa";"%";40,8
2020;"G - Usar hojas de cálculo";"25-74 años";"Total";"Gipuzkoa";"%";37,3
2019;"G - Usar hojas de cálculo";"25-74 años";"Total";"Gipuzkoa";"%";39,2
2025;"G - Usar hojas de cálculo";"25-74 años";"Total";"Gipuzkoa";"%";37,7
2024;"G - Usar hojas de cálculo";"25-74 años";"Total";"Gipuzkoa";"%";38,2
2021;"G - Usar hojas de cálculo";"25-74 años";"Total";"Gipuzkoa";"%";40
2023;"C - Transferir ficheros entre el ordenador y otros dispositivos (móviles, cámaras, etc)";"25-74 años";"Total";"C.A. de Euskadi";"%";46,3
2025;"C - Transferir ficheros entre el ordenador y otros dispositivos (móviles, cámaras, etc)";"25-74 años";"Total";"C.A. de Euskadi";"%";39
2021;"C - Transferir ficheros entre el ordenador y otros dispositivos (móviles, cámaras, etc)";"25-74 años";"Total";"C.A. de Euskadi";"%";57
2024;"C - Transferir ficheros entre el ordenador y otros dispositivos (móviles, cámaras, etc)";"25-74 años";"Total";"C.A. de Euskadi";"%";34,6
2022;"C - Transferir ficheros entre el ordenador y otros dispositivos (móviles, cámaras, etc)";"25-74 años";"Total";"C.A. de Euskadi";"%";48,7
2020;"C - Transferir ficheros entre el ordenador y otros dispositivos (móviles, cámaras, etc)";"25-74 años";"Total";"C.A. de Euskadi";"%";51,5
2019;"C - Transferir ficheros entre el ordenador y otros dispositivos (móviles, cámaras, etc)";"25-74 años";"Total";"C.A. de Euskadi";"%";48,2
2019;"C - Transferir ficheros entre el ordenador y otros dispositivos (móviles, cámaras, etc)";"25-74 años";"Total";"Araba/Álava";"%";47,9
2023;"C - Transferir ficheros entre el ordenador y otros dispositivos (móviles, cámaras, etc)";"25-74 años";"Total";"Araba/Álava";"%";40,8
2022;"C - Transferir ficheros entre el ordenador y otros dispositivos (móviles, cámaras, etc)";"25-74 años";"Total";"Araba/Álava";"%";49
2021;"C - Transferir ficheros entre el ordenador y otros dispositivos (móviles, cámaras, etc)";"25-74 años";"Total";"Araba/Álava";"%";56,5
2025;"C - Transferir ficheros entre el ordenador y otros dispositivos (móviles, cámaras, etc)";"25-74 años";"Total";"Araba/Álava";"%";37,3
2020;"C - Transferir ficheros entre el ordenador y otros dispositivos (móviles, cámaras, etc)";"25-74 años";"Total";"Araba/Álava";"%";52
2024;"C - Transferir ficheros entre el ordenador y otros dispositivos (móviles, cámaras, etc)";"25-74 años";"Total";"Araba/Álava";"%";34,2
2020;"C - Transferir ficheros entre el ordenador y otros dispositivos (móviles, cámaras, etc)";"25-74 años";"Total";"Bizkaia";"%";50,6
2023;"C - Transferir ficheros entre el ordenador y otros dispositivos (móviles, cámaras, etc)";"25-74 años";"Total";"Bizkaia";"%";47,3
2019;"C - Transferir ficheros entre el ordenador y otros dispositivos (móviles, cámaras, etc)";"25-74 años";"Total";"Bizkaia";"%";49
2021;"C - Transferir ficheros entre el ordenador y otros dispositivos (móviles, cámaras, etc)";"25-74 años";"Total";"Bizkaia";"%";57,1
2024;"C - Transferir ficheros entre el ordenador y otros dispositivos (móviles, cámaras, etc)";"25-74 años";"Total";"Bizkaia";"%";35,5
2022;"C - Transferir ficheros entre el ordenador y otros dispositivos (móviles, cámaras, etc)";"25-74 años";"Total";"Bizkaia";"%";49,1
2025;"C - Transferir ficheros entre el ordenador y otros dispositivos (móviles, cámaras, etc)";"25-74 años";"Total";"Bizkaia";"%";39,7
2021;"C - Transferir ficheros entre el ordenador y otros dispositivos (móviles, cámaras, etc)";"25-74 años";"Total";"Gipuzkoa";"%";56,9
2024;"C - Transferir ficheros entre el ordenador y otros dispositivos (móviles, cámaras, etc)";"25-74 años";"Total";"Gipuzkoa";"%";33,2
2025;"C - Transferir ficheros entre el ordenador y otros dispositivos (móviles, cámaras, etc)";"25-74 años";"Total";"Gipuzkoa";"%";38,6
2020;"C - Transferir ficheros entre el ordenador y otros dispositivos (móviles, cámaras, etc)";"25-74 años";"Total";"Gipuzkoa";"%";52,7
2022;"C - Transferir ficheros entre el ordenador y otros dispositivos (móviles, cámaras, etc)";"25-74 años";"Total";"Gipuzkoa";"%";47,8
2023;"C - Transferir ficheros entre el ordenador y otros dispositivos (móviles, cámaras, etc)";"25-74 años";"Total";"Gipuzkoa";"%";47,2
2019;"C - Transferir ficheros entre el ordenador y otros dispositivos (móviles, cámaras, etc)";"25-74 años";"Total";"Gipuzkoa";"%";46,9
2025;"A - Al menos una / Competencia global";"25-74 años";"Mujer";"C.A. de Euskadi";"%";67,4
2019;"A - Al menos una / Competencia global";"25-74 años";"Mujer";"C.A. de Euskadi";"%";60,8
2024;"A - Al menos una / Competencia global";"25-74 años";"Mujer";"C.A. de Euskadi";"%";64,9
2020;"A - Al menos una / Competencia global";"25-74 años";"Mujer";"C.A. de Euskadi";"%";65
2023;"A - Al menos una / Competencia global";"25-74 años";"Mujer";"C.A. de Euskadi";"%";67
2021;"A - Al menos una / Competencia global";"25-74 años";"Mujer";"C.A. de Euskadi";"%";70,9
2022;"A - Al menos una / Competencia global";"25-74 años";"Mujer";"C.A. de Euskadi";"%";64,5
2023;"A - Al menos una / Competencia global";"25-74 años";"Mujer";"Araba/Álava";"%";69,8
2021;"A - Al menos una / Competencia global";"25-74 años";"Mujer";"Araba/Álava";"%";71,8
2025;"A - Al menos una / Competencia global";"25-74 años";"Mujer";"Araba/Álava";"%";66,6
2020;"A - Al menos una / Competencia global";"25-74 años";"Mujer";"Araba/Álava";"%";67,8
2019;"A - Al menos una / Competencia global";"25-74 años";"Mujer";"Araba/Álava";"%";62,2
2022;"A - Al menos una / Competencia global";"25-74 años";"Mujer";"Araba/Álava";"%";64,5
2024;"A - Al menos una / Competencia global";"25-74 años";"Mujer";"Araba/Álava";"%";62,9
2019;"A - Al menos una / Competencia global";"25-74 años";"Mujer";"Bizkaia";"%";61,3
2023;"A - Al menos una / Competencia global";"25-74 años";"Mujer";"Bizkaia";"%";66,2
2024;"A - Al menos una / Competencia global";"25-74 años";"Mujer";"Bizkaia";"%";66,3
2020;"A - Al menos una / Competencia global";"25-74 años";"Mujer";"Bizkaia";"%";64,4
2025;"A - Al menos una / Competencia global";"25-74 años";"Mujer";"Bizkaia";"%";69,3
2021;"A - Al menos una / Competencia global";"25-74 años";"Mujer";"Bizkaia";"%";70
2022;"A - Al menos una / Competencia global";"25-74 años";"Mujer";"Bizkaia";"%";63,3
2025;"A - Al menos una / Competencia global";"25-74 años";"Mujer";"Gipuzkoa";"%";64,8
2023;"A - Al menos una / Competencia global";"25-74 años";"Mujer";"Gipuzkoa";"%";67
2022;"A - Al menos una / Competencia global";"25-74 años";"Mujer";"Gipuzkoa";"%";66,5
2020;"A - Al menos una / Competencia global";"25-74 años";"Mujer";"Gipuzkoa";"%";64,6
2021;"A - Al menos una / Competencia global";"25-74 años";"Mujer";"Gipuzkoa";"%";72
2019;"A - Al menos una / Competencia global";"25-74 años";"Mujer";"Gipuzkoa";"%";59,3
2024;"A - Al menos una / Competencia global";"25-74 años";"Mujer";"Gipuzkoa";"%";63,6
2024;"D - Instalar software o aplicaciones";"25-74 años";"Mujer";"C.A. de Euskadi";"%";41,9
2023;"D - Instalar software o aplicaciones";"25-74 años";"Mujer";"C.A. de Euskadi";"%";45,2
2020;"D - Instalar software o aplicaciones";"25-74 años";"Mujer";"C.A. de Euskadi";"%";53,2
2021;"D - Instalar software o aplicaciones";"25-74 años";"Mujer";"C.A. de Euskadi";"%";58,1
2022;"D - Instalar software o aplicaciones";"25-74 años";"Mujer";"C.A. de Euskadi";"%";48,5
2019;"D - Instalar software o aplicaciones";"25-74 años";"Mujer";"C.A. de Euskadi";"%";46,7
2025;"D - Instalar software o aplicaciones";"25-74 años";"Mujer";"C.A. de Euskadi";"%";40,1
2022;"D - Instalar software o aplicaciones";"25-74 años";"Mujer";"Araba/Álava";"%";46,4
2025;"D - Instalar software o aplicaciones";"25-74 años";"Mujer";"Araba/Álava";"%";41
2021;"D - Instalar software o aplicaciones";"25-74 años";"Mujer";"Araba/Álava";"%";59,3
2020;"D - Instalar software o aplicaciones";"25-74 años";"Mujer";"Araba/Álava";"%";51,7
2023;"D - Instalar software o aplicaciones";"25-74 años";"Mujer";"Araba/Álava";"%";49,4
2024;"D - Instalar software o aplicaciones";"25-74 años";"Mujer";"Araba/Álava";"%";40,9
2019;"D - Instalar software o aplicaciones";"25-74 años";"Mujer";"Araba/Álava";"%";45,8
2020;"D - Instalar software o aplicaciones";"25-74 años";"Mujer";"Bizkaia";"%";53,2
2025;"D - Instalar software o aplicaciones";"25-74 años";"Mujer";"Bizkaia";"%";41
2021;"D - Instalar software o aplicaciones";"25-74 años";"Mujer";"Bizkaia";"%";57,3
2023;"D - Instalar software o aplicaciones";"25-74 años";"Mujer";"Bizkaia";"%";45,7
2019;"D - Instalar software o aplicaciones";"25-74 años";"Mujer";"Bizkaia";"%";47,9
2024;"D - Instalar software o aplicaciones";"25-74 años";"Mujer";"Bizkaia";"%";43,8
2022;"D - Instalar software o aplicaciones";"25-74 años";"Mujer";"Bizkaia";"%";48,7
2022;"D - Instalar software o aplicaciones";"25-74 años";"Mujer";"Gipuzkoa";"%";49,2
2021;"D - Instalar software o aplicaciones";"25-74 años";"Mujer";"Gipuzkoa";"%";58,9
2020;"D - Instalar software o aplicaciones";"25-74 años";"Mujer";"Gipuzkoa";"%";53,7
2019;"D - Instalar software o aplicaciones";"25-74 años";"Mujer";"Gipuzkoa";"%";45,1
2025;"D - Instalar software o aplicaciones";"25-74 años";"Mujer";"Gipuzkoa";"%";38
2024;"D - Instalar software o aplicaciones";"25-74 años";"Mujer";"Gipuzkoa";"%";39,3
2023;"D - Instalar software o aplicaciones";"25-74 años";"Mujer";"Gipuzkoa";"%";42,4
2023;"E - Cambiar la configuración de cualquier software, incluídos el sistema operativo, programas de seguridad";"25-74 años";"Mujer";"C.A. de Euskadi";"%";27,5
2019;"E - Cambiar la configuración de cualquier software, incluídos el sistema operativo, programas de seguridad";"25-74 años";"Mujer";"C.A. de Euskadi";"%";10,6
2022;"E - Cambiar la configuración de cualquier software, incluídos el sistema operativo, programas de seguridad";"25-74 años";"Mujer";"C.A. de Euskadi";"%";17,7
2024;"E - Cambiar la configuración de cualquier software, incluídos el sistema operativo, programas de seguridad";"25-74 años";"Mujer";"C.A. de Euskadi";"%";18,4
2021;"E - Cambiar la configuración de cualquier software, incluídos el sistema operativo, programas de seguridad";"25-74 años";"Mujer";"C.A. de Euskadi";"%";21,7
2020;"E - Cambiar la configuración de cualquier software, incluídos el sistema operativo, programas de seguridad";"25-74 años";"Mujer";"C.A. de Euskadi";"%";23
2025;"E - Cambiar la configuración de cualquier software, incluídos el sistema operativo, programas de seguridad";"25-74 años";"Mujer";"C.A. de Euskadi";"%";24,1
2021;"E - Cambiar la configuración de cualquier software, incluídos el sistema operativo, programas de seguridad";"25-74 años";"Mujer";"Araba/Álava";"%";22,4
2024;"E - Cambiar la configuración de cualquier software, incluídos el sistema operativo, programas de seguridad";"25-74 años";"Mujer";"Araba/Álava";"%";23,1
2019;"E - Cambiar la configuración de cualquier software, incluídos el sistema operativo, programas de seguridad";"25-74 años";"Mujer";"Araba/Álava";"%";7,9
2020;"E - Cambiar la configuración de cualquier software, incluídos el sistema operativo, programas de seguridad";"25-74 años";"Mujer";"Araba/Álava";"%";21,1
2023;"E - Cambiar la configuración de cualquier software, incluídos el sistema operativo, programas de seguridad";"25-74 años";"Mujer";"Araba/Álava";"%";24,2
2022;"E - Cambiar la configuración de cualquier software, incluídos el sistema operativo, programas de seguridad";"25-74 años";"Mujer";"Araba/Álava";"%";17,1
2025;"E - Cambiar la configuración de cualquier software, incluídos el sistema operativo, programas de seguridad";"25-74 años";"Mujer";"Araba/Álava";"%";22,4
2023;"E - Cambiar la configuración de cualquier software, incluídos el sistema operativo, programas de seguridad";"25-74 años";"Mujer";"Bizkaia";"%";29,1
2022;"E - Cambiar la configuración de cualquier software, incluídos el sistema operativo, programas de seguridad";"25-74 años";"Mujer";"Bizkaia";"%";17,1
2024;"E - Cambiar la configuración de cualquier software, incluídos el sistema operativo, programas de seguridad";"25-74 años";"Mujer";"Bizkaia";"%";19,4
2021;"E - Cambiar la configuración de cualquier software, incluídos el sistema operativo, programas de seguridad";"25-74 años";"Mujer";"Bizkaia";"%";20,3
2019;"E - Cambiar la configuración de cualquier software, incluídos el sistema operativo, programas de seguridad";"25-74 años";"Mujer";"Bizkaia";"%";12,5
2025;"E - Cambiar la configuración de cualquier software, incluídos el sistema operativo, programas de seguridad";"25-74 años";"Mujer";"Bizkaia";"%";25,4
2020;"E - Cambiar la configuración de cualquier software, incluídos el sistema operativo, programas de seguridad";"25-74 años";"Mujer";"Bizkaia";"%";22,5
2022;"E - Cambiar la configuración de cualquier software, incluídos el sistema operativo, programas de seguridad";"25-74 años";"Mujer";"Gipuzkoa";"%";19
2020;"E - Cambiar la configuración de cualquier software, incluídos el sistema operativo, programas de seguridad";"25-74 años";"Mujer";"Gipuzkoa";"%";24,8
2023;"E - Cambiar la configuración de cualquier software, incluídos el sistema operativo, programas de seguridad";"25-74 años";"Mujer";"Gipuzkoa";"%";26,4
2025;"E - Cambiar la configuración de cualquier software, incluídos el sistema operativo, programas de seguridad";"25-74 años";"Mujer";"Gipuzkoa";"%";22,9
2024;"E - Cambiar la configuración de cualquier software, incluídos el sistema operativo, programas de seguridad";"25-74 años";"Mujer";"Gipuzkoa";"%";14,6
2021;"E - Cambiar la configuración de cualquier software, incluídos el sistema operativo, programas de seguridad";"25-74 años";"Mujer";"Gipuzkoa";"%";23,6
2019;"E - Cambiar la configuración de cualquier software, incluídos el sistema operativo, programas de seguridad";"25-74 años";"Mujer";"Gipuzkoa";"%";8,6
2021;"B - Copiar o mover ficheros o carpetas";"25-74 años";"Mujer";"C.A. de Euskadi";"%";57,1
2020;"B - Copiar o mover ficheros o carpetas";"25-74 años";"Mujer";"C.A. de Euskadi";"%";49,4
2024;"B - Copiar o mover ficheros o carpetas";"25-74 años";"Mujer";"C.A. de Euskadi";"%";45,5
2025;"B - Copiar o mover ficheros o carpetas";"25-74 años";"Mujer";"C.A. de Euskadi";"%";49,1
2022;"B - Copiar o mover ficheros o carpetas";"25-74 años";"Mujer";"C.A. de Euskadi";"%";52,3
2023;"B - Copiar o mover ficheros o carpetas";"25-74 años";"Mujer";"C.A. de Euskadi";"%";51,2
2019;"B - Copiar o mover ficheros o carpetas";"25-74 años";"Mujer";"C.A. de Euskadi";"%";48,5
2023;"B - Copiar o mover ficheros o carpetas";"25-74 años";"Mujer";"Araba/Álava";"%";50,6
2021;"B - Copiar o mover ficheros o carpetas";"25-74 años";"Mujer";"Araba/Álava";"%";56,3
2020;"B - Copiar o mover ficheros o carpetas";"25-74 años";"Mujer";"Araba/Álava";"%";50,7
2025;"B - Copiar o mover ficheros o carpetas";"25-74 años";"Mujer";"Araba/Álava";"%";51,3
2022;"B - Copiar o mover ficheros o carpetas";"25-74 años";"Mujer";"Araba/Álava";"%";53,6
2019;"B - Copiar o mover ficheros o carpetas";"25-74 años";"Mujer";"Araba/Álava";"%";46,9
2024;"B - Copiar o mover ficheros o carpetas";"25-74 años";"Mujer";"Araba/Álava";"%";43,2
2025;"B - Copiar o mover ficheros o carpetas";"25-74 años";"Mujer";"Bizkaia";"%";49,4
2022;"B - Copiar o mover ficheros o carpetas";"25-74 años";"Mujer";"Bizkaia";"%";51
2020;"B - Copiar o mover ficheros o carpetas";"25-74 años";"Mujer";"Bizkaia";"%";47,3
2019;"B - Copiar o mover ficheros o carpetas";"25-74 años";"Mujer";"Bizkaia";"%";48,9
2021;"B - Copiar o mover ficheros o carpetas";"25-74 años";"Mujer";"Bizkaia";"%";56,3
2024;"B - Copiar o mover ficheros o carpetas";"25-74 años";"Mujer";"Bizkaia";"%";46,3
2023;"B - Copiar o mover ficheros o carpetas";"25-74 años";"Mujer";"Bizkaia";"%";50,9
2019;"B - Copiar o mover ficheros o carpetas";"25-74 años";"Mujer";"Gipuzkoa";"%";48,5
2025;"B - Copiar o mover ficheros o carpetas";"25-74 años";"Mujer";"Gipuzkoa";"%";47,7
2024;"B - Copiar o mover ficheros o carpetas";"25-74 años";"Mujer";"Gipuzkoa";"%";45,2
2021;"B - Copiar o mover ficheros o carpetas";"25-74 años";"Mujer";"Gipuzkoa";"%";58,7
2023;"B - Copiar o mover ficheros o carpetas";"25-74 años";"Mujer";"Gipuzkoa";"%";51,9
2020;"B - Copiar o mover ficheros o carpetas";"25-74 años";"Mujer";"Gipuzkoa";"%";52,2
2022;"B - Copiar o mover ficheros o carpetas";"25-74 años";"Mujer";"Gipuzkoa";"%";53,9
2021;"F - Crear presentaciones o documentos que integren texto, imágenes, tablas o gráficos";"25-74 años";"Mujer";"C.A. de Euskadi";"%";40,3
2019;"F - Crear presentaciones o documentos que integren texto, imágenes, tablas o gráficos";"25-74 años";"Mujer";"C.A. de Euskadi";"%";36,5
2024;"F - Crear presentaciones o documentos que integren texto, imágenes, tablas o gráficos";"25-74 años";"Mujer";"C.A. de Euskadi";"%";32,4
2023;"F - Crear presentaciones o documentos que integren texto, imágenes, tablas o gráficos";"25-74 años";"Mujer";"C.A. de Euskadi";"%";35,7
2022;"F - Crear presentaciones o documentos que integren texto, imágenes, tablas o gráficos";"25-74 años";"Mujer";"C.A. de Euskadi";"%";37,5
2020;"F - Crear presentaciones o documentos que integren texto, imágenes, tablas o gráficos";"25-74 años";"Mujer";"C.A. de Euskadi";"%";39,6
2025;"F - Crear presentaciones o documentos que integren texto, imágenes, tablas o gráficos";"25-74 años";"Mujer";"C.A. de Euskadi";"%";37
2023;"F - Crear presentaciones o documentos que integren texto, imágenes, tablas o gráficos";"25-74 años";"Mujer";"Araba/Álava";"%";33,3
2022;"F - Crear presentaciones o documentos que integren texto, imágenes, tablas o gráficos";"25-74 años";"Mujer";"Araba/Álava";"%";38,5
2020;"F - Crear presentaciones o documentos que integren texto, imágenes, tablas o gráficos";"25-74 años";"Mujer";"Araba/Álava";"%";38,7
2024;"F - Crear presentaciones o documentos que integren texto, imágenes, tablas o gráficos";"25-74 años";"Mujer";"Araba/Álava";"%";28,5
2025;"F - Crear presentaciones o documentos que integren texto, imágenes, tablas o gráficos";"25-74 años";"Mujer";"Araba/Álava";"%";37,7
2021;"F - Crear presentaciones o documentos que integren texto, imágenes, tablas o gráficos";"25-74 años";"Mujer";"Araba/Álava";"%";40,2
2019;"F - Crear presentaciones o documentos que integren texto, imágenes, tablas o gráficos";"25-74 años";"Mujer";"Araba/Álava";"%";37,2
2019;"F - Crear presentaciones o documentos que integren texto, imágenes, tablas o gráficos";"25-74 años";"Mujer";"Bizkaia";"%";35,5
2023;"F - Crear presentaciones o documentos que integren texto, imágenes, tablas o gráficos";"25-74 años";"Mujer";"Bizkaia";"%";36,5
2022;"F - Crear presentaciones o documentos que integren texto, imágenes, tablas o gráficos";"25-74 años";"Mujer";"Bizkaia";"%";36,8
2025;"F - Crear presentaciones o documentos que integren texto, imágenes, tablas o gráficos";"25-74 años";"Mujer";"Bizkaia";"%";38
2021;"F - Crear presentaciones o documentos que integren texto, imágenes, tablas o gráficos";"25-74 años";"Mujer";"Bizkaia";"%";39,4
2020;"F - Crear presentaciones o documentos que integren texto, imágenes, tablas o gráficos";"25-74 años";"Mujer";"Bizkaia";"%";39
2024;"F - Crear presentaciones o documentos que integren texto, imágenes, tablas o gráficos";"25-74 años";"Mujer";"Bizkaia";"%";34,4
2021;"F - Crear presentaciones o documentos que integren texto, imágenes, tablas o gráficos";"25-74 años";"Mujer";"Gipuzkoa";"%";41,8
2020;"F - Crear presentaciones o documentos que integren texto, imágenes, tablas o gráficos";"25-74 años";"Mujer";"Gipuzkoa";"%";41,1
2024;"F - Crear presentaciones o documentos que integren texto, imágenes, tablas o gráficos";"25-74 años";"Mujer";"Gipuzkoa";"%";30,9
2022;"F - Crear presentaciones o documentos que integren texto, imágenes, tablas o gráficos";"25-74 años";"Mujer";"Gipuzkoa";"%";38,2
2019;"F - Crear presentaciones o documentos que integren texto, imágenes, tablas o gráficos";"25-74 años";"Mujer";"Gipuzkoa";"%";37,9
2023;"F - Crear presentaciones o documentos que integren texto, imágenes, tablas o gráficos";"25-74 años";"Mujer";"Gipuzkoa";"%";35,6
2025;"F - Crear presentaciones o documentos que integren texto, imágenes, tablas o gráficos";"25-74 años";"Mujer";"Gipuzkoa";"%";34,9
2025;"H - Programar en un lenguaje de programación";"25-74 años";"Mujer";"C.A. de Euskadi";"%";2,4
2019;"H - Programar en un lenguaje de programación";"25-74 años";"Mujer";"C.A. de Euskadi";"%";2,4
2020;"H - Programar en un lenguaje de programación";"25-74 años";"Mujer";"C.A. de Euskadi";"%";3,4
2023;"H - Programar en un lenguaje de programación";"25-74 años";"Mujer";"C.A. de Euskadi";"%";3,5
2022;"H - Programar en un lenguaje de programación";"25-74 años";"Mujer";"C.A. de Euskadi";"%";2,6
2024;"H - Programar en un lenguaje de programación";"25-74 años";"Mujer";"C.A. de Euskadi";"%";2,5
2021;"H - Programar en un lenguaje de programación";"25-74 años";"Mujer";"C.A. de Euskadi";"%";2,1
2019;"H - Programar en un lenguaje de programación";"25-74 años";"Mujer";"Araba/Álava";"%";2,5
2025;"H - Programar en un lenguaje de programación";"25-74 años";"Mujer";"Araba/Álava";"%";3,1
2023;"H - Programar en un lenguaje de programación";"25-74 años";"Mujer";"Araba/Álava";"%";2,9
2020;"H - Programar en un lenguaje de programación";"25-74 años";"Mujer";"Araba/Álava";"%";4,7
2024;"H - Programar en un lenguaje de programación";"25-74 años";"Mujer";"Araba/Álava";"%";1,6
2022;"H - Programar en un lenguaje de programación";"25-74 años";"Mujer";"Araba/Álava";"%";2,8
2021;"H - Programar en un lenguaje de programación";"25-74 años";"Mujer";"Araba/Álava";"%";3
2025;"H - Programar en un lenguaje de programación";"25-74 años";"Mujer";"Bizkaia";"%";2,1
2024;"H - Programar en un lenguaje de programación";"25-74 años";"Mujer";"Bizkaia";"%";3,5
2022;"H - Programar en un lenguaje de programación";"25-74 años";"Mujer";"Bizkaia";"%";2,6
2023;"H - Programar en un lenguaje de programación";"25-74 años";"Mujer";"Bizkaia";"%";4,1
2021;"H - Programar en un lenguaje de programación";"25-74 años";"Mujer";"Bizkaia";"%";2,1
2019;"H - Programar en un lenguaje de programación";"25-74 años";"Mujer";"Bizkaia";"%";2,5
2020;"H - Programar en un lenguaje de programación";"25-74 años";"Mujer";"Bizkaia";"%";2,7
2021;"H - Programar en un lenguaje de programación";"25-74 años";"Mujer";"Gipuzkoa";"%";1,8
2023;"H - Programar en un lenguaje de programación";"25-74 años";"Mujer";"Gipuzkoa";"%";2,7
2020;"H - Programar en un lenguaje de programación";"25-74 años";"Mujer";"Gipuzkoa";"%";3,9
2019;"H - Programar en un lenguaje de programación";"25-74 años";"Mujer";"Gipuzkoa";"%";2,2
2025;"H - Programar en un lenguaje de programación";"25-74 años";"Mujer";"Gipuzkoa";"%";2,7
2024;"H - Programar en un lenguaje de programación";"25-74 años";"Mujer";"Gipuzkoa";"%";1,2
2022;"H - Programar en un lenguaje de programación";"25-74 años";"Mujer";"Gipuzkoa";"%";2,6
2024;"G - Usar hojas de cálculo";"25-74 años";"Mujer";"C.A. de Euskadi";"%";35,8
2023;"G - Usar hojas de cálculo";"25-74 años";"Mujer";"C.A. de Euskadi";"%";37,9
2021;"G - Usar hojas de cálculo";"25-74 años";"Mujer";"C.A. de Euskadi";"%";39,6
2019;"G - Usar hojas de cálculo";"25-74 años";"Mujer";"C.A. de Euskadi";"%";36,1
2022;"G - Usar hojas de cálculo";"25-74 años";"Mujer";"C.A. de Euskadi";"%";37,6
2020;"G - Usar hojas de cálculo";"25-74 años";"Mujer";"C.A. de Euskadi";"%";36,3
2025;"G - Usar hojas de cálculo";"25-74 años";"Mujer";"C.A. de Euskadi";"%";37,2
2021;"G - Usar hojas de cálculo";"25-74 años";"Mujer";"Araba/Álava";"%";40,9
2023;"G - Usar hojas de cálculo";"25-74 años";"Mujer";"Araba/Álava";"%";36,6
2020;"G - Usar hojas de cálculo";"25-74 años";"Mujer";"Araba/Álava";"%";36,9
2019;"G - Usar hojas de cálculo";"25-74 años";"Mujer";"Araba/Álava";"%";36,6
2024;"G - Usar hojas de cálculo";"25-74 años";"Mujer";"Araba/Álava";"%";32,3
2025;"G - Usar hojas de cálculo";"25-74 años";"Mujer";"Araba/Álava";"%";36,1
2022;"G - Usar hojas de cálculo";"25-74 años";"Mujer";"Araba/Álava";"%";40,6
2025;"G - Usar hojas de cálculo";"25-74 años";"Mujer";"Bizkaia";"%";38,5
2024;"G - Usar hojas de cálculo";"25-74 años";"Mujer";"Bizkaia";"%";37,2
2023;"G - Usar hojas de cálculo";"25-74 años";"Mujer";"Bizkaia";"%";37,6
2020;"G - Usar hojas de cálculo";"25-74 años";"Mujer";"Bizkaia";"%";35
2019;"G - Usar hojas de cálculo";"25-74 años";"Mujer";"Bizkaia";"%";35
2022;"G - Usar hojas de cálculo";"25-74 años";"Mujer";"Bizkaia";"%";35,1
2021;"G - Usar hojas de cálculo";"25-74 años";"Mujer";"Bizkaia";"%";38,7
2025;"G - Usar hojas de cálculo";"25-74 años";"Mujer";"Gipuzkoa";"%";35,6
2024;"G - Usar hojas de cálculo";"25-74 años";"Mujer";"Gipuzkoa";"%";35,1
2022;"G - Usar hojas de cálculo";"25-74 años";"Mujer";"Gipuzkoa";"%";40,3
2021;"G - Usar hojas de cálculo";"25-74 años";"Mujer";"Gipuzkoa";"%";40,4
2020;"G - Usar hojas de cálculo";"25-74 años";"Mujer";"Gipuzkoa";"%";38,3
2019;"G - Usar hojas de cálculo";"25-74 años";"Mujer";"Gipuzkoa";"%";37,7
2023;"G - Usar hojas de cálculo";"25-74 años";"Mujer";"Gipuzkoa";"%";39,1
2024;"C - Transferir ficheros entre el ordenador y otros dispositivos (móviles, cámaras, etc)";"25-74 años";"Mujer";"C.A. de Euskadi";"%";32
2019;"C - Transferir ficheros entre el ordenador y otros dispositivos (móviles, cámaras, etc)";"25-74 años";"Mujer";"C.A. de Euskadi";"%";45,8
2020;"C - Transferir ficheros entre el ordenador y otros dispositivos (móviles, cámaras, etc)";"25-74 años";"Mujer";"C.A. de Euskadi";"%";48,8
2021;"C - Transferir ficheros entre el ordenador y otros dispositivos (móviles, cámaras, etc)";"25-74 años";"Mujer";"C.A. de Euskadi";"%";55,6
2022;"C - Transferir ficheros entre el ordenador y otros dispositivos (móviles, cámaras, etc)";"25-74 años";"Mujer";"C.A. de Euskadi";"%";47,3
2023;"C - Transferir ficheros entre el ordenador y otros dispositivos (móviles, cámaras, etc)";"25-74 años";"Mujer";"C.A. de Euskadi";"%";43,6
2025;"C - Transferir ficheros entre el ordenador y otros dispositivos (móviles, cámaras, etc)";"25-74 años";"Mujer";"C.A. de Euskadi";"%";36,6
2020;"C - Transferir ficheros entre el ordenador y otros dispositivos (móviles, cámaras, etc)";"25-74 años";"Mujer";"Araba/Álava";"%";51,1
2019;"C - Transferir ficheros entre el ordenador y otros dispositivos (móviles, cámaras, etc)";"25-74 años";"Mujer";"Araba/Álava";"%";44
2021;"C - Transferir ficheros entre el ordenador y otros dispositivos (móviles, cámaras, etc)";"25-74 años";"Mujer";"Araba/Álava";"%";52,8
2023;"C - Transferir ficheros entre el ordenador y otros dispositivos (móviles, cámaras, etc)";"25-74 años";"Mujer";"Araba/Álava";"%";40,8
2025;"C - Transferir ficheros entre el ordenador y otros dispositivos (móviles, cámaras, etc)";"25-74 años";"Mujer";"Araba/Álava";"%";34,8
2024;"C - Transferir ficheros entre el ordenador y otros dispositivos (móviles, cámaras, etc)";"25-74 años";"Mujer";"Araba/Álava";"%";30,3
2022;"C - Transferir ficheros entre el ordenador y otros dispositivos (móviles, cámaras, etc)";"25-74 años";"Mujer";"Araba/Álava";"%";49,1
2023;"C - Transferir ficheros entre el ordenador y otros dispositivos (móviles, cámaras, etc)";"25-74 años";"Mujer";"Bizkaia";"%";43,5
2022;"C - Transferir ficheros entre el ordenador y otros dispositivos (móviles, cámaras, etc)";"25-74 años";"Mujer";"Bizkaia";"%";46,6
2025;"C - Transferir ficheros entre el ordenador y otros dispositivos (móviles, cámaras, etc)";"25-74 años";"Mujer";"Bizkaia";"%";37,6
2024;"C - Transferir ficheros entre el ordenador y otros dispositivos (móviles, cámaras, etc)";"25-74 años";"Mujer";"Bizkaia";"%";33,2
2021;"C - Transferir ficheros entre el ordenador y otros dispositivos (móviles, cámaras, etc)";"25-74 años";"Mujer";"Bizkaia";"%";55,3
2020;"C - Transferir ficheros entre el ordenador y otros dispositivos (móviles, cámaras, etc)";"25-74 años";"Mujer";"Bizkaia";"%";47,5
2019;"C - Transferir ficheros entre el ordenador y otros dispositivos (móviles, cámaras, etc)";"25-74 años";"Mujer";"Bizkaia";"%";46,4
2024;"C - Transferir ficheros entre el ordenador y otros dispositivos (móviles, cámaras, etc)";"25-74 años";"Mujer";"Gipuzkoa";"%";30,8
2020;"C - Transferir ficheros entre el ordenador y otros dispositivos (móviles, cámaras, etc)";"25-74 años";"Mujer";"Gipuzkoa";"%";49,9
2019;"C - Transferir ficheros entre el ordenador y otros dispositivos (móviles, cámaras, etc)";"25-74 años";"Mujer";"Gipuzkoa";"%";45,7
2022;"C - Transferir ficheros entre el ordenador y otros dispositivos (móviles, cámaras, etc)";"25-74 años";"Mujer";"Gipuzkoa";"%";47,5
2021;"C - Transferir ficheros entre el ordenador y otros dispositivos (móviles, cámaras, etc)";"25-74 años";"Mujer";"Gipuzkoa";"%";57,4
2025;"C - Transferir ficheros entre el ordenador y otros dispositivos (móviles, cámaras, etc)";"25-74 años";"Mujer";"Gipuzkoa";"%";35,8
2023;"C - Transferir ficheros entre el ordenador y otros dispositivos (móviles, cámaras, etc)";"25-74 años";"Mujer";"Gipuzkoa";"%";45
2025;"A - Al menos una / Competencia global";"25-74 años";"Hombre";"C.A. de Euskadi";"%";69,9
2021;"A - Al menos una / Competencia global";"25-74 años";"Hombre";"C.A. de Euskadi";"%";73,4
2020;"A - Al menos una / Competencia global";"25-74 años";"Hombre";"C.A. de Euskadi";"%";68,3
2023;"A - Al menos una / Competencia global";"25-74 años";"Hombre";"C.A. de Euskadi";"%";69,6
2024;"A - Al menos una / Competencia global";"25-74 años";"Hombre";"C.A. de Euskadi";"%";68,1
2019;"A - Al menos una / Competencia global";"25-74 años";"Hombre";"C.A. de Euskadi";"%";66,9
2022;"A - Al menos una / Competencia global";"25-74 años";"Hombre";"C.A. de Euskadi";"%";66,1
2025;"A - Al menos una / Competencia global";"25-74 años";"Hombre";"Araba/Álava";"%";69,4
2023;"A - Al menos una / Competencia global";"25-74 años";"Hombre";"Araba/Álava";"%";65
2020;"A - Al menos una / Competencia global";"25-74 años";"Hombre";"Araba/Álava";"%";65,3
2024;"A - Al menos una / Competencia global";"25-74 años";"Hombre";"Araba/Álava";"%";69,4
2019;"A - Al menos una / Competencia global";"25-74 años";"Hombre";"Araba/Álava";"%";68,8
2022;"A - Al menos una / Competencia global";"25-74 años";"Hombre";"Araba/Álava";"%";65,9
2021;"A - Al menos una / Competencia global";"25-74 años";"Hombre";"Araba/Álava";"%";73,2
2023;"A - Al menos una / Competencia global";"25-74 años";"Hombre";"Bizkaia";"%";70,8
2025;"A - Al menos una / Competencia global";"25-74 años";"Hombre";"Bizkaia";"%";71,1
2020;"A - Al menos una / Competencia global";"25-74 años";"Hombre";"Bizkaia";"%";68,8
2024;"A - Al menos una / Competencia global";"25-74 años";"Hombre";"Bizkaia";"%";69,8
2021;"A - Al menos una / Competencia global";"25-74 años";"Hombre";"Bizkaia";"%";74,3
2022;"A - Al menos una / Competencia global";"25-74 años";"Hombre";"Bizkaia";"%";66,9
2019;"A - Al menos una / Competencia global";"25-74 años";"Hombre";"Bizkaia";"%";68,2
2019;"A - Al menos una / Competencia global";"25-74 años";"Hombre";"Gipuzkoa";"%";64
2025;"A - Al menos una / Competencia global";"25-74 años";"Hombre";"Gipuzkoa";"%";68,2
2020;"A - Al menos una / Competencia global";"25-74 años";"Hombre";"Gipuzkoa";"%";68,8
2022;"A - Al menos una / Competencia global";"25-74 años";"Hombre";"Gipuzkoa";"%";64,8
2024;"A - Al menos una / Competencia global";"25-74 años";"Hombre";"Gipuzkoa";"%";64,9
2023;"A - Al menos una / Competencia global";"25-74 años";"Hombre";"Gipuzkoa";"%";69,9
2021;"A - Al menos una / Competencia global";"25-74 años";"Hombre";"Gipuzkoa";"%";72,1
2023;"D - Instalar software o aplicaciones";"25-74 años";"Hombre";"C.A. de Euskadi";"%";51,5
2022;"D - Instalar software o aplicaciones";"25-74 años";"Hombre";"C.A. de Euskadi";"%";52,5
2021;"D - Instalar software o aplicaciones";"25-74 años";"Hombre";"C.A. de Euskadi";"%";64,8
2020;"D - Instalar software o aplicaciones";"25-74 años";"Hombre";"C.A. de Euskadi";"%";57,4
2024;"D - Instalar software o aplicaciones";"25-74 años";"Hombre";"C.A. de Euskadi";"%";47,9
2019;"D - Instalar software o aplicaciones";"25-74 años";"Hombre";"C.A. de Euskadi";"%";54,7
2025;"D - Instalar software o aplicaciones";"25-74 años";"Hombre";"C.A. de Euskadi";"%";46,2
2025;"D - Instalar software o aplicaciones";"25-74 años";"Hombre";"Araba/Álava";"%";48,3
2019;"D - Instalar software o aplicaciones";"25-74 años";"Hombre";"Araba/Álava";"%";56,9
2023;"D - Instalar software o aplicaciones";"25-74 años";"Hombre";"Araba/Álava";"%";50,1
2022;"D - Instalar software o aplicaciones";"25-74 años";"Hombre";"Araba/Álava";"%";53,4
2024;"D - Instalar software o aplicaciones";"25-74 años";"Hombre";"Araba/Álava";"%";51,2
2021;"D - Instalar software o aplicaciones";"25-74 años";"Hombre";"Araba/Álava";"%";65,9
2020;"D - Instalar software o aplicaciones";"25-74 años";"Hombre";"Araba/Álava";"%";54,1
2025;"D - Instalar software o aplicaciones";"25-74 años";"Hombre";"Bizkaia";"%";46,6
2019;"D - Instalar software o aplicaciones";"25-74 años";"Hombre";"Bizkaia";"%";56,4
2021;"D - Instalar software o aplicaciones";"25-74 años";"Hombre";"Bizkaia";"%";65,6
2022;"D - Instalar software o aplicaciones";"25-74 años";"Hombre";"Bizkaia";"%";53,4
2023;"D - Instalar software o aplicaciones";"25-74 años";"Hombre";"Bizkaia";"%";52,2
2020;"D - Instalar software o aplicaciones";"25-74 años";"Hombre";"Bizkaia";"%";56,6
2024;"D - Instalar software o aplicaciones";"25-74 años";"Hombre";"Bizkaia";"%";48,9
2021;"D - Instalar software o aplicaciones";"25-74 años";"Hombre";"Gipuzkoa";"%";62,9
2025;"D - Instalar software o aplicaciones";"25-74 años";"Hombre";"Gipuzkoa";"%";44,4
2019;"D - Instalar software o aplicaciones";"25-74 años";"Hombre";"Gipuzkoa";"%";50,8
2020;"D - Instalar software o aplicaciones";"25-74 años";"Hombre";"Gipuzkoa";"%";60,1
2024;"D - Instalar software o aplicaciones";"25-74 años";"Hombre";"Gipuzkoa";"%";44,8
2022;"D - Instalar software o aplicaciones";"25-74 años";"Hombre";"Gipuzkoa";"%";50,6
2023;"D - Instalar software o aplicaciones";"25-74 años";"Hombre";"Gipuzkoa";"%";51,1
2019;"E - Cambiar la configuración de cualquier software, incluídos el sistema operativo, programas de seguridad";"25-74 años";"Hombre";"C.A. de Euskadi";"%";19,1
2022;"E - Cambiar la configuración de cualquier software, incluídos el sistema operativo, programas de seguridad";"25-74 años";"Hombre";"C.A. de Euskadi";"%";24,9
2021;"E - Cambiar la configuración de cualquier software, incluídos el sistema operativo, programas de seguridad";"25-74 años";"Hombre";"C.A. de Euskadi";"%";29,2
2024;"E - Cambiar la configuración de cualquier software, incluídos el sistema operativo, programas de seguridad";"25-74 años";"Hombre";"C.A. de Euskadi";"%";21,5
2023;"E - Cambiar la configuración de cualquier software, incluídos el sistema operativo, programas de seguridad";"25-74 años";"Hombre";"C.A. de Euskadi";"%";36,4
2025;"E - Cambiar la configuración de cualquier software, incluídos el sistema operativo, programas de seguridad";"25-74 años";"Hombre";"C.A. de Euskadi";"%";31,3
2020;"E - Cambiar la configuración de cualquier software, incluídos el sistema operativo, programas de seguridad";"25-74 años";"Hombre";"C.A. de Euskadi";"%";29,3
2022;"E - Cambiar la configuración de cualquier software, incluídos el sistema operativo, programas de seguridad";"25-74 años";"Hombre";"Araba/Álava";"%";26,2
2020;"E - Cambiar la configuración de cualquier software, incluídos el sistema operativo, programas de seguridad";"25-74 años";"Hombre";"Araba/Álava";"%";26,6
2024;"E - Cambiar la configuración de cualquier software, incluídos el sistema operativo, programas de seguridad";"25-74 años";"Hombre";"Araba/Álava";"%";21,7
2023;"E - Cambiar la configuración de cualquier software, incluídos el sistema operativo, programas de seguridad";"25-74 años";"Hombre";"Araba/Álava";"%";37,1
2021;"E - Cambiar la configuración de cualquier software, incluídos el sistema operativo, programas de seguridad";"25-74 años";"Hombre";"Araba/Álava";"%";28
2019;"E - Cambiar la configuración de cualquier software, incluídos el sistema operativo, programas de seguridad";"25-74 años";"Hombre";"Araba/Álava";"%";22,7
2025;"E - Cambiar la configuración de cualquier software, incluídos el sistema operativo, programas de seguridad";"25-74 años";"Hombre";"Araba/Álava";"%";34,1
2022;"E - Cambiar la configuración de cualquier software, incluídos el sistema operativo, programas de seguridad";"25-74 años";"Hombre";"Bizkaia";"%";24,5
2020;"E - Cambiar la configuración de cualquier software, incluídos el sistema operativo, programas de seguridad";"25-74 años";"Hombre";"Bizkaia";"%";29
2025;"E - Cambiar la configuración de cualquier software, incluídos el sistema operativo, programas de seguridad";"25-74 años";"Hombre";"Bizkaia";"%";31,5
2021;"E - Cambiar la configuración de cualquier software, incluídos el sistema operativo, programas de seguridad";"25-74 años";"Hombre";"Bizkaia";"%";30,9
2019;"E - Cambiar la configuración de cualquier software, incluídos el sistema operativo, programas de seguridad";"25-74 años";"Hombre";"Bizkaia";"%";18,7
2024;"E - Cambiar la configuración de cualquier software, incluídos el sistema operativo, programas de seguridad";"25-74 años";"Hombre";"Bizkaia";"%";21,9
2023;"E - Cambiar la configuración de cualquier software, incluídos el sistema operativo, programas de seguridad";"25-74 años";"Hombre";"Bizkaia";"%";37,1
2024;"E - Cambiar la configuración de cualquier software, incluídos el sistema operativo, programas de seguridad";"25-74 años";"Hombre";"Gipuzkoa";"%";20,9
2023;"E - Cambiar la configuración de cualquier software, incluídos el sistema operativo, programas de seguridad";"25-74 años";"Hombre";"Gipuzkoa";"%";34,7
2022;"E - Cambiar la configuración de cualquier software, incluídos el sistema operativo, programas de seguridad";"25-74 años";"Hombre";"Gipuzkoa";"%";25
2019;"E - Cambiar la configuración de cualquier software, incluídos el sistema operativo, programas de seguridad";"25-74 años";"Hombre";"Gipuzkoa";"%";18,1
2021;"E - Cambiar la configuración de cualquier software, incluídos el sistema operativo, programas de seguridad";"25-74 años";"Hombre";"Gipuzkoa";"%";27,1
2025;"E - Cambiar la configuración de cualquier software, incluídos el sistema operativo, programas de seguridad";"25-74 años";"Hombre";"Gipuzkoa";"%";29,6
2020;"E - Cambiar la configuración de cualquier software, incluídos el sistema operativo, programas de seguridad";"25-74 años";"Hombre";"Gipuzkoa";"%";31,1
2024;"B - Copiar o mover ficheros o carpetas";"25-74 años";"Hombre";"C.A. de Euskadi";"%";48,2
2021;"B - Copiar o mover ficheros o carpetas";"25-74 años";"Hombre";"C.A. de Euskadi";"%";59,2
2020;"B - Copiar o mover ficheros o carpetas";"25-74 años";"Hombre";"C.A. de Euskadi";"%";53,7
2023;"B - Copiar o mover ficheros o carpetas";"25-74 años";"Hombre";"C.A. de Euskadi";"%";52,6
2022;"B - Copiar o mover ficheros o carpetas";"25-74 años";"Hombre";"C.A. de Euskadi";"%";54,2
2025;"B - Copiar o mover ficheros o carpetas";"25-74 años";"Hombre";"C.A. de Euskadi";"%";50,4
2019;"B - Copiar o mover ficheros o carpetas";"25-74 años";"Hombre";"C.A. de Euskadi";"%";54,6
2019;"B - Copiar o mover ficheros o carpetas";"25-74 años";"Hombre";"Araba/Álava";"%";56,8
2024;"B - Copiar o mover ficheros o carpetas";"25-74 años";"Hombre";"Araba/Álava";"%";51,5
2022;"B - Copiar o mover ficheros o carpetas";"25-74 años";"Hombre";"Araba/Álava";"%";53,7
2020;"B - Copiar o mover ficheros o carpetas";"25-74 años";"Hombre";"Araba/Álava";"%";50,7
2023;"B - Copiar o mover ficheros o carpetas";"25-74 años";"Hombre";"Araba/Álava";"%";47,9
2021;"B - Copiar o mover ficheros o carpetas";"25-74 años";"Hombre";"Araba/Álava";"%";61,2
2025;"B - Copiar o mover ficheros o carpetas";"25-74 años";"Hombre";"Araba/Álava";"%";49,5
2022;"B - Copiar o mover ficheros o carpetas";"25-74 años";"Hombre";"Bizkaia";"%";54,3
2019;"B - Copiar o mover ficheros o carpetas";"25-74 años";"Hombre";"Bizkaia";"%";55,6
2021;"B - Copiar o mover ficheros o carpetas";"25-74 años";"Hombre";"Bizkaia";"%";60,5
2025;"B - Copiar o mover ficheros o carpetas";"25-74 años";"Hombre";"Bizkaia";"%";50,6
2024;"B - Copiar o mover ficheros o carpetas";"25-74 años";"Hombre";"Bizkaia";"%";48,2
2020;"B - Copiar o mover ficheros o carpetas";"25-74 años";"Hombre";"Bizkaia";"%";54,5
2023;"B - Copiar o mover ficheros o carpetas";"25-74 años";"Hombre";"Bizkaia";"%";53,4
2025;"B - Copiar o mover ficheros o carpetas";"25-74 años";"Hombre";"Gipuzkoa";"%";50,7
2021;"B - Copiar o mover ficheros o carpetas";"25-74 años";"Hombre";"Gipuzkoa";"%";56,1
2019;"B - Copiar o mover ficheros o carpetas";"25-74 años";"Hombre";"Gipuzkoa";"%";52,1
2022;"B - Copiar o mover ficheros o carpetas";"25-74 años";"Hombre";"Gipuzkoa";"%";54,2
2023;"B - Copiar o mover ficheros o carpetas";"25-74 años";"Hombre";"Gipuzkoa";"%";53,6
2020;"B - Copiar o mover ficheros o carpetas";"25-74 años";"Hombre";"Gipuzkoa";"%";53,7
2024;"B - Copiar o mover ficheros o carpetas";"25-74 años";"Hombre";"Gipuzkoa";"%";46,6
2025;"F - Crear presentaciones o documentos que integren texto, imágenes, tablas o gráficos";"25-74 años";"Hombre";"C.A. de Euskadi";"%";37,8
2022;"F - Crear presentaciones o documentos que integren texto, imágenes, tablas o gráficos";"25-74 años";"Hombre";"C.A. de Euskadi";"%";36,8
2023;"F - Crear presentaciones o documentos que integren texto, imágenes, tablas o gráficos";"25-74 años";"Hombre";"C.A. de Euskadi";"%";35,1
2021;"F - Crear presentaciones o documentos que integren texto, imágenes, tablas o gráficos";"25-74 años";"Hombre";"C.A. de Euskadi";"%";41,7
2019;"F - Crear presentaciones o documentos que integren texto, imágenes, tablas o gráficos";"25-74 años";"Hombre";"C.A. de Euskadi";"%";38,3
2024;"F - Crear presentaciones o documentos que integren texto, imágenes, tablas o gráficos";"25-74 años";"Hombre";"C.A. de Euskadi";"%";36,7
2020;"F - Crear presentaciones o documentos que integren texto, imágenes, tablas o gráficos";"25-74 años";"Hombre";"C.A. de Euskadi";"%";40,1
2023;"F - Crear presentaciones o documentos que integren texto, imágenes, tablas o gráficos";"25-74 años";"Hombre";"Araba/Álava";"%";30,9
2021;"F - Crear presentaciones o documentos que integren texto, imágenes, tablas o gráficos";"25-74 años";"Hombre";"Araba/Álava";"%";44,8
2025;"F - Crear presentaciones o documentos que integren texto, imágenes, tablas o gráficos";"25-74 años";"Hombre";"Araba/Álava";"%";38,2
2022;"F - Crear presentaciones o documentos que integren texto, imágenes, tablas o gráficos";"25-74 años";"Hombre";"Araba/Álava";"%";39
2024;"F - Crear presentaciones o documentos que integren texto, imágenes, tablas o gráficos";"25-74 años";"Hombre";"Araba/Álava";"%";35,1
2020;"F - Crear presentaciones o documentos que integren texto, imágenes, tablas o gráficos";"25-74 años";"Hombre";"Araba/Álava";"%";38,3
2019;"F - Crear presentaciones o documentos que integren texto, imágenes, tablas o gráficos";"25-74 años";"Hombre";"Araba/Álava";"%";35,5
2025;"F - Crear presentaciones o documentos que integren texto, imágenes, tablas o gráficos";"25-74 años";"Hombre";"Bizkaia";"%";37,5
2024;"F - Crear presentaciones o documentos que integren texto, imágenes, tablas o gráficos";"25-74 años";"Hombre";"Bizkaia";"%";37,8
2020;"F - Crear presentaciones o documentos que integren texto, imágenes, tablas o gráficos";"25-74 años";"Hombre";"Bizkaia";"%";41,4
2021;"F - Crear presentaciones o documentos que integren texto, imágenes, tablas o gráficos";"25-74 años";"Hombre";"Bizkaia";"%";43,4
2023;"F - Crear presentaciones o documentos que integren texto, imágenes, tablas o gráficos";"25-74 años";"Hombre";"Bizkaia";"%";34,4
2022;"F - Crear presentaciones o documentos que integren texto, imágenes, tablas o gráficos";"25-74 años";"Hombre";"Bizkaia";"%";36,4
2019;"F - Crear presentaciones o documentos que integren texto, imágenes, tablas o gráficos";"25-74 años";"Hombre";"Bizkaia";"%";39,7
2024;"F - Crear presentaciones o documentos que integren texto, imágenes, tablas o gráficos";"25-74 años";"Hombre";"Gipuzkoa";"%";35,8
2023;"F - Crear presentaciones o documentos que integren texto, imágenes, tablas o gráficos";"25-74 años";"Hombre";"Gipuzkoa";"%";38,3
2022;"F - Crear presentaciones o documentos que integren texto, imágenes, tablas o gráficos";"25-74 años";"Hombre";"Gipuzkoa";"%";36,3
2021;"F - Crear presentaciones o documentos que integren texto, imágenes, tablas o gráficos";"25-74 años";"Hombre";"Gipuzkoa";"%";37,5
2020;"F - Crear presentaciones o documentos que integren texto, imágenes, tablas o gráficos";"25-74 años";"Hombre";"Gipuzkoa";"%";38,9
2019;"F - Crear presentaciones o documentos que integren texto, imágenes, tablas o gráficos";"25-74 años";"Hombre";"Gipuzkoa";"%";37,2
2025;"F - Crear presentaciones o documentos que integren texto, imágenes, tablas o gráficos";"25-74 años";"Hombre";"Gipuzkoa";"%";38,1
2025;"H - Programar en un lenguaje de programación";"25-74 años";"Hombre";"C.A. de Euskadi";"%";7,5
2023;"H - Programar en un lenguaje de programación";"25-74 años";"Hombre";"C.A. de Euskadi";"%";6,3
2024;"H - Programar en un lenguaje de programación";"25-74 años";"Hombre";"C.A. de Euskadi";"%";4,6
2021;"H - Programar en un lenguaje de programación";"25-74 años";"Hombre";"C.A. de Euskadi";"%";5,9
2020;"H - Programar en un lenguaje de programación";"25-74 años";"Hombre";"C.A. de Euskadi";"%";6,2
2022;"H - Programar en un lenguaje de programación";"25-74 años";"Hombre";"C.A. de Euskadi";"%";6,5
2019;"H - Programar en un lenguaje de programación";"25-74 años";"Hombre";"C.A. de Euskadi";"%";7,3
2025;"H - Programar en un lenguaje de programación";"25-74 años";"Hombre";"Araba/Álava";"%";5,9
2020;"H - Programar en un lenguaje de programación";"25-74 años";"Hombre";"Araba/Álava";"%";6,5
2024;"H - Programar en un lenguaje de programación";"25-74 años";"Hombre";"Araba/Álava";"%";2,1
2022;"H - Programar en un lenguaje de programación";"25-74 años";"Hombre";"Araba/Álava";"%";5,2
2019;"H - Programar en un lenguaje de programación";"25-74 años";"Hombre";"Araba/Álava";"%";7
2021;"H - Programar en un lenguaje de programación";"25-74 años";"Hombre";"Araba/Álava";"%";6
2023;"H - Programar en un lenguaje de programación";"25-74 años";"Hombre";"Araba/Álava";"%";2,8
2025;"H - Programar en un lenguaje de programación";"25-74 años";"Hombre";"Bizkaia";"%";8,8
2022;"H - Programar en un lenguaje de programación";"25-74 años";"Hombre";"Bizkaia";"%";6,2
2023;"H - Programar en un lenguaje de programación";"25-74 años";"Hombre";"Bizkaia";"%";6,4
2019;"H - Programar en un lenguaje de programación";"25-74 años";"Hombre";"Bizkaia";"%";7,5
2024;"H - Programar en un lenguaje de programación";"25-74 años";"Hombre";"Bizkaia";"%";4,9
2020;"H - Programar en un lenguaje de programación";"25-74 años";"Hombre";"Bizkaia";"%";6,4
2021;"H - Programar en un lenguaje de programación";"25-74 años";"Hombre";"Bizkaia";"%";5,9
2020;"H - Programar en un lenguaje de programación";"25-74 años";"Hombre";"Gipuzkoa";"%";5,7
2025;"H - Programar en un lenguaje de programación";"25-74 años";"Hombre";"Gipuzkoa";"%";6,2
2024;"H - Programar en un lenguaje de programación";"25-74 años";"Hombre";"Gipuzkoa";"%";5,3
2023;"H - Programar en un lenguaje de programación";"25-74 años";"Hombre";"Gipuzkoa";"%";7,9
2022;"H - Programar en un lenguaje de programación";"25-74 años";"Hombre";"Gipuzkoa";"%";7,5
2019;"H - Programar en un lenguaje de programación";"25-74 años";"Hombre";"Gipuzkoa";"%";7
2021;"H - Programar en un lenguaje de programación";"25-74 años";"Hombre";"Gipuzkoa";"%";5,8
2024;"G - Usar hojas de cálculo";"25-74 años";"Hombre";"C.A. de Euskadi";"%";44
2023;"G - Usar hojas de cálculo";"25-74 años";"Hombre";"C.A. de Euskadi";"%";40,1
2021;"G - Usar hojas de cálculo";"25-74 años";"Hombre";"C.A. de Euskadi";"%";43,2
2025;"G - Usar hojas de cálculo";"25-74 años";"Hombre";"C.A. de Euskadi";"%";41,6
2020;"G - Usar hojas de cálculo";"25-74 años";"Hombre";"C.A. de Euskadi";"%";38,6
2022;"G - Usar hojas de cálculo";"25-74 años";"Hombre";"C.A. de Euskadi";"%";40,1
2019;"G - Usar hojas de cálculo";"25-74 años";"Hombre";"C.A. de Euskadi";"%";41,4
2025;"G - Usar hojas de cálculo";"25-74 años";"Hombre";"Araba/Álava";"%";41,8
2022;"G - Usar hojas de cálculo";"25-74 años";"Hombre";"Araba/Álava";"%";42,1
2021;"G - Usar hojas de cálculo";"25-74 años";"Hombre";"Araba/Álava";"%";42,6
2019;"G - Usar hojas de cálculo";"25-74 años";"Hombre";"Araba/Álava";"%";43,2
2020;"G - Usar hojas de cálculo";"25-74 años";"Hombre";"Araba/Álava";"%";35,2
2023;"G - Usar hojas de cálculo";"25-74 años";"Hombre";"Araba/Álava";"%";32,4
2024;"G - Usar hojas de cálculo";"25-74 años";"Hombre";"Araba/Álava";"%";44
2025;"G - Usar hojas de cálculo";"25-74 años";"Hombre";"Bizkaia";"%";42,6
2024;"G - Usar hojas de cálculo";"25-74 años";"Hombre";"Bizkaia";"%";45,6
2023;"G - Usar hojas de cálculo";"25-74 años";"Hombre";"Bizkaia";"%";40,7
2022;"G - Usar hojas de cálculo";"25-74 años";"Hombre";"Bizkaia";"%";39,4
2021;"G - Usar hojas de cálculo";"25-74 años";"Hombre";"Bizkaia";"%";45,5
2020;"G - Usar hojas de cálculo";"25-74 años";"Hombre";"Bizkaia";"%";40,9
2019;"G - Usar hojas de cálculo";"25-74 años";"Hombre";"Bizkaia";"%";41,4
2025;"G - Usar hojas de cálculo";"25-74 años";"Hombre";"Gipuzkoa";"%";39,9
2019;"G - Usar hojas de cálculo";"25-74 años";"Hombre";"Gipuzkoa";"%";40,7
2021;"G - Usar hojas de cálculo";"25-74 años";"Hombre";"Gipuzkoa";"%";39,7
2024;"G - Usar hojas de cálculo";"25-74 años";"Hombre";"Gipuzkoa";"%";41,4
2023;"G - Usar hojas de cálculo";"25-74 años";"Hombre";"Gipuzkoa";"%";42,6
2022;"G - Usar hojas de cálculo";"25-74 años";"Hombre";"Gipuzkoa";"%";40,1
2020;"G - Usar hojas de cálculo";"25-74 años";"Hombre";"Gipuzkoa";"%";36,3
2024;"C - Transferir ficheros entre el ordenador y otros dispositivos (móviles, cámaras, etc)";"25-74 años";"Hombre";"C.A. de Euskadi";"%";37,3
2025;"C - Transferir ficheros entre el ordenador y otros dispositivos (móviles, cámaras, etc)";"25-74 años";"Hombre";"C.A. de Euskadi";"%";41,4
2022;"C - Transferir ficheros entre el ordenador y otros dispositivos (móviles, cámaras, etc)";"25-74 años";"Hombre";"C.A. de Euskadi";"%";50,2
2021;"C - Transferir ficheros entre el ordenador y otros dispositivos (móviles, cámaras, etc)";"25-74 años";"Hombre";"C.A. de Euskadi";"%";58,3
2020;"C - Transferir ficheros entre el ordenador y otros dispositivos (móviles, cámaras, etc)";"25-74 años";"Hombre";"C.A. de Euskadi";"%";54,3
2019;"C - Transferir ficheros entre el ordenador y otros dispositivos (móviles, cámaras, etc)";"25-74 años";"Hombre";"C.A. de Euskadi";"%";50,6
2023;"C - Transferir ficheros entre el ordenador y otros dispositivos (móviles, cámaras, etc)";"25-74 años";"Hombre";"C.A. de Euskadi";"%";49,2
2024;"C - Transferir ficheros entre el ordenador y otros dispositivos (móviles, cámaras, etc)";"25-74 años";"Hombre";"Araba/Álava";"%";38,2
2022;"C - Transferir ficheros entre el ordenador y otros dispositivos (móviles, cámaras, etc)";"25-74 años";"Hombre";"Araba/Álava";"%";49
2020;"C - Transferir ficheros entre el ordenador y otros dispositivos (móviles, cámaras, etc)";"25-74 años";"Hombre";"Araba/Álava";"%";53
2021;"C - Transferir ficheros entre el ordenador y otros dispositivos (móviles, cámaras, etc)";"25-74 años";"Hombre";"Araba/Álava";"%";60,3
2023;"C - Transferir ficheros entre el ordenador y otros dispositivos (móviles, cámaras, etc)";"25-74 años";"Hombre";"Araba/Álava";"%";40,9
2025;"C - Transferir ficheros entre el ordenador y otros dispositivos (móviles, cámaras, etc)";"25-74 años";"Hombre";"Araba/Álava";"%";39,7
2019;"C - Transferir ficheros entre el ordenador y otros dispositivos (móviles, cámaras, etc)";"25-74 años";"Hombre";"Araba/Álava";"%";51,9
2022;"C - Transferir ficheros entre el ordenador y otros dispositivos (móviles, cámaras, etc)";"25-74 años";"Hombre";"Bizkaia";"%";51,8
2023;"C - Transferir ficheros entre el ordenador y otros dispositivos (móviles, cámaras, etc)";"25-74 años";"Hombre";"Bizkaia";"%";51,3
2025;"C - Transferir ficheros entre el ordenador y otros dispositivos (móviles, cámaras, etc)";"25-74 años";"Hombre";"Bizkaia";"%";41,8
2024;"C - Transferir ficheros entre el ordenador y otros dispositivos (móviles, cámaras, etc)";"25-74 años";"Hombre";"Bizkaia";"%";38
2021;"C - Transferir ficheros entre el ordenador y otros dispositivos (móviles, cámaras, etc)";"25-74 años";"Hombre";"Bizkaia";"%";58,9
2020;"C - Transferir ficheros entre el ordenador y otros dispositivos (móviles, cámaras, etc)";"25-74 años";"Hombre";"Bizkaia";"%";53,8
2019;"C - Transferir ficheros entre el ordenador y otros dispositivos (móviles, cámaras, etc)";"25-74 años";"Hombre";"Bizkaia";"%";51,9
2021;"C - Transferir ficheros entre el ordenador y otros dispositivos (móviles, cámaras, etc)";"25-74 años";"Hombre";"Gipuzkoa";"%";56,4
2025;"C - Transferir ficheros entre el ordenador y otros dispositivos (móviles, cámaras, etc)";"25-74 años";"Hombre";"Gipuzkoa";"%";41,5
2024;"C - Transferir ficheros entre el ordenador y otros dispositivos (móviles, cámaras, etc)";"25-74 años";"Hombre";"Gipuzkoa";"%";35,8
2023;"C - Transferir ficheros entre el ordenador y otros dispositivos (móviles, cámaras, etc)";"25-74 años";"Hombre";"Gipuzkoa";"%";49,6
2022;"C - Transferir ficheros entre el ordenador y otros dispositivos (móviles, cámaras, etc)";"25-74 años";"Hombre";"Gipuzkoa";"%";48,1
2019;"C - Transferir ficheros entre el ordenador y otros dispositivos (móviles, cámaras, etc)";"25-74 años";"Hombre";"Gipuzkoa";"%";48,1
2020;"C - Transferir ficheros entre el ordenador y otros dispositivos (móviles, cámaras, etc)";"25-74 años";"Hombre";"Gipuzkoa";"%";55,6
