Año;Ámbito Territorial;Valor;Magnitud
2003;"Araba/Álava";;"Por 1.000 habitantes"
2003;"C.A. de Euskadi";;"Por 1.000 habitantes"
2003;"Bizkaia";;"Por 1.000 habitantes"
2003;"Gipuzkoa";;"Por 1.000 habitantes"
2003;"Arabako Lautada / Llanada Alavesa";;"Por 1.000 habitantes"
2003;"Arabako Mendialdea / Montaña Alavesa";;"Por 1.000 habitantes"
2003;"Arratia-Nerbioi / Arratia-Nervión";;"Por 1.000 habitantes"
2003;"Bidasoa Beherea / Bajo Bidasoa";;"Por 1.000 habitantes"
2003;"Bilbo Handia / Gran Bilbao";;"Por 1.000 habitantes"
2003;"Debabarrena / Bajo Deba";;"Por 1.000 habitantes"
2003;"Debagoiena / Alto Deba";;"Por 1.000 habitantes"
2003;"Añana (Comarca)";;"Por 1.000 habitantes"
2003;"Donostialdea";;"Por 1.000 habitantes"
2003;"Durangaldea / Duranguesado";;"Por 1.000 habitantes"
2003;"Enkartazioak / Encartaciones";;"Por 1.000 habitantes"
2003;"Arabako Errioxa / Rioja Alavesa";;"Por 1.000 habitantes"
2003;"Gernika-Bermeo";;"Por 1.000 habitantes"
2003;"Goierri";;"Por 1.000 habitantes"
2003;"Gorbeialdea / Estribaciones del Gorbea";;"Por 1.000 habitantes"
2003;"Kantauri Arabarra / Cantábrica Alavesa";;"Por 1.000 habitantes"
2003;"Markina-Ondarroa";;"Por 1.000 habitantes"
2003;"Plentzia-Mungia";;"Por 1.000 habitantes"
2003;"Tolosaldea / Tolosa";;"Por 1.000 habitantes"
2003;"Urola-Kostaldea / Urola Costa";;"Por 1.000 habitantes"
2003;"Abaltzisketa";;"Por 1.000 habitantes"
2003;"Albiztur";;"Por 1.000 habitantes"
2003;"Altzaga";;"Por 1.000 habitantes"
2003;"Altzo";;"Por 1.000 habitantes"
2003;"Amezketa";;"Por 1.000 habitantes"
2003;"Amoroto";;"Por 1.000 habitantes"
2003;"Arama";;"Por 1.000 habitantes"
2003;"Aramaio";;"Por 1.000 habitantes"
2003;"Arratzu";;"Por 1.000 habitantes"
2003;"Añana";;"Por 1.000 habitantes"
2003;"Baliarrain";;"Por 1.000 habitantes"
2003;"Barrika";;"Por 1.000 habitantes"
2003;"Barrundia";;"Por 1.000 habitantes"
2003;"Baños de Ebro/Mañueta";;"Por 1.000 habitantes"
2003;"Beizama";;"Por 1.000 habitantes"
2003;"Belauntza";;"Por 1.000 habitantes"
2003;"Berango";;"Por 1.000 habitantes"
2003;"Berrobi";;"Por 1.000 habitantes"
2003;"Elburgo/Burgelu";;"Por 1.000 habitantes"
2003;"Ereño";;"Por 1.000 habitantes"
2003;"Errigoiti";;"Por 1.000 habitantes"
2003;"Gaintza";;"Por 1.000 habitantes"
2003;"Garai";;"Por 1.000 habitantes"
2003;"Gaztelu";;"Por 1.000 habitantes"
2003;"Gorliz";;"Por 1.000 habitantes"
2003;"Iruraiz-Gauna";;"Por 1.000 habitantes"
2003;"Kortezubi";;"Por 1.000 habitantes"
2003;"Kripan";;"Por 1.000 habitantes"
2003;"Lagrán";;"Por 1.000 habitantes"
2003;"Larraul";;"Por 1.000 habitantes"
2003;"Laukiz";;"Por 1.000 habitantes"
2003;"Lemoiz";;"Por 1.000 habitantes"
2003;"Loiu";;"Por 1.000 habitantes"
2003;"Mañaria";;"Por 1.000 habitantes"
2003;"Mendata";;"Por 1.000 habitantes"
2003;"Meñaka";;"Por 1.000 habitantes"
2003;"Morga";;"Por 1.000 habitantes"
2003;"Mutiloa";;"Por 1.000 habitantes"
2003;"Navaridas";;"Por 1.000 habitantes"
2003;"Orendain";;"Por 1.000 habitantes"
2003;"Orexa";;"Por 1.000 habitantes"
2003;"Plentzia";;"Por 1.000 habitantes"
2003;"Sopela";;"Por 1.000 habitantes"
2003;"Urduliz";;"Por 1.000 habitantes"
2003;"Villabuena de Álava/Eskuernaga";;"Por 1.000 habitantes"
2003;"Yécora/Iekora";;"Por 1.000 habitantes"
2003;"Zalduondo";;"Por 1.000 habitantes"
2003;"Entzia-Iturrieta";;"Por 1.000 habitantes"
2003;"Limitadua/El Limitado";;"Por 1.000 habitantes"
2003;"Badaiako mankomunitatea/Mancomunidad de Badaia";;"Por 1.000 habitantes"
2003;"Gipuzkoako eta Arabako Partzuergo Nagusia/Parzonería General de Gipuzkoa y Álava";;"Por 1.000 habitantes"
2003;"Gipuzkoako Partzuergo Txikia/Parzonería Menor de Gipuzkoa";;"Por 1.000 habitantes"
2003;"Enirio-Aralar";;"Por 1.000 habitantes"
2006;"Araba/Álava";;"Por 1.000 habitantes"
2006;"C.A. de Euskadi";;"Por 1.000 habitantes"
2006;"Bizkaia";;"Por 1.000 habitantes"
2006;"Gipuzkoa";;"Por 1.000 habitantes"
2006;"Arabako Lautada / Llanada Alavesa";;"Por 1.000 habitantes"
2006;"Arabako Mendialdea / Montaña Alavesa";;"Por 1.000 habitantes"
2006;"Arratia-Nerbioi / Arratia-Nervión";;"Por 1.000 habitantes"
2006;"Bidasoa Beherea / Bajo Bidasoa";;"Por 1.000 habitantes"
2006;"Bilbo Handia / Gran Bilbao";;"Por 1.000 habitantes"
2006;"Debabarrena / Bajo Deba";;"Por 1.000 habitantes"
2006;"Debagoiena / Alto Deba";;"Por 1.000 habitantes"
2006;"Donostialdea";;"Por 1.000 habitantes"
2006;"Añana (Comarca)";;"Por 1.000 habitantes"
2006;"Durangaldea / Duranguesado";;"Por 1.000 habitantes"
2006;"Enkartazioak / Encartaciones";;"Por 1.000 habitantes"
2006;"Arabako Errioxa / Rioja Alavesa";;"Por 1.000 habitantes"
2006;"Gernika-Bermeo";;"Por 1.000 habitantes"
2006;"Goierri";;"Por 1.000 habitantes"
2006;"Gorbeialdea / Estribaciones del Gorbea";;"Por 1.000 habitantes"
2006;"Kantauri Arabarra / Cantábrica Alavesa";;"Por 1.000 habitantes"
2006;"Markina-Ondarroa";;"Por 1.000 habitantes"
2006;"Plentzia-Mungia";;"Por 1.000 habitantes"
2006;"Tolosaldea / Tolosa";;"Por 1.000 habitantes"
2006;"Urola-Kostaldea / Urola Costa";;"Por 1.000 habitantes"
2006;"Abaltzisketa";;"Por 1.000 habitantes"
2006;"Albiztur";;"Por 1.000 habitantes"
2006;"Altzaga";;"Por 1.000 habitantes"
2006;"Amezketa";;"Por 1.000 habitantes"
2006;"Amoroto";;"Por 1.000 habitantes"
2006;"Arama";;"Por 1.000 habitantes"
2006;"Armiñón";;"Por 1.000 habitantes"
2006;"Arratzu";;"Por 1.000 habitantes"
2006;"Añana";;"Por 1.000 habitantes"
2006;"Baños de Ebro/Mañueta";;"Por 1.000 habitantes"
2006;"Beizama";;"Por 1.000 habitantes"
2006;"Belauntza";;"Por 1.000 habitantes"
2006;"Bernedo";;"Por 1.000 habitantes"
2006;"Berrobi";;"Por 1.000 habitantes"
2006;"Elburgo/Burgelu";;"Por 1.000 habitantes"
2006;"Elvillar/Bilar";;"Por 1.000 habitantes"
2006;"Ereño";;"Por 1.000 habitantes"
2006;"Errigoiti";;"Por 1.000 habitantes"
2006;"Gaintza";;"Por 1.000 habitantes"
2006;"Garai";;"Por 1.000 habitantes"
2006;"Gaztelu";;"Por 1.000 habitantes"
2006;"Harana/Valle de Arana";;"Por 1.000 habitantes"
2006;"Kortezubi";;"Por 1.000 habitantes"
2006;"Kripan";;"Por 1.000 habitantes"
2006;"Kuartango";;"Por 1.000 habitantes"
2006;"Lagrán";;"Por 1.000 habitantes"
2006;"Laukiz";;"Por 1.000 habitantes"
2006;"Leza";;"Por 1.000 habitantes"
2006;"Loiu";;"Por 1.000 habitantes"
2006;"Mañaria";;"Por 1.000 habitantes"
2006;"Mendata";;"Por 1.000 habitantes"
2006;"Meñaka";;"Por 1.000 habitantes"
2006;"Moreda de Álava/Moreda Araba";;"Por 1.000 habitantes"
2006;"Morga";;"Por 1.000 habitantes"
2006;"Mutiloa";;"Por 1.000 habitantes"
2006;"Navaridas";;"Por 1.000 habitantes"
2006;"Orendain";;"Por 1.000 habitantes"
2006;"Orexa";;"Por 1.000 habitantes"
2006;"Peñacerrada-Urizaharra";;"Por 1.000 habitantes"
2006;"Villabuena de Álava/Eskuernaga";;"Por 1.000 habitantes"
2006;"Yécora/Iekora";;"Por 1.000 habitantes"
2006;"Zambrana";;"Por 1.000 habitantes"
2006;"Entzia-Iturrieta";;"Por 1.000 habitantes"
2006;"Limitadua/El Limitado";;"Por 1.000 habitantes"
2006;"Badaiako mankomunitatea/Mancomunidad de Badaia";;"Por 1.000 habitantes"
2006;"Gipuzkoako eta Arabako Partzuergo Nagusia/Parzonería General de Gipuzkoa y Álava";;"Por 1.000 habitantes"
2006;"Gipuzkoako Partzuergo Txikia/Parzonería Menor de Gipuzkoa";;"Por 1.000 habitantes"
2006;"Enirio-Aralar";;"Por 1.000 habitantes"
2004;"Araba/Álava";;"Por 1.000 habitantes"
2004;"C.A. de Euskadi";;"Por 1.000 habitantes"
2004;"Bizkaia";;"Por 1.000 habitantes"
2004;"Gipuzkoa";;"Por 1.000 habitantes"
2004;"Arabako Lautada / Llanada Alavesa";;"Por 1.000 habitantes"
2004;"Arabako Mendialdea / Montaña Alavesa";;"Por 1.000 habitantes"
2004;"Arratia-Nerbioi / Arratia-Nervión";;"Por 1.000 habitantes"
2004;"Bidasoa Beherea / Bajo Bidasoa";;"Por 1.000 habitantes"
2004;"Bilbo Handia / Gran Bilbao";;"Por 1.000 habitantes"
2004;"Debabarrena / Bajo Deba";;"Por 1.000 habitantes"
2004;"Debagoiena / Alto Deba";;"Por 1.000 habitantes"
2004;"Añana (Comarca)";;"Por 1.000 habitantes"
2004;"Donostialdea";;"Por 1.000 habitantes"
2004;"Durangaldea / Duranguesado";;"Por 1.000 habitantes"
2004;"Enkartazioak / Encartaciones";;"Por 1.000 habitantes"
2004;"Arabako Errioxa / Rioja Alavesa";;"Por 1.000 habitantes"
2004;"Gernika-Bermeo";;"Por 1.000 habitantes"
2004;"Goierri";;"Por 1.000 habitantes"
2004;"Gorbeialdea / Estribaciones del Gorbea";;"Por 1.000 habitantes"
2004;"Kantauri Arabarra / Cantábrica Alavesa";;"Por 1.000 habitantes"
2004;"Markina-Ondarroa";;"Por 1.000 habitantes"
2004;"Plentzia-Mungia";;"Por 1.000 habitantes"
2004;"Tolosaldea / Tolosa";;"Por 1.000 habitantes"
2004;"Urola-Kostaldea / Urola Costa";;"Por 1.000 habitantes"
2004;"Abaltzisketa";;"Por 1.000 habitantes"
2004;"Albiztur";;"Por 1.000 habitantes"
2004;"Altzaga";;"Por 1.000 habitantes"
2004;"Altzo";;"Por 1.000 habitantes"
2004;"Amezketa";;"Por 1.000 habitantes"
2004;"Amoroto";;"Por 1.000 habitantes"
2004;"Arama";;"Por 1.000 habitantes"
2004;"Aramaio";;"Por 1.000 habitantes"
2004;"Arratzu";;"Por 1.000 habitantes"
2004;"Añana";;"Por 1.000 habitantes"
2004;"Baliarrain";;"Por 1.000 habitantes"
2004;"Barrundia";;"Por 1.000 habitantes"
2004;"Baños de Ebro/Mañueta";;"Por 1.000 habitantes"
2004;"Beizama";;"Por 1.000 habitantes"
2004;"Belauntza";;"Por 1.000 habitantes"
2004;"Berrobi";;"Por 1.000 habitantes"
2004;"Elburgo/Burgelu";;"Por 1.000 habitantes"
2004;"Ereño";;"Por 1.000 habitantes"
2004;"Errigoiti";;"Por 1.000 habitantes"
2004;"Gaintza";;"Por 1.000 habitantes"
2004;"Garai";;"Por 1.000 habitantes"
2004;"Gaztelu";;"Por 1.000 habitantes"
2004;"Iruraiz-Gauna";;"Por 1.000 habitantes"
2004;"Kortezubi";;"Por 1.000 habitantes"
2004;"Kripan";;"Por 1.000 habitantes"
2004;"Lagrán";;"Por 1.000 habitantes"
2004;"Larraul";;"Por 1.000 habitantes"
2004;"Laukiz";;"Por 1.000 habitantes"
2004;"Leaburu";;"Por 1.000 habitantes"
2004;"Loiu";;"Por 1.000 habitantes"
2004;"Mañaria";;"Por 1.000 habitantes"
2004;"Mendata";;"Por 1.000 habitantes"
2004;"Morga";;"Por 1.000 habitantes"
2004;"Mutiloa";;"Por 1.000 habitantes"
2004;"Navaridas";;"Por 1.000 habitantes"
2004;"Orendain";;"Por 1.000 habitantes"
2004;"Orexa";;"Por 1.000 habitantes"
2004;"Villabuena de Álava/Eskuernaga";;"Por 1.000 habitantes"
2004;"Yécora/Iekora";;"Por 1.000 habitantes"
2004;"Zalduondo";;"Por 1.000 habitantes"
2004;"Entzia-Iturrieta";;"Por 1.000 habitantes"
2004;"Limitadua/El Limitado";;"Por 1.000 habitantes"
2004;"Badaiako mankomunitatea/Mancomunidad de Badaia";;"Por 1.000 habitantes"
2004;"Gipuzkoako eta Arabako Partzuergo Nagusia/Parzonería General de Gipuzkoa y Álava";;"Por 1.000 habitantes"
2004;"Gipuzkoako Partzuergo Txikia/Parzonería Menor de Gipuzkoa";;"Por 1.000 habitantes"
2004;"Enirio-Aralar";;"Por 1.000 habitantes"
2005;"Araba/Álava";;"Por 1.000 habitantes"
2005;"C.A. de Euskadi";;"Por 1.000 habitantes"
2005;"Bizkaia";;"Por 1.000 habitantes"
2005;"Gipuzkoa";;"Por 1.000 habitantes"
2005;"Arabako Lautada / Llanada Alavesa";;"Por 1.000 habitantes"
2005;"Arabako Mendialdea / Montaña Alavesa";;"Por 1.000 habitantes"
2005;"Arratia-Nerbioi / Arratia-Nervión";;"Por 1.000 habitantes"
2005;"Bidasoa Beherea / Bajo Bidasoa";;"Por 1.000 habitantes"
2005;"Bilbo Handia / Gran Bilbao";;"Por 1.000 habitantes"
2005;"Debabarrena / Bajo Deba";;"Por 1.000 habitantes"
2005;"Debagoiena / Alto Deba";;"Por 1.000 habitantes"
2005;"Añana (Comarca)";;"Por 1.000 habitantes"
2005;"Donostialdea";;"Por 1.000 habitantes"
2005;"Durangaldea / Duranguesado";;"Por 1.000 habitantes"
2005;"Enkartazioak / Encartaciones";;"Por 1.000 habitantes"
2005;"Arabako Errioxa / Rioja Alavesa";;"Por 1.000 habitantes"
2005;"Gernika-Bermeo";;"Por 1.000 habitantes"
2005;"Goierri";;"Por 1.000 habitantes"
2005;"Gorbeialdea / Estribaciones del Gorbea";;"Por 1.000 habitantes"
2005;"Kantauri Arabarra / Cantábrica Alavesa";;"Por 1.000 habitantes"
2005;"Markina-Ondarroa";;"Por 1.000 habitantes"
2005;"Plentzia-Mungia";;"Por 1.000 habitantes"
2005;"Tolosaldea / Tolosa";;"Por 1.000 habitantes"
2005;"Urola-Kostaldea / Urola Costa";;"Por 1.000 habitantes"
2005;"Albiztur";;"Por 1.000 habitantes"
2005;"Altzaga";;"Por 1.000 habitantes"
2005;"Altzo";;"Por 1.000 habitantes"
2005;"Amezketa";;"Por 1.000 habitantes"
2005;"Amoroto";;"Por 1.000 habitantes"
2005;"Arama";;"Por 1.000 habitantes"
2005;"Aramaio";;"Por 1.000 habitantes"
2005;"Arratzu";;"Por 1.000 habitantes"
2005;"Añana";;"Por 1.000 habitantes"
2005;"Baliarrain";;"Por 1.000 habitantes"
2005;"Barrundia";;"Por 1.000 habitantes"
2005;"Baños de Ebro/Mañueta";;"Por 1.000 habitantes"
2005;"Beizama";;"Por 1.000 habitantes"
2005;"Belauntza";;"Por 1.000 habitantes"
2005;"Berrobi";;"Por 1.000 habitantes"
2005;"Elburgo/Burgelu";;"Por 1.000 habitantes"
2005;"Ereño";;"Por 1.000 habitantes"
2005;"Errigoiti";;"Por 1.000 habitantes"
2005;"Gaintza";;"Por 1.000 habitantes"
2005;"Garai";;"Por 1.000 habitantes"
2005;"Gaztelu";;"Por 1.000 habitantes"
2005;"Iruraiz-Gauna";;"Por 1.000 habitantes"
2005;"Kortezubi";;"Por 1.000 habitantes"
2005;"Kripan";;"Por 1.000 habitantes"
2005;"Lagrán";;"Por 1.000 habitantes"
2005;"Laukiz";;"Por 1.000 habitantes"
2005;"Loiu";;"Por 1.000 habitantes"
2005;"Mañaria";;"Por 1.000 habitantes"
2005;"Mendata";;"Por 1.000 habitantes"
2005;"Meñaka";;"Por 1.000 habitantes"
2005;"Morga";;"Por 1.000 habitantes"
2005;"Mutiloa";;"Por 1.000 habitantes"
2005;"Navaridas";;"Por 1.000 habitantes"
2005;"Orendain";;"Por 1.000 habitantes"
2005;"Orexa";;"Por 1.000 habitantes"
2005;"Villabuena de Álava/Eskuernaga";;"Por 1.000 habitantes"
2005;"Yécora/Iekora";;"Por 1.000 habitantes"
2005;"Zalduondo";;"Por 1.000 habitantes"
2005;"Entzia-Iturrieta";;"Por 1.000 habitantes"
2005;"Limitadua/El Limitado";;"Por 1.000 habitantes"
2005;"Badaiako mankomunitatea/Mancomunidad de Badaia";;"Por 1.000 habitantes"
2005;"Gipuzkoako eta Arabako Partzuergo Nagusia/Parzonería General de Gipuzkoa y Álava";;"Por 1.000 habitantes"
2005;"Gipuzkoako Partzuergo Txikia/Parzonería Menor de Gipuzkoa";;"Por 1.000 habitantes"
2005;"Enirio-Aralar";;"Por 1.000 habitantes"
2007;"Araba/Álava";;"Por 1.000 habitantes"
2007;"C.A. de Euskadi";;"Por 1.000 habitantes"
2007;"Bizkaia";;"Por 1.000 habitantes"
2007;"Gipuzkoa";;"Por 1.000 habitantes"
2007;"Arabako Lautada / Llanada Alavesa";;"Por 1.000 habitantes"
2007;"Arabako Mendialdea / Montaña Alavesa";;"Por 1.000 habitantes"
2007;"Arratia-Nerbioi / Arratia-Nervión";;"Por 1.000 habitantes"
2007;"Bidasoa Beherea / Bajo Bidasoa";;"Por 1.000 habitantes"
2007;"Bilbo Handia / Gran Bilbao";;"Por 1.000 habitantes"
2007;"Debabarrena / Bajo Deba";;"Por 1.000 habitantes"
2007;"Debagoiena / Alto Deba";;"Por 1.000 habitantes"
2007;"Donostialdea";;"Por 1.000 habitantes"
2007;"Añana (Comarca)";;"Por 1.000 habitantes"
2007;"Durangaldea / Duranguesado";;"Por 1.000 habitantes"
2007;"Enkartazioak / Encartaciones";;"Por 1.000 habitantes"
2007;"Arabako Errioxa / Rioja Alavesa";;"Por 1.000 habitantes"
2007;"Gernika-Bermeo";;"Por 1.000 habitantes"
2007;"Goierri";;"Por 1.000 habitantes"
2007;"Gorbeialdea / Estribaciones del Gorbea";;"Por 1.000 habitantes"
2007;"Kantauri Arabarra / Cantábrica Alavesa";;"Por 1.000 habitantes"
2007;"Markina-Ondarroa";;"Por 1.000 habitantes"
2007;"Plentzia-Mungia";;"Por 1.000 habitantes"
2007;"Tolosaldea / Tolosa";;"Por 1.000 habitantes"
2007;"Urola-Kostaldea / Urola Costa";;"Por 1.000 habitantes"
2007;"Abaltzisketa";;"Por 1.000 habitantes"
2007;"Ajangiz";;"Por 1.000 habitantes"
2007;"Albiztur";;"Por 1.000 habitantes"
2007;"Amoroto";;"Por 1.000 habitantes"
2007;"Arakaldo";;"Por 1.000 habitantes"
2007;"Arama";;"Por 1.000 habitantes"
2007;"Armiñón";;"Por 1.000 habitantes"
2007;"Añana";;"Por 1.000 habitantes"
2007;"Barrundia";;"Por 1.000 habitantes"
2007;"Baños de Ebro/Mañueta";;"Por 1.000 habitantes"
2007;"Beizama";;"Por 1.000 habitantes"
2007;"Belauntza";;"Por 1.000 habitantes"
2007;"Bernedo";;"Por 1.000 habitantes"
2007;"Berriatua";;"Por 1.000 habitantes"
2007;"Elburgo/Burgelu";;"Por 1.000 habitantes"
2007;"Elvillar/Bilar";;"Por 1.000 habitantes"
2007;"Ereño";;"Por 1.000 habitantes"
2007;"Etxebarria";;"Por 1.000 habitantes"
2007;"Gaintza";;"Por 1.000 habitantes"
2007;"Gaztelu";;"Por 1.000 habitantes"
2007;"Harana/Valle de Arana";;"Por 1.000 habitantes"
2007;"Kortezubi";;"Por 1.000 habitantes"
2007;"Kripan";;"Por 1.000 habitantes"
2007;"Kuartango";;"Por 1.000 habitantes"
2007;"Lagrán";;"Por 1.000 habitantes"
2007;"Laukiz";;"Por 1.000 habitantes"
2007;"Meñaka";;"Por 1.000 habitantes"
2007;"Moreda de Álava/Moreda Araba";;"Por 1.000 habitantes"
2007;"Morga";;"Por 1.000 habitantes"
2007;"Mutiloa";;"Por 1.000 habitantes"
2007;"Navaridas";;"Por 1.000 habitantes"
2007;"Orendain";;"Por 1.000 habitantes"
2007;"Orexa";;"Por 1.000 habitantes"
2007;"Peñacerrada-Urizaharra";;"Por 1.000 habitantes"
2007;"Villabuena de Álava/Eskuernaga";;"Por 1.000 habitantes"
2007;"Yécora/Iekora";;"Por 1.000 habitantes"
2007;"Zerain";;"Por 1.000 habitantes"
2007;"Ziortza-Bolibar";;"Por 1.000 habitantes"
2007;"Entzia-Iturrieta";;"Por 1.000 habitantes"
2007;"Limitadua/El Limitado";;"Por 1.000 habitantes"
2007;"Badaiako mankomunitatea/Mancomunidad de Badaia";;"Por 1.000 habitantes"
2007;"Gipuzkoako eta Arabako Partzuergo Nagusia/Parzonería General de Gipuzkoa y Álava";;"Por 1.000 habitantes"
2007;"Gipuzkoako Partzuergo Txikia/Parzonería Menor de Gipuzkoa";;"Por 1.000 habitantes"
2007;"Enirio-Aralar";;"Por 1.000 habitantes"
2022;"Abaltzisketa";;"Por 1.000 habitantes"
2009;"Abaltzisketa";;"Por 1.000 habitantes"
2008;"Abaltzisketa";;"Por 1.000 habitantes"
2024;"Aduna";;"Por 1.000 habitantes"
2022;"Aduna";;"Por 1.000 habitantes"
2020;"Aduna";;"Por 1.000 habitantes"
2010;"Aduna";;"Por 1.000 habitantes"
2024;"Ajangiz";;"Por 1.000 habitantes"
2023;"Ajangiz";;"Por 1.000 habitantes"
2022;"Ajangiz";;"Por 1.000 habitantes"
2021;"Ajangiz";;"Por 1.000 habitantes"
2020;"Ajangiz";;"Por 1.000 habitantes"
2019;"Ajangiz";;"Por 1.000 habitantes"
2016;"Ajangiz";;"Por 1.000 habitantes"
2015;"Ajangiz";;"Por 1.000 habitantes"
2014;"Ajangiz";;"Por 1.000 habitantes"
2013;"Ajangiz";;"Por 1.000 habitantes"
2012;"Ajangiz";;"Por 1.000 habitantes"
2011;"Ajangiz";;"Por 1.000 habitantes"
2010;"Ajangiz";;"Por 1.000 habitantes"
2009;"Ajangiz";;"Por 1.000 habitantes"
2008;"Ajangiz";;"Por 1.000 habitantes"
2017;"Albiztur";;"Por 1.000 habitantes"
2015;"Albiztur";;"Por 1.000 habitantes"
2008;"Albiztur";;"Por 1.000 habitantes"
2013;"Alegia";;"Por 1.000 habitantes"
2013;"Altzo";;"Por 1.000 habitantes"
2013;"Amorebieta-Etxano";;"Por 1.000 habitantes"
2012;"Amorebieta-Etxano";;"Por 1.000 habitantes"
2010;"Amorebieta-Etxano";;"Por 1.000 habitantes"
2009;"Amorebieta-Etxano";;"Por 1.000 habitantes"
2021;"Amoroto";;"Por 1.000 habitantes"
2018;"Amoroto";;"Por 1.000 habitantes"
2017;"Amoroto";;"Por 1.000 habitantes"
2016;"Amoroto";;"Por 1.000 habitantes"
2015;"Amoroto";;"Por 1.000 habitantes"
2014;"Amoroto";;"Por 1.000 habitantes"
2013;"Amoroto";;"Por 1.000 habitantes"
2008;"Amoroto";;"Por 1.000 habitantes"
2015;"Amurrio";;"Por 1.000 habitantes"
2014;"Amurrio";;"Por 1.000 habitantes"
2013;"Amurrio";;"Por 1.000 habitantes"
2020;"Arakaldo";;"Por 1.000 habitantes"
2019;"Arakaldo";;"Por 1.000 habitantes"
2017;"Arakaldo";;"Por 1.000 habitantes"
2016;"Arakaldo";;"Por 1.000 habitantes"
2015;"Arakaldo";;"Por 1.000 habitantes"
2014;"Arakaldo";;"Por 1.000 habitantes"
2013;"Arakaldo";;"Por 1.000 habitantes"
2010;"Arakaldo";;"Por 1.000 habitantes"
2009;"Arakaldo";;"Por 1.000 habitantes"
2008;"Arakaldo";;"Por 1.000 habitantes"
2024;"Arama";;"Por 1.000 habitantes"
2023;"Arama";;"Por 1.000 habitantes"
2019;"Arama";;"Por 1.000 habitantes"
2018;"Arama";;"Por 1.000 habitantes"
2017;"Arama";;"Por 1.000 habitantes"
2016;"Arama";;"Por 1.000 habitantes"
2014;"Arama";;"Por 1.000 habitantes"
2012;"Arama";;"Por 1.000 habitantes"
2011;"Arama";;"Por 1.000 habitantes"
2010;"Arama";;"Por 1.000 habitantes"
2009;"Arama";;"Por 1.000 habitantes"
2008;"Arama";;"Por 1.000 habitantes"
2024;"Armiñón";;"Por 1.000 habitantes"
2023;"Armiñón";;"Por 1.000 habitantes"
2021;"Armiñón";;"Por 1.000 habitantes"
2020;"Armiñón";;"Por 1.000 habitantes"
2019;"Armiñón";;"Por 1.000 habitantes"
2018;"Armiñón";;"Por 1.000 habitantes"
2014;"Armiñón";;"Por 1.000 habitantes"
2013;"Armiñón";;"Por 1.000 habitantes"
2012;"Armiñón";;"Por 1.000 habitantes"
2011;"Armiñón";;"Por 1.000 habitantes"
2010;"Armiñón";;"Por 1.000 habitantes"
2009;"Armiñón";;"Por 1.000 habitantes"
2008;"Armiñón";;"Por 1.000 habitantes"
2022;"Arraia-Maeztu";;"Por 1.000 habitantes"
2014;"Arraia-Maeztu";;"Por 1.000 habitantes"
2010;"Arrieta";;"Por 1.000 habitantes"
2014;"Artea";;"Por 1.000 habitantes"
2013;"Artea";;"Por 1.000 habitantes"
2012;"Artea";;"Por 1.000 habitantes"
2010;"Ataun";;"Por 1.000 habitantes"
2009;"Ataun";;"Por 1.000 habitantes"
2017;"Aulesti";;"Por 1.000 habitantes"
2016;"Aulesti";;"Por 1.000 habitantes"
2015;"Aulesti";;"Por 1.000 habitantes"
2014;"Aulesti";;"Por 1.000 habitantes"
2022;"Añana";;"Por 1.000 habitantes"
2019;"Añana";;"Por 1.000 habitantes"
2016;"Añana";;"Por 1.000 habitantes"
2015;"Añana";;"Por 1.000 habitantes"
2014;"Añana";;"Por 1.000 habitantes"
2011;"Añana";;"Por 1.000 habitantes"
2010;"Añana";;"Por 1.000 habitantes"
2009;"Añana";;"Por 1.000 habitantes"
2008;"Añana";;"Por 1.000 habitantes"
2009;"Barakaldo";;"Por 1.000 habitantes"
2013;"Basauri";;"Por 1.000 habitantes"
2012;"Basauri";;"Por 1.000 habitantes"
2011;"Basauri";;"Por 1.000 habitantes"
2021;"Baños de Ebro/Mañueta";;"Por 1.000 habitantes"
2020;"Baños de Ebro/Mañueta";;"Por 1.000 habitantes"
2019;"Baños de Ebro/Mañueta";;"Por 1.000 habitantes"
2018;"Baños de Ebro/Mañueta";;"Por 1.000 habitantes"
2017;"Baños de Ebro/Mañueta";;"Por 1.000 habitantes"
2014;"Baños de Ebro/Mañueta";;"Por 1.000 habitantes"
2012;"Baños de Ebro/Mañueta";;"Por 1.000 habitantes"
2011;"Baños de Ebro/Mañueta";;"Por 1.000 habitantes"
2010;"Baños de Ebro/Mañueta";;"Por 1.000 habitantes"
2009;"Baños de Ebro/Mañueta";;"Por 1.000 habitantes"
2008;"Baños de Ebro/Mañueta";;"Por 1.000 habitantes"
2016;"Beizama";;"Por 1.000 habitantes"
2015;"Beizama";;"Por 1.000 habitantes"
2014;"Beizama";;"Por 1.000 habitantes"
2013;"Beizama";;"Por 1.000 habitantes"
2012;"Beizama";;"Por 1.000 habitantes"
2011;"Beizama";;"Por 1.000 habitantes"
2008;"Beizama";;"Por 1.000 habitantes"
2008;"Belauntza";;"Por 1.000 habitantes"
2013;"Berantevilla";;"Por 1.000 habitantes"
2012;"Berantevilla";;"Por 1.000 habitantes"
2010;"Berantevilla";;"Por 1.000 habitantes"
2008;"Berantevilla";;"Por 1.000 habitantes"
2008;"Berriatua";;"Por 1.000 habitantes"
2015;"Berriz";;"Por 1.000 habitantes"
2015;"Deba";;"Por 1.000 habitantes"
2014;"Deba";;"Por 1.000 habitantes"
2013;"Deba";;"Por 1.000 habitantes"
2012;"Deba";;"Por 1.000 habitantes"
2010;"Deba";;"Por 1.000 habitantes"
2009;"Deba";;"Por 1.000 habitantes"
2019;"Elburgo/Burgelu";;"Por 1.000 habitantes"
2023;"Elvillar/Bilar";;"Por 1.000 habitantes"
2020;"Elvillar/Bilar";;"Por 1.000 habitantes"
2015;"Elvillar/Bilar";;"Por 1.000 habitantes"
2012;"Elvillar/Bilar";;"Por 1.000 habitantes"
2011;"Elvillar/Bilar";;"Por 1.000 habitantes"
2010;"Elvillar/Bilar";;"Por 1.000 habitantes"
2009;"Elvillar/Bilar";;"Por 1.000 habitantes"
2008;"Elvillar/Bilar";;"Por 1.000 habitantes"
2024;"Ereño";;"Por 1.000 habitantes"
2016;"Ereño";;"Por 1.000 habitantes"
2015;"Ereño";;"Por 1.000 habitantes"
2013;"Ereño";;"Por 1.000 habitantes"
2012;"Ereño";;"Por 1.000 habitantes"
2011;"Ereño";;"Por 1.000 habitantes"
2010;"Ereño";;"Por 1.000 habitantes"
2009;"Ereño";;"Por 1.000 habitantes"
2008;"Ereño";;"Por 1.000 habitantes"
2015;"Ermua";;"Por 1.000 habitantes"
2015;"Errenteria";;"Por 1.000 habitantes"
2012;"Errenteria";;"Por 1.000 habitantes"
2011;"Errenteria";;"Por 1.000 habitantes"
2010;"Errenteria";;"Por 1.000 habitantes"
2009;"Errenteria";;"Por 1.000 habitantes"
2022;"Erriberagoitia/Ribera Alta";;"Por 1.000 habitantes"
2011;"Etxebarria";;"Por 1.000 habitantes"
2008;"Etxebarria";;"Por 1.000 habitantes"
2015;"Fruiz";;"Por 1.000 habitantes"
2014;"Fruiz";;"Por 1.000 habitantes"
2013;"Fruiz";;"Por 1.000 habitantes"
2011;"Fruiz";;"Por 1.000 habitantes"
2010;"Fruiz";;"Por 1.000 habitantes"
2009;"Fruiz";;"Por 1.000 habitantes"
2021;"Gabiria";;"Por 1.000 habitantes"
2018;"Gabiria";;"Por 1.000 habitantes"
2017;"Gabiria";;"Por 1.000 habitantes"
2023;"Gaintza";;"Por 1.000 habitantes"
2020;"Gaintza";;"Por 1.000 habitantes"
2019;"Gaintza";;"Por 1.000 habitantes"
2018;"Gaintza";;"Por 1.000 habitantes"
2017;"Gaintza";;"Por 1.000 habitantes"
2016;"Gaintza";;"Por 1.000 habitantes"
2014;"Gaintza";;"Por 1.000 habitantes"
2013;"Gaintza";;"Por 1.000 habitantes"
2012;"Gaintza";;"Por 1.000 habitantes"
2011;"Gaintza";;"Por 1.000 habitantes"
2010;"Gaintza";;"Por 1.000 habitantes"
2009;"Gaintza";;"Por 1.000 habitantes"
2008;"Gaintza";;"Por 1.000 habitantes"
2021;"Garai";;"Por 1.000 habitantes"
2020;"Garai";;"Por 1.000 habitantes"
2019;"Garai";;"Por 1.000 habitantes"
2016;"Garai";;"Por 1.000 habitantes"
2013;"Gatika";;"Por 1.000 habitantes"
2012;"Gatika";;"Por 1.000 habitantes"
2011;"Gatika";;"Por 1.000 habitantes"
2015;"Gaztelu";;"Por 1.000 habitantes"
2014;"Gaztelu";;"Por 1.000 habitantes"
2011;"Gaztelu";;"Por 1.000 habitantes"
2010;"Gaztelu";;"Por 1.000 habitantes"
2009;"Gaztelu";;"Por 1.000 habitantes"
2008;"Gaztelu";;"Por 1.000 habitantes"
2024;"Gizaburuaga";;"Por 1.000 habitantes"
2023;"Gizaburuaga";;"Por 1.000 habitantes"
2022;"Gizaburuaga";;"Por 1.000 habitantes"
2021;"Gizaburuaga";;"Por 1.000 habitantes"
2017;"Gizaburuaga";;"Por 1.000 habitantes"
2016;"Gizaburuaga";;"Por 1.000 habitantes"
2015;"Gizaburuaga";;"Por 1.000 habitantes"
2014;"Gizaburuaga";;"Por 1.000 habitantes"
2013;"Gizaburuaga";;"Por 1.000 habitantes"
2022;"Harana/Valle de Arana";;"Por 1.000 habitantes"
2020;"Harana/Valle de Arana";;"Por 1.000 habitantes"
2019;"Harana/Valle de Arana";;"Por 1.000 habitantes"
2018;"Harana/Valle de Arana";;"Por 1.000 habitantes"
2017;"Harana/Valle de Arana";;"Por 1.000 habitantes"
2016;"Harana/Valle de Arana";;"Por 1.000 habitantes"
2015;"Harana/Valle de Arana";;"Por 1.000 habitantes"
2014;"Harana/Valle de Arana";;"Por 1.000 habitantes"
2008;"Harana/Valle de Arana";;"Por 1.000 habitantes"
2019;"Hernialde";;"Por 1.000 habitantes"
2016;"Hernialde";;"Por 1.000 habitantes"
2017;"Ibarra";;"Por 1.000 habitantes"
2016;"Ibarra";;"Por 1.000 habitantes"
2015;"Ibarra";;"Por 1.000 habitantes"
2014;"Ibarra";;"Por 1.000 habitantes"
2013;"Ibarra";;"Por 1.000 habitantes"
2010;"Idiazabal";;"Por 1.000 habitantes"
2009;"Idiazabal";;"Por 1.000 habitantes"
2013;"Ikaztegieta";;"Por 1.000 habitantes"
2010;"Irun";;"Por 1.000 habitantes"
2009;"Irun";;"Por 1.000 habitantes"
2022;"Iruraiz-Gauna";;"Por 1.000 habitantes"
2019;"Iruraiz-Gauna";;"Por 1.000 habitantes"
2018;"Iruraiz-Gauna";;"Por 1.000 habitantes"
2017;"Iruraiz-Gauna";;"Por 1.000 habitantes"
2016;"Iruraiz-Gauna";;"Por 1.000 habitantes"
2016;"Izurtza";;"Por 1.000 habitantes"
2013;"Izurtza";;"Por 1.000 habitantes"
2012;"Izurtza";;"Por 1.000 habitantes"
2011;"Izurtza";;"Por 1.000 habitantes"
2010;"Izurtza";;"Por 1.000 habitantes"
2008;"Kortezubi";;"Por 1.000 habitantes"
2024;"Kripan";;"Por 1.000 habitantes"
2023;"Kripan";;"Por 1.000 habitantes"
2022;"Kripan";;"Por 1.000 habitantes"
2021;"Kripan";;"Por 1.000 habitantes"
2020;"Kripan";;"Por 1.000 habitantes"
2019;"Kripan";;"Por 1.000 habitantes"
2018;"Kripan";;"Por 1.000 habitantes"
2017;"Kripan";;"Por 1.000 habitantes"
2016;"Kripan";;"Por 1.000 habitantes"
2015;"Kripan";;"Por 1.000 habitantes"
2014;"Kripan";;"Por 1.000 habitantes"
2013;"Kripan";;"Por 1.000 habitantes"
2012;"Kripan";;"Por 1.000 habitantes"
2011;"Kripan";;"Por 1.000 habitantes"
2010;"Kripan";;"Por 1.000 habitantes"
2009;"Kripan";;"Por 1.000 habitantes"
2008;"Kripan";;"Por 1.000 habitantes"
2023;"Kuartango";;"Por 1.000 habitantes"
2020;"Kuartango";;"Por 1.000 habitantes"
2018;"Kuartango";;"Por 1.000 habitantes"
2017;"Kuartango";;"Por 1.000 habitantes"
2016;"Kuartango";;"Por 1.000 habitantes"
2015;"Kuartango";;"Por 1.000 habitantes"
2014;"Kuartango";;"Por 1.000 habitantes"
2010;"Kuartango";;"Por 1.000 habitantes"
2009;"Kuartango";;"Por 1.000 habitantes"
2008;"Kuartango";;"Por 1.000 habitantes"
2023;"Lagrán";;"Por 1.000 habitantes"
2022;"Lagrán";;"Por 1.000 habitantes"
2020;"Lagrán";;"Por 1.000 habitantes"
2019;"Lagrán";;"Por 1.000 habitantes"
2018;"Lagrán";;"Por 1.000 habitantes"
2017;"Lagrán";;"Por 1.000 habitantes"
2016;"Lagrán";;"Por 1.000 habitantes"
2015;"Lagrán";;"Por 1.000 habitantes"
2014;"Lagrán";;"Por 1.000 habitantes"
2013;"Lagrán";;"Por 1.000 habitantes"
2012;"Lagrán";;"Por 1.000 habitantes"
2011;"Lagrán";;"Por 1.000 habitantes"
2010;"Lagrán";;"Por 1.000 habitantes"
2009;"Lagrán";;"Por 1.000 habitantes"
2008;"Lagrán";;"Por 1.000 habitantes"
2013;"Lanciego/Lantziego";;"Por 1.000 habitantes"
2024;"Lantarón";;"Por 1.000 habitantes"
2024;"Larraul";;"Por 1.000 habitantes"
2023;"Larraul";;"Por 1.000 habitantes"
2022;"Larraul";;"Por 1.000 habitantes"
2021;"Larraul";;"Por 1.000 habitantes"
2020;"Larraul";;"Por 1.000 habitantes"
2019;"Larraul";;"Por 1.000 habitantes"
2017;"Larraul";;"Por 1.000 habitantes"
2016;"Larraul";;"Por 1.000 habitantes"
2015;"Larraul";;"Por 1.000 habitantes"
2014;"Larraul";;"Por 1.000 habitantes"
2015;"Laudio/Llodio";;"Por 1.000 habitantes"
2014;"Laudio/Llodio";;"Por 1.000 habitantes"
2013;"Laudio/Llodio";;"Por 1.000 habitantes"
2024;"Laukiz";;"Por 1.000 habitantes"
2023;"Laukiz";;"Por 1.000 habitantes"
2022;"Laukiz";;"Por 1.000 habitantes"
2021;"Laukiz";;"Por 1.000 habitantes"
2020;"Laukiz";;"Por 1.000 habitantes"
2019;"Laukiz";;"Por 1.000 habitantes"
2018;"Laukiz";;"Por 1.000 habitantes"
2014;"Laukiz";;"Por 1.000 habitantes"
2008;"Laukiz";;"Por 1.000 habitantes"
2022;"Leintz-Gatzaga";;"Por 1.000 habitantes"
2021;"Leintz-Gatzaga";;"Por 1.000 habitantes"
2020;"Leintz-Gatzaga";;"Por 1.000 habitantes"
2014;"Leintz-Gatzaga";;"Por 1.000 habitantes"
2008;"Leza";;"Por 1.000 habitantes"
2015;"Loiu";;"Por 1.000 habitantes"
2010;"Mallabia";;"Por 1.000 habitantes"
2009;"Mallabia";;"Por 1.000 habitantes"
2015;"Maruri-Jatabe";;"Por 1.000 habitantes"
2014;"Mañaria";;"Por 1.000 habitantes"
2013;"Mañaria";;"Por 1.000 habitantes"
2012;"Mañaria";;"Por 1.000 habitantes"
2011;"Mañaria";;"Por 1.000 habitantes"
2010;"Mañaria";;"Por 1.000 habitantes"
2017;"Mendexa";;"Por 1.000 habitantes"
2016;"Mendexa";;"Por 1.000 habitantes"
2015;"Mendexa";;"Por 1.000 habitantes"
2014;"Mendexa";;"Por 1.000 habitantes"
2024;"Meñaka";;"Por 1.000 habitantes"
2020;"Meñaka";;"Por 1.000 habitantes"
2019;"Meñaka";;"Por 1.000 habitantes"
2017;"Meñaka";;"Por 1.000 habitantes"
2016;"Meñaka";;"Por 1.000 habitantes"
2015;"Meñaka";;"Por 1.000 habitantes"
2011;"Meñaka";;"Por 1.000 habitantes"
2010;"Meñaka";;"Por 1.000 habitantes"
2008;"Meñaka";;"Por 1.000 habitantes"
2014;"Moreda de Álava/Moreda Araba";;"Por 1.000 habitantes"
2013;"Moreda de Álava/Moreda Araba";;"Por 1.000 habitantes"
2012;"Moreda de Álava/Moreda Araba";;"Por 1.000 habitantes"
2011;"Moreda de Álava/Moreda Araba";;"Por 1.000 habitantes"
2008;"Moreda de Álava/Moreda Araba";;"Por 1.000 habitantes"
2019;"Morga";;"Por 1.000 habitantes"
2018;"Morga";;"Por 1.000 habitantes"
2017;"Morga";;"Por 1.000 habitantes"
2016;"Morga";;"Por 1.000 habitantes"
2015;"Morga";;"Por 1.000 habitantes"
2014;"Morga";;"Por 1.000 habitantes"
2011;"Morga";;"Por 1.000 habitantes"
2008;"Morga";;"Por 1.000 habitantes"
2017;"Munitibar-Arbatzegi Gerrikaitz";;"Por 1.000 habitantes"
2016;"Munitibar-Arbatzegi Gerrikaitz";;"Por 1.000 habitantes"
2015;"Munitibar-Arbatzegi Gerrikaitz";;"Por 1.000 habitantes"
2014;"Munitibar-Arbatzegi Gerrikaitz";;"Por 1.000 habitantes"
2013;"Munitibar-Arbatzegi Gerrikaitz";;"Por 1.000 habitantes"
2013;"Murueta";;"Por 1.000 habitantes"
2024;"Mutiloa";;"Por 1.000 habitantes"
2023;"Mutiloa";;"Por 1.000 habitantes"
2022;"Mutiloa";;"Por 1.000 habitantes"
2021;"Mutiloa";;"Por 1.000 habitantes"
2020;"Mutiloa";;"Por 1.000 habitantes"
2019;"Mutiloa";;"Por 1.000 habitantes"
2018;"Mutiloa";;"Por 1.000 habitantes"
2017;"Mutiloa";;"Por 1.000 habitantes"
2016;"Mutiloa";;"Por 1.000 habitantes"
2015;"Mutiloa";;"Por 1.000 habitantes"
2014;"Mutiloa";;"Por 1.000 habitantes"
2010;"Mutiloa";;"Por 1.000 habitantes"
2009;"Mutiloa";;"Por 1.000 habitantes"
2008;"Mutiloa";;"Por 1.000 habitantes"
2024;"Nabarniz";;"Por 1.000 habitantes"
2023;"Nabarniz";;"Por 1.000 habitantes"
2022;"Navaridas";;"Por 1.000 habitantes"
2021;"Navaridas";;"Por 1.000 habitantes"
2020;"Navaridas";;"Por 1.000 habitantes"
2019;"Navaridas";;"Por 1.000 habitantes"
2018;"Navaridas";;"Por 1.000 habitantes"
2017;"Navaridas";;"Por 1.000 habitantes"
2016;"Navaridas";;"Por 1.000 habitantes"
2015;"Navaridas";;"Por 1.000 habitantes"
2014;"Navaridas";;"Por 1.000 habitantes"
2013;"Navaridas";;"Por 1.000 habitantes"
2012;"Navaridas";;"Por 1.000 habitantes"
2011;"Navaridas";;"Por 1.000 habitantes"
2010;"Navaridas";;"Por 1.000 habitantes"
2009;"Navaridas";;"Por 1.000 habitantes"
2008;"Navaridas";;"Por 1.000 habitantes"
2024;"Orendain";;"Por 1.000 habitantes"
2022;"Orendain";;"Por 1.000 habitantes"
2021;"Orendain";;"Por 1.000 habitantes"
2020;"Orendain";;"Por 1.000 habitantes"
2013;"Orendain";;"Por 1.000 habitantes"
2012;"Orendain";;"Por 1.000 habitantes"
2010;"Orendain";;"Por 1.000 habitantes"
2008;"Orendain";;"Por 1.000 habitantes"
2021;"Orexa";;"Por 1.000 habitantes"
2020;"Orexa";;"Por 1.000 habitantes"
2019;"Orexa";;"Por 1.000 habitantes"
2013;"Orexa";;"Por 1.000 habitantes"
2012;"Orexa";;"Por 1.000 habitantes"
2011;"Orexa";;"Por 1.000 habitantes"
2009;"Orexa";;"Por 1.000 habitantes"
2008;"Orexa";;"Por 1.000 habitantes"
2010;"Ormaiztegi";;"Por 1.000 habitantes"
2009;"Ormaiztegi";;"Por 1.000 habitantes"
2015;"Otxandio";;"Por 1.000 habitantes"
2014;"Otxandio";;"Por 1.000 habitantes"
2017;"Peñacerrada-Urizaharra";;"Por 1.000 habitantes"
2009;"Samaniego";;"Por 1.000 habitantes"
2008;"Samaniego";;"Por 1.000 habitantes"
2024;"San Millán/Donemiliaga";;"Por 1.000 habitantes"
2021;"San Millán/Donemiliaga";;"Por 1.000 habitantes"
2020;"San Millán/Donemiliaga";;"Por 1.000 habitantes"
2014;"San Millán/Donemiliaga";;"Por 1.000 habitantes"
2024;"Segura";;"Por 1.000 habitantes"
2023;"Segura";;"Por 1.000 habitantes"
2022;"Segura";;"Por 1.000 habitantes"
2015;"Segura";;"Por 1.000 habitantes"
2014;"Segura";;"Por 1.000 habitantes"
2009;"Segura";;"Por 1.000 habitantes"
2015;"Sondika";;"Por 1.000 habitantes"
2022;"Ubide";;"Por 1.000 habitantes"
2023;"Usansolo";;"Por 1.000 habitantes"
2021;"Villabuena de Álava/Eskuernaga";;"Por 1.000 habitantes"
2020;"Villabuena de Álava/Eskuernaga";;"Por 1.000 habitantes"
2014;"Villabuena de Álava/Eskuernaga";;"Por 1.000 habitantes"
2013;"Villabuena de Álava/Eskuernaga";;"Por 1.000 habitantes"
2012;"Villabuena de Álava/Eskuernaga";;"Por 1.000 habitantes"
2011;"Villabuena de Álava/Eskuernaga";;"Por 1.000 habitantes"
2010;"Villabuena de Álava/Eskuernaga";;"Por 1.000 habitantes"
2009;"Villabuena de Álava/Eskuernaga";;"Por 1.000 habitantes"
2008;"Villabuena de Álava/Eskuernaga";;"Por 1.000 habitantes"
2023;"Yécora/Iekora";;"Por 1.000 habitantes"
2020;"Yécora/Iekora";;"Por 1.000 habitantes"
2018;"Yécora/Iekora";;"Por 1.000 habitantes"
2014;"Yécora/Iekora";;"Por 1.000 habitantes"
2023;"Zalduondo";;"Por 1.000 habitantes"
2022;"Zalduondo";;"Por 1.000 habitantes"
2021;"Zalduondo";;"Por 1.000 habitantes"
2020;"Zalduondo";;"Por 1.000 habitantes"
2019;"Zalduondo";;"Por 1.000 habitantes"
2018;"Zalduondo";;"Por 1.000 habitantes"
2017;"Zalduondo";;"Por 1.000 habitantes"
2016;"Zalduondo";;"Por 1.000 habitantes"
2014;"Zalduondo";;"Por 1.000 habitantes"
2013;"Zalduondo";;"Por 1.000 habitantes"
2012;"Zalduondo";;"Por 1.000 habitantes"
2021;"Zambrana";;"Por 1.000 habitantes"
2020;"Zambrana";;"Por 1.000 habitantes"
2024;"Zegama";;"Por 1.000 habitantes"
2023;"Zegama";;"Por 1.000 habitantes"
2022;"Zegama";;"Por 1.000 habitantes"
2021;"Zegama";;"Por 1.000 habitantes"
2020;"Zegama";;"Por 1.000 habitantes"
2014;"Zegama";;"Por 1.000 habitantes"
2010;"Zegama";;"Por 1.000 habitantes"
2009;"Zegama";;"Por 1.000 habitantes"
2024;"Zerain";;"Por 1.000 habitantes"
2023;"Zerain";;"Por 1.000 habitantes"
2022;"Zerain";;"Por 1.000 habitantes"
2021;"Zerain";;"Por 1.000 habitantes"
2020;"Zerain";;"Por 1.000 habitantes"
2019;"Zerain";;"Por 1.000 habitantes"
2018;"Zerain";;"Por 1.000 habitantes"
2017;"Zerain";;"Por 1.000 habitantes"
2016;"Zerain";;"Por 1.000 habitantes"
2015;"Zerain";;"Por 1.000 habitantes"
2014;"Zerain";;"Por 1.000 habitantes"
2010;"Zerain";;"Por 1.000 habitantes"
2009;"Zerain";;"Por 1.000 habitantes"
2008;"Zerain";;"Por 1.000 habitantes"
2017;"Zigoitia";;"Por 1.000 habitantes"
2020;"Ziortza-Bolibar";;"Por 1.000 habitantes"
2012;"Ziortza-Bolibar";;"Por 1.000 habitantes"
2010;"Ziortza-Bolibar";;"Por 1.000 habitantes"
2009;"Ziortza-Bolibar";;"Por 1.000 habitantes"
2008;"Ziortza-Bolibar";;"Por 1.000 habitantes"
2008;"Entzia-Iturrieta";;"Por 1.000 habitantes"
2009;"Entzia-Iturrieta";;"Por 1.000 habitantes"
2010;"Entzia-Iturrieta";;"Por 1.000 habitantes"
2011;"Entzia-Iturrieta";;"Por 1.000 habitantes"
2012;"Entzia-Iturrieta";;"Por 1.000 habitantes"
2013;"Entzia-Iturrieta";;"Por 1.000 habitantes"
2014;"Entzia-Iturrieta";;"Por 1.000 habitantes"
2015;"Entzia-Iturrieta";;"Por 1.000 habitantes"
2016;"Entzia-Iturrieta";;"Por 1.000 habitantes"
2017;"Entzia-Iturrieta";;"Por 1.000 habitantes"
2018;"Entzia-Iturrieta";;"Por 1.000 habitantes"
2019;"Entzia-Iturrieta";;"Por 1.000 habitantes"
2020;"Entzia-Iturrieta";;"Por 1.000 habitantes"
2021;"Entzia-Iturrieta";;"Por 1.000 habitantes"
2022;"Entzia-Iturrieta";;"Por 1.000 habitantes"
2023;"Entzia-Iturrieta";;"Por 1.000 habitantes"
2024;"Entzia-Iturrieta";;"Por 1.000 habitantes"
2008;"Limitadua/El Limitado";;"Por 1.000 habitantes"
2009;"Limitadua/El Limitado";;"Por 1.000 habitantes"
2010;"Limitadua/El Limitado";;"Por 1.000 habitantes"
2011;"Limitadua/El Limitado";;"Por 1.000 habitantes"
2012;"Limitadua/El Limitado";;"Por 1.000 habitantes"
2013;"Limitadua/El Limitado";;"Por 1.000 habitantes"
2014;"Limitadua/El Limitado";;"Por 1.000 habitantes"
2015;"Limitadua/El Limitado";;"Por 1.000 habitantes"
2016;"Limitadua/El Limitado";;"Por 1.000 habitantes"
2017;"Limitadua/El Limitado";;"Por 1.000 habitantes"
2018;"Limitadua/El Limitado";;"Por 1.000 habitantes"
2019;"Limitadua/El Limitado";;"Por 1.000 habitantes"
2020;"Limitadua/El Limitado";;"Por 1.000 habitantes"
2021;"Limitadua/El Limitado";;"Por 1.000 habitantes"
2022;"Limitadua/El Limitado";;"Por 1.000 habitantes"
2023;"Limitadua/El Limitado";;"Por 1.000 habitantes"
2024;"Limitadua/El Limitado";;"Por 1.000 habitantes"
2008;"Badaiako mankomunitatea/Mancomunidad de Badaia";;"Por 1.000 habitantes"
2009;"Badaiako mankomunitatea/Mancomunidad de Badaia";;"Por 1.000 habitantes"
2010;"Badaiako mankomunitatea/Mancomunidad de Badaia";;"Por 1.000 habitantes"
2011;"Badaiako mankomunitatea/Mancomunidad de Badaia";;"Por 1.000 habitantes"
2012;"Badaiako mankomunitatea/Mancomunidad de Badaia";;"Por 1.000 habitantes"
2013;"Badaiako mankomunitatea/Mancomunidad de Badaia";;"Por 1.000 habitantes"
2014;"Badaiako mankomunitatea/Mancomunidad de Badaia";;"Por 1.000 habitantes"
2015;"Badaiako mankomunitatea/Mancomunidad de Badaia";;"Por 1.000 habitantes"
2016;"Badaiako mankomunitatea/Mancomunidad de Badaia";;"Por 1.000 habitantes"
2017;"Badaiako mankomunitatea/Mancomunidad de Badaia";;"Por 1.000 habitantes"
2018;"Badaiako mankomunitatea/Mancomunidad de Badaia";;"Por 1.000 habitantes"
2019;"Badaiako mankomunitatea/Mancomunidad de Badaia";;"Por 1.000 habitantes"
2020;"Badaiako mankomunitatea/Mancomunidad de Badaia";;"Por 1.000 habitantes"
2021;"Badaiako mankomunitatea/Mancomunidad de Badaia";;"Por 1.000 habitantes"
2022;"Badaiako mankomunitatea/Mancomunidad de Badaia";;"Por 1.000 habitantes"
2023;"Badaiako mankomunitatea/Mancomunidad de Badaia";;"Por 1.000 habitantes"
2024;"Badaiako mankomunitatea/Mancomunidad de Badaia";;"Por 1.000 habitantes"
2008;"Gipuzkoako eta Arabako Partzuergo Nagusia/Parzonería General de Gipuzkoa y Álava";;"Por 1.000 habitantes"
2009;"Gipuzkoako eta Arabako Partzuergo Nagusia/Parzonería General de Gipuzkoa y Álava";;"Por 1.000 habitantes"
2010;"Gipuzkoako eta Arabako Partzuergo Nagusia/Parzonería General de Gipuzkoa y Álava";;"Por 1.000 habitantes"
2011;"Gipuzkoako eta Arabako Partzuergo Nagusia/Parzonería General de Gipuzkoa y Álava";;"Por 1.000 habitantes"
2012;"Gipuzkoako eta Arabako Partzuergo Nagusia/Parzonería General de Gipuzkoa y Álava";;"Por 1.000 habitantes"
2013;"Gipuzkoako eta Arabako Partzuergo Nagusia/Parzonería General de Gipuzkoa y Álava";;"Por 1.000 habitantes"
2014;"Gipuzkoako eta Arabako Partzuergo Nagusia/Parzonería General de Gipuzkoa y Álava";;"Por 1.000 habitantes"
2015;"Gipuzkoako eta Arabako Partzuergo Nagusia/Parzonería General de Gipuzkoa y Álava";;"Por 1.000 habitantes"
2016;"Gipuzkoako eta Arabako Partzuergo Nagusia/Parzonería General de Gipuzkoa y Álava";;"Por 1.000 habitantes"
2017;"Gipuzkoako eta Arabako Partzuergo Nagusia/Parzonería General de Gipuzkoa y Álava";;"Por 1.000 habitantes"
2018;"Gipuzkoako eta Arabako Partzuergo Nagusia/Parzonería General de Gipuzkoa y Álava";;"Por 1.000 habitantes"
2019;"Gipuzkoako eta Arabako Partzuergo Nagusia/Parzonería General de Gipuzkoa y Álava";;"Por 1.000 habitantes"
2020;"Gipuzkoako eta Arabako Partzuergo Nagusia/Parzonería General de Gipuzkoa y Álava";;"Por 1.000 habitantes"
2021;"Gipuzkoako eta Arabako Partzuergo Nagusia/Parzonería General de Gipuzkoa y Álava";;"Por 1.000 habitantes"
2022;"Gipuzkoako eta Arabako Partzuergo Nagusia/Parzonería General de Gipuzkoa y Álava";;"Por 1.000 habitantes"
2023;"Gipuzkoako eta Arabako Partzuergo Nagusia/Parzonería General de Gipuzkoa y Álava";;"Por 1.000 habitantes"
2024;"Gipuzkoako eta Arabako Partzuergo Nagusia/Parzonería General de Gipuzkoa y Álava";;"Por 1.000 habitantes"
2008;"Gipuzkoako Partzuergo Txikia/Parzonería Menor de Gipuzkoa";;"Por 1.000 habitantes"
2009;"Gipuzkoako Partzuergo Txikia/Parzonería Menor de Gipuzkoa";;"Por 1.000 habitantes"
2010;"Gipuzkoako Partzuergo Txikia/Parzonería Menor de Gipuzkoa";;"Por 1.000 habitantes"
2011;"Gipuzkoako Partzuergo Txikia/Parzonería Menor de Gipuzkoa";;"Por 1.000 habitantes"
2012;"Gipuzkoako Partzuergo Txikia/Parzonería Menor de Gipuzkoa";;"Por 1.000 habitantes"
2013;"Gipuzkoako Partzuergo Txikia/Parzonería Menor de Gipuzkoa";;"Por 1.000 habitantes"
2014;"Gipuzkoako Partzuergo Txikia/Parzonería Menor de Gipuzkoa";;"Por 1.000 habitantes"
2015;"Gipuzkoako Partzuergo Txikia/Parzonería Menor de Gipuzkoa";;"Por 1.000 habitantes"
2016;"Gipuzkoako Partzuergo Txikia/Parzonería Menor de Gipuzkoa";;"Por 1.000 habitantes"
2017;"Gipuzkoako Partzuergo Txikia/Parzonería Menor de Gipuzkoa";;"Por 1.000 habitantes"
2018;"Gipuzkoako Partzuergo Txikia/Parzonería Menor de Gipuzkoa";;"Por 1.000 habitantes"
2019;"Gipuzkoako Partzuergo Txikia/Parzonería Menor de Gipuzkoa";;"Por 1.000 habitantes"
2020;"Gipuzkoako Partzuergo Txikia/Parzonería Menor de Gipuzkoa";;"Por 1.000 habitantes"
2021;"Gipuzkoako Partzuergo Txikia/Parzonería Menor de Gipuzkoa";;"Por 1.000 habitantes"
2022;"Gipuzkoako Partzuergo Txikia/Parzonería Menor de Gipuzkoa";;"Por 1.000 habitantes"
2023;"Gipuzkoako Partzuergo Txikia/Parzonería Menor de Gipuzkoa";;"Por 1.000 habitantes"
2024;"Gipuzkoako Partzuergo Txikia/Parzonería Menor de Gipuzkoa";;"Por 1.000 habitantes"
2008;"Enirio-Aralar";;"Por 1.000 habitantes"
2009;"Enirio-Aralar";;"Por 1.000 habitantes"
2010;"Enirio-Aralar";;"Por 1.000 habitantes"
2011;"Enirio-Aralar";;"Por 1.000 habitantes"
2012;"Enirio-Aralar";;"Por 1.000 habitantes"
2013;"Enirio-Aralar";;"Por 1.000 habitantes"
2014;"Enirio-Aralar";;"Por 1.000 habitantes"
2015;"Enirio-Aralar";;"Por 1.000 habitantes"
2016;"Enirio-Aralar";;"Por 1.000 habitantes"
2017;"Enirio-Aralar";;"Por 1.000 habitantes"
2018;"Enirio-Aralar";;"Por 1.000 habitantes"
2019;"Enirio-Aralar";;"Por 1.000 habitantes"
2020;"Enirio-Aralar";;"Por 1.000 habitantes"
2021;"Enirio-Aralar";;"Por 1.000 habitantes"
2022;"Enirio-Aralar";;"Por 1.000 habitantes"
2023;"Enirio-Aralar";;"Por 1.000 habitantes"
2024;"Enirio-Aralar";;"Por 1.000 habitantes"
2003;"Abadiño";3,47;"Por 1.000 habitantes"
2003;"Abanto y Ciérvana-Abanto Zierbena";10,07;"Por 1.000 habitantes"
2003;"Aduna";4,37;"Por 1.000 habitantes"
2003;"Aia";5,71;"Por 1.000 habitantes"
2003;"Aizarnazabal";2,4;"Por 1.000 habitantes"
2003;"Ajangiz";3,52;"Por 1.000 habitantes"
2003;"Alegia";8,32;"Por 1.000 habitantes"
2003;"Alegría-Dulantzi";6,2;"Por 1.000 habitantes"
2003;"Alkiza";5,14;"Por 1.000 habitantes"
2003;"Alonsotegi";14,35;"Por 1.000 habitantes"
2003;"Amorebieta-Etxano";5,99;"Por 1.000 habitantes"
2003;"Amurrio";4,11;"Por 1.000 habitantes"
2003;"Andoain";7,75;"Por 1.000 habitantes"
2003;"Anoeta";5,14;"Por 1.000 habitantes"
2003;"Antzuola";3,86;"Por 1.000 habitantes"
2003;"Arakaldo";17,65;"Por 1.000 habitantes"
2003;"Arantzazu";5,14;"Por 1.000 habitantes"
2003;"Areatza";12,75;"Por 1.000 habitantes"
2003;"Aretxabaleta";4,56;"Por 1.000 habitantes"
2003;"Armiñón";12,82;"Por 1.000 habitantes"
2003;"Arraia-Maeztu";5,75;"Por 1.000 habitantes"
2003;"Arrankudiaga-Zollo";1,82;"Por 1.000 habitantes"
2003;"Arrasate/Mondragón";2,9;"Por 1.000 habitantes"
2003;"Arratzua-Ubarrundia";1,91;"Por 1.000 habitantes"
2003;"Arrieta";2,81;"Por 1.000 habitantes"
2003;"Arrigorriaga";11,1;"Por 1.000 habitantes"
2003;"Artea";2,29;"Por 1.000 habitantes"
2003;"Artzentales";2,24;"Por 1.000 habitantes"
2003;"Artziniega";12,7;"Por 1.000 habitantes"
2003;"Asparrena";8,95;"Por 1.000 habitantes"
2003;"Asteasu";6,56;"Por 1.000 habitantes"
2003;"Astigarraga";4,8;"Por 1.000 habitantes"
2003;"Ataun";0,97;"Por 1.000 habitantes"
2003;"Atxondo";5,74;"Por 1.000 habitantes"
2003;"Aulesti";2,28;"Por 1.000 habitantes"
2003;"Ayala/Aiara";5,29;"Por 1.000 habitantes"
2003;"Azkoitia";5,05;"Por 1.000 habitantes"
2003;"Azpeitia";5,53;"Por 1.000 habitantes"
2003;"Bakio";4,05;"Por 1.000 habitantes"
2003;"Balmaseda";9,74;"Por 1.000 habitantes"
2003;"Barakaldo";7,47;"Por 1.000 habitantes"
2003;"Basauri";7,19;"Por 1.000 habitantes"
2003;"Beasain";4,9;"Por 1.000 habitantes"
2003;"Bedia";6,17;"Por 1.000 habitantes"
2003;"Berantevilla";3,56;"Por 1.000 habitantes"
2003;"Berastegi";1,58;"Por 1.000 habitantes"
2003;"Bergara";5,5;"Por 1.000 habitantes"
2003;"Bermeo";7,68;"Por 1.000 habitantes"
2003;"Bernedo";2,71;"Por 1.000 habitantes"
2003;"Berriatua";1,42;"Por 1.000 habitantes"
2003;"Berriz";8,94;"Por 1.000 habitantes"
2003;"Bidania-Goiatz";3,22;"Por 1.000 habitantes"
2003;"Bilbao";15,71;"Por 1.000 habitantes"
2003;"Busturia";4,7;"Por 1.000 habitantes"
2003;"Campezo/Kanpezu";1,38;"Por 1.000 habitantes"
2003;"Deba";2,11;"Por 1.000 habitantes"
2003;"Derio";2,58;"Por 1.000 habitantes"
2003;"Dima";1,27;"Por 1.000 habitantes"
2003;"Donostia / San Sebastián";11,61;"Por 1.000 habitantes"
2003;"Durango";3,47;"Por 1.000 habitantes"
2003;"Ea";1,76;"Por 1.000 habitantes"
2003;"Eibar";5,16;"Por 1.000 habitantes"
2003;"Elantxobe";3,33;"Por 1.000 habitantes"
2003;"Elciego";1,51;"Por 1.000 habitantes"
2003;"Elduain";6,88;"Por 1.000 habitantes"
2003;"Elgeta";1,52;"Por 1.000 habitantes"
2003;"Elgoibar";4,23;"Por 1.000 habitantes"
2003;"Elorrio";3,29;"Por 1.000 habitantes"
2003;"Elvillar/Bilar";4,14;"Por 1.000 habitantes"
2003;"Erandio";20,02;"Por 1.000 habitantes"
2003;"Ermua";15,49;"Por 1.000 habitantes"
2003;"Errenteria";7,98;"Por 1.000 habitantes"
2003;"Errezil";2,48;"Por 1.000 habitantes"
2003;"Erriberagoitia/Ribera Alta";2,21;"Por 1.000 habitantes"
2003;"Eskoriatza";5,66;"Por 1.000 habitantes"
2003;"Etxebarri";23,88;"Por 1.000 habitantes"
2003;"Etxebarria";1,9;"Por 1.000 habitantes"
2003;"Ezkio-Itsaso";2,57;"Por 1.000 habitantes"
2003;"Forua";11,38;"Por 1.000 habitantes"
2003;"Fruiz";3,84;"Por 1.000 habitantes"
2003;"Gabiria";3,65;"Por 1.000 habitantes"
2003;"Galdakao";2,9;"Por 1.000 habitantes"
2003;"Galdames";5,99;"Por 1.000 habitantes"
2003;"Gamiz-Fika";4,78;"Por 1.000 habitantes"
2003;"Gatika";1,1;"Por 1.000 habitantes"
2003;"Gautegiz Arteaga";1,75;"Por 1.000 habitantes"
2003;"Gernika-Lumo";8,98;"Por 1.000 habitantes"
2003;"Getaria";4,05;"Por 1.000 habitantes"
2003;"Getxo";9,49;"Por 1.000 habitantes"
2003;"Gizaburuaga";12,2;"Por 1.000 habitantes"
2003;"Gordexola";11,95;"Por 1.000 habitantes"
2003;"Güeñes";15,46;"Por 1.000 habitantes"
2003;"Harana/Valle de Arana";4,3;"Por 1.000 habitantes"
2003;"Hernani";7,88;"Por 1.000 habitantes"
2003;"Hernialde";4,81;"Por 1.000 habitantes"
2003;"Hondarribia";4,37;"Por 1.000 habitantes"
2003;"Ibarra";5,43;"Por 1.000 habitantes"
2003;"Ibarrangelu";2,58;"Por 1.000 habitantes"
2003;"Idiazabal";0,72;"Por 1.000 habitantes"
2003;"Igorre";4,85;"Por 1.000 habitantes"
2003;"Ikaztegieta";14,49;"Por 1.000 habitantes"
2003;"Irun";7,83;"Por 1.000 habitantes"
2003;"Irura";6,13;"Por 1.000 habitantes"
2003;"Iruña Oka/Iruña de Oca";14,54;"Por 1.000 habitantes"
2003;"Ispaster";6,48;"Por 1.000 habitantes"
2003;"Itsasondo";8,79;"Por 1.000 habitantes"
2003;"Iurreta";4,45;"Por 1.000 habitantes"
2003;"Izurtza";5,91;"Por 1.000 habitantes"
2003;"Karrantza Harana/Valle de Carranza";7,07;"Por 1.000 habitantes"
2003;"Kuartango";4,35;"Por 1.000 habitantes"
2003;"Labastida/Bastida";5,1;"Por 1.000 habitantes"
2003;"Laguardia";1,01;"Por 1.000 habitantes"
2003;"Lanciego/Lantziego";2,26;"Por 1.000 habitantes"
2003;"Lanestosa";5,26;"Por 1.000 habitantes"
2003;"Lantarón";4,21;"Por 1.000 habitantes"
2003;"Lapuebla de Labarca";1,79;"Por 1.000 habitantes"
2003;"Larrabetzu";3,63;"Por 1.000 habitantes"
2003;"Lasarte-Oria";4,85;"Por 1.000 habitantes"
2003;"Laudio/Llodio";9,18;"Por 1.000 habitantes"
2003;"Lazkao";5,03;"Por 1.000 habitantes"
2003;"Leaburu";4,05;"Por 1.000 habitantes"
2003;"Legazpi";3,47;"Por 1.000 habitantes"
2003;"Legorreta";5,11;"Por 1.000 habitantes"
2003;"Legutio";4,91;"Por 1.000 habitantes"
2003;"Leintz-Gatzaga";6,33;"Por 1.000 habitantes"
2003;"Leioa";11,27;"Por 1.000 habitantes"
2003;"Lekeitio";4,41;"Por 1.000 habitantes"
2003;"Lemoa";2,11;"Por 1.000 habitantes"
2003;"Leza";6,7;"Por 1.000 habitantes"
2003;"Lezama";1,78;"Por 1.000 habitantes"
2003;"Lezo";9,14;"Por 1.000 habitantes"
2003;"Lizartza";2,45;"Por 1.000 habitantes"
2003;"Mallabia";7,08;"Por 1.000 habitantes"
2003;"Markina-Xemein";2,4;"Por 1.000 habitantes"
2003;"Maruri-Jatabe";1,9;"Por 1.000 habitantes"
2003;"Mendaro";7,38;"Por 1.000 habitantes"
2003;"Mendexa";3,83;"Por 1.000 habitantes"
2003;"Moreda de Álava/Moreda Araba";4,95;"Por 1.000 habitantes"
2003;"Mundaka";9,84;"Por 1.000 habitantes"
2003;"Mungia";5,6;"Por 1.000 habitantes"
2003;"Munitibar-Arbatzegi Gerrikaitz";3,93;"Por 1.000 habitantes"
2003;"Murueta";5,64;"Por 1.000 habitantes"
2003;"Muskiz";7,47;"Por 1.000 habitantes"
2003;"Mutriku";1,25;"Por 1.000 habitantes"
2003;"Muxika";5,83;"Por 1.000 habitantes"
2003;"Nabarniz";6,33;"Por 1.000 habitantes"
2003;"Oiartzun";8,29;"Por 1.000 habitantes"
2003;"Okondo";17,22;"Por 1.000 habitantes"
2003;"Olaberria";1,66;"Por 1.000 habitantes"
2003;"Ondarroa";4,52;"Por 1.000 habitantes"
2003;"Ordizia";5,17;"Por 1.000 habitantes"
2003;"Orio";3,66;"Por 1.000 habitantes"
2003;"Ormaiztegi";1,24;"Por 1.000 habitantes"
2003;"Orozko";3,99;"Por 1.000 habitantes"
2003;"Ortuella";13,66;"Por 1.000 habitantes"
2003;"Otxandio";1,38;"Por 1.000 habitantes"
2003;"Oyón-Oion";5,31;"Por 1.000 habitantes"
2003;"Oñati";4,15;"Por 1.000 habitantes"
2003;"Pasaia";9,22;"Por 1.000 habitantes"
2003;"Peñacerrada-Urizaharra";6,12;"Por 1.000 habitantes"
2003;"Portugalete";8,02;"Por 1.000 habitantes"
2003;"Ribera Baja/Erriberabeitia";5,12;"Por 1.000 habitantes"
2003;"Agurain/Salvatierra";15,22;"Por 1.000 habitantes"
2003;"Samaniego";4,52;"Por 1.000 habitantes"
2003;"San Millán/Donemiliaga";2,08;"Por 1.000 habitantes"
2003;"Santurtzi";18,56;"Por 1.000 habitantes"
2003;"Segura";1,18;"Por 1.000 habitantes"
2003;"Sestao";19,06;"Por 1.000 habitantes"
2003;"Sondika";4,5;"Por 1.000 habitantes"
2003;"Sopuerta";6,02;"Por 1.000 habitantes"
2003;"Soraluze-Placencia de las Armas";7,11;"Por 1.000 habitantes"
2003;"Sukarrieta";4,78;"Por 1.000 habitantes"
2003;"Tolosa";7,84;"Por 1.000 habitantes"
2003;"Trucios-Turtzioz";2,79;"Por 1.000 habitantes"
2003;"Ubide";8,98;"Por 1.000 habitantes"
2003;"Ugao-Miraballes";6,52;"Por 1.000 habitantes"
2003;"Urduña/Orduña";11,9;"Por 1.000 habitantes"
2003;"Urkabustaiz";4,95;"Por 1.000 habitantes"
2003;"Urnieta";4,72;"Por 1.000 habitantes"
2003;"Urretxu";11,92;"Por 1.000 habitantes"
2003;"Usansolo";2,9;"Por 1.000 habitantes"
2003;"Usurbil";5,62;"Por 1.000 habitantes"
2003;"Valdegovía/Gaubea";10,6;"Por 1.000 habitantes"
2003;"Valle de Trápaga-Trapagaran";11,35;"Por 1.000 habitantes"
2003;"Villabona";7,43;"Por 1.000 habitantes"
2003;"Vitoria-Gasteiz";16,6;"Por 1.000 habitantes"
2003;"Zaldibar";2,16;"Por 1.000 habitantes"
2003;"Zaldibia";5,43;"Por 1.000 habitantes"
2003;"Zalla";12,35;"Por 1.000 habitantes"
2003;"Zambrana";4,27;"Por 1.000 habitantes"
2003;"Zamudio";5,26;"Por 1.000 habitantes"
2003;"Zaratamo";6,68;"Por 1.000 habitantes"
2003;"Zarautz";3,85;"Por 1.000 habitantes"
2003;"Zeanuri";4,13;"Por 1.000 habitantes"
2003;"Zeberio";5,73;"Por 1.000 habitantes"
2003;"Zegama";3,14;"Por 1.000 habitantes"
2003;"Zerain";6,22;"Por 1.000 habitantes"
2003;"Zestoa";5,22;"Por 1.000 habitantes"
2003;"Zierbena";6,33;"Por 1.000 habitantes"
2003;"Zigoitia";1,07;"Por 1.000 habitantes"
2003;"Ziortza-Bolibar";2,4;"Por 1.000 habitantes"
2003;"Zizurkil";7,01;"Por 1.000 habitantes"
2003;"Zuia";3,8;"Por 1.000 habitantes"
2003;"Zumaia";4,73;"Por 1.000 habitantes"
2003;"Zumarraga";6,85;"Por 1.000 habitantes"
2006;"Abadiño";3,37;"Por 1.000 habitantes"
2006;"Abanto y Ciérvana-Abanto Zierbena";14,57;"Por 1.000 habitantes"
2006;"Aduna";4,12;"Por 1.000 habitantes"
2006;"Aia";5,54;"Por 1.000 habitantes"
2006;"Aizarnazabal";2,41;"Por 1.000 habitantes"
2006;"Ajangiz";3,46;"Por 1.000 habitantes"
2006;"Alegia";12,05;"Por 1.000 habitantes"
2006;"Alegría-Dulantzi";5,34;"Por 1.000 habitantes"
2006;"Alkiza";4,72;"Por 1.000 habitantes"
2006;"Alonsotegi";17,14;"Por 1.000 habitantes"
2006;"Altzo";4,07;"Por 1.000 habitantes"
2006;"Amorebieta-Etxano";10,24;"Por 1.000 habitantes"
2006;"Amurrio";8,7;"Por 1.000 habitantes"
2006;"Andoain";8,45;"Por 1.000 habitantes"
2006;"Anoeta";5,13;"Por 1.000 habitantes"
2006;"Antzuola";6,16;"Por 1.000 habitantes"
2006;"Arakaldo";15,79;"Por 1.000 habitantes"
2006;"Aramaio";3,28;"Por 1.000 habitantes"
2006;"Arantzazu";5;"Por 1.000 habitantes"
2006;"Areatza";18,87;"Por 1.000 habitantes"
2006;"Aretxabaleta";5,23;"Por 1.000 habitantes"
2006;"Arraia-Maeztu";2,11;"Por 1.000 habitantes"
2006;"Arrankudiaga-Zollo";1,77;"Por 1.000 habitantes"
2006;"Arrasate/Mondragón";3;"Por 1.000 habitantes"
2006;"Arratzua-Ubarrundia";1,7;"Por 1.000 habitantes"
2006;"Arrieta";2,73;"Por 1.000 habitantes"
2006;"Arrigorriaga";13,61;"Por 1.000 habitantes"
2006;"Artea";2,24;"Por 1.000 habitantes"
2006;"Artzentales";2,2;"Por 1.000 habitantes"
2006;"Artziniega";14,18;"Por 1.000 habitantes"
2006;"Asparrena";13,34;"Por 1.000 habitantes"
2006;"Asteasu";7,67;"Por 1.000 habitantes"
2006;"Astigarraga";6,29;"Por 1.000 habitantes"
2006;"Ataun";0,95;"Por 1.000 habitantes"
2006;"Atxondo";5,6;"Por 1.000 habitantes"
2006;"Aulesti";2,24;"Por 1.000 habitantes"
2006;"Ayala/Aiara";8,58;"Por 1.000 habitantes"
2006;"Azkoitia";4,97;"Por 1.000 habitantes"
2006;"Azpeitia";6,22;"Por 1.000 habitantes"
2006;"Bakio";6,05;"Por 1.000 habitantes"
2006;"Baliarrain";16,48;"Por 1.000 habitantes"
2006;"Balmaseda";9,07;"Por 1.000 habitantes"
2006;"Barakaldo";8,57;"Por 1.000 habitantes"
2006;"Barrika";1,09;"Por 1.000 habitantes"
2006;"Barrundia";1,85;"Por 1.000 habitantes"
2006;"Basauri";9,95;"Por 1.000 habitantes"
2006;"Beasain";5,28;"Por 1.000 habitantes"
2006;"Bedia";9,26;"Por 1.000 habitantes"
2006;"Berango";4,03;"Por 1.000 habitantes"
2006;"Berantevilla";3,24;"Por 1.000 habitantes"
2006;"Berastegi";1,53;"Por 1.000 habitantes"
2006;"Bergara";6,6;"Por 1.000 habitantes"
2006;"Bermeo";15,79;"Por 1.000 habitantes"
2006;"Berriatua";1,26;"Por 1.000 habitantes"
2006;"Berriz";5,71;"Por 1.000 habitantes"
2006;"Bidania-Goiatz";3,19;"Por 1.000 habitantes"
2006;"Bilbao";21,56;"Por 1.000 habitantes"
2006;"Busturia";9,89;"Por 1.000 habitantes"
2006;"Campezo/Kanpezu";4,6;"Por 1.000 habitantes"
2006;"Deba";2,07;"Por 1.000 habitantes"
2006;"Derio";2,49;"Por 1.000 habitantes"
2006;"Dima";3,3;"Por 1.000 habitantes"
2006;"Donostia / San Sebastián";13,67;"Por 1.000 habitantes"
2006;"Durango";3,33;"Por 1.000 habitantes"
2006;"Ea";1,74;"Por 1.000 habitantes"
2006;"Eibar";7,18;"Por 1.000 habitantes"
2006;"Elantxobe";13,51;"Por 1.000 habitantes"
2006;"Elciego";1,5;"Por 1.000 habitantes"
2006;"Elduain";6,76;"Por 1.000 habitantes"
2006;"Elgeta";4,97;"Por 1.000 habitantes"
2006;"Elgoibar";5,31;"Por 1.000 habitantes"
2006;"Elorrio";3,26;"Por 1.000 habitantes"
2006;"Erandio";24,72;"Por 1.000 habitantes"
2006;"Ermua";15,08;"Por 1.000 habitantes"
2006;"Errenteria";8,43;"Por 1.000 habitantes"
2006;"Errezil";6,46;"Por 1.000 habitantes"
2006;"Erriberagoitia/Ribera Alta";2,08;"Por 1.000 habitantes"
2006;"Eskoriatza";3,57;"Por 1.000 habitantes"
2006;"Etxebarri";23;"Por 1.000 habitantes"
2006;"Etxebarria";1,85;"Por 1.000 habitantes"
2006;"Ezkio-Itsaso";2,71;"Por 1.000 habitantes"
2006;"Forua";24,03;"Por 1.000 habitantes"
2006;"Fruiz";3,73;"Por 1.000 habitantes"
2006;"Gabiria";3,55;"Por 1.000 habitantes"
2006;"Galdakao";7,88;"Por 1.000 habitantes"
2006;"Galdames";7,26;"Por 1.000 habitantes"
2006;"Gamiz-Fika";7,82;"Por 1.000 habitantes"
2006;"Gatika";2,79;"Por 1.000 habitantes"
2006;"Gautegiz Arteaga";4,57;"Por 1.000 habitantes"
2006;"Gernika-Lumo";17,95;"Por 1.000 habitantes"
2006;"Getaria";4,43;"Por 1.000 habitantes"
2006;"Getxo";9,6;"Por 1.000 habitantes"
2006;"Gizaburuaga";8,57;"Por 1.000 habitantes"
2006;"Gordexola";13,55;"Por 1.000 habitantes"
2006;"Gorliz";6,69;"Por 1.000 habitantes"
2006;"Güeñes";16,77;"Por 1.000 habitantes"
2006;"Hernani";6,89;"Por 1.000 habitantes"
2006;"Hernialde";4,57;"Por 1.000 habitantes"
2006;"Hondarribia";8,16;"Por 1.000 habitantes"
2006;"Ibarra";6,36;"Por 1.000 habitantes"
2006;"Ibarrangelu";6,79;"Por 1.000 habitantes"
2006;"Idiazabal";1,87;"Por 1.000 habitantes"
2006;"Igorre";7,26;"Por 1.000 habitantes"
2006;"Ikaztegieta";3,39;"Por 1.000 habitantes"
2006;"Irun";10,09;"Por 1.000 habitantes"
2006;"Irura";7,36;"Por 1.000 habitantes"
2006;"Iruraiz-Gauna";2,97;"Por 1.000 habitantes"
2006;"Iruña Oka/Iruña de Oca";9,41;"Por 1.000 habitantes"
2006;"Ispaster";2,41;"Por 1.000 habitantes"
2006;"Itsasondo";2,53;"Por 1.000 habitantes"
2006;"Iurreta";4,69;"Por 1.000 habitantes"
2006;"Izurtza";6;"Por 1.000 habitantes"
2006;"Karrantza Harana/Valle de Carranza";8,22;"Por 1.000 habitantes"
2006;"Labastida/Bastida";9,54;"Por 1.000 habitantes"
2006;"Laguardia";3,89;"Por 1.000 habitantes"
2006;"Lanciego/Lantziego";2,17;"Por 1.000 habitantes"
2006;"Lanestosa";4,98;"Por 1.000 habitantes"
2006;"Lantarón";4,15;"Por 1.000 habitantes"
2006;"Lapuebla de Labarca";4,65;"Por 1.000 habitantes"
2006;"Larrabetzu";3,49;"Por 1.000 habitantes"
2006;"Larraul";7,35;"Por 1.000 habitantes"
2006;"Lasarte-Oria";8,03;"Por 1.000 habitantes"
2006;"Laudio/Llodio";8,93;"Por 1.000 habitantes"
2006;"Lazkao";4,92;"Por 1.000 habitantes"
2006;"Leaburu";3,99;"Por 1.000 habitantes"
2006;"Legazpi";3,16;"Por 1.000 habitantes"
2006;"Legorreta";9,94;"Por 1.000 habitantes"
2006;"Legutio";11,04;"Por 1.000 habitantes"
2006;"Leintz-Gatzaga";6;"Por 1.000 habitantes"
2006;"Leioa";12,98;"Por 1.000 habitantes"
2006;"Lekeitio";5,33;"Por 1.000 habitantes"
2006;"Lemoa";3,09;"Por 1.000 habitantes"
2006;"Lemoiz";4,11;"Por 1.000 habitantes"
2006;"Lezama";1,69;"Por 1.000 habitantes"
2006;"Lezo";9,12;"Por 1.000 habitantes"
2006;"Lizartza";2,5;"Por 1.000 habitantes"
2006;"Mallabia";6,97;"Por 1.000 habitantes"
2006;"Markina-Xemein";5,68;"Por 1.000 habitantes"
2006;"Maruri-Jatabe";1,79;"Por 1.000 habitantes"
2006;"Mendaro";5,32;"Por 1.000 habitantes"
2006;"Mendexa";3,65;"Por 1.000 habitantes"
2006;"Mundaka";19,97;"Por 1.000 habitantes"
2006;"Mungia";8,71;"Por 1.000 habitantes"
2006;"Munitibar-Arbatzegi Gerrikaitz";3,93;"Por 1.000 habitantes"
2006;"Murueta";20,2;"Por 1.000 habitantes"
2006;"Muskiz";8,25;"Por 1.000 habitantes"
2006;"Mutriku";2,91;"Por 1.000 habitantes"
2006;"Muxika";12,49;"Por 1.000 habitantes"
2006;"Nabarniz";6,64;"Por 1.000 habitantes"
2006;"Oiartzun";11,12;"Por 1.000 habitantes"
2006;"Okondo";11,35;"Por 1.000 habitantes"
2006;"Olaberria";1,66;"Por 1.000 habitantes"
2006;"Ondarroa";8,71;"Por 1.000 habitantes"
2006;"Ordizia";6,6;"Por 1.000 habitantes"
2006;"Orio";4;"Por 1.000 habitantes"
2006;"Ormaiztegi";1,17;"Por 1.000 habitantes"
2006;"Orozko";3,85;"Por 1.000 habitantes"
2006;"Ortuella";13,81;"Por 1.000 habitantes"
2006;"Otxandio";1,29;"Por 1.000 habitantes"
2006;"Oyón-Oion";6,64;"Por 1.000 habitantes"
2006;"Oñati";4,13;"Por 1.000 habitantes"
2006;"Pasaia";11,68;"Por 1.000 habitantes"
2006;"Plentzia";8,14;"Por 1.000 habitantes"
2006;"Portugalete";9,63;"Por 1.000 habitantes"
2006;"Ribera Baja/Erriberabeitia";3,39;"Por 1.000 habitantes"
2006;"Agurain/Salvatierra";17,78;"Por 1.000 habitantes"
2006;"Samaniego";4,72;"Por 1.000 habitantes"
2006;"San Millán/Donemiliaga";2,05;"Por 1.000 habitantes"
2006;"Santurtzi";16,4;"Por 1.000 habitantes"
2006;"Segura";1,17;"Por 1.000 habitantes"
2006;"Sestao";17,82;"Por 1.000 habitantes"
2006;"Sondika";4,36;"Por 1.000 habitantes"
2006;"Sopela";6,31;"Por 1.000 habitantes"
2006;"Sopuerta";6,69;"Por 1.000 habitantes"
2006;"Soraluze-Placencia de las Armas";13,49;"Por 1.000 habitantes"
2006;"Sukarrieta";11,8;"Por 1.000 habitantes"
2006;"Tolosa";7,54;"Por 1.000 habitantes"
2006;"Trucios-Turtzioz";2,79;"Por 1.000 habitantes"
2006;"Ubide";9,68;"Por 1.000 habitantes"
2006;"Ugao-Miraballes";6,52;"Por 1.000 habitantes"
2006;"Urduliz";6,79;"Por 1.000 habitantes"
2006;"Urduña/Orduña";11,53;"Por 1.000 habitantes"
2006;"Urkabustaiz";6,24;"Por 1.000 habitantes"
2006;"Urnieta";6,11;"Por 1.000 habitantes"
2006;"Urretxu";11,73;"Por 1.000 habitantes"
2006;"Usansolo";7,88;"Por 1.000 habitantes"
2006;"Usurbil";5,49;"Por 1.000 habitantes"
2006;"Valdegovía/Gaubea";4,48;"Por 1.000 habitantes"
2006;"Valle de Trápaga-Trapagaran";8,48;"Por 1.000 habitantes"
2006;"Villabona";6,03;"Por 1.000 habitantes"
2006;"Vitoria-Gasteiz";16,63;"Por 1.000 habitantes"
2006;"Zaldibar";2,1;"Por 1.000 habitantes"
2006;"Zaldibia";4,16;"Por 1.000 habitantes"
2006;"Zalduondo";7,46;"Por 1.000 habitantes"
2006;"Zalla";13,8;"Por 1.000 habitantes"
2006;"Zamudio";5,01;"Por 1.000 habitantes"
2006;"Zaratamo";8,32;"Por 1.000 habitantes"
2006;"Zarautz";4,26;"Por 1.000 habitantes"
2006;"Zeanuri";6,37;"Por 1.000 habitantes"
2006;"Zeberio";7,46;"Por 1.000 habitantes"
2006;"Zegama";2,91;"Por 1.000 habitantes"
2006;"Zerain";6,12;"Por 1.000 habitantes"
2006;"Zestoa";7,44;"Por 1.000 habitantes"
2006;"Zierbena";6,24;"Por 1.000 habitantes"
2006;"Zigoitia";1,02;"Por 1.000 habitantes"
2006;"Ziortza-Bolibar";3,68;"Por 1.000 habitantes"
2006;"Zizurkil";6,51;"Por 1.000 habitantes"
2006;"Zuia";3;"Por 1.000 habitantes"
2006;"Zumaia";4,63;"Por 1.000 habitantes"
2006;"Zumarraga";7,24;"Por 1.000 habitantes"
2004;"Abadiño";3,45;"Por 1.000 habitantes"
2004;"Abanto y Ciérvana-Abanto Zierbena";10,01;"Por 1.000 habitantes"
2004;"Aduna";4,31;"Por 1.000 habitantes"
2004;"Aia";5,62;"Por 1.000 habitantes"
2004;"Aizarnazabal";2,38;"Por 1.000 habitantes"
2004;"Ajangiz";3,51;"Por 1.000 habitantes"
2004;"Alegia";9,36;"Por 1.000 habitantes"
2004;"Alegría-Dulantzi";5,74;"Por 1.000 habitantes"
2004;"Alkiza";4,93;"Por 1.000 habitantes"
2004;"Alonsotegi";14,42;"Por 1.000 habitantes"
2004;"Amorebieta-Etxano";5,93;"Por 1.000 habitantes"
2004;"Amurrio";5,34;"Por 1.000 habitantes"
2004;"Andoain";7,78;"Por 1.000 habitantes"
2004;"Anoeta";4,57;"Por 1.000 habitantes"
2004;"Antzuola";2,86;"Por 1.000 habitantes"
2004;"Arakaldo";17,05;"Por 1.000 habitantes"
2004;"Arantzazu";5,12;"Por 1.000 habitantes"
2004;"Areatza";1,46;"Por 1.000 habitantes"
2004;"Aretxabaleta";3,69;"Por 1.000 habitantes"
2004;"Armiñón";12,5;"Por 1.000 habitantes"
2004;"Arraia-Maeztu";5,69;"Por 1.000 habitantes"
2004;"Arrankudiaga-Zollo";1,81;"Por 1.000 habitantes"
2004;"Arrasate/Mondragón";2,93;"Por 1.000 habitantes"
2004;"Arratzua-Ubarrundia";1,79;"Por 1.000 habitantes"
2004;"Arrieta";2,78;"Por 1.000 habitantes"
2004;"Arrigorriaga";10,09;"Por 1.000 habitantes"
2004;"Artea";2,26;"Por 1.000 habitantes"
2004;"Artzentales";2,23;"Por 1.000 habitantes"
2004;"Artziniega";13,5;"Por 1.000 habitantes"
2004;"Asparrena";10,16;"Por 1.000 habitantes"
2004;"Asteasu";6,47;"Por 1.000 habitantes"
2004;"Astigarraga";5,39;"Por 1.000 habitantes"
2004;"Ataun";0,96;"Por 1.000 habitantes"
2004;"Atxondo";5,76;"Por 1.000 habitantes"
2004;"Aulesti";2,27;"Por 1.000 habitantes"
2004;"Ayala/Aiara";5,03;"Por 1.000 habitantes"
2004;"Azkoitia";5,03;"Por 1.000 habitantes"
2004;"Azpeitia";5,02;"Por 1.000 habitantes"
2004;"Bakio";5,87;"Por 1.000 habitantes"
2004;"Balmaseda";9,71;"Por 1.000 habitantes"
2004;"Barakaldo";7,49;"Por 1.000 habitantes"
2004;"Barrika";1,11;"Por 1.000 habitantes"
2004;"Basauri";7,12;"Por 1.000 habitantes"
2004;"Beasain";4,85;"Por 1.000 habitantes"
2004;"Bedia";8,28;"Por 1.000 habitantes"
2004;"Berango";4,2;"Por 1.000 habitantes"
2004;"Berantevilla";3,46;"Por 1.000 habitantes"
2004;"Berastegi";1,55;"Por 1.000 habitantes"
2004;"Bergara";5,31;"Por 1.000 habitantes"
2004;"Bermeo";7,67;"Por 1.000 habitantes"
2004;"Bernedo";2,69;"Por 1.000 habitantes"
2004;"Berriatua";1,36;"Por 1.000 habitantes"
2004;"Berriz";7,5;"Por 1.000 habitantes"
2004;"Bidania-Goiatz";3,19;"Por 1.000 habitantes"
2004;"Bilbao";18,68;"Por 1.000 habitantes"
2004;"Busturia";4,69;"Por 1.000 habitantes"
2004;"Campezo/Kanpezu";1,37;"Por 1.000 habitantes"
2004;"Deba";2,11;"Por 1.000 habitantes"
2004;"Derio";2,57;"Por 1.000 habitantes"
2004;"Dima";3,32;"Por 1.000 habitantes"
2004;"Donostia / San Sebastián";11,39;"Por 1.000 habitantes"
2004;"Durango";3,43;"Por 1.000 habitantes"
2004;"Ea";1,75;"Por 1.000 habitantes"
2004;"Eibar";6,17;"Por 1.000 habitantes"
2004;"Elantxobe";3,33;"Por 1.000 habitantes"
2004;"Elciego";1,52;"Por 1.000 habitantes"
2004;"Elduain";6,88;"Por 1.000 habitantes"
2004;"Elgeta";4;"Por 1.000 habitantes"
2004;"Elgoibar";4,33;"Por 1.000 habitantes"
2004;"Elorrio";3,3;"Por 1.000 habitantes"
2004;"Elvillar/Bilar";4,18;"Por 1.000 habitantes"
2004;"Erandio";19,53;"Por 1.000 habitantes"
2004;"Ermua";15,21;"Por 1.000 habitantes"
2004;"Errenteria";9,56;"Por 1.000 habitantes"
2004;"Errezil";2,48;"Por 1.000 habitantes"
2004;"Erriberagoitia/Ribera Alta";2,17;"Por 1.000 habitantes"
2004;"Eskoriatza";5,66;"Por 1.000 habitantes"
2004;"Etxebarri";23,59;"Por 1.000 habitantes"
2004;"Etxebarria";1,9;"Por 1.000 habitantes"
2004;"Ezkio-Itsaso";2,59;"Por 1.000 habitantes"
2004;"Forua";11,35;"Por 1.000 habitantes"
2004;"Fruiz";3,79;"Por 1.000 habitantes"
2004;"Gabiria";3,7;"Por 1.000 habitantes"
2004;"Galdakao";2,91;"Por 1.000 habitantes"
2004;"Galdames";6;"Por 1.000 habitantes"
2004;"Gamiz-Fika";10,24;"Por 1.000 habitantes"
2004;"Gatika";3,58;"Por 1.000 habitantes"
2004;"Gautegiz Arteaga";1,73;"Por 1.000 habitantes"
2004;"Gernika-Lumo";8,91;"Por 1.000 habitantes"
2004;"Getaria";4,45;"Por 1.000 habitantes"
2004;"Getxo";10,19;"Por 1.000 habitantes"
2004;"Gizaburuaga";10,95;"Por 1.000 habitantes"
2004;"Gordexola";11,26;"Por 1.000 habitantes"
2004;"Gorliz";6,16;"Por 1.000 habitantes"
2004;"Güeñes";14,23;"Por 1.000 habitantes"
2004;"Harana/Valle de Arana";4,35;"Por 1.000 habitantes"
2004;"Hernani";8,29;"Por 1.000 habitantes"
2004;"Hernialde";4,69;"Por 1.000 habitantes"
2004;"Hondarribia";5,35;"Por 1.000 habitantes"
2004;"Ibarra";5,19;"Por 1.000 habitantes"
2004;"Ibarrangelu";2,58;"Por 1.000 habitantes"
2004;"Idiazabal";1,9;"Por 1.000 habitantes"
2004;"Igorre";7,86;"Por 1.000 habitantes"
2004;"Ikaztegieta";19;"Por 1.000 habitantes"
2004;"Irun";9,27;"Por 1.000 habitantes"
2004;"Irura";4,28;"Por 1.000 habitantes"
2004;"Iruña Oka/Iruña de Oca";14,84;"Por 1.000 habitantes"
2004;"Ispaster";8,09;"Por 1.000 habitantes"
2004;"Itsasondo";10,53;"Por 1.000 habitantes"
2004;"Iurreta";4,54;"Por 1.000 habitantes"
2004;"Izurtza";5,93;"Por 1.000 habitantes"
2004;"Karrantza Harana/Valle de Carranza";7,11;"Por 1.000 habitantes"
2004;"Kuartango";4,31;"Por 1.000 habitantes"
2004;"Labastida/Bastida";6,41;"Por 1.000 habitantes"
2004;"Laguardia";0,99;"Por 1.000 habitantes"
2004;"Lanciego/Lantziego";2,25;"Por 1.000 habitantes"
2004;"Lanestosa";5,17;"Por 1.000 habitantes"
2004;"Lantarón";4,18;"Por 1.000 habitantes"
2004;"Lapuebla de Labarca";1,79;"Por 1.000 habitantes"
2004;"Larrabetzu";3,6;"Por 1.000 habitantes"
2004;"Lasarte-Oria";4,83;"Por 1.000 habitantes"
2004;"Laudio/Llodio";8,74;"Por 1.000 habitantes"
2004;"Lazkao";5,01;"Por 1.000 habitantes"
2004;"Legazpi";3,72;"Por 1.000 habitantes"
2004;"Legorreta";3,63;"Por 1.000 habitantes"
2004;"Legutio";4,79;"Por 1.000 habitantes"
2004;"Leintz-Gatzaga";6,25;"Por 1.000 habitantes"
2004;"Leioa";14,07;"Por 1.000 habitantes"
2004;"Lekeitio";5,67;"Por 1.000 habitantes"
2004;"Lemoa";2,8;"Por 1.000 habitantes"
2004;"Lemoiz";1,59;"Por 1.000 habitantes"
2004;"Leza";6,58;"Por 1.000 habitantes"
2004;"Lezama";1,75;"Por 1.000 habitantes"
2004;"Lezo";9,37;"Por 1.000 habitantes"
2004;"Lizartza";2,45;"Por 1.000 habitantes"
2004;"Mallabia";7,1;"Por 1.000 habitantes"
2004;"Markina-Xemein";3,02;"Por 1.000 habitantes"
2004;"Maruri-Jatabe";4,91;"Por 1.000 habitantes"
2004;"Mendaro";7,78;"Por 1.000 habitantes"
2004;"Mendexa";3,74;"Por 1.000 habitantes"
2004;"Meñaka";2,33;"Por 1.000 habitantes"
2004;"Moreda de Álava/Moreda Araba";4,93;"Por 1.000 habitantes"
2004;"Mundaka";9,78;"Por 1.000 habitantes"
2004;"Mungia";9,2;"Por 1.000 habitantes"
2004;"Munitibar-Arbatzegi Gerrikaitz";3,92;"Por 1.000 habitantes"
2004;"Murueta";5,32;"Por 1.000 habitantes"
2004;"Muskiz";9,18;"Por 1.000 habitantes"
2004;"Mutriku";2,51;"Por 1.000 habitantes"
2004;"Muxika";5,87;"Por 1.000 habitantes"
2004;"Nabarniz";6,38;"Por 1.000 habitantes"
2004;"Oiartzun";8,24;"Por 1.000 habitantes"
2004;"Okondo";19,61;"Por 1.000 habitantes"
2004;"Olaberria";5,52;"Por 1.000 habitantes"
2004;"Ondarroa";5,97;"Por 1.000 habitantes"
2004;"Ordizia";7,08;"Por 1.000 habitantes"
2004;"Orio";4,3;"Por 1.000 habitantes"
2004;"Ormaiztegi";1,21;"Por 1.000 habitantes"
2004;"Orozko";3,05;"Por 1.000 habitantes"
2004;"Ortuella";13,75;"Por 1.000 habitantes"
2004;"Otxandio";1,36;"Por 1.000 habitantes"
2004;"Oyón-Oion";6,15;"Por 1.000 habitantes"
2004;"Oñati";4,24;"Por 1.000 habitantes"
2004;"Pasaia";9,29;"Por 1.000 habitantes"
2004;"Peñacerrada-Urizaharra";6,02;"Por 1.000 habitantes"
2004;"Plentzia";7,51;"Por 1.000 habitantes"
2004;"Portugalete";9,92;"Por 1.000 habitantes"
2004;"Ribera Baja/Erriberabeitia";4,69;"Por 1.000 habitantes"
2004;"Agurain/Salvatierra";16,13;"Por 1.000 habitantes"
2004;"Samaniego";4,57;"Por 1.000 habitantes"
2004;"San Millán/Donemiliaga";2,05;"Por 1.000 habitantes"
2004;"Santurtzi";18,56;"Por 1.000 habitantes"
2004;"Segura";1,18;"Por 1.000 habitantes"
2004;"Sestao";15,68;"Por 1.000 habitantes"
2004;"Sondika";4,44;"Por 1.000 habitantes"
2004;"Sopela";7,82;"Por 1.000 habitantes"
2004;"Sopuerta";5,51;"Por 1.000 habitantes"
2004;"Soraluze-Placencia de las Armas";8,37;"Por 1.000 habitantes"
2004;"Sukarrieta";4,53;"Por 1.000 habitantes"
2004;"Tolosa";7,85;"Por 1.000 habitantes"
2004;"Trucios-Turtzioz";2,79;"Por 1.000 habitantes"
2004;"Ubide";9,32;"Por 1.000 habitantes"
2004;"Ugao-Miraballes";6,29;"Por 1.000 habitantes"
2004;"Urduliz";6,07;"Por 1.000 habitantes"
2004;"Urduña/Orduña";11,83;"Por 1.000 habitantes"
2004;"Urkabustaiz";4,76;"Por 1.000 habitantes"
2004;"Urnieta";5,74;"Por 1.000 habitantes"
2004;"Urretxu";14;"Por 1.000 habitantes"
2004;"Usansolo";2,91;"Por 1.000 habitantes"
2004;"Usurbil";5,57;"Por 1.000 habitantes"
2004;"Valdegovía/Gaubea";10,24;"Por 1.000 habitantes"
2004;"Valle de Trápaga-Trapagaran";9,17;"Por 1.000 habitantes"
2004;"Villabona";8,25;"Por 1.000 habitantes"
2004;"Vitoria-Gasteiz";17,38;"Por 1.000 habitantes"
2004;"Zaldibar";2,15;"Por 1.000 habitantes"
2004;"Zaldibia";8,26;"Por 1.000 habitantes"
2004;"Zalla";10,92;"Por 1.000 habitantes"
2004;"Zambrana";4,2;"Por 1.000 habitantes"
2004;"Zamudio";5,18;"Por 1.000 habitantes"
2004;"Zaratamo";7,89;"Por 1.000 habitantes"
2004;"Zarautz";3,8;"Por 1.000 habitantes"
2004;"Zeanuri";6,54;"Por 1.000 habitantes"
2004;"Zeberio";4,74;"Por 1.000 habitantes"
2004;"Zegama";3,86;"Por 1.000 habitantes"
2004;"Zerain";6,22;"Por 1.000 habitantes"
2004;"Zestoa";6,39;"Por 1.000 habitantes"
2004;"Zierbena";6,29;"Por 1.000 habitantes"
2004;"Zigoitia";1,05;"Por 1.000 habitantes"
2004;"Ziortza-Bolibar";3,02;"Por 1.000 habitantes"
2004;"Zizurkil";8,11;"Por 1.000 habitantes"
2004;"Zuia";3,6;"Por 1.000 habitantes"
2004;"Zumaia";4,69;"Por 1.000 habitantes"
2004;"Zumarraga";6,03;"Por 1.000 habitantes"
2005;"Abadiño";3,41;"Por 1.000 habitantes"
2005;"Abaltzisketa";5,07;"Por 1.000 habitantes"
2005;"Abanto y Ciérvana-Abanto Zierbena";12,52;"Por 1.000 habitantes"
2005;"Aduna";4,19;"Por 1.000 habitantes"
2005;"Aia";5,58;"Por 1.000 habitantes"
2005;"Aizarnazabal";2,4;"Por 1.000 habitantes"
2005;"Ajangiz";3,49;"Por 1.000 habitantes"
2005;"Alegia";6,72;"Por 1.000 habitantes"
2005;"Alegría-Dulantzi";5,54;"Por 1.000 habitantes"
2005;"Alkiza";4,79;"Por 1.000 habitantes"
2005;"Alonsotegi";17,26;"Por 1.000 habitantes"
2005;"Amorebieta-Etxano";8,48;"Por 1.000 habitantes"
2005;"Amurrio";4,04;"Por 1.000 habitantes"
2005;"Andoain";7,77;"Por 1.000 habitantes"
2005;"Anoeta";5,14;"Por 1.000 habitantes"
2005;"Antzuola";4,75;"Por 1.000 habitantes"
2005;"Arakaldo";16,3;"Por 1.000 habitantes"
2005;"Arantzazu";5,05;"Por 1.000 habitantes"
2005;"Areatza";14,41;"Por 1.000 habitantes"
2005;"Aretxabaleta";4,38;"Por 1.000 habitantes"
2005;"Armiñón";11,54;"Por 1.000 habitantes"
2005;"Arraia-Maeztu";5,65;"Por 1.000 habitantes"
2005;"Arrankudiaga-Zollo";1,79;"Por 1.000 habitantes"
2005;"Arrasate/Mondragón";2,96;"Por 1.000 habitantes"
2005;"Arratzua-Ubarrundia";1,74;"Por 1.000 habitantes"
2005;"Arrieta";2,76;"Por 1.000 habitantes"
2005;"Arrigorriaga";12,14;"Por 1.000 habitantes"
2005;"Artea";2,26;"Por 1.000 habitantes"
2005;"Artzentales";2,21;"Por 1.000 habitantes"
2005;"Artziniega";12,03;"Por 1.000 habitantes"
2005;"Asparrena";8,88;"Por 1.000 habitantes"
2005;"Asteasu";7,07;"Por 1.000 habitantes"
2005;"Astigarraga";6,43;"Por 1.000 habitantes"
2005;"Ataun";0,95;"Por 1.000 habitantes"
2005;"Atxondo";5,67;"Por 1.000 habitantes"
2005;"Aulesti";2,25;"Por 1.000 habitantes"
2005;"Ayala/Aiara";4,93;"Por 1.000 habitantes"
2005;"Azkoitia";5,01;"Por 1.000 habitantes"
2005;"Azpeitia";6,24;"Por 1.000 habitantes"
2005;"Bakio";6,21;"Por 1.000 habitantes"
2005;"Balmaseda";9,4;"Por 1.000 habitantes"
2005;"Barakaldo";7,5;"Por 1.000 habitantes"
2005;"Barrika";1,1;"Por 1.000 habitantes"
2005;"Basauri";7,26;"Por 1.000 habitantes"
2005;"Beasain";5,36;"Por 1.000 habitantes"
2005;"Bedia";7,24;"Por 1.000 habitantes"
2005;"Berango";4,13;"Por 1.000 habitantes"
2005;"Berantevilla";3,34;"Por 1.000 habitantes"
2005;"Berastegi";1,54;"Por 1.000 habitantes"
2005;"Bergara";5,51;"Por 1.000 habitantes"
2005;"Bermeo";7,65;"Por 1.000 habitantes"
2005;"Bernedo";2,65;"Por 1.000 habitantes"
2005;"Berriatua";1,32;"Por 1.000 habitantes"
2005;"Berriz";8,64;"Por 1.000 habitantes"
2005;"Bidania-Goiatz";3,2;"Por 1.000 habitantes"
2005;"Bilbao";18,68;"Por 1.000 habitantes"
2005;"Busturia";9,94;"Por 1.000 habitantes"
2005;"Campezo/Kanpezu";1,39;"Por 1.000 habitantes"
2005;"Deba";2,09;"Por 1.000 habitantes"
2005;"Derio";2,53;"Por 1.000 habitantes"
2005;"Dima";1,25;"Por 1.000 habitantes"
2005;"Donostia / San Sebastián";13,63;"Por 1.000 habitantes"
2005;"Durango";3,39;"Por 1.000 habitantes"
2005;"Ea";1,75;"Por 1.000 habitantes"
2005;"Eibar";6,63;"Por 1.000 habitantes"
2005;"Elantxobe";13,54;"Por 1.000 habitantes"
2005;"Elciego";1,53;"Por 1.000 habitantes"
2005;"Elduain";6,88;"Por 1.000 habitantes"
2005;"Elgeta";1,5;"Por 1.000 habitantes"
2005;"Elgoibar";4,68;"Por 1.000 habitantes"
2005;"Elorrio";3,28;"Por 1.000 habitantes"
2005;"Elvillar/Bilar";4,3;"Por 1.000 habitantes"
2005;"Erandio";22,86;"Por 1.000 habitantes"
2005;"Ermua";14,39;"Por 1.000 habitantes"
2005;"Errenteria";10,02;"Por 1.000 habitantes"
2005;"Errezil";6,56;"Por 1.000 habitantes"
2005;"Erriberagoitia/Ribera Alta";2,14;"Por 1.000 habitantes"
2005;"Eskoriatza";3,59;"Por 1.000 habitantes"
2005;"Etxebarri";23,36;"Por 1.000 habitantes"
2005;"Etxebarria";1,88;"Por 1.000 habitantes"
2005;"Ezkio-Itsaso";2,66;"Por 1.000 habitantes"
2005;"Forua";23,81;"Por 1.000 habitantes"
2005;"Fruiz";3,76;"Por 1.000 habitantes"
2005;"Gabiria";3,62;"Por 1.000 habitantes"
2005;"Galdakao";7,22;"Por 1.000 habitantes"
2005;"Galdames";7,27;"Por 1.000 habitantes"
2005;"Gamiz-Fika";7,85;"Por 1.000 habitantes"
2005;"Gatika";4,26;"Por 1.000 habitantes"
2005;"Gautegiz Arteaga";4,59;"Por 1.000 habitantes"
2005;"Gernika-Lumo";18,28;"Por 1.000 habitantes"
2005;"Getaria";4,04;"Por 1.000 habitantes"
2005;"Getxo";10,37;"Por 1.000 habitantes"
2005;"Gizaburuaga";9,2;"Por 1.000 habitantes"
2005;"Gordexola";13,67;"Por 1.000 habitantes"
2005;"Gorliz";6,85;"Por 1.000 habitantes"
2005;"Güeñes";16,96;"Por 1.000 habitantes"
2005;"Harana/Valle de Arana";4,42;"Por 1.000 habitantes"
2005;"Hernani";8,47;"Por 1.000 habitantes"
2005;"Hernialde";4,62;"Por 1.000 habitantes"
2005;"Hondarribia";4,3;"Por 1.000 habitantes"
2005;"Ibarra";5,41;"Por 1.000 habitantes"
2005;"Ibarrangelu";6,85;"Por 1.000 habitantes"
2005;"Idiazabal";2,36;"Por 1.000 habitantes"
2005;"Igorre";5,3;"Por 1.000 habitantes"
2005;"Ikaztegieta";11,49;"Por 1.000 habitantes"
2005;"Irun";7,69;"Por 1.000 habitantes"
2005;"Irura";5,88;"Por 1.000 habitantes"
2005;"Iruña Oka/Iruña de Oca";13,64;"Por 1.000 habitantes"
2005;"Ispaster";6,46;"Por 1.000 habitantes"
2005;"Itsasondo";8,58;"Por 1.000 habitantes"
2005;"Iurreta";4,64;"Por 1.000 habitantes"
2005;"Izurtza";5,95;"Por 1.000 habitantes"
2005;"Karrantza Harana/Valle de Carranza";8,2;"Por 1.000 habitantes"
2005;"Kuartango";4,21;"Por 1.000 habitantes"
2005;"Labastida/Bastida";4,89;"Por 1.000 habitantes"
2005;"Laguardia";0,97;"Por 1.000 habitantes"
2005;"Lanciego/Lantziego";2,21;"Por 1.000 habitantes"
2005;"Lanestosa";5,05;"Por 1.000 habitantes"
2005;"Lantarón";4,18;"Por 1.000 habitantes"
2005;"Lapuebla de Labarca";1,79;"Por 1.000 habitantes"
2005;"Larrabetzu";3,55;"Por 1.000 habitantes"
2005;"Larraul";7,46;"Por 1.000 habitantes"
2005;"Lasarte-Oria";8,28;"Por 1.000 habitantes"
2005;"Laudio/Llodio";9,16;"Por 1.000 habitantes"
2005;"Lazkao";4,97;"Por 1.000 habitantes"
2005;"Leaburu";4,02;"Por 1.000 habitantes"
2005;"Legazpi";3,16;"Por 1.000 habitantes"
2005;"Legorreta";6,46;"Por 1.000 habitantes"
2005;"Legutio";4,67;"Por 1.000 habitantes"
2005;"Leintz-Gatzaga";6,05;"Por 1.000 habitantes"
2005;"Leioa";13,18;"Por 1.000 habitantes"
2005;"Lekeitio";4,41;"Por 1.000 habitantes"
2005;"Lemoa";2,44;"Por 1.000 habitantes"
2005;"Lemoiz";4,19;"Por 1.000 habitantes"
2005;"Leza";6,7;"Por 1.000 habitantes"
2005;"Lezama";1,72;"Por 1.000 habitantes"
2005;"Lezo";9,16;"Por 1.000 habitantes"
2005;"Lizartza";2,49;"Por 1.000 habitantes"
2005;"Mallabia";7,05;"Por 1.000 habitantes"
2005;"Markina-Xemein";2,68;"Por 1.000 habitantes"
2005;"Maruri-Jatabe";1,81;"Por 1.000 habitantes"
2005;"Mendaro";7,16;"Por 1.000 habitantes"
2005;"Mendexa";3,73;"Por 1.000 habitantes"
2005;"Moreda de Álava/Moreda Araba";4,97;"Por 1.000 habitantes"
2005;"Mundaka";19,94;"Por 1.000 habitantes"
2005;"Mungia";8,86;"Por 1.000 habitantes"
2005;"Munitibar-Arbatzegi Gerrikaitz";3,92;"Por 1.000 habitantes"
2005;"Murueta";20,76;"Por 1.000 habitantes"
2005;"Muskiz";8,33;"Por 1.000 habitantes"
2005;"Mutriku";1,25;"Por 1.000 habitantes"
2005;"Muxika";12,52;"Por 1.000 habitantes"
2005;"Nabarniz";6,64;"Por 1.000 habitantes"
2005;"Oiartzun";11,17;"Por 1.000 habitantes"
2005;"Okondo";16,36;"Por 1.000 habitantes"
2005;"Olaberria";4,46;"Por 1.000 habitantes"
2005;"Ondarroa";4,59;"Por 1.000 habitantes"
2005;"Ordizia";5,05;"Por 1.000 habitantes"
2005;"Orio";4,05;"Por 1.000 habitantes"
2005;"Ormaiztegi";1,19;"Por 1.000 habitantes"
2005;"Orozko";4,33;"Por 1.000 habitantes"
2005;"Ortuella";15,02;"Por 1.000 habitantes"
2005;"Otxandio";1,33;"Por 1.000 habitantes"
2005;"Oyón-Oion";4,86;"Por 1.000 habitantes"
2005;"Oñati";4,14;"Por 1.000 habitantes"
2005;"Pasaia";9,28;"Por 1.000 habitantes"
2005;"Peñacerrada-Urizaharra";5,93;"Por 1.000 habitantes"
2005;"Plentzia";8,33;"Por 1.000 habitantes"
2005;"Portugalete";9,24;"Por 1.000 habitantes"
2005;"Ribera Baja/Erriberabeitia";4,42;"Por 1.000 habitantes"
2005;"Agurain/Salvatierra";14,65;"Por 1.000 habitantes"
2005;"Samaniego";4,66;"Por 1.000 habitantes"
2005;"San Millán/Donemiliaga";2,06;"Por 1.000 habitantes"
2005;"Santurtzi";18,36;"Por 1.000 habitantes"
2005;"Segura";1,17;"Por 1.000 habitantes"
2005;"Sestao";25,26;"Por 1.000 habitantes"
2005;"Sondika";4,41;"Por 1.000 habitantes"
2005;"Sopela";6,44;"Por 1.000 habitantes"
2005;"Sopuerta";6,74;"Por 1.000 habitantes"
2005;"Soraluze-Placencia de las Armas";15,13;"Por 1.000 habitantes"
2005;"Sukarrieta";11,9;"Por 1.000 habitantes"
2005;"Tolosa";4,05;"Por 1.000 habitantes"
2005;"Trucios-Turtzioz";2,81;"Por 1.000 habitantes"
2005;"Ubide";9,55;"Por 1.000 habitantes"
2005;"Ugao-Miraballes";7,29;"Por 1.000 habitantes"
2005;"Urduliz";6,8;"Por 1.000 habitantes"
2005;"Urduña/Orduña";12,07;"Por 1.000 habitantes"
2005;"Urkabustaiz";4,62;"Por 1.000 habitantes"
2005;"Urnieta";4,65;"Por 1.000 habitantes"
2005;"Urretxu";11,77;"Por 1.000 habitantes"
2005;"Usansolo";7,22;"Por 1.000 habitantes"
2005;"Usurbil";5,52;"Por 1.000 habitantes"
2005;"Valdegovía/Gaubea";10,01;"Por 1.000 habitantes"
2005;"Valle de Trápaga-Trapagaran";9,94;"Por 1.000 habitantes"
2005;"Villabona";7,33;"Por 1.000 habitantes"
2005;"Vitoria-Gasteiz";16,14;"Por 1.000 habitantes"
2005;"Zaldibar";2,13;"Por 1.000 habitantes"
2005;"Zaldibia";5,56;"Por 1.000 habitantes"
2005;"Zalla";13,92;"Por 1.000 habitantes"
2005;"Zambrana";4,21;"Por 1.000 habitantes"
2005;"Zamudio";5,09;"Por 1.000 habitantes"
2005;"Zaratamo";7,81;"Por 1.000 habitantes"
2005;"Zarautz";3,75;"Por 1.000 habitantes"
2005;"Zeanuri";4,86;"Por 1.000 habitantes"
2005;"Zeberio";7,53;"Por 1.000 habitantes"
2005;"Zegama";2,99;"Por 1.000 habitantes"
2005;"Zerain";6,17;"Por 1.000 habitantes"
2005;"Zestoa";5,12;"Por 1.000 habitantes"
2005;"Zierbena";6,27;"Por 1.000 habitantes"
2005;"Zigoitia";1,04;"Por 1.000 habitantes"
2005;"Ziortza-Bolibar";2,68;"Por 1.000 habitantes"
2005;"Zizurkil";7,25;"Por 1.000 habitantes"
2005;"Zuia";3,51;"Por 1.000 habitantes"
2005;"Zumaia";4,66;"Por 1.000 habitantes"
2005;"Zumarraga";7,24;"Por 1.000 habitantes"
2007;"Abadiño";5,97;"Por 1.000 habitantes"
2007;"Abanto y Ciérvana-Abanto Zierbena";14;"Por 1.000 habitantes"
2007;"Aduna";2,72;"Por 1.000 habitantes"
2007;"Aia";2,19;"Por 1.000 habitantes"
2007;"Aizarnazabal";3,17;"Por 1.000 habitantes"
2007;"Alegia";10,13;"Por 1.000 habitantes"
2007;"Alegría-Dulantzi";7,47;"Por 1.000 habitantes"
2007;"Alkiza";6,04;"Por 1.000 habitantes"
2007;"Alonsotegi";13,79;"Por 1.000 habitantes"
2007;"Altzaga";6,49;"Por 1.000 habitantes"
2007;"Altzo";5,18;"Por 1.000 habitantes"
2007;"Amezketa";1,05;"Por 1.000 habitantes"
2007;"Amorebieta-Etxano";10,19;"Por 1.000 habitantes"
2007;"Amurrio";6,53;"Por 1.000 habitantes"
2007;"Andoain";8,9;"Por 1.000 habitantes"
2007;"Anoeta";8,47;"Por 1.000 habitantes"
2007;"Antzuola";3,77;"Por 1.000 habitantes"
2007;"Aramaio";3,27;"Por 1.000 habitantes"
2007;"Arantzazu";3,31;"Por 1.000 habitantes"
2007;"Areatza";13,81;"Por 1.000 habitantes"
2007;"Aretxabaleta";4,87;"Por 1.000 habitantes"
2007;"Arraia-Maeztu";1,41;"Por 1.000 habitantes"
2007;"Arrankudiaga-Zollo";3,45;"Por 1.000 habitantes"
2007;"Arrasate/Mondragón";2,98;"Por 1.000 habitantes"
2007;"Arratzu";2,87;"Por 1.000 habitantes"
2007;"Arratzua-Ubarrundia";3,34;"Por 1.000 habitantes"
2007;"Arrieta";5,46;"Por 1.000 habitantes"
2007;"Arrigorriaga";14,3;"Por 1.000 habitantes"
2007;"Artea";2,87;"Por 1.000 habitantes"
2007;"Artzentales";7,2;"Por 1.000 habitantes"
2007;"Artziniega";15,52;"Por 1.000 habitantes"
2007;"Asparrena";17,06;"Por 1.000 habitantes"
2007;"Asteasu";6,18;"Por 1.000 habitantes"
2007;"Astigarraga";6,12;"Por 1.000 habitantes"
2007;"Ataun";1,24;"Por 1.000 habitantes"
2007;"Atxondo";9,67;"Por 1.000 habitantes"
2007;"Aulesti";2,96;"Por 1.000 habitantes"
2007;"Ayala/Aiara";5,99;"Por 1.000 habitantes"
2007;"Azkoitia";8,09;"Por 1.000 habitantes"
2007;"Azpeitia";6,9;"Por 1.000 habitantes"
2007;"Bakio";5,86;"Por 1.000 habitantes"
2007;"Baliarrain";10,64;"Por 1.000 habitantes"
2007;"Balmaseda";14,35;"Por 1.000 habitantes"
2007;"Barakaldo";8,09;"Por 1.000 habitantes"
2007;"Barrika";4,3;"Por 1.000 habitantes"
2007;"Basauri";10,46;"Por 1.000 habitantes"
2007;"Beasain";6,03;"Por 1.000 habitantes"
2007;"Bedia";2,04;"Por 1.000 habitantes"
2007;"Berango";5,63;"Por 1.000 habitantes"
2007;"Berantevilla";4,23;"Por 1.000 habitantes"
2007;"Berastegi";3;"Por 1.000 habitantes"
2007;"Bergara";6,89;"Por 1.000 habitantes"
2007;"Bermeo";17;"Por 1.000 habitantes"
2007;"Berriz";4,57;"Por 1.000 habitantes"
2007;"Berrobi";8,64;"Por 1.000 habitantes"
2007;"Bidania-Goiatz";2,1;"Por 1.000 habitantes"
2007;"Bilbao";20;"Por 1.000 habitantes"
2007;"Busturia";11,08;"Por 1.000 habitantes"
2007;"Campezo/Kanpezu";6,37;"Por 1.000 habitantes"
2007;"Deba";2,05;"Por 1.000 habitantes"
2007;"Derio";5,57;"Por 1.000 habitantes"
2007;"Dima";4,85;"Por 1.000 habitantes"
2007;"Donostia / San Sebastián";14,09;"Por 1.000 habitantes"
2007;"Durango";5,9;"Por 1.000 habitantes"
2007;"Ea";3,43;"Por 1.000 habitantes"
2007;"Eibar";7,95;"Por 1.000 habitantes"
2007;"Elantxobe";20,32;"Por 1.000 habitantes"
2007;"Elciego";1,92;"Por 1.000 habitantes"
2007;"Elduain";4,35;"Por 1.000 habitantes"
2007;"Elgeta";4,91;"Por 1.000 habitantes"
2007;"Elgoibar";7,08;"Por 1.000 habitantes"
2007;"Elorrio";5,76;"Por 1.000 habitantes"
2007;"Erandio";24,67;"Por 1.000 habitantes"
2007;"Ermua";15,79;"Por 1.000 habitantes"
2007;"Errenteria";7,15;"Por 1.000 habitantes"
2007;"Errezil";6,43;"Por 1.000 habitantes"
2007;"Erriberagoitia/Ribera Alta";3,97;"Por 1.000 habitantes"
2007;"Errigoiti";1,95;"Por 1.000 habitantes"
2007;"Eskoriatza";3,51;"Por 1.000 habitantes"
2007;"Etxebarri";13,83;"Por 1.000 habitantes"
2007;"Ezkio-Itsaso";3,59;"Por 1.000 habitantes"
2007;"Forua";11,41;"Por 1.000 habitantes"
2007;"Fruiz";4,95;"Por 1.000 habitantes"
2007;"Gabiria";2,3;"Por 1.000 habitantes"
2007;"Galdakao";8,07;"Por 1.000 habitantes"
2007;"Galdames";8,48;"Por 1.000 habitantes"
2007;"Gamiz-Fika";7,81;"Por 1.000 habitantes"
2007;"Garai";3,23;"Por 1.000 habitantes"
2007;"Gatika";3,39;"Por 1.000 habitantes"
2007;"Gautegiz Arteaga";8;"Por 1.000 habitantes"
2007;"Gernika-Lumo";10,77;"Por 1.000 habitantes"
2007;"Getaria";3,57;"Por 1.000 habitantes"
2007;"Getxo";12,32;"Por 1.000 habitantes"
2007;"Gizaburuaga";5,62;"Por 1.000 habitantes"
2007;"Gordexola";12,58;"Por 1.000 habitantes"
2007;"Gorliz";6,52;"Por 1.000 habitantes"
2007;"Güeñes";16,14;"Por 1.000 habitantes"
2007;"Hernani";5,63;"Por 1.000 habitantes"
2007;"Hernialde";3;"Por 1.000 habitantes"
2007;"Hondarribia";6,29;"Por 1.000 habitantes"
2007;"Ibarra";6,36;"Por 1.000 habitantes"
2007;"Ibarrangelu";3,33;"Por 1.000 habitantes"
2007;"Idiazabal";2,77;"Por 1.000 habitantes"
2007;"Igorre";9,59;"Por 1.000 habitantes"
2007;"Ikaztegieta";8,93;"Por 1.000 habitantes"
2007;"Irun";10,62;"Por 1.000 habitantes"
2007;"Irura";4,55;"Por 1.000 habitantes"
2007;"Iruraiz-Gauna";1,95;"Por 1.000 habitantes"
2007;"Iruña Oka/Iruña de Oca";9,21;"Por 1.000 habitantes"
2007;"Ispaster";6,23;"Por 1.000 habitantes"
2007;"Itsasondo";3,29;"Por 1.000 habitantes"
2007;"Iurreta";8,34;"Por 1.000 habitantes"
2007;"Izurtza";3,91;"Por 1.000 habitantes"
2007;"Karrantza Harana/Valle de Carranza";6,07;"Por 1.000 habitantes"
2007;"Labastida/Bastida";9,98;"Por 1.000 habitantes"
2007;"Laguardia";3,25;"Por 1.000 habitantes"
2007;"Lanciego/Lantziego";4,29;"Por 1.000 habitantes"
2007;"Lanestosa";6,67;"Por 1.000 habitantes"
2007;"Lantarón";2,09;"Por 1.000 habitantes"
2007;"Lapuebla de Labarca";4,44;"Por 1.000 habitantes"
2007;"Larrabetzu";3,91;"Por 1.000 habitantes"
2007;"Larraul";4,5;"Por 1.000 habitantes"
2007;"Lasarte-Oria";8,66;"Por 1.000 habitantes"
2007;"Laudio/Llodio";9,05;"Por 1.000 habitantes"
2007;"Lazkao";4,84;"Por 1.000 habitantes"
2007;"Leaburu";2,65;"Por 1.000 habitantes"
2007;"Legazpi";3,6;"Por 1.000 habitantes"
2007;"Legorreta";11,96;"Por 1.000 habitantes"
2007;"Legutio";10,75;"Por 1.000 habitantes"
2007;"Leintz-Gatzaga";15,81;"Por 1.000 habitantes"
2007;"Leioa";13,86;"Por 1.000 habitantes"
2007;"Lekeitio";7,29;"Por 1.000 habitantes"
2007;"Lemoa";6,27;"Por 1.000 habitantes"
2007;"Lemoiz";5,96;"Por 1.000 habitantes"
2007;"Leza";4,31;"Por 1.000 habitantes"
2007;"Lezama";4,55;"Por 1.000 habitantes"
2007;"Lezo";11,58;"Por 1.000 habitantes"
2007;"Lizartza";3,26;"Por 1.000 habitantes"
2007;"Loiu";3,35;"Por 1.000 habitantes"
2007;"Mallabia";6,9;"Por 1.000 habitantes"
2007;"Markina-Xemein";7,03;"Por 1.000 habitantes"
2007;"Maruri-Jatabe";3,55;"Por 1.000 habitantes"
2007;"Mañaria";2,11;"Por 1.000 habitantes"
2007;"Mendaro";7,91;"Por 1.000 habitantes"
2007;"Mendata";2,67;"Por 1.000 habitantes"
2007;"Mendexa";7,09;"Por 1.000 habitantes"
2007;"Mundaka";7,03;"Por 1.000 habitantes"
2007;"Mungia";8,5;"Por 1.000 habitantes"
2007;"Munitibar-Arbatzegi Gerrikaitz";2,58;"Por 1.000 habitantes"
2007;"Murueta";6,67;"Por 1.000 habitantes"
2007;"Muskiz";11,28;"Por 1.000 habitantes"
2007;"Mutriku";3,69;"Por 1.000 habitantes"
2007;"Muxika";4,28;"Por 1.000 habitantes"
2007;"Nabarniz";4,39;"Por 1.000 habitantes"
2007;"Oiartzun";11,09;"Por 1.000 habitantes"
2007;"Okondo";8,4;"Por 1.000 habitantes"
2007;"Olaberria";4,3;"Por 1.000 habitantes"
2007;"Ondarroa";7,77;"Por 1.000 habitantes"
2007;"Ordizia";6,7;"Por 1.000 habitantes"
2007;"Orio";3,91;"Por 1.000 habitantes"
2007;"Ormaiztegi";1,54;"Por 1.000 habitantes"
2007;"Orozko";3,35;"Por 1.000 habitantes"
2007;"Ortuella";14,91;"Por 1.000 habitantes"
2007;"Otxandio";4,18;"Por 1.000 habitantes"
2007;"Oyón-Oion";6,71;"Por 1.000 habitantes"
2007;"Oñati";4,02;"Por 1.000 habitantes"
2007;"Pasaia";14,56;"Por 1.000 habitantes"
2007;"Plentzia";10,25;"Por 1.000 habitantes"
2007;"Portugalete";9,22;"Por 1.000 habitantes"
2007;"Ribera Baja/Erriberabeitia";1,62;"Por 1.000 habitantes"
2007;"Agurain/Salvatierra";17,12;"Por 1.000 habitantes"
2007;"Samaniego";3,09;"Por 1.000 habitantes"
2007;"San Millán/Donemiliaga";1,38;"Por 1.000 habitantes"
2007;"Santurtzi";18,07;"Por 1.000 habitantes"
2007;"Segura";2,27;"Por 1.000 habitantes"
2007;"Sestao";17,53;"Por 1.000 habitantes"
2007;"Sondika";5,89;"Por 1.000 habitantes"
2007;"Sopela";7,1;"Por 1.000 habitantes"
2007;"Sopuerta";10,39;"Por 1.000 habitantes"
2007;"Soraluze-Placencia de las Armas";12,59;"Por 1.000 habitantes"
2007;"Sukarrieta";2,99;"Por 1.000 habitantes"
2007;"Tolosa";7,97;"Por 1.000 habitantes"
2007;"Trucios-Turtzioz";3,66;"Por 1.000 habitantes"
2007;"Ubide";19,11;"Por 1.000 habitantes"
2007;"Ugao-Miraballes";6,51;"Por 1.000 habitantes"
2007;"Urduliz";7,62;"Por 1.000 habitantes"
2007;"Urduña/Orduña";8,74;"Por 1.000 habitantes"
2007;"Urkabustaiz";6,03;"Por 1.000 habitantes"
2007;"Urnieta";5,19;"Por 1.000 habitantes"
2007;"Urretxu";11,54;"Por 1.000 habitantes"
2007;"Usansolo";8,07;"Por 1.000 habitantes"
2007;"Usurbil";5,1;"Por 1.000 habitantes"
2007;"Valdegovía/Gaubea";5,25;"Por 1.000 habitantes"
2007;"Valle de Trápaga-Trapagaran";8,48;"Por 1.000 habitantes"
2007;"Villabona";6,34;"Por 1.000 habitantes"
2007;"Vitoria-Gasteiz";17,3;"Por 1.000 habitantes"
2007;"Zaldibar";3,8;"Por 1.000 habitantes"
2007;"Zaldibia";6,79;"Por 1.000 habitantes"
2007;"Zalduondo";5,03;"Por 1.000 habitantes"
2007;"Zalla";12,99;"Por 1.000 habitantes"
2007;"Zambrana";2,79;"Por 1.000 habitantes"
2007;"Zamudio";7,46;"Por 1.000 habitantes"
2007;"Zaratamo";6,4;"Por 1.000 habitantes"
2007;"Zarautz";3,2;"Por 1.000 habitantes"
2007;"Zeanuri";3,11;"Por 1.000 habitantes"
2007;"Zeberio";10,24;"Por 1.000 habitantes"
2007;"Zegama";4,24;"Por 1.000 habitantes"
2007;"Zestoa";6,5;"Por 1.000 habitantes"
2007;"Zierbena";7,63;"Por 1.000 habitantes"
2007;"Zigoitia";0,66;"Por 1.000 habitantes"
2007;"Zizurkil";8,35;"Por 1.000 habitantes"
2007;"Zuia";5,07;"Por 1.000 habitantes"
2007;"Zumaia";4,69;"Por 1.000 habitantes"
2007;"Zumarraga";9,07;"Por 1.000 habitantes"
2014;"Araba/Álava";11,91;"Por 1.000 habitantes"
2014;"C.A. de Euskadi";13,28;"Por 1.000 habitantes"
2014;"Bizkaia";15,69;"Por 1.000 habitantes"
2014;"Gipuzkoa";10;"Por 1.000 habitantes"
2014;"Arabako Lautada / Llanada Alavesa";14,4;"Por 1.000 habitantes"
2014;"Arabako Mendialdea / Montaña Alavesa";3,29;"Por 1.000 habitantes"
2014;"Arratia-Nerbioi / Arratia-Nervión";7,16;"Por 1.000 habitantes"
2014;"Bidasoa Beherea / Bajo Bidasoa";6,05;"Por 1.000 habitantes"
2014;"Bilbo Handia / Gran Bilbao";18,26;"Por 1.000 habitantes"
2014;"Debabarrena / Bajo Deba";10,08;"Por 1.000 habitantes"
2014;"Debagoiena / Alto Deba";7,02;"Por 1.000 habitantes"
2014;"Donostialdea";12,49;"Por 1.000 habitantes"
2014;"Añana (Comarca)";3;"Por 1.000 habitantes"
2014;"Durangaldea / Duranguesado";4,31;"Por 1.000 habitantes"
2014;"Enkartazioak / Encartaciones";16,89;"Por 1.000 habitantes"
2014;"Arabako Errioxa / Rioja Alavesa";5,26;"Por 1.000 habitantes"
2014;"Gernika-Bermeo";9;"Por 1.000 habitantes"
2014;"Goierri";8,72;"Por 1.000 habitantes"
2014;"Gorbeialdea / Estribaciones del Gorbea";2,74;"Por 1.000 habitantes"
2014;"Kantauri Arabarra / Cantábrica Alavesa";0,32;"Por 1.000 habitantes"
2014;"Markina-Ondarroa";8,78;"Por 1.000 habitantes"
2014;"Plentzia-Mungia";7,66;"Por 1.000 habitantes"
2014;"Tolosaldea / Tolosa";9,51;"Por 1.000 habitantes"
2014;"Urola-Kostaldea / Urola Costa";7,13;"Por 1.000 habitantes"
2014;"Abadiño";0,66;"Por 1.000 habitantes"
2014;"Abaltzisketa";3,13;"Por 1.000 habitantes"
2014;"Abanto y Ciérvana-Abanto Zierbena";15,73;"Por 1.000 habitantes"
2014;"Aduna";8,58;"Por 1.000 habitantes"
2014;"Aia";3,96;"Por 1.000 habitantes"
2014;"Aizarnazabal";11,92;"Por 1.000 habitantes"
2014;"Albiztur";3,3;"Por 1.000 habitantes"
2014;"Alegia";13,5;"Por 1.000 habitantes"
2014;"Alegría-Dulantzi";9,23;"Por 1.000 habitantes"
2014;"Alkiza";5,63;"Por 1.000 habitantes"
2014;"Alonsotegi";22,71;"Por 1.000 habitantes"
2014;"Altzaga";5,81;"Por 1.000 habitantes"
2014;"Altzo";20,11;"Por 1.000 habitantes"
2014;"Amezketa";10,68;"Por 1.000 habitantes"
2014;"Amorebieta-Etxano";3,17;"Por 1.000 habitantes"
2014;"Andoain";6,79;"Por 1.000 habitantes"
2014;"Anoeta";11,42;"Por 1.000 habitantes"
2014;"Antzuola";4,91;"Por 1.000 habitantes"
2014;"Aramaio";1,3;"Por 1.000 habitantes"
2014;"Arantzazu";2,6;"Por 1.000 habitantes"
2014;"Areatza";9,24;"Por 1.000 habitantes"
2014;"Aretxabaleta";6,16;"Por 1.000 habitantes"
2014;"Arrankudiaga-Zollo";4,03;"Por 1.000 habitantes"
2014;"Arrasate/Mondragón";9,12;"Por 1.000 habitantes"
2014;"Arratzu";7,43;"Por 1.000 habitantes"
2014;"Arratzua-Ubarrundia";0,96;"Por 1.000 habitantes"
2014;"Arrieta";5,29;"Por 1.000 habitantes"
2014;"Arrigorriaga";18,15;"Por 1.000 habitantes"
2014;"Artzentales";8,38;"Por 1.000 habitantes"
2014;"Artziniega";3,8;"Por 1.000 habitantes"
2014;"Asparrena";7,85;"Por 1.000 habitantes"
2014;"Asteasu";9,93;"Por 1.000 habitantes"
2014;"Astigarraga";6,74;"Por 1.000 habitantes"
2014;"Ataun";7,12;"Por 1.000 habitantes"
2014;"Atxondo";5,05;"Por 1.000 habitantes"
2014;"Ayala/Aiara";0,35;"Por 1.000 habitantes"
2014;"Azkoitia";7,8;"Por 1.000 habitantes"
2014;"Azpeitia";9,88;"Por 1.000 habitantes"
2014;"Bakio";8,46;"Por 1.000 habitantes"
2014;"Baliarrain";21,43;"Por 1.000 habitantes"
2014;"Balmaseda";17,4;"Por 1.000 habitantes"
2014;"Barakaldo";11,17;"Por 1.000 habitantes"
2014;"Barrika";2,56;"Por 1.000 habitantes"
2014;"Barrundia";2,12;"Por 1.000 habitantes"
2014;"Basauri";13,35;"Por 1.000 habitantes"
2014;"Beasain";10,4;"Por 1.000 habitantes"
2014;"Bedia";5,83;"Por 1.000 habitantes"
2014;"Belauntza";22,39;"Por 1.000 habitantes"
2014;"Berango";5,09;"Por 1.000 habitantes"
2014;"Berantevilla";2,07;"Por 1.000 habitantes"
2014;"Berastegi";4,79;"Por 1.000 habitantes"
2014;"Bergara";5,01;"Por 1.000 habitantes"
2014;"Bermeo";12,26;"Por 1.000 habitantes"
2014;"Bernedo";5,46;"Por 1.000 habitantes"
2014;"Berriatua";10,52;"Por 1.000 habitantes"
2014;"Berriz";0,42;"Por 1.000 habitantes"
2014;"Berrobi";13,49;"Por 1.000 habitantes"
2014;"Bidania-Goiatz";7,66;"Por 1.000 habitantes"
2014;"Bilbao";28,38;"Por 1.000 habitantes"
2014;"Busturia";8,32;"Por 1.000 habitantes"
2014;"Campezo/Kanpezu";5,6;"Por 1.000 habitantes"
2014;"Derio";6;"Por 1.000 habitantes"
2014;"Dima";3,52;"Por 1.000 habitantes"
2014;"Donostia / San Sebastián";14,59;"Por 1.000 habitantes"
2014;"Durango";3,51;"Por 1.000 habitantes"
2014;"Ea";1,17;"Por 1.000 habitantes"
2014;"Eibar";11,36;"Por 1.000 habitantes"
2014;"Elantxobe";18,04;"Por 1.000 habitantes"
2014;"Elburgo/Burgelu";3,13;"Por 1.000 habitantes"
2014;"Elciego";1,83;"Por 1.000 habitantes"
2014;"Elduain";8,23;"Por 1.000 habitantes"
2014;"Elgeta";7,25;"Por 1.000 habitantes"
2014;"Elgoibar";7,88;"Por 1.000 habitantes"
2014;"Elorrio";0,41;"Por 1.000 habitantes"
2014;"Elvillar/Bilar";2,91;"Por 1.000 habitantes"
2014;"Erandio";16,92;"Por 1.000 habitantes"
2014;"Ereño";3,92;"Por 1.000 habitantes"
2014;"Ermua";9,9;"Por 1.000 habitantes"
2014;"Errenteria";12,53;"Por 1.000 habitantes"
2014;"Errezil";4,98;"Por 1.000 habitantes"
2014;"Erriberagoitia/Ribera Alta";2,35;"Por 1.000 habitantes"
2014;"Errigoiti";4,01;"Por 1.000 habitantes"
2014;"Eskoriatza";8,51;"Por 1.000 habitantes"
2014;"Etxebarri";19,61;"Por 1.000 habitantes"
2014;"Etxebarria";4,16;"Por 1.000 habitantes"
2014;"Ezkio-Itsaso";1,61;"Por 1.000 habitantes"
2014;"Forua";9,47;"Por 1.000 habitantes"
2014;"Gabiria";1,96;"Por 1.000 habitantes"
2014;"Galdakao";8,71;"Por 1.000 habitantes"
2014;"Galdames";9,72;"Por 1.000 habitantes"
2014;"Gamiz-Fika";2,23;"Por 1.000 habitantes"
2014;"Garai";3,19;"Por 1.000 habitantes"
2014;"Gatika";0,61;"Por 1.000 habitantes"
2014;"Gautegiz Arteaga";5,78;"Por 1.000 habitantes"
2014;"Gernika-Lumo";8,06;"Por 1.000 habitantes"
2014;"Getaria";4,77;"Por 1.000 habitantes"
2014;"Getxo";6,75;"Por 1.000 habitantes"
2014;"Gordexola";14;"Por 1.000 habitantes"
2014;"Gorliz";7,24;"Por 1.000 habitantes"
2014;"Güeñes";16,43;"Por 1.000 habitantes"
2014;"Hernani";7,83;"Por 1.000 habitantes"
2014;"Hernialde";5,99;"Por 1.000 habitantes"
2014;"Hondarribia";5,08;"Por 1.000 habitantes"
2014;"Ibarrangelu";7,82;"Por 1.000 habitantes"
2014;"Idiazabal";5,99;"Por 1.000 habitantes"
2014;"Igorre";7,69;"Por 1.000 habitantes"
2014;"Ikaztegieta";14,8;"Por 1.000 habitantes"
2014;"Irun";6,33;"Por 1.000 habitantes"
2014;"Irura";9,09;"Por 1.000 habitantes"
2014;"Iruraiz-Gauna";7,41;"Por 1.000 habitantes"
2014;"Iruña Oka/Iruña de Oca";7,47;"Por 1.000 habitantes"
2014;"Ispaster";7,03;"Por 1.000 habitantes"
2014;"Itsasondo";16,39;"Por 1.000 habitantes"
2014;"Iurreta";8,32;"Por 1.000 habitantes"
2014;"Izurtza";7,27;"Por 1.000 habitantes"
2014;"Karrantza Harana/Valle de Carranza";10,44;"Por 1.000 habitantes"
2014;"Kortezubi";4,38;"Por 1.000 habitantes"
2014;"Labastida/Bastida";9,27;"Por 1.000 habitantes"
2014;"Laguardia";4,39;"Por 1.000 habitantes"
2014;"Lanciego/Lantziego";1,42;"Por 1.000 habitantes"
2014;"Lanestosa";21,43;"Por 1.000 habitantes"
2014;"Lantarón";3,2;"Por 1.000 habitantes"
2014;"Lapuebla de Labarca";9,25;"Por 1.000 habitantes"
2014;"Larrabetzu";5,85;"Por 1.000 habitantes"
2014;"Lasarte-Oria";4,99;"Por 1.000 habitantes"
2014;"Lazkao";7,66;"Por 1.000 habitantes"
2014;"Leaburu";5,45;"Por 1.000 habitantes"
2014;"Legazpi";6,34;"Por 1.000 habitantes"
2014;"Legorreta";9,35;"Por 1.000 habitantes"
2014;"Legutio";2,35;"Por 1.000 habitantes"
2014;"Leioa";6,63;"Por 1.000 habitantes"
2014;"Lekeitio";7,14;"Por 1.000 habitantes"
2014;"Lemoa";5,06;"Por 1.000 habitantes"
2014;"Lemoiz";7,42;"Por 1.000 habitantes"
2014;"Leza";4,59;"Por 1.000 habitantes"
2014;"Lezama";2,1;"Por 1.000 habitantes"
2014;"Lezo";8,24;"Por 1.000 habitantes"
2014;"Lizartza";9,04;"Por 1.000 habitantes"
2014;"Loiu";5,21;"Por 1.000 habitantes"
2014;"Mallabia";7,43;"Por 1.000 habitantes"
2014;"Markina-Xemein";11,6;"Por 1.000 habitantes"
2014;"Maruri-Jatabe";1,06;"Por 1.000 habitantes"
2014;"Mendaro";0,99;"Por 1.000 habitantes"
2014;"Mendata";2,57;"Por 1.000 habitantes"
2014;"Meñaka";1,39;"Por 1.000 habitantes"
2014;"Mundaka";7,98;"Por 1.000 habitantes"
2014;"Mungia";10,28;"Por 1.000 habitantes"
2014;"Murueta";3,37;"Por 1.000 habitantes"
2014;"Muskiz";21,65;"Por 1.000 habitantes"
2014;"Mutriku";6,99;"Por 1.000 habitantes"
2014;"Muxika";1,39;"Por 1.000 habitantes"
2014;"Nabarniz";4,22;"Por 1.000 habitantes"
2014;"Oiartzun";6,12;"Por 1.000 habitantes"
2014;"Okondo";2,61;"Por 1.000 habitantes"
2014;"Olaberria";4,22;"Por 1.000 habitantes"
2014;"Ondarroa";11,22;"Por 1.000 habitantes"
2014;"Ordizia";18,37;"Por 1.000 habitantes"
2014;"Orendain";10,47;"Por 1.000 habitantes"
2014;"Orexa";8,7;"Por 1.000 habitantes"
2014;"Orio";2,93;"Por 1.000 habitantes"
2014;"Ormaiztegi";8,51;"Por 1.000 habitantes"
2014;"Orozko";6,47;"Por 1.000 habitantes"
2014;"Ortuella";17,73;"Por 1.000 habitantes"
2014;"Oyón-Oion";7,64;"Por 1.000 habitantes"
2014;"Oñati";6,16;"Por 1.000 habitantes"
2014;"Pasaia";19,41;"Por 1.000 habitantes"
2014;"Peñacerrada-Urizaharra";3,53;"Por 1.000 habitantes"
2014;"Plentzia";7,48;"Por 1.000 habitantes"
2014;"Portugalete";9,65;"Por 1.000 habitantes"
2014;"Ribera Baja/Erriberabeitia";4,04;"Por 1.000 habitantes"
2014;"Agurain/Salvatierra";18,1;"Por 1.000 habitantes"
2014;"Samaniego";3,65;"Por 1.000 habitantes"
2014;"Santurtzi";13,61;"Por 1.000 habitantes"
2014;"Sestao";18,87;"Por 1.000 habitantes"
2014;"Sondika";11,99;"Por 1.000 habitantes"
2014;"Sopela";8,83;"Por 1.000 habitantes"
2014;"Sopuerta";11,67;"Por 1.000 habitantes"
2014;"Soraluze-Placencia de las Armas";30,4;"Por 1.000 habitantes"
2014;"Sukarrieta";11,33;"Por 1.000 habitantes"
2014;"Tolosa";10,47;"Por 1.000 habitantes"
2014;"Trucios-Turtzioz";7,58;"Por 1.000 habitantes"
2014;"Ubide";10,93;"Por 1.000 habitantes"
2014;"Ugao-Miraballes";10,04;"Por 1.000 habitantes"
2014;"Urduliz";6,27;"Por 1.000 habitantes"
2014;"Urduña/Orduña";11,99;"Por 1.000 habitantes"
2014;"Urkabustaiz";7,56;"Por 1.000 habitantes"
2014;"Urnieta";7,65;"Por 1.000 habitantes"
2014;"Urretxu";9,94;"Por 1.000 habitantes"
2014;"Usansolo";8,71;"Por 1.000 habitantes"
2014;"Usurbil";8,53;"Por 1.000 habitantes"
2014;"Valdegovía/Gaubea";2,79;"Por 1.000 habitantes"
2014;"Valle de Trápaga-Trapagaran";11,39;"Por 1.000 habitantes"
2014;"Villabona";10,43;"Por 1.000 habitantes"
2014;"Vitoria-Gasteiz";14,73;"Por 1.000 habitantes"
2014;"Zaldibar";6,58;"Por 1.000 habitantes"
2014;"Zaldibia";7,67;"Por 1.000 habitantes"
2014;"Zalla";22,94;"Por 1.000 habitantes"
2014;"Zambrana";7,09;"Por 1.000 habitantes"
2014;"Zamudio";8,19;"Por 1.000 habitantes"
2014;"Zaratamo";17,1;"Por 1.000 habitantes"
2014;"Zarautz";5,69;"Por 1.000 habitantes"
2014;"Zeanuri";2,38;"Por 1.000 habitantes"
2014;"Zeberio";3,76;"Por 1.000 habitantes"
2014;"Zestoa";11,38;"Por 1.000 habitantes"
2014;"Zierbena";10,66;"Por 1.000 habitantes"
2014;"Zigoitia";1,69;"Por 1.000 habitantes"
2014;"Ziortza-Bolibar";6,47;"Por 1.000 habitantes"
2014;"Zizurkil";12,91;"Por 1.000 habitantes"
2014;"Zuia";2,06;"Por 1.000 habitantes"
2014;"Zumaia";7,64;"Por 1.000 habitantes"
2014;"Zumarraga";4,17;"Por 1.000 habitantes"
2008;"Araba/Álava";14,94;"Por 1.000 habitantes"
2008;"C.A. de Euskadi";12,3;"Por 1.000 habitantes"
2008;"Bizkaia";13,65;"Por 1.000 habitantes"
2008;"Gipuzkoa";8,88;"Por 1.000 habitantes"
2008;"Arabako Lautada / Llanada Alavesa";16,79;"Por 1.000 habitantes"
2008;"Arabako Mendialdea / Montaña Alavesa";3,77;"Por 1.000 habitantes"
2008;"Arratia-Nerbioi / Arratia-Nervión";6,94;"Por 1.000 habitantes"
2008;"Bidasoa Beherea / Bajo Bidasoa";9,69;"Por 1.000 habitantes"
2008;"Bilbo Handia / Gran Bilbao";15,17;"Por 1.000 habitantes"
2008;"Debabarrena / Bajo Deba";7,11;"Por 1.000 habitantes"
2008;"Debagoiena / Alto Deba";4,43;"Por 1.000 habitantes"
2008;"Donostialdea";11,58;"Por 1.000 habitantes"
2008;"Añana (Comarca)";2,46;"Por 1.000 habitantes"
2008;"Durangaldea / Duranguesado";8,25;"Por 1.000 habitantes"
2008;"Enkartazioak / Encartaciones";12,47;"Por 1.000 habitantes"
2008;"Arabako Errioxa / Rioja Alavesa";6,08;"Por 1.000 habitantes"
2008;"Gernika-Bermeo";11,8;"Por 1.000 habitantes"
2008;"Goierri";6,06;"Por 1.000 habitantes"
2008;"Gorbeialdea / Estribaciones del Gorbea";5,05;"Por 1.000 habitantes"
2008;"Kantauri Arabarra / Cantábrica Alavesa";9,92;"Por 1.000 habitantes"
2008;"Markina-Ondarroa";6,35;"Por 1.000 habitantes"
2008;"Plentzia-Mungia";7,06;"Por 1.000 habitantes"
2008;"Tolosaldea / Tolosa";6,85;"Por 1.000 habitantes"
2008;"Urola-Kostaldea / Urola Costa";5,03;"Por 1.000 habitantes"
2008;"Abadiño";5,91;"Por 1.000 habitantes"
2008;"Abanto y Ciérvana-Abanto Zierbena";13,96;"Por 1.000 habitantes"
2008;"Aduna";2,6;"Por 1.000 habitantes"
2008;"Aia";2,12;"Por 1.000 habitantes"
2008;"Aizarnazabal";3,12;"Por 1.000 habitantes"
2008;"Alegia";9,98;"Por 1.000 habitantes"
2008;"Alegría-Dulantzi";8,02;"Por 1.000 habitantes"
2008;"Alkiza";5,75;"Por 1.000 habitantes"
2008;"Alonsotegi";13,71;"Por 1.000 habitantes"
2008;"Altzaga";6,37;"Por 1.000 habitantes"
2008;"Altzo";5,04;"Por 1.000 habitantes"
2008;"Amezketa";1,03;"Por 1.000 habitantes"
2008;"Amorebieta-Etxano";10,07;"Por 1.000 habitantes"
2008;"Amurrio";10,61;"Por 1.000 habitantes"
2008;"Andoain";8,73;"Por 1.000 habitantes"
2008;"Anoeta";8,31;"Por 1.000 habitantes"
2008;"Antzuola";3,73;"Por 1.000 habitantes"
2008;"Aramaio";3,29;"Por 1.000 habitantes"
2008;"Arantzazu";3,3;"Por 1.000 habitantes"
2008;"Areatza";13,5;"Por 1.000 habitantes"
2008;"Aretxabaleta";4,82;"Por 1.000 habitantes"
2008;"Arraia-Maeztu";1,42;"Por 1.000 habitantes"
2008;"Arrankudiaga-Zollo";3,33;"Por 1.000 habitantes"
2008;"Arrasate/Mondragón";2,98;"Por 1.000 habitantes"
2008;"Arratzu";2,79;"Por 1.000 habitantes"
2008;"Arratzua-Ubarrundia";1,08;"Por 1.000 habitantes"
2008;"Arrieta";5,48;"Por 1.000 habitantes"
2008;"Arrigorriaga";14,27;"Por 1.000 habitantes"
2008;"Artea";2,74;"Por 1.000 habitantes"
2008;"Artzentales";7,11;"Por 1.000 habitantes"
2008;"Artziniega";21,08;"Por 1.000 habitantes"
2008;"Asparrena";19,14;"Por 1.000 habitantes"
2008;"Asteasu";6,14;"Por 1.000 habitantes"
2008;"Astigarraga";5,92;"Por 1.000 habitantes"
2008;"Ataun";1,21;"Por 1.000 habitantes"
2008;"Atxondo";9,6;"Por 1.000 habitantes"
2008;"Aulesti";2,95;"Por 1.000 habitantes"
2008;"Ayala/Aiara";5,62;"Por 1.000 habitantes"
2008;"Azkoitia";7,88;"Por 1.000 habitantes"
2008;"Azpeitia";6,82;"Por 1.000 habitantes"
2008;"Bakio";5,68;"Por 1.000 habitantes"
2008;"Baliarrain";9,62;"Por 1.000 habitantes"
2008;"Balmaseda";14,19;"Por 1.000 habitantes"
2008;"Barakaldo";8,01;"Por 1.000 habitantes"
2008;"Barrika";4,23;"Por 1.000 habitantes"
2008;"Barrundia";2,32;"Por 1.000 habitantes"
2008;"Basauri";10,53;"Por 1.000 habitantes"
2008;"Beasain";5,89;"Por 1.000 habitantes"
2008;"Bedia";2,05;"Por 1.000 habitantes"
2008;"Berango";5,48;"Por 1.000 habitantes"
2008;"Berastegi";2,96;"Por 1.000 habitantes"
2008;"Bergara";6,9;"Por 1.000 habitantes"
2008;"Bermeo";16,98;"Por 1.000 habitantes"
2008;"Bernedo";1,71;"Por 1.000 habitantes"
2008;"Berriz";4,5;"Por 1.000 habitantes"
2008;"Berrobi";8,52;"Por 1.000 habitantes"
2008;"Bidania-Goiatz";2,04;"Por 1.000 habitantes"
2008;"Bilbao";19,9;"Por 1.000 habitantes"
2008;"Busturia";11,05;"Por 1.000 habitantes"
2008;"Campezo/Kanpezu";8,13;"Por 1.000 habitantes"
2008;"Deba";2,05;"Por 1.000 habitantes"
2008;"Derio";5,36;"Por 1.000 habitantes"
2008;"Dima";4,72;"Por 1.000 habitantes"
2008;"Donostia / San Sebastián";14,01;"Por 1.000 habitantes"
2008;"Durango";5,82;"Por 1.000 habitantes"
2008;"Ea";3,36;"Por 1.000 habitantes"
2008;"Eibar";7,95;"Por 1.000 habitantes"
2008;"Elantxobe";20,45;"Por 1.000 habitantes"
2008;"Elburgo/Burgelu";3,78;"Por 1.000 habitantes"
2008;"Elciego";3,76;"Por 1.000 habitantes"
2008;"Elduain";4,27;"Por 1.000 habitantes"
2008;"Elgeta";4,84;"Por 1.000 habitantes"
2008;"Elgoibar";6,97;"Por 1.000 habitantes"
2008;"Elorrio";5,7;"Por 1.000 habitantes"
2008;"Erandio";24,53;"Por 1.000 habitantes"
2008;"Ermua";15,78;"Por 1.000 habitantes"
2008;"Errenteria";7,1;"Por 1.000 habitantes"
2008;"Errezil";6,43;"Por 1.000 habitantes"
2008;"Erriberagoitia/Ribera Alta";3,8;"Por 1.000 habitantes"
2008;"Errigoiti";1,94;"Por 1.000 habitantes"
2008;"Eskoriatza";3,46;"Por 1.000 habitantes"
2008;"Etxebarri";13,02;"Por 1.000 habitantes"
2008;"Ezkio-Itsaso";3,53;"Por 1.000 habitantes"
2008;"Forua";11,1;"Por 1.000 habitantes"
2008;"Fruiz";4,85;"Por 1.000 habitantes"
2008;"Gabiria";2,2;"Por 1.000 habitantes"
2008;"Galdakao";8,06;"Por 1.000 habitantes"
2008;"Galdames";8,39;"Por 1.000 habitantes"
2008;"Gamiz-Fika";7,72;"Por 1.000 habitantes"
2008;"Garai";3,17;"Por 1.000 habitantes"
2008;"Gatika";3,29;"Por 1.000 habitantes"
2008;"Gautegiz Arteaga";7,95;"Por 1.000 habitantes"
2008;"Gernika-Lumo";10,75;"Por 1.000 habitantes"
2008;"Getaria";3,48;"Por 1.000 habitantes"
2008;"Getxo";12,37;"Por 1.000 habitantes"
2008;"Gizaburuaga";5,32;"Por 1.000 habitantes"
2008;"Gordexola";12,2;"Por 1.000 habitantes"
2008;"Gorliz";6,39;"Por 1.000 habitantes"
2008;"Güeñes";15,96;"Por 1.000 habitantes"
2008;"Hernani";5,58;"Por 1.000 habitantes"
2008;"Hernialde";2,97;"Por 1.000 habitantes"
2008;"Hondarribia";6,23;"Por 1.000 habitantes"
2008;"Ibarra";6,31;"Por 1.000 habitantes"
2008;"Ibarrangelu";3,27;"Por 1.000 habitantes"
2008;"Idiazabal";2,72;"Por 1.000 habitantes"
2008;"Igorre";9,4;"Por 1.000 habitantes"
2008;"Ikaztegieta";8,83;"Por 1.000 habitantes"
2008;"Irun";10,62;"Por 1.000 habitantes"
2008;"Irura";4,15;"Por 1.000 habitantes"
2008;"Iruraiz-Gauna";1,92;"Por 1.000 habitantes"
2008;"Iruña Oka/Iruña de Oca";9,98;"Por 1.000 habitantes"
2008;"Ispaster";6,07;"Por 1.000 habitantes"
2008;"Itsasondo";3,18;"Por 1.000 habitantes"
2008;"Iurreta";8,37;"Por 1.000 habitantes"
2008;"Izurtza";3,79;"Por 1.000 habitantes"
2008;"Karrantza Harana/Valle de Carranza";6,07;"Por 1.000 habitantes"
2008;"Labastida/Bastida";11,9;"Por 1.000 habitantes"
2008;"Laguardia";5,16;"Por 1.000 habitantes"
2008;"Lanciego/Lantziego";2,88;"Por 1.000 habitantes"
2008;"Lanestosa";6,73;"Por 1.000 habitantes"
2008;"Lantarón";5,16;"Por 1.000 habitantes"
2008;"Lapuebla de Labarca";3,33;"Por 1.000 habitantes"
2008;"Larrabetzu";3,77;"Por 1.000 habitantes"
2008;"Larraul";4,13;"Por 1.000 habitantes"
2008;"Lasarte-Oria";8,56;"Por 1.000 habitantes"
2008;"Laudio/Llodio";9,11;"Por 1.000 habitantes"
2008;"Lazkao";4,78;"Por 1.000 habitantes"
2008;"Leaburu";2,63;"Por 1.000 habitantes"
2008;"Legazpi";3,58;"Por 1.000 habitantes"
2008;"Legorreta";11,73;"Por 1.000 habitantes"
2008;"Legutio";9,31;"Por 1.000 habitantes"
2008;"Leintz-Gatzaga";15,38;"Por 1.000 habitantes"
2008;"Leioa";13,65;"Por 1.000 habitantes"
2008;"Lekeitio";7,25;"Por 1.000 habitantes"
2008;"Lemoa";6,07;"Por 1.000 habitantes"
2008;"Lemoiz";5,83;"Por 1.000 habitantes"
2008;"Lezama";4,52;"Por 1.000 habitantes"
2008;"Lezo";11,52;"Por 1.000 habitantes"
2008;"Lizartza";3,18;"Por 1.000 habitantes"
2008;"Loiu";3,26;"Por 1.000 habitantes"
2008;"Mallabia";6,85;"Por 1.000 habitantes"
2008;"Markina-Xemein";6,84;"Por 1.000 habitantes"
2008;"Maruri-Jatabe";3,46;"Por 1.000 habitantes"
2008;"Mañaria";2,06;"Por 1.000 habitantes"
2008;"Mendaro";7,51;"Por 1.000 habitantes"
2008;"Mendata";2,64;"Por 1.000 habitantes"
2008;"Mendexa";6,86;"Por 1.000 habitantes"
2008;"Mundaka";6,89;"Por 1.000 habitantes"
2008;"Mungia";8,3;"Por 1.000 habitantes"
2008;"Munitibar-Arbatzegi Gerrikaitz";2,46;"Por 1.000 habitantes"
2008;"Murueta";6,71;"Por 1.000 habitantes"
2008;"Muskiz";11,08;"Por 1.000 habitantes"
2008;"Mutriku";3,67;"Por 1.000 habitantes"
2008;"Muxika";4,14;"Por 1.000 habitantes"
2008;"Nabarniz";4,39;"Por 1.000 habitantes"
2008;"Oiartzun";11,01;"Por 1.000 habitantes"
2008;"Okondo";9,26;"Por 1.000 habitantes"
2008;"Olaberria";4,21;"Por 1.000 habitantes"
2008;"Ondarroa";7,83;"Por 1.000 habitantes"
2008;"Ordizia";6,59;"Por 1.000 habitantes"
2008;"Orio";3,82;"Por 1.000 habitantes"
2008;"Ormaiztegi";1,53;"Por 1.000 habitantes"
2008;"Orozko";3,3;"Por 1.000 habitantes"
2008;"Ortuella";14,96;"Por 1.000 habitantes"
2008;"Otxandio";4,1;"Por 1.000 habitantes"
2008;"Oyón-Oion";10,64;"Por 1.000 habitantes"
2008;"Oñati";3,99;"Por 1.000 habitantes"
2008;"Pasaia";14,56;"Por 1.000 habitantes"
2008;"Peñacerrada-Urizaharra";3,52;"Por 1.000 habitantes"
2008;"Plentzia";10,1;"Por 1.000 habitantes"
2008;"Portugalete";9,25;"Por 1.000 habitantes"
2008;"Ribera Baja/Erriberabeitia";2,36;"Por 1.000 habitantes"
2008;"Agurain/Salvatierra";21,29;"Por 1.000 habitantes"
2008;"San Millán/Donemiliaga";1,41;"Por 1.000 habitantes"
2008;"Santurtzi";18,11;"Por 1.000 habitantes"
2008;"Segura";2,19;"Por 1.000 habitantes"
2008;"Sestao";17,62;"Por 1.000 habitantes"
2008;"Sondika";5,82;"Por 1.000 habitantes"
2008;"Sopela";7,03;"Por 1.000 habitantes"
2008;"Sopuerta";10,18;"Por 1.000 habitantes"
2008;"Soraluze-Placencia de las Armas";12,7;"Por 1.000 habitantes"
2008;"Sukarrieta";3;"Por 1.000 habitantes"
2008;"Tolosa";7,94;"Por 1.000 habitantes"
2008;"Trucios-Turtzioz";3,68;"Por 1.000 habitantes"
2008;"Ubide";18,52;"Por 1.000 habitantes"
2008;"Ugao-Miraballes";6,5;"Por 1.000 habitantes"
2008;"Urduliz";7,54;"Por 1.000 habitantes"
2008;"Urduña/Orduña";8,65;"Por 1.000 habitantes"
2008;"Urkabustaiz";6,71;"Por 1.000 habitantes"
2008;"Urnieta";5,13;"Por 1.000 habitantes"
2008;"Urretxu";11,41;"Por 1.000 habitantes"
2008;"Usansolo";8,06;"Por 1.000 habitantes"
2008;"Usurbil";4,99;"Por 1.000 habitantes"
2008;"Valdegovía/Gaubea";1,75;"Por 1.000 habitantes"
2008;"Valle de Trápaga-Trapagaran";8,51;"Por 1.000 habitantes"
2008;"Villabona";6,34;"Por 1.000 habitantes"
2008;"Vitoria-Gasteiz";17,11;"Por 1.000 habitantes"
2008;"Yécora/Iekora";3,26;"Por 1.000 habitantes"
2008;"Zaldibar";3,73;"Por 1.000 habitantes"
2008;"Zaldibia";6,65;"Por 1.000 habitantes"
2008;"Zalduondo";5,13;"Por 1.000 habitantes"
2008;"Zalla";12,87;"Por 1.000 habitantes"
2008;"Zambrana";2,74;"Por 1.000 habitantes"
2008;"Zamudio";7,49;"Por 1.000 habitantes"
2008;"Zaratamo";6,3;"Por 1.000 habitantes"
2008;"Zarautz";3,18;"Por 1.000 habitantes"
2008;"Zeanuri";3,04;"Por 1.000 habitantes"
2008;"Zeberio";10,36;"Por 1.000 habitantes"
2008;"Zegama";4,11;"Por 1.000 habitantes"
2008;"Zestoa";6,44;"Por 1.000 habitantes"
2008;"Zierbena";7,4;"Por 1.000 habitantes"
2008;"Zigoitia";1,25;"Por 1.000 habitantes"
2008;"Zizurkil";8,33;"Por 1.000 habitantes"
2008;"Zuia";5,02;"Por 1.000 habitantes"
2008;"Zumaia";4,61;"Por 1.000 habitantes"
2008;"Zumarraga";9,03;"Por 1.000 habitantes"
2015;"Araba/Álava";12,7;"Por 1.000 habitantes"
2015;"C.A. de Euskadi";13,72;"Por 1.000 habitantes"
2015;"Bizkaia";16,57;"Por 1.000 habitantes"
2015;"Gipuzkoa";9,61;"Por 1.000 habitantes"
2015;"Arabako Lautada / Llanada Alavesa";15,05;"Por 1.000 habitantes"
2015;"Arabako Mendialdea / Montaña Alavesa";5,34;"Por 1.000 habitantes"
2015;"Arratia-Nerbioi / Arratia-Nervión";7,8;"Por 1.000 habitantes"
2015;"Bidasoa Beherea / Bajo Bidasoa";6,02;"Por 1.000 habitantes"
2015;"Bilbo Handia / Gran Bilbao";19,4;"Por 1.000 habitantes"
2015;"Debabarrena / Bajo Deba";12,02;"Por 1.000 habitantes"
2015;"Debagoiena / Alto Deba";7,47;"Por 1.000 habitantes"
2015;"Donostialdea";11,36;"Por 1.000 habitantes"
2015;"Añana (Comarca)";5,21;"Por 1.000 habitantes"
2015;"Durangaldea / Duranguesado";4,46;"Por 1.000 habitantes"
2015;"Enkartazioak / Encartaciones";17,82;"Por 1.000 habitantes"
2015;"Arabako Errioxa / Rioja Alavesa";7,62;"Por 1.000 habitantes"
2015;"Gernika-Bermeo";9,19;"Por 1.000 habitantes"
2015;"Goierri";8,48;"Por 1.000 habitantes"
2015;"Gorbeialdea / Estribaciones del Gorbea";5,92;"Por 1.000 habitantes"
2015;"Kantauri Arabarra / Cantábrica Alavesa";0,49;"Por 1.000 habitantes"
2015;"Markina-Ondarroa";8,67;"Por 1.000 habitantes"
2015;"Plentzia-Mungia";7,16;"Por 1.000 habitantes"
2015;"Tolosaldea / Tolosa";10,25;"Por 1.000 habitantes"
2015;"Urola-Kostaldea / Urola Costa";6,39;"Por 1.000 habitantes"
2015;"Abadiño";0,13;"Por 1.000 habitantes"
2015;"Abaltzisketa";12,62;"Por 1.000 habitantes"
2015;"Abanto y Ciérvana-Abanto Zierbena";16,45;"Por 1.000 habitantes"
2015;"Aduna";4,3;"Por 1.000 habitantes"
2015;"Aia";3,95;"Por 1.000 habitantes"
2015;"Aizarnazabal";17,22;"Por 1.000 habitantes"
2015;"Alegia";18,11;"Por 1.000 habitantes"
2015;"Alegría-Dulantzi";10;"Por 1.000 habitantes"
2015;"Alkiza";2,87;"Por 1.000 habitantes"
2015;"Alonsotegi";26,55;"Por 1.000 habitantes"
2015;"Altzaga";5,68;"Por 1.000 habitantes"
2015;"Altzo";11,3;"Por 1.000 habitantes"
2015;"Amezketa";8,68;"Por 1.000 habitantes"
2015;"Amorebieta-Etxano";8,14;"Por 1.000 habitantes"
2015;"Andoain";6,66;"Por 1.000 habitantes"
2015;"Anoeta";13,15;"Por 1.000 habitantes"
2015;"Antzuola";5,82;"Por 1.000 habitantes"
2015;"Arama";4,72;"Por 1.000 habitantes"
2015;"Aramaio";2,6;"Por 1.000 habitantes"
2015;"Arantzazu";2,62;"Por 1.000 habitantes"
2015;"Areatza";10,97;"Por 1.000 habitantes"
2015;"Aretxabaleta";6,59;"Por 1.000 habitantes"
2015;"Armiñón";8,89;"Por 1.000 habitantes"
2015;"Arraia-Maeztu";9,82;"Por 1.000 habitantes"
2015;"Arrankudiaga-Zollo";5;"Por 1.000 habitantes"
2015;"Arrasate/Mondragón";10,08;"Por 1.000 habitantes"
2015;"Arratzu";12,29;"Por 1.000 habitantes"
2015;"Arratzua-Ubarrundia";3,86;"Por 1.000 habitantes"
2015;"Arrieta";8,91;"Por 1.000 habitantes"
2015;"Arrigorriaga";17,65;"Por 1.000 habitantes"
2015;"Artea";1,34;"Por 1.000 habitantes"
2015;"Artzentales";13,77;"Por 1.000 habitantes"
2015;"Artziniega";5,4;"Por 1.000 habitantes"
2015;"Asparrena";15,8;"Por 1.000 habitantes"
2015;"Asteasu";9,98;"Por 1.000 habitantes"
2015;"Astigarraga";8,78;"Por 1.000 habitantes"
2015;"Ataun";8,31;"Por 1.000 habitantes"
2015;"Atxondo";6,53;"Por 1.000 habitantes"
2015;"Ayala/Aiara";1,39;"Por 1.000 habitantes"
2015;"Azkoitia";7,68;"Por 1.000 habitantes"
2015;"Azpeitia";10,33;"Por 1.000 habitantes"
2015;"Bakio";8,11;"Por 1.000 habitantes"
2015;"Baliarrain";6,8;"Por 1.000 habitantes"
2015;"Balmaseda";21,73;"Por 1.000 habitantes"
2015;"Barakaldo";10,82;"Por 1.000 habitantes"
2015;"Barrika";3,2;"Por 1.000 habitantes"
2015;"Barrundia";3,2;"Por 1.000 habitantes"
2015;"Basauri";14,8;"Por 1.000 habitantes"
2015;"Baños de Ebro/Mañueta";3,18;"Por 1.000 habitantes"
2015;"Beasain";10,51;"Por 1.000 habitantes"
2015;"Bedia";7,8;"Por 1.000 habitantes"
2015;"Belauntza";15,44;"Por 1.000 habitantes"
2015;"Berango";2,81;"Por 1.000 habitantes"
2015;"Berantevilla";4,2;"Por 1.000 habitantes"
2015;"Berastegi";2,84;"Por 1.000 habitantes"
2015;"Bergara";4,82;"Por 1.000 habitantes"
2015;"Bermeo";11,6;"Por 1.000 habitantes"
2015;"Bernedo";5,69;"Por 1.000 habitantes"
2015;"Berriatua";9,84;"Por 1.000 habitantes"
2015;"Berrobi";16,64;"Por 1.000 habitantes"
2015;"Bidania-Goiatz";9,62;"Por 1.000 habitantes"
2015;"Bilbao";29,74;"Por 1.000 habitantes"
2015;"Busturia";9,6;"Por 1.000 habitantes"
2015;"Campezo/Kanpezu";4,73;"Por 1.000 habitantes"
2015;"Derio";6,37;"Por 1.000 habitantes"
2015;"Dima";3,47;"Por 1.000 habitantes"
2015;"Donostia / San Sebastián";15,14;"Por 1.000 habitantes"
2015;"Durango";4,01;"Por 1.000 habitantes"
2015;"Ea";3,53;"Por 1.000 habitantes"
2015;"Eibar";13,28;"Por 1.000 habitantes"
2015;"Elantxobe";13,23;"Por 1.000 habitantes"
2015;"Elburgo/Burgelu";3,15;"Por 1.000 habitantes"
2015;"Elciego";2,82;"Por 1.000 habitantes"
2015;"Elduain";12,3;"Por 1.000 habitantes"
2015;"Elgeta";7,27;"Por 1.000 habitantes"
2015;"Elgoibar";11,24;"Por 1.000 habitantes"
2015;"Elorrio";9,15;"Por 1.000 habitantes"
2015;"Erandio";20,14;"Por 1.000 habitantes"
2015;"Errezil";8,26;"Por 1.000 habitantes"
2015;"Erriberagoitia/Ribera Alta";2,38;"Por 1.000 habitantes"
2015;"Errigoiti";2,03;"Por 1.000 habitantes"
2015;"Eskoriatza";8,53;"Por 1.000 habitantes"
2015;"Etxebarri";18,1;"Por 1.000 habitantes"
2015;"Etxebarria";2,81;"Por 1.000 habitantes"
2015;"Ezkio-Itsaso";1,6;"Por 1.000 habitantes"
2015;"Forua";9,55;"Por 1.000 habitantes"
2015;"Gabiria";1,97;"Por 1.000 habitantes"
2015;"Gaintza";8,13;"Por 1.000 habitantes"
2015;"Galdakao";8,95;"Por 1.000 habitantes"
2015;"Galdames";14,63;"Por 1.000 habitantes"
2015;"Gamiz-Fika";1,47;"Por 1.000 habitantes"
2015;"Garai";3,23;"Por 1.000 habitantes"
2015;"Gatika";0,6;"Por 1.000 habitantes"
2015;"Gautegiz Arteaga";4,69;"Por 1.000 habitantes"
2015;"Gernika-Lumo";9,13;"Por 1.000 habitantes"
2015;"Getaria";3,25;"Por 1.000 habitantes"
2015;"Getxo";7,27;"Por 1.000 habitantes"
2015;"Gordexola";11,72;"Por 1.000 habitantes"
2015;"Gorliz";7,25;"Por 1.000 habitantes"
2015;"Güeñes";15,98;"Por 1.000 habitantes"
2015;"Hernani";7,01;"Por 1.000 habitantes"
2015;"Hernialde";3,13;"Por 1.000 habitantes"
2015;"Hondarribia";5,57;"Por 1.000 habitantes"
2015;"Ibarrangelu";6,24;"Por 1.000 habitantes"
2015;"Idiazabal";6,85;"Por 1.000 habitantes"
2015;"Igorre";7,74;"Por 1.000 habitantes"
2015;"Ikaztegieta";14,46;"Por 1.000 habitantes"
2015;"Irun";6,15;"Por 1.000 habitantes"
2015;"Irura";8,8;"Por 1.000 habitantes"
2015;"Iruraiz-Gauna";1,85;"Por 1.000 habitantes"
2015;"Iruña Oka/Iruña de Oca";9,74;"Por 1.000 habitantes"
2015;"Ispaster";7,02;"Por 1.000 habitantes"
2015;"Itsasondo";9,01;"Por 1.000 habitantes"
2015;"Iurreta";5,96;"Por 1.000 habitantes"
2015;"Izurtza";3,89;"Por 1.000 habitantes"
2015;"Karrantza Harana/Valle de Carranza";13,8;"Por 1.000 habitantes"
2015;"Kortezubi";4,45;"Por 1.000 habitantes"
2015;"Labastida/Bastida";14,7;"Por 1.000 habitantes"
2015;"Laguardia";6,35;"Por 1.000 habitantes"
2015;"Lanciego/Lantziego";5,7;"Por 1.000 habitantes"
2015;"Lanestosa";17,73;"Por 1.000 habitantes"
2015;"Lantarón";6,54;"Por 1.000 habitantes"
2015;"Lapuebla de Labarca";8,08;"Por 1.000 habitantes"
2015;"Larrabetzu";7,78;"Por 1.000 habitantes"
2015;"Lasarte-Oria";5,69;"Por 1.000 habitantes"
2015;"Laukiz";0,85;"Por 1.000 habitantes"
2015;"Lazkao";7,98;"Por 1.000 habitantes"
2015;"Leaburu";11,05;"Por 1.000 habitantes"
2015;"Legazpi";6,38;"Por 1.000 habitantes"
2015;"Legorreta";12,13;"Por 1.000 habitantes"
2015;"Legutio";11,63;"Por 1.000 habitantes"
2015;"Leintz-Gatzaga";16,13;"Por 1.000 habitantes"
2015;"Leioa";9,67;"Por 1.000 habitantes"
2015;"Lekeitio";7,07;"Por 1.000 habitantes"
2015;"Lemoa";9,57;"Por 1.000 habitantes"
2015;"Lemoiz";6,46;"Por 1.000 habitantes"
2015;"Leza";9,13;"Por 1.000 habitantes"
2015;"Lezama";3,81;"Por 1.000 habitantes"
2015;"Lezo";7,3;"Por 1.000 habitantes"
2015;"Lizartza";6,17;"Por 1.000 habitantes"
2015;"Mallabia";5,02;"Por 1.000 habitantes"
2015;"Markina-Xemein";13,67;"Por 1.000 habitantes"
2015;"Mañaria";3,85;"Por 1.000 habitantes"
2015;"Mendaro";3,93;"Por 1.000 habitantes"
2015;"Mendata";2,53;"Por 1.000 habitantes"
2015;"Moreda de Álava/Moreda Araba";3,79;"Por 1.000 habitantes"
2015;"Mundaka";5,89;"Por 1.000 habitantes"
2015;"Mungia";9,87;"Por 1.000 habitantes"
2015;"Murueta";6,71;"Por 1.000 habitantes"
2015;"Muskiz";22,65;"Por 1.000 habitantes"
2015;"Mutriku";6,77;"Por 1.000 habitantes"
2015;"Muxika";4,86;"Por 1.000 habitantes"
2015;"Nabarniz";4,07;"Por 1.000 habitantes"
2015;"Oiartzun";6,37;"Por 1.000 habitantes"
2015;"Okondo";2,6;"Por 1.000 habitantes"
2015;"Olaberria";6,38;"Por 1.000 habitantes"
2015;"Ondarroa";10,08;"Por 1.000 habitantes"
2015;"Ordizia";19,08;"Por 1.000 habitantes"
2015;"Orendain";10,36;"Por 1.000 habitantes"
2015;"Orexa";26,09;"Por 1.000 habitantes"
2015;"Orio";3,74;"Por 1.000 habitantes"
2015;"Ormaiztegi";6,17;"Por 1.000 habitantes"
2015;"Orozko";8,73;"Por 1.000 habitantes"
2015;"Ortuella";16,34;"Por 1.000 habitantes"
2015;"Oyón-Oion";9,65;"Por 1.000 habitantes"
2015;"Oñati";6,23;"Por 1.000 habitantes"
2015;"Pasaia";21,15;"Por 1.000 habitantes"
2015;"Peñacerrada-Urizaharra";3,56;"Por 1.000 habitantes"
2015;"Plentzia";7,54;"Por 1.000 habitantes"
2015;"Portugalete";10,92;"Por 1.000 habitantes"
2015;"Ribera Baja/Erriberabeitia";8,71;"Por 1.000 habitantes"
2015;"Agurain/Salvatierra";19,49;"Por 1.000 habitantes"
2015;"Samaniego";3,62;"Por 1.000 habitantes"
2015;"San Millán/Donemiliaga";5,43;"Por 1.000 habitantes"
2015;"Santurtzi";17,91;"Por 1.000 habitantes"
2015;"Sestao";20,05;"Por 1.000 habitantes"
2015;"Sopela";6,96;"Por 1.000 habitantes"
2015;"Sopuerta";10,06;"Por 1.000 habitantes"
2015;"Soraluze-Placencia de las Armas";33,74;"Por 1.000 habitantes"
2015;"Sukarrieta";11,11;"Por 1.000 habitantes"
2015;"Tolosa";9,52;"Por 1.000 habitantes"
2015;"Trucios-Turtzioz";5,75;"Por 1.000 habitantes"
2015;"Ubide";10,99;"Por 1.000 habitantes"
2015;"Ugao-Miraballes";10,01;"Por 1.000 habitantes"
2015;"Urduliz";7,09;"Por 1.000 habitantes"
2015;"Urduña/Orduña";11,81;"Por 1.000 habitantes"
2015;"Urkabustaiz";14,01;"Por 1.000 habitantes"
2015;"Urnieta";8,27;"Por 1.000 habitantes"
2015;"Urretxu";10,72;"Por 1.000 habitantes"
2015;"Usansolo";8,95;"Por 1.000 habitantes"
2015;"Usurbil";8,19;"Por 1.000 habitantes"
2015;"Valdegovía/Gaubea";4,7;"Por 1.000 habitantes"
2015;"Valle de Trápaga-Trapagaran";14,87;"Por 1.000 habitantes"
2015;"Villabona";15,82;"Por 1.000 habitantes"
2015;"Villabuena de Álava/Eskuernaga";3,31;"Por 1.000 habitantes"
2015;"Vitoria-Gasteiz";15,28;"Por 1.000 habitantes"
2015;"Yécora/Iekora";11,11;"Por 1.000 habitantes"
2015;"Zaldibar";6,56;"Por 1.000 habitantes"
2015;"Zaldibia";7,64;"Por 1.000 habitantes"
2015;"Zalduondo";4,95;"Por 1.000 habitantes"
2015;"Zalla";22,04;"Por 1.000 habitantes"
2015;"Zambrana";2,4;"Por 1.000 habitantes"
2015;"Zamudio";14,47;"Por 1.000 habitantes"
2015;"Zaratamo";11,77;"Por 1.000 habitantes"
2015;"Zarautz";2,18;"Por 1.000 habitantes"
2015;"Zeanuri";4,01;"Por 1.000 habitantes"
2015;"Zeberio";7,51;"Por 1.000 habitantes"
2015;"Zegama";2,63;"Por 1.000 habitantes"
2015;"Zestoa";12,88;"Por 1.000 habitantes"
2015;"Zierbena";10,69;"Por 1.000 habitantes"
2015;"Zigoitia";1,69;"Por 1.000 habitantes"
2015;"Ziortza-Bolibar";4,32;"Por 1.000 habitantes"
2015;"Zizurkil";17,69;"Por 1.000 habitantes"
2015;"Zuia";2,5;"Por 1.000 habitantes"
2015;"Zumaia";8,43;"Por 1.000 habitantes"
2015;"Zumarraga";0,41;"Por 1.000 habitantes"
2010;"Araba/Álava";6,5;"Por 1.000 habitantes"
2010;"C.A. de Euskadi";10,06;"Por 1.000 habitantes"
2010;"Bizkaia";12,17;"Por 1.000 habitantes"
2010;"Gipuzkoa";8,22;"Por 1.000 habitantes"
2010;"Arabako Lautada / Llanada Alavesa";6,68;"Por 1.000 habitantes"
2010;"Arabako Mendialdea / Montaña Alavesa";3,44;"Por 1.000 habitantes"
2010;"Arratia-Nerbioi / Arratia-Nervión";6,12;"Por 1.000 habitantes"
2010;"Bidasoa Beherea / Bajo Bidasoa";1;"Por 1.000 habitantes"
2010;"Bilbo Handia / Gran Bilbao";13,89;"Por 1.000 habitantes"
2010;"Debabarrena / Bajo Deba";7,47;"Por 1.000 habitantes"
2010;"Debagoiena / Alto Deba";9,06;"Por 1.000 habitantes"
2010;"Donostialdea";10,52;"Por 1.000 habitantes"
2010;"Añana (Comarca)";2,19;"Por 1.000 habitantes"
2010;"Durangaldea / Duranguesado";5,66;"Por 1.000 habitantes"
2010;"Enkartazioak / Encartaciones";11,33;"Por 1.000 habitantes"
2010;"Arabako Errioxa / Rioja Alavesa";5,94;"Por 1.000 habitantes"
2010;"Gernika-Bermeo";8,4;"Por 1.000 habitantes"
2010;"Goierri";7,76;"Por 1.000 habitantes"
2010;"Gorbeialdea / Estribaciones del Gorbea";5,55;"Por 1.000 habitantes"
2010;"Kantauri Arabarra / Cantábrica Alavesa";6,61;"Por 1.000 habitantes"
2010;"Markina-Ondarroa";6,48;"Por 1.000 habitantes"
2010;"Plentzia-Mungia";5,07;"Por 1.000 habitantes"
2010;"Tolosaldea / Tolosa";7,51;"Por 1.000 habitantes"
2010;"Urola-Kostaldea / Urola Costa";6,35;"Por 1.000 habitantes"
2010;"Abadiño";5,84;"Por 1.000 habitantes"
2010;"Abaltzisketa";3,18;"Por 1.000 habitantes"
2010;"Abanto y Ciérvana-Abanto Zierbena";13,26;"Por 1.000 habitantes"
2010;"Aia";6,05;"Por 1.000 habitantes"
2010;"Aizarnazabal";2,87;"Por 1.000 habitantes"
2010;"Albiztur";3,45;"Por 1.000 habitantes"
2010;"Alegia";13,09;"Por 1.000 habitantes"
2010;"Alegría-Dulantzi";8,37;"Por 1.000 habitantes"
2010;"Alkiza";2,93;"Por 1.000 habitantes"
2010;"Alonsotegi";14,12;"Por 1.000 habitantes"
2010;"Altzaga";6,37;"Por 1.000 habitantes"
2010;"Altzo";5,75;"Por 1.000 habitantes"
2010;"Amezketa";5,18;"Por 1.000 habitantes"
2010;"Amoroto";2,47;"Por 1.000 habitantes"
2010;"Amurrio";8,23;"Por 1.000 habitantes"
2010;"Andoain";5,88;"Por 1.000 habitantes"
2010;"Anoeta";8,72;"Por 1.000 habitantes"
2010;"Antzuola";8,23;"Por 1.000 habitantes"
2010;"Aramaio";6,57;"Por 1.000 habitantes"
2010;"Arantzazu";2,97;"Por 1.000 habitantes"
2010;"Areatza";6,94;"Por 1.000 habitantes"
2010;"Aretxabaleta";8,66;"Por 1.000 habitantes"
2010;"Arraia-Maeztu";5,58;"Por 1.000 habitantes"
2010;"Arrankudiaga-Zollo";4,27;"Por 1.000 habitantes"
2010;"Arrasate/Mondragón";11,65;"Por 1.000 habitantes"
2010;"Arratzu";7,89;"Por 1.000 habitantes"
2010;"Arratzua-Ubarrundia";8,42;"Por 1.000 habitantes"
2010;"Arrigorriaga";12,25;"Por 1.000 habitantes"
2010;"Artea";3,95;"Por 1.000 habitantes"
2010;"Artzentales";4,16;"Por 1.000 habitantes"
2010;"Artziniega";11,94;"Por 1.000 habitantes"
2010;"Asparrena";18,34;"Por 1.000 habitantes"
2010;"Asteasu";10,24;"Por 1.000 habitantes"
2010;"Astigarraga";4,63;"Por 1.000 habitantes"
2010;"Atxondo";4,19;"Por 1.000 habitantes"
2010;"Aulesti";4,42;"Por 1.000 habitantes"
2010;"Ayala/Aiara";3,57;"Por 1.000 habitantes"
2010;"Azkoitia";6,24;"Por 1.000 habitantes"
2010;"Azpeitia";9,86;"Por 1.000 habitantes"
2010;"Bakio";3,98;"Por 1.000 habitantes"
2010;"Baliarrain";8,33;"Por 1.000 habitantes"
2010;"Balmaseda";9,25;"Por 1.000 habitantes"
2010;"Barakaldo";10,76;"Por 1.000 habitantes"
2010;"Barrika";3,99;"Por 1.000 habitantes"
2010;"Barrundia";3,22;"Por 1.000 habitantes"
2010;"Basauri";4,13;"Por 1.000 habitantes"
2010;"Beasain";9,48;"Por 1.000 habitantes"
2010;"Bedia";4,13;"Por 1.000 habitantes"
2010;"Beizama";13,51;"Por 1.000 habitantes"
2010;"Belauntza";6,67;"Por 1.000 habitantes"
2010;"Berango";4,25;"Por 1.000 habitantes"
2010;"Berastegi";1,93;"Por 1.000 habitantes"
2010;"Bergara";8,48;"Por 1.000 habitantes"
2010;"Bermeo";12,15;"Por 1.000 habitantes"
2010;"Bernedo";1,72;"Por 1.000 habitantes"
2010;"Berriatua";3,9;"Por 1.000 habitantes"
2010;"Berriz";5,3;"Por 1.000 habitantes"
2010;"Berrobi";8,65;"Por 1.000 habitantes"
2010;"Bidania-Goiatz";7,62;"Por 1.000 habitantes"
2010;"Bilbao";19,08;"Por 1.000 habitantes"
2010;"Busturia";7,39;"Por 1.000 habitantes"
2010;"Campezo/Kanpezu";3,57;"Por 1.000 habitantes"
2010;"Derio";4,66;"Por 1.000 habitantes"
2010;"Dima";3,01;"Por 1.000 habitantes"
2010;"Donostia / San Sebastián";14,11;"Por 1.000 habitantes"
2010;"Durango";4,68;"Por 1.000 habitantes"
2010;"Ea";3,37;"Por 1.000 habitantes"
2010;"Eibar";7,87;"Por 1.000 habitantes"
2010;"Elantxobe";9,2;"Por 1.000 habitantes"
2010;"Elburgo/Burgelu";1,62;"Por 1.000 habitantes"
2010;"Elciego";3,72;"Por 1.000 habitantes"
2010;"Elduain";12,77;"Por 1.000 habitantes"
2010;"Elgeta";8,4;"Por 1.000 habitantes"
2010;"Elgoibar";6,76;"Por 1.000 habitantes"
2010;"Elorrio";7,58;"Por 1.000 habitantes"
2010;"Erandio";22,98;"Por 1.000 habitantes"
2010;"Ermua";13,69;"Por 1.000 habitantes"
2010;"Errezil";1,63;"Por 1.000 habitantes"
2010;"Erriberagoitia/Ribera Alta";2,38;"Por 1.000 habitantes"
2010;"Errigoiti";1,86;"Por 1.000 habitantes"
2010;"Eskoriatza";9,37;"Por 1.000 habitantes"
2010;"Etxebarri";17,91;"Por 1.000 habitantes"
2010;"Etxebarria";4,02;"Por 1.000 habitantes"
2010;"Ezkio-Itsaso";1,69;"Por 1.000 habitantes"
2010;"Forua";2,03;"Por 1.000 habitantes"
2010;"Gabiria";2,01;"Por 1.000 habitantes"
2010;"Galdakao";0,72;"Por 1.000 habitantes"
2010;"Galdames";9,39;"Por 1.000 habitantes"
2010;"Gamiz-Fika";6,02;"Por 1.000 habitantes"
2010;"Garai";3,04;"Por 1.000 habitantes"
2010;"Gatika";1,92;"Por 1.000 habitantes"
2010;"Gautegiz Arteaga";1,13;"Por 1.000 habitantes"
2010;"Gernika-Lumo";7,23;"Por 1.000 habitantes"
2010;"Getaria";5,67;"Por 1.000 habitantes"
2010;"Getxo";5,72;"Por 1.000 habitantes"
2010;"Gizaburuaga";4,98;"Por 1.000 habitantes"
2010;"Gordexola";10,84;"Por 1.000 habitantes"
2010;"Gorliz";5,84;"Por 1.000 habitantes"
2010;"Güeñes";14,13;"Por 1.000 habitantes"
2010;"Harana/Valle de Arana";3,36;"Por 1.000 habitantes"
2010;"Hernani";4,9;"Por 1.000 habitantes"
2010;"Hernialde";2,9;"Por 1.000 habitantes"
2010;"Hondarribia";4,65;"Por 1.000 habitantes"
2010;"Ibarra";3,75;"Por 1.000 habitantes"
2010;"Ibarrangelu";7,99;"Por 1.000 habitantes"
2010;"Igorre";6,92;"Por 1.000 habitantes"
2010;"Ikaztegieta";6,49;"Por 1.000 habitantes"
2010;"Irura";8,26;"Por 1.000 habitantes"
2010;"Iruraiz-Gauna";1,8;"Por 1.000 habitantes"
2010;"Iruña Oka/Iruña de Oca";6,23;"Por 1.000 habitantes"
2010;"Ispaster";10,42;"Por 1.000 habitantes"
2010;"Itsasondo";4,55;"Por 1.000 habitantes"
2010;"Iurreta";5;"Por 1.000 habitantes"
2010;"Karrantza Harana/Valle de Carranza";7,19;"Por 1.000 habitantes"
2010;"Kortezubi";7,13;"Por 1.000 habitantes"
2010;"Labastida/Bastida";8,07;"Por 1.000 habitantes"
2010;"Laguardia";4,44;"Por 1.000 habitantes"
2010;"Lanciego/Lantziego";1,42;"Por 1.000 habitantes"
2010;"Lanestosa";3,6;"Por 1.000 habitantes"
2010;"Lantarón";4,18;"Por 1.000 habitantes"
2010;"Lapuebla de Labarca";4,58;"Por 1.000 habitantes"
2010;"Larrabetzu";3,62;"Por 1.000 habitantes"
2010;"Larraul";4;"Por 1.000 habitantes"
2010;"Lasarte-Oria";7,25;"Por 1.000 habitantes"
2010;"Laudio/Llodio";5,73;"Por 1.000 habitantes"
2010;"Laukiz";0,88;"Por 1.000 habitantes"
2010;"Lazkao";5,5;"Por 1.000 habitantes"
2010;"Leaburu";15,62;"Por 1.000 habitantes"
2010;"Legazpi";5,67;"Por 1.000 habitantes"
2010;"Legorreta";9,28;"Por 1.000 habitantes"
2010;"Legutio";8,48;"Por 1.000 habitantes"
2010;"Leintz-Gatzaga";3,79;"Por 1.000 habitantes"
2010;"Leioa";7,46;"Por 1.000 habitantes"
2010;"Lekeitio";7,03;"Por 1.000 habitantes"
2010;"Lemoa";7,87;"Por 1.000 habitantes"
2010;"Lemoiz";5,75;"Por 1.000 habitantes"
2010;"Leza";4,37;"Por 1.000 habitantes"
2010;"Lezama";7,25;"Por 1.000 habitantes"
2010;"Lezo";9,79;"Por 1.000 habitantes"
2010;"Lizartza";3,08;"Por 1.000 habitantes"
2010;"Loiu";2,47;"Por 1.000 habitantes"
2010;"Markina-Xemein";5,3;"Por 1.000 habitantes"
2010;"Maruri-Jatabe";1,11;"Por 1.000 habitantes"
2010;"Mendaro";7,83;"Por 1.000 habitantes"
2010;"Mendata";5,13;"Por 1.000 habitantes"
2010;"Mendexa";17,9;"Por 1.000 habitantes"
2010;"Moreda de Álava/Moreda Araba";3,51;"Por 1.000 habitantes"
2010;"Morga";4,83;"Por 1.000 habitantes"
2010;"Mundaka";7,82;"Por 1.000 habitantes"
2010;"Mungia";7,22;"Por 1.000 habitantes"
2010;"Munitibar-Arbatzegi Gerrikaitz";7,11;"Por 1.000 habitantes"
2010;"Murueta";3,4;"Por 1.000 habitantes"
2010;"Muskiz";16;"Por 1.000 habitantes"
2010;"Mutriku";5,01;"Por 1.000 habitantes"
2010;"Muxika";3,42;"Por 1.000 habitantes"
2010;"Nabarniz";4,26;"Por 1.000 habitantes"
2010;"Oiartzun";9,42;"Por 1.000 habitantes"
2010;"Okondo";5,3;"Por 1.000 habitantes"
2010;"Olaberria";2,14;"Por 1.000 habitantes"
2010;"Ondarroa";7,04;"Por 1.000 habitantes"
2010;"Ordizia";11,43;"Por 1.000 habitantes"
2010;"Orexa";8,62;"Por 1.000 habitantes"
2010;"Orio";3,84;"Por 1.000 habitantes"
2010;"Orozko";6,47;"Por 1.000 habitantes"
2010;"Ortuella";17,62;"Por 1.000 habitantes"
2010;"Otxandio";0,79;"Por 1.000 habitantes"
2010;"Oyón-Oion";11,07;"Por 1.000 habitantes"
2010;"Oñati";5,13;"Por 1.000 habitantes"
2010;"Pasaia";15,47;"Por 1.000 habitantes"
2010;"Peñacerrada-Urizaharra";3,32;"Por 1.000 habitantes"
2010;"Plentzia";2,5;"Por 1.000 habitantes"
2010;"Portugalete";8,43;"Por 1.000 habitantes"
2010;"Ribera Baja/Erriberabeitia";0,72;"Por 1.000 habitantes"
2010;"Agurain/Salvatierra";17,14;"Por 1.000 habitantes"
2010;"Samaniego";3,05;"Por 1.000 habitantes"
2010;"San Millán/Donemiliaga";6,79;"Por 1.000 habitantes"
2010;"Santurtzi";19,47;"Por 1.000 habitantes"
2010;"Segura";2,72;"Por 1.000 habitantes"
2010;"Sestao";18,74;"Por 1.000 habitantes"
2010;"Sondika";8,48;"Por 1.000 habitantes"
2010;"Sopela";5,3;"Por 1.000 habitantes"
2010;"Sopuerta";8,59;"Por 1.000 habitantes"
2010;"Soraluze-Placencia de las Armas";19,79;"Por 1.000 habitantes"
2010;"Sukarrieta";2,95;"Por 1.000 habitantes"
2010;"Tolosa";8,05;"Por 1.000 habitantes"
2010;"Trucios-Turtzioz";1,82;"Por 1.000 habitantes"
2010;"Ubide";11,17;"Por 1.000 habitantes"
2010;"Ugao-Miraballes";5,95;"Por 1.000 habitantes"
2010;"Urduliz";3,14;"Por 1.000 habitantes"
2010;"Urduña/Orduña";10,2;"Por 1.000 habitantes"
2010;"Urkabustaiz";6,85;"Por 1.000 habitantes"
2010;"Urnieta";7,23;"Por 1.000 habitantes"
2010;"Urretxu";10,74;"Por 1.000 habitantes"
2010;"Usansolo";0,72;"Por 1.000 habitantes"
2010;"Usurbil";6,64;"Por 1.000 habitantes"
2010;"Valdegovía/Gaubea";4,4;"Por 1.000 habitantes"
2010;"Valle de Trápaga-Trapagaran";9;"Por 1.000 habitantes"
2010;"Villabona";8,54;"Por 1.000 habitantes"
2010;"Vitoria-Gasteiz";6,4;"Por 1.000 habitantes"
2010;"Yécora/Iekora";3,39;"Por 1.000 habitantes"
2010;"Zaldibar";4,31;"Por 1.000 habitantes"
2010;"Zaldibia";3,99;"Por 1.000 habitantes"
2010;"Zalduondo";4,93;"Por 1.000 habitantes"
2010;"Zalla";15,13;"Por 1.000 habitantes"
2010;"Zambrana";2,52;"Por 1.000 habitantes"
2010;"Zamudio";11,91;"Por 1.000 habitantes"
2010;"Zaratamo";4,12;"Por 1.000 habitantes"
2010;"Zarautz";4,04;"Por 1.000 habitantes"
2010;"Zeanuri";1,53;"Por 1.000 habitantes"
2010;"Zeberio";5,72;"Por 1.000 habitantes"
2010;"Zestoa";6,43;"Por 1.000 habitantes"
2010;"Zierbena";9,94;"Por 1.000 habitantes"
2010;"Zigoitia";2,32;"Por 1.000 habitantes"
2010;"Zizurkil";7,62;"Por 1.000 habitantes"
2010;"Zuia";4,52;"Por 1.000 habitantes"
2010;"Zumaia";8,8;"Por 1.000 habitantes"
2010;"Zumarraga";11,54;"Por 1.000 habitantes"
2013;"Araba/Álava";10,26;"Por 1.000 habitantes"
2013;"C.A. de Euskadi";9,77;"Por 1.000 habitantes"
2013;"Bizkaia";10,08;"Por 1.000 habitantes"
2013;"Gipuzkoa";9,06;"Por 1.000 habitantes"
2013;"Arabako Lautada / Llanada Alavesa";12,34;"Por 1.000 habitantes"
2013;"Arabako Mendialdea / Montaña Alavesa";3,21;"Por 1.000 habitantes"
2013;"Arratia-Nerbioi / Arratia-Nervión";6,73;"Por 1.000 habitantes"
2013;"Bidasoa Beherea / Bajo Bidasoa";6,48;"Por 1.000 habitantes"
2013;"Bilbo Handia / Gran Bilbao";11,07;"Por 1.000 habitantes"
2013;"Debabarrena / Bajo Deba";10,51;"Por 1.000 habitantes"
2013;"Debagoiena / Alto Deba";7,57;"Por 1.000 habitantes"
2013;"Donostialdea";11,01;"Por 1.000 habitantes"
2013;"Añana (Comarca)";2,16;"Por 1.000 habitantes"
2013;"Durangaldea / Duranguesado";4,59;"Por 1.000 habitantes"
2013;"Enkartazioak / Encartaciones";14,19;"Por 1.000 habitantes"
2013;"Arabako Errioxa / Rioja Alavesa";5,1;"Por 1.000 habitantes"
2013;"Gernika-Bermeo";8;"Por 1.000 habitantes"
2013;"Goierri";7,64;"Por 1.000 habitantes"
2013;"Gorbeialdea / Estribaciones del Gorbea";3,07;"Por 1.000 habitantes"
2013;"Kantauri Arabarra / Cantábrica Alavesa";0,52;"Por 1.000 habitantes"
2013;"Markina-Ondarroa";7,26;"Por 1.000 habitantes"
2013;"Plentzia-Mungia";6,33;"Por 1.000 habitantes"
2013;"Tolosaldea / Tolosa";7,81;"Por 1.000 habitantes"
2013;"Urola-Kostaldea / Urola Costa";5,52;"Por 1.000 habitantes"
2013;"Abadiño";4,26;"Por 1.000 habitantes"
2013;"Abaltzisketa";3,12;"Por 1.000 habitantes"
2013;"Abanto y Ciérvana-Abanto Zierbena";13,05;"Por 1.000 habitantes"
2013;"Aduna";4,35;"Por 1.000 habitantes"
2013;"Aia";4,98;"Por 1.000 habitantes"
2013;"Aizarnazabal";5,32;"Por 1.000 habitantes"
2013;"Albiztur";3,29;"Por 1.000 habitantes"
2013;"Alegría-Dulantzi";8,6;"Por 1.000 habitantes"
2013;"Alkiza";8,24;"Por 1.000 habitantes"
2013;"Alonsotegi";26,29;"Por 1.000 habitantes"
2013;"Altzaga";6,02;"Por 1.000 habitantes"
2013;"Amezketa";10,5;"Por 1.000 habitantes"
2013;"Andoain";6,79;"Por 1.000 habitantes"
2013;"Anoeta";14,34;"Por 1.000 habitantes"
2013;"Antzuola";8,05;"Por 1.000 habitantes"
2013;"Arama";4,55;"Por 1.000 habitantes"
2013;"Aramaio";2,6;"Por 1.000 habitantes"
2013;"Arantzazu";7,92;"Por 1.000 habitantes"
2013;"Areatza";10,66;"Por 1.000 habitantes"
2013;"Aretxabaleta";3,02;"Por 1.000 habitantes"
2013;"Arraia-Maeztu";1,39;"Por 1.000 habitantes"
2013;"Arrankudiaga-Zollo";3,05;"Por 1.000 habitantes"
2013;"Arrasate/Mondragón";12,14;"Por 1.000 habitantes"
2013;"Arratzu";7,58;"Por 1.000 habitantes"
2013;"Arratzua-Ubarrundia";0,97;"Por 1.000 habitantes"
2013;"Arrieta";3,61;"Por 1.000 habitantes"
2013;"Arrigorriaga";19,6;"Por 1.000 habitantes"
2013;"Artzentales";4,18;"Por 1.000 habitantes"
2013;"Artziniega";4,88;"Por 1.000 habitantes"
2013;"Asparrena";10,77;"Por 1.000 habitantes"
2013;"Asteasu";9,29;"Por 1.000 habitantes"
2013;"Astigarraga";5,32;"Por 1.000 habitantes"
2013;"Ataun";4,74;"Por 1.000 habitantes"
2013;"Atxondo";5,75;"Por 1.000 habitantes"
2013;"Aulesti";1,53;"Por 1.000 habitantes"
2013;"Ayala/Aiara";1,39;"Por 1.000 habitantes"
2013;"Azkoitia";5,62;"Por 1.000 habitantes"
2013;"Azpeitia";8,85;"Por 1.000 habitantes"
2013;"Añana";5,81;"Por 1.000 habitantes"
2013;"Bakio";4,95;"Por 1.000 habitantes"
2013;"Baliarrain";15,15;"Por 1.000 habitantes"
2013;"Balmaseda";14,28;"Por 1.000 habitantes"
2013;"Barakaldo";12,03;"Por 1.000 habitantes"
2013;"Barrika";6,45;"Por 1.000 habitantes"
2013;"Barrundia";2,1;"Por 1.000 habitantes"
2013;"Baños de Ebro/Mañueta";3,07;"Por 1.000 habitantes"
2013;"Beasain";7,55;"Por 1.000 habitantes"
2013;"Bedia";5,86;"Por 1.000 habitantes"
2013;"Belauntza";14,34;"Por 1.000 habitantes"
2013;"Berango";4,25;"Por 1.000 habitantes"
2013;"Berastegi";3,82;"Por 1.000 habitantes"
2013;"Bergara";3,74;"Por 1.000 habitantes"
2013;"Bermeo";10,45;"Por 1.000 habitantes"
2013;"Bernedo";1,75;"Por 1.000 habitantes"
2013;"Berriatua";9,58;"Por 1.000 habitantes"
2013;"Berriz";7,27;"Por 1.000 habitantes"
2013;"Berrobi";13,84;"Por 1.000 habitantes"
2013;"Bidania-Goiatz";7,71;"Por 1.000 habitantes"
2013;"Bilbao";12,37;"Por 1.000 habitantes"
2013;"Busturia";4,71;"Por 1.000 habitantes"
2013;"Campezo/Kanpezu";5,43;"Por 1.000 habitantes"
2013;"Derio";4;"Por 1.000 habitantes"
2013;"Dima";2,84;"Por 1.000 habitantes"
2013;"Donostia / San Sebastián";12,99;"Por 1.000 habitantes"
2013;"Durango";2,45;"Por 1.000 habitantes"
2013;"Ea";3,48;"Por 1.000 habitantes"
2013;"Eibar";12,24;"Por 1.000 habitantes"
2013;"Elantxobe";7,63;"Por 1.000 habitantes"
2013;"Elburgo/Burgelu";3,1;"Por 1.000 habitantes"
2013;"Elciego";1,86;"Por 1.000 habitantes"
2013;"Elduain";8,33;"Por 1.000 habitantes"
2013;"Elgeta";5,38;"Por 1.000 habitantes"
2013;"Elgoibar";9,39;"Por 1.000 habitantes"
2013;"Elorrio";0,41;"Por 1.000 habitantes"
2013;"Elvillar/Bilar";2,91;"Por 1.000 habitantes"
2013;"Erandio";15,41;"Por 1.000 habitantes"
2013;"Ermua";13,56;"Por 1.000 habitantes"
2013;"Errenteria";10,03;"Por 1.000 habitantes"
2013;"Errezil";8,21;"Por 1.000 habitantes"
2013;"Erriberagoitia/Ribera Alta";1,18;"Por 1.000 habitantes"
2013;"Errigoiti";1,95;"Por 1.000 habitantes"
2013;"Eskoriatza";6,81;"Por 1.000 habitantes"
2013;"Etxebarri";16,11;"Por 1.000 habitantes"
2013;"Etxebarria";4,1;"Por 1.000 habitantes"
2013;"Ezkio-Itsaso";1,63;"Por 1.000 habitantes"
2013;"Forua";6,26;"Por 1.000 habitantes"
2013;"Gabiria";1,95;"Por 1.000 habitantes"
2013;"Galdakao";7,6;"Por 1.000 habitantes"
2013;"Galdames";8,44;"Por 1.000 habitantes"
2013;"Gamiz-Fika";1,49;"Por 1.000 habitantes"
2013;"Garai";3,11;"Por 1.000 habitantes"
2013;"Gautegiz Arteaga";3,39;"Por 1.000 habitantes"
2013;"Gaztelu";5,65;"Por 1.000 habitantes"
2013;"Gernika-Lumo";8,27;"Por 1.000 habitantes"
2013;"Getaria";3,36;"Por 1.000 habitantes"
2013;"Getxo";6,86;"Por 1.000 habitantes"
2013;"Gordexola";12,2;"Por 1.000 habitantes"
2013;"Gorliz";5,5;"Por 1.000 habitantes"
2013;"Güeñes";15,71;"Por 1.000 habitantes"
2013;"Harana/Valle de Arana";3,73;"Por 1.000 habitantes"
2013;"Hernani";5,6;"Por 1.000 habitantes"
2013;"Hernialde";2,92;"Por 1.000 habitantes"
2013;"Hondarribia";5,66;"Por 1.000 habitantes"
2013;"Ibarrangelu";3,14;"Por 1.000 habitantes"
2013;"Idiazabal";4,29;"Por 1.000 habitantes"
2013;"Igorre";6,49;"Por 1.000 habitantes"
2013;"Irun";6,72;"Por 1.000 habitantes"
2013;"Irura";6,71;"Por 1.000 habitantes"
2013;"Iruraiz-Gauna";5,5;"Por 1.000 habitantes"
2013;"Iruña Oka/Iruña de Oca";8,15;"Por 1.000 habitantes"
2013;"Ispaster";6,95;"Por 1.000 habitantes"
2013;"Itsasondo";11,98;"Por 1.000 habitantes"
2013;"Iurreta";7,93;"Por 1.000 habitantes"
2013;"Karrantza Harana/Valle de Carranza";11,47;"Por 1.000 habitantes"
2013;"Kortezubi";2,23;"Por 1.000 habitantes"
2013;"Kuartango";2,91;"Por 1.000 habitantes"
2013;"Labastida/Bastida";6,62;"Por 1.000 habitantes"
2013;"Laguardia";3,75;"Por 1.000 habitantes"
2013;"Lanestosa";7,17;"Por 1.000 habitantes"
2013;"Lantarón";4,18;"Por 1.000 habitantes"
2013;"Lapuebla de Labarca";5,89;"Por 1.000 habitantes"
2013;"Larrabetzu";5,89;"Por 1.000 habitantes"
2013;"Larraul";3,83;"Por 1.000 habitantes"
2013;"Lasarte-Oria";5,21;"Por 1.000 habitantes"
2013;"Laukiz";0,87;"Por 1.000 habitantes"
2013;"Lazkao";7,46;"Por 1.000 habitantes"
2013;"Leaburu";21,92;"Por 1.000 habitantes"
2013;"Legazpi";5,25;"Por 1.000 habitantes"
2013;"Legorreta";12,48;"Por 1.000 habitantes"
2013;"Legutio";6,97;"Por 1.000 habitantes"
2013;"Leintz-Gatzaga";3,8;"Por 1.000 habitantes"
2013;"Leioa";7,26;"Por 1.000 habitantes"
2013;"Lekeitio";5,57;"Por 1.000 habitantes"
2013;"Lemoa";5,91;"Por 1.000 habitantes"
2013;"Lemoiz";5,97;"Por 1.000 habitantes"
2013;"Leza";13,89;"Por 1.000 habitantes"
2013;"Lezama";4,57;"Por 1.000 habitantes"
2013;"Lezo";7,7;"Por 1.000 habitantes"
2013;"Lizartza";7,45;"Por 1.000 habitantes"
2013;"Loiu";0,43;"Por 1.000 habitantes"
2013;"Mallabia";6,61;"Por 1.000 habitantes"
2013;"Markina-Xemein";10,36;"Por 1.000 habitantes"
2013;"Maruri-Jatabe";3,2;"Por 1.000 habitantes"
2013;"Mendaro";3,49;"Por 1.000 habitantes"
2013;"Mendata";2,62;"Por 1.000 habitantes"
2013;"Mendexa";2,17;"Por 1.000 habitantes"
2013;"Meñaka";1,37;"Por 1.000 habitantes"
2013;"Morga";7,08;"Por 1.000 habitantes"
2013;"Mundaka";5,28;"Por 1.000 habitantes"
2013;"Mungia";9,84;"Por 1.000 habitantes"
2013;"Muskiz";21,99;"Por 1.000 habitantes"
2013;"Mutiloa";4,08;"Por 1.000 habitantes"
2013;"Mutriku";7,81;"Por 1.000 habitantes"
2013;"Muxika";4,14;"Por 1.000 habitantes"
2013;"Nabarniz";4,26;"Por 1.000 habitantes"
2013;"Oiartzun";7,16;"Por 1.000 habitantes"
2013;"Okondo";4,36;"Por 1.000 habitantes"
2013;"Olaberria";3,16;"Por 1.000 habitantes"
2013;"Ondarroa";8,52;"Por 1.000 habitantes"
2013;"Ordizia";12,39;"Por 1.000 habitantes"
2013;"Orio";3,18;"Por 1.000 habitantes"
2013;"Ormaiztegi";4,63;"Por 1.000 habitantes"
2013;"Orozko";6,85;"Por 1.000 habitantes"
2013;"Ortuella";14,64;"Por 1.000 habitantes"
2013;"Otxandio";0,77;"Por 1.000 habitantes"
2013;"Oyón-Oion";8,3;"Por 1.000 habitantes"
2013;"Oñati";7,08;"Por 1.000 habitantes"
2013;"Pasaia";17,59;"Por 1.000 habitantes"
2013;"Peñacerrada-Urizaharra";3,52;"Por 1.000 habitantes"
2013;"Plentzia";6,55;"Por 1.000 habitantes"
2013;"Portugalete";8,65;"Por 1.000 habitantes"
2013;"Ribera Baja/Erriberabeitia";2,73;"Por 1.000 habitantes"
2013;"Agurain/Salvatierra";15,94;"Por 1.000 habitantes"
2013;"Samaniego";3,44;"Por 1.000 habitantes"
2013;"San Millán/Donemiliaga";2,66;"Por 1.000 habitantes"
2013;"Santurtzi";15,24;"Por 1.000 habitantes"
2013;"Segura";3,36;"Por 1.000 habitantes"
2013;"Sestao";16,58;"Por 1.000 habitantes"
2013;"Sondika";1,33;"Por 1.000 habitantes"
2013;"Sopela";5,7;"Por 1.000 habitantes"
2013;"Sopuerta";7,81;"Por 1.000 habitantes"
2013;"Soraluze-Placencia de las Armas";23,26;"Por 1.000 habitantes"
2013;"Sukarrieta";8,67;"Por 1.000 habitantes"
2013;"Tolosa";8,51;"Por 1.000 habitantes"
2013;"Trucios-Turtzioz";5,56;"Por 1.000 habitantes"
2013;"Ubide";5,49;"Por 1.000 habitantes"
2013;"Ugao-Miraballes";9,08;"Por 1.000 habitantes"
2013;"Urduliz";3,89;"Por 1.000 habitantes"
2013;"Urduña/Orduña";10,96;"Por 1.000 habitantes"
2013;"Urkabustaiz";4,55;"Por 1.000 habitantes"
2013;"Urnieta";5,55;"Por 1.000 habitantes"
2013;"Urretxu";7,09;"Por 1.000 habitantes"
2013;"Usansolo";7,6;"Por 1.000 habitantes"
2013;"Usurbil";6,63;"Por 1.000 habitantes"
2013;"Valdegovía/Gaubea";0,92;"Por 1.000 habitantes"
2013;"Valle de Trápaga-Trapagaran";10,95;"Por 1.000 habitantes"
2013;"Villabona";10,06;"Por 1.000 habitantes"
2013;"Vitoria-Gasteiz";12,55;"Por 1.000 habitantes"
2013;"Yécora/Iekora";7,38;"Por 1.000 habitantes"
2013;"Zaldibar";5,27;"Por 1.000 habitantes"
2013;"Zaldibia";7,79;"Por 1.000 habitantes"
2013;"Zalla";18,38;"Por 1.000 habitantes"
2013;"Zambrana";2,31;"Por 1.000 habitantes"
2013;"Zamudio";6,91;"Por 1.000 habitantes"
2013;"Zaratamo";12,68;"Por 1.000 habitantes"
2013;"Zarautz";4;"Por 1.000 habitantes"
2013;"Zeanuri";1,57;"Por 1.000 habitantes"
2013;"Zeberio";4,69;"Por 1.000 habitantes"
2013;"Zegama";3,91;"Por 1.000 habitantes"
2013;"Zerain";3,77;"Por 1.000 habitantes"
2013;"Zestoa";8,46;"Por 1.000 habitantes"
2013;"Zierbena";9,38;"Por 1.000 habitantes"
2013;"Zigoitia";1,69;"Por 1.000 habitantes"
2013;"Ziortza-Bolibar";6,48;"Por 1.000 habitantes"
2013;"Zizurkil";10,19;"Por 1.000 habitantes"
2013;"Zuia";0,81;"Por 1.000 habitantes"
2013;"Zumaia";4,79;"Por 1.000 habitantes"
2013;"Zumarraga";9,86;"Por 1.000 habitantes"
2009;"Araba/Álava";21,53;"Por 1.000 habitantes"
2009;"C.A. de Euskadi";15,11;"Por 1.000 habitantes"
2009;"Bizkaia";16,12;"Por 1.000 habitantes"
2009;"Gipuzkoa";10,56;"Por 1.000 habitantes"
2009;"Arabako Lautada / Llanada Alavesa";24,69;"Por 1.000 habitantes"
2009;"Arabako Mendialdea / Montaña Alavesa";3,12;"Por 1.000 habitantes"
2009;"Arratia-Nerbioi / Arratia-Nervión";11,73;"Por 1.000 habitantes"
2009;"Bidasoa Beherea / Bajo Bidasoa";1,67;"Por 1.000 habitantes"
2009;"Bilbo Handia / Gran Bilbao";17,41;"Por 1.000 habitantes"
2009;"Debabarrena / Bajo Deba";11,21;"Por 1.000 habitantes"
2009;"Debagoiena / Alto Deba";10,35;"Por 1.000 habitantes"
2009;"Donostialdea";14;"Por 1.000 habitantes"
2009;"Añana (Comarca)";4,82;"Por 1.000 habitantes"
2009;"Durangaldea / Duranguesado";9,85;"Por 1.000 habitantes"
2009;"Enkartazioak / Encartaciones";16,93;"Por 1.000 habitantes"
2009;"Arabako Errioxa / Rioja Alavesa";9,09;"Por 1.000 habitantes"
2009;"Gernika-Bermeo";16,43;"Por 1.000 habitantes"
2009;"Goierri";8,76;"Por 1.000 habitantes"
2009;"Gorbeialdea / Estribaciones del Gorbea";7,67;"Por 1.000 habitantes"
2009;"Kantauri Arabarra / Cantábrica Alavesa";10,45;"Por 1.000 habitantes"
2009;"Markina-Ondarroa";8,2;"Por 1.000 habitantes"
2009;"Plentzia-Mungia";11,47;"Por 1.000 habitantes"
2009;"Tolosaldea / Tolosa";10,54;"Por 1.000 habitantes"
2009;"Urola-Kostaldea / Urola Costa";5,99;"Por 1.000 habitantes"
2009;"Abadiño";8,86;"Por 1.000 habitantes"
2009;"Abanto y Ciérvana-Abanto Zierbena";19,02;"Por 1.000 habitantes"
2009;"Aduna";4,85;"Por 1.000 habitantes"
2009;"Aia";4,08;"Por 1.000 habitantes"
2009;"Aizarnazabal";7,51;"Por 1.000 habitantes"
2009;"Albiztur";3,38;"Por 1.000 habitantes"
2009;"Alegia";17,4;"Por 1.000 habitantes"
2009;"Alegría-Dulantzi";12,31;"Por 1.000 habitantes"
2009;"Alkiza";8,67;"Por 1.000 habitantes"
2009;"Alonsotegi";23,57;"Por 1.000 habitantes"
2009;"Altzaga";6,33;"Por 1.000 habitantes"
2009;"Altzo";13,44;"Por 1.000 habitantes"
2009;"Amezketa";4,09;"Por 1.000 habitantes"
2009;"Amoroto";2,47;"Por 1.000 habitantes"
2009;"Amurrio";13,85;"Por 1.000 habitantes"
2009;"Andoain";10,52;"Por 1.000 habitantes"
2009;"Anoeta";14,19;"Por 1.000 habitantes"
2009;"Antzuola";8,78;"Por 1.000 habitantes"
2009;"Aramaio";5,89;"Por 1.000 habitantes"
2009;"Arantzazu";12,78;"Por 1.000 habitantes"
2009;"Areatza";17,73;"Por 1.000 habitantes"
2009;"Aretxabaleta";6,29;"Por 1.000 habitantes"
2009;"Arraia-Maeztu";2,82;"Por 1.000 habitantes"
2009;"Arrankudiaga-Zollo";4,35;"Por 1.000 habitantes"
2009;"Arrasate/Mondragón";12,68;"Por 1.000 habitantes"
2009;"Arratzu";8,06;"Por 1.000 habitantes"
2009;"Arratzua-Ubarrundia";7,5;"Por 1.000 habitantes"
2009;"Arrieta";1,81;"Por 1.000 habitantes"
2009;"Arrigorriaga";20,86;"Por 1.000 habitantes"
2009;"Artea";2,69;"Por 1.000 habitantes"
2009;"Artzentales";7,05;"Por 1.000 habitantes"
2009;"Artziniega";21,87;"Por 1.000 habitantes"
2009;"Asparrena";25,84;"Por 1.000 habitantes"
2009;"Asteasu";11,66;"Por 1.000 habitantes"
2009;"Astigarraga";7,28;"Por 1.000 habitantes"
2009;"Atxondo";6,23;"Por 1.000 habitantes"
2009;"Aulesti";2,95;"Por 1.000 habitantes"
2009;"Ayala/Aiara";5,48;"Por 1.000 habitantes"
2009;"Azkoitia";11,69;"Por 1.000 habitantes"
2009;"Azpeitia";9,98;"Por 1.000 habitantes"
2009;"Bakio";11,71;"Por 1.000 habitantes"
2009;"Baliarrain";17,54;"Por 1.000 habitantes"
2009;"Balmaseda";15,08;"Por 1.000 habitantes"
2009;"Barrika";6,84;"Por 1.000 habitantes"
2009;"Barrundia";5,52;"Por 1.000 habitantes"
2009;"Basauri";12,52;"Por 1.000 habitantes"
2009;"Beasain";8,59;"Por 1.000 habitantes"
2009;"Bedia";8,28;"Por 1.000 habitantes"
2009;"Beizama";6,9;"Por 1.000 habitantes"
2009;"Belauntza";3,32;"Por 1.000 habitantes"
2009;"Berango";7,29;"Por 1.000 habitantes"
2009;"Berantevilla";2,09;"Por 1.000 habitantes"
2009;"Berastegi";2,93;"Por 1.000 habitantes"
2009;"Bergara";12,65;"Por 1.000 habitantes"
2009;"Bermeo";25,43;"Por 1.000 habitantes"
2009;"Bernedo";1,72;"Por 1.000 habitantes"
2009;"Berriatua";1,53;"Por 1.000 habitantes"
2009;"Berriz";7,33;"Por 1.000 habitantes"
2009;"Berrobi";10,27;"Por 1.000 habitantes"
2009;"Bidania-Goiatz";3,92;"Por 1.000 habitantes"
2009;"Bilbao";22,25;"Por 1.000 habitantes"
2009;"Busturia";12,64;"Por 1.000 habitantes"
2009;"Campezo/Kanpezu";4,47;"Por 1.000 habitantes"
2009;"Derio";9,08;"Por 1.000 habitantes"
2009;"Dima";5,39;"Por 1.000 habitantes"
2009;"Donostia / San Sebastián";18,65;"Por 1.000 habitantes"
2009;"Durango";12,91;"Por 1.000 habitantes"
2009;"Ea";7,82;"Por 1.000 habitantes"
2009;"Eibar";10,54;"Por 1.000 habitantes"
2009;"Elantxobe";9,07;"Por 1.000 habitantes"
2009;"Elburgo/Burgelu";3,52;"Por 1.000 habitantes"
2009;"Elciego";5,58;"Por 1.000 habitantes"
2009;"Elduain";8,51;"Por 1.000 habitantes"
2009;"Elgeta";10,47;"Por 1.000 habitantes"
2009;"Elgoibar";13,42;"Por 1.000 habitantes"
2009;"Elorrio";7,33;"Por 1.000 habitantes"
2009;"Erandio";40,82;"Por 1.000 habitantes"
2009;"Ermua";17,72;"Por 1.000 habitantes"
2009;"Errezil";4,84;"Por 1.000 habitantes"
2009;"Erriberagoitia/Ribera Alta";3,68;"Por 1.000 habitantes"
2009;"Errigoiti";1,93;"Por 1.000 habitantes"
2009;"Eskoriatza";8,65;"Por 1.000 habitantes"
2009;"Etxebarri";21,17;"Por 1.000 habitantes"
2009;"Etxebarria";6,6;"Por 1.000 habitantes"
2009;"Ezkio-Itsaso";1,72;"Por 1.000 habitantes"
2009;"Forua";4,99;"Por 1.000 habitantes"
2009;"Gabiria";2,1;"Por 1.000 habitantes"
2009;"Galdakao";1,3;"Por 1.000 habitantes"
2009;"Galdames";8,26;"Por 1.000 habitantes"
2009;"Gamiz-Fika";3,03;"Por 1.000 habitantes"
2009;"Garai";3,14;"Por 1.000 habitantes"
2009;"Gatika";4,52;"Por 1.000 habitantes"
2009;"Gautegiz Arteaga";4,52;"Por 1.000 habitantes"
2009;"Gernika-Lumo";13,97;"Por 1.000 habitantes"
2009;"Getaria";6,08;"Por 1.000 habitantes"
2009;"Getxo";13,33;"Por 1.000 habitantes"
2009;"Gizaburuaga";5,08;"Por 1.000 habitantes"
2009;"Gordexola";14,37;"Por 1.000 habitantes"
2009;"Gorliz";14,2;"Por 1.000 habitantes"
2009;"Güeñes";20,39;"Por 1.000 habitantes"
2009;"Harana/Valle de Arana";3,25;"Por 1.000 habitantes"
2009;"Hernani";6,43;"Por 1.000 habitantes"
2009;"Hernialde";5,9;"Por 1.000 habitantes"
2009;"Hondarribia";7,85;"Por 1.000 habitantes"
2009;"Ibarra";8,6;"Por 1.000 habitantes"
2009;"Ibarrangelu";4,89;"Por 1.000 habitantes"
2009;"Igorre";15,31;"Por 1.000 habitantes"
2009;"Ikaztegieta";13,07;"Por 1.000 habitantes"
2009;"Irura";5,25;"Por 1.000 habitantes"
2009;"Iruraiz-Gauna";3,74;"Por 1.000 habitantes"
2009;"Iruña Oka/Iruña de Oca";11,66;"Por 1.000 habitantes"
2009;"Ispaster";7,54;"Por 1.000 habitantes"
2009;"Itsasondo";9,29;"Por 1.000 habitantes"
2009;"Iurreta";13,45;"Por 1.000 habitantes"
2009;"Izurtza";7,49;"Por 1.000 habitantes"
2009;"Karrantza Harana/Valle de Carranza";11,5;"Por 1.000 habitantes"
2009;"Kortezubi";4,83;"Por 1.000 habitantes"
2009;"Labastida/Bastida";17,36;"Por 1.000 habitantes"
2009;"Laguardia";7,72;"Por 1.000 habitantes"
2009;"Lanciego/Lantziego";2,85;"Por 1.000 habitantes"
2009;"Lanestosa";20,76;"Por 1.000 habitantes"
2009;"Lantarón";11,21;"Por 1.000 habitantes"
2009;"Lapuebla de Labarca";5,71;"Por 1.000 habitantes"
2009;"Larrabetzu";3,16;"Por 1.000 habitantes"
2009;"Larraul";3,98;"Por 1.000 habitantes"
2009;"Lasarte-Oria";10,15;"Por 1.000 habitantes"
2009;"Laudio/Llodio";8,05;"Por 1.000 habitantes"
2009;"Laukiz";0,9;"Por 1.000 habitantes"
2009;"Lazkao";7,61;"Por 1.000 habitantes"
2009;"Leaburu";7,81;"Por 1.000 habitantes"
2009;"Legazpi";6,12;"Por 1.000 habitantes"
2009;"Legorreta";8,11;"Por 1.000 habitantes"
2009;"Legutio";18,48;"Por 1.000 habitantes"
2009;"Leintz-Gatzaga";3,85;"Por 1.000 habitantes"
2009;"Leioa";14,44;"Por 1.000 habitantes"
2009;"Lekeitio";7,94;"Por 1.000 habitantes"
2009;"Lemoa";11,26;"Por 1.000 habitantes"
2009;"Lemoiz";12,57;"Por 1.000 habitantes"
2009;"Leza";8,47;"Por 1.000 habitantes"
2009;"Lezama";5,7;"Por 1.000 habitantes"
2009;"Lezo";13,83;"Por 1.000 habitantes"
2009;"Lizartza";4,65;"Por 1.000 habitantes"
2009;"Loiu";4,72;"Por 1.000 habitantes"
2009;"Markina-Xemein";11,44;"Por 1.000 habitantes"
2009;"Maruri-Jatabe";5,62;"Por 1.000 habitantes"
2009;"Mañaria";3,96;"Por 1.000 habitantes"
2009;"Mendaro";15,28;"Por 1.000 habitantes"
2009;"Mendata";5,14;"Por 1.000 habitantes"
2009;"Mendexa";20,22;"Por 1.000 habitantes"
2009;"Meñaka";2,91;"Por 1.000 habitantes"
2009;"Moreda de Álava/Moreda Araba";6,87;"Por 1.000 habitantes"
2009;"Morga";2,43;"Por 1.000 habitantes"
2009;"Mundaka";15,13;"Por 1.000 habitantes"
2009;"Mungia";15,91;"Por 1.000 habitantes"
2009;"Munitibar-Arbatzegi Gerrikaitz";7,19;"Por 1.000 habitantes"
2009;"Murueta";10,14;"Por 1.000 habitantes"
2009;"Muskiz";17,69;"Por 1.000 habitantes"
2009;"Mutriku";7,68;"Por 1.000 habitantes"
2009;"Muxika";4,79;"Por 1.000 habitantes"
2009;"Nabarniz";4,31;"Por 1.000 habitantes"
2009;"Oiartzun";11,12;"Por 1.000 habitantes"
2009;"Okondo";12,77;"Por 1.000 habitantes"
2009;"Olaberria";4,24;"Por 1.000 habitantes"
2009;"Ondarroa";8,35;"Por 1.000 habitantes"
2009;"Ordizia";13,01;"Por 1.000 habitantes"
2009;"Orendain";10,87;"Por 1.000 habitantes"
2009;"Orio";4,53;"Por 1.000 habitantes"
2009;"Orozko";4,09;"Por 1.000 habitantes"
2009;"Ortuella";19,28;"Por 1.000 habitantes"
2009;"Otxandio";21,69;"Por 1.000 habitantes"
2009;"Oyón-Oion";15;"Por 1.000 habitantes"
2009;"Oñati";6,18;"Por 1.000 habitantes"
2009;"Pasaia";21,31;"Por 1.000 habitantes"
2009;"Peñacerrada-Urizaharra";3,34;"Por 1.000 habitantes"
2009;"Plentzia";10,3;"Por 1.000 habitantes"
2009;"Portugalete";12,81;"Por 1.000 habitantes"
2009;"Ribera Baja/Erriberabeitia";5,26;"Por 1.000 habitantes"
2009;"Agurain/Salvatierra";24,96;"Por 1.000 habitantes"
2009;"San Millán/Donemiliaga";1,39;"Por 1.000 habitantes"
2009;"Santurtzi";31,09;"Por 1.000 habitantes"
2009;"Sestao";27,62;"Por 1.000 habitantes"
2009;"Sondika";11,6;"Por 1.000 habitantes"
2009;"Sopela";11,26;"Por 1.000 habitantes"
2009;"Sopuerta";11,51;"Por 1.000 habitantes"
2009;"Soraluze-Placencia de las Armas";27,23;"Por 1.000 habitantes"
2009;"Sukarrieta";2,98;"Por 1.000 habitantes"
2009;"Tolosa";11,58;"Por 1.000 habitantes"
2009;"Trucios-Turtzioz";1,83;"Por 1.000 habitantes"
2009;"Ubide";11,98;"Por 1.000 habitantes"
2009;"Ugao-Miraballes";10,2;"Por 1.000 habitantes"
2009;"Urduliz";5,9;"Por 1.000 habitantes"
2009;"Urduña/Orduña";16,93;"Por 1.000 habitantes"
2009;"Urkabustaiz";7,2;"Por 1.000 habitantes"
2009;"Urnieta";9,39;"Por 1.000 habitantes"
2009;"Urretxu";15,19;"Por 1.000 habitantes"
2009;"Usansolo";1,3;"Por 1.000 habitantes"
2009;"Usurbil";1,85;"Por 1.000 habitantes"
2009;"Valdegovía/Gaubea";3,54;"Por 1.000 habitantes"
2009;"Valle de Trápaga-Trapagaran";12,37;"Por 1.000 habitantes"
2009;"Villabona";13,67;"Por 1.000 habitantes"
2009;"Vitoria-Gasteiz";25,31;"Por 1.000 habitantes"
2009;"Yécora/Iekora";3,28;"Por 1.000 habitantes"
2009;"Zaldibar";10,98;"Por 1.000 habitantes"
2009;"Zaldibia";5,98;"Por 1.000 habitantes"
2009;"Zalduondo";10,05;"Por 1.000 habitantes"
2009;"Zalla";22,54;"Por 1.000 habitantes"
2009;"Zambrana";5,26;"Por 1.000 habitantes"
2009;"Zamudio";17,86;"Por 1.000 habitantes"
2009;"Zaratamo";4,62;"Por 1.000 habitantes"
2009;"Zarautz";0,22;"Por 1.000 habitantes"
2009;"Zeanuri";6,85;"Por 1.000 habitantes"
2009;"Zeberio";9,52;"Por 1.000 habitantes"
2009;"Zestoa";5,75;"Por 1.000 habitantes"
2009;"Zierbena";13,09;"Por 1.000 habitantes"
2009;"Zigoitia";2,4;"Por 1.000 habitantes"
2009;"Zizurkil";10,54;"Por 1.000 habitantes"
2009;"Zuia";5,4;"Por 1.000 habitantes"
2009;"Zumaia";8,01;"Por 1.000 habitantes"
2009;"Zumarraga";12,85;"Por 1.000 habitantes"
2016;"Araba/Álava";13,28;"Por 1.000 habitantes"
2016;"C.A. de Euskadi";13,31;"Por 1.000 habitantes"
2016;"Bizkaia";14,65;"Por 1.000 habitantes"
2016;"Gipuzkoa";11,19;"Por 1.000 habitantes"
2016;"Arabako Lautada / Llanada Alavesa";15,01;"Por 1.000 habitantes"
2016;"Arabako Mendialdea / Montaña Alavesa";4,34;"Por 1.000 habitantes"
2016;"Arratia-Nerbioi / Arratia-Nervión";10;"Por 1.000 habitantes"
2016;"Bidasoa Beherea / Bajo Bidasoa";8,65;"Por 1.000 habitantes"
2016;"Bilbo Handia / Gran Bilbao";16,37;"Por 1.000 habitantes"
2016;"Debabarrena / Bajo Deba";12,94;"Por 1.000 habitantes"
2016;"Debagoiena / Alto Deba";7,55;"Por 1.000 habitantes"
2016;"Donostialdea";13,33;"Por 1.000 habitantes"
2016;"Añana (Comarca)";6,35;"Por 1.000 habitantes"
2016;"Durangaldea / Duranguesado";8,51;"Por 1.000 habitantes"
2016;"Enkartazioak / Encartaciones";18,91;"Por 1.000 habitantes"
2016;"Arabako Errioxa / Rioja Alavesa";7,31;"Por 1.000 habitantes"
2016;"Gernika-Bermeo";8,89;"Por 1.000 habitantes"
2016;"Goierri";10,31;"Por 1.000 habitantes"
2016;"Gorbeialdea / Estribaciones del Gorbea";4,91;"Por 1.000 habitantes"
2016;"Kantauri Arabarra / Cantábrica Alavesa";6,45;"Por 1.000 habitantes"
2016;"Markina-Ondarroa";7,09;"Por 1.000 habitantes"
2016;"Plentzia-Mungia";6,78;"Por 1.000 habitantes"
2016;"Tolosaldea / Tolosa";9,57;"Por 1.000 habitantes"
2016;"Urola-Kostaldea / Urola Costa";8,17;"Por 1.000 habitantes"
2016;"Abadiño";5,93;"Por 1.000 habitantes"
2016;"Abaltzisketa";12,62;"Por 1.000 habitantes"
2016;"Abanto y Ciérvana-Abanto Zierbena";15,87;"Por 1.000 habitantes"
2016;"Aduna";4,23;"Por 1.000 habitantes"
2016;"Aia";3,95;"Por 1.000 habitantes"
2016;"Aizarnazabal";14,44;"Por 1.000 habitantes"
2016;"Albiztur";6,51;"Por 1.000 habitantes"
2016;"Alegia";18,2;"Por 1.000 habitantes"
2016;"Alegría-Dulantzi";12,6;"Por 1.000 habitantes"
2016;"Alkiza";5,75;"Por 1.000 habitantes"
2016;"Alonsotegi";24,24;"Por 1.000 habitantes"
2016;"Altzaga";5,59;"Por 1.000 habitantes"
2016;"Altzo";8,43;"Por 1.000 habitantes"
2016;"Amezketa";11,94;"Por 1.000 habitantes"
2016;"Amorebieta-Etxano";10,54;"Por 1.000 habitantes"
2016;"Amurrio";6,2;"Por 1.000 habitantes"
2016;"Andoain";8,07;"Por 1.000 habitantes"
2016;"Anoeta";11,08;"Por 1.000 habitantes"
2016;"Antzuola";7,21;"Por 1.000 habitantes"
2016;"Aramaio";2,63;"Por 1.000 habitantes"
2016;"Arantzazu";10,64;"Por 1.000 habitantes"
2016;"Areatza";10,01;"Por 1.000 habitantes"
2016;"Aretxabaleta";8,17;"Por 1.000 habitantes"
2016;"Armiñón";4,46;"Por 1.000 habitantes"
2016;"Arraia-Maeztu";6,95;"Por 1.000 habitantes"
2016;"Arrankudiaga-Zollo";2,97;"Por 1.000 habitantes"
2016;"Arrasate/Mondragón";9,42;"Por 1.000 habitantes"
2016;"Arratzu";7,33;"Por 1.000 habitantes"
2016;"Arratzua-Ubarrundia";4,87;"Por 1.000 habitantes"
2016;"Arrieta";7,23;"Por 1.000 habitantes"
2016;"Arrigorriaga";18,48;"Por 1.000 habitantes"
2016;"Artea";2,75;"Por 1.000 habitantes"
2016;"Artzentales";13,81;"Por 1.000 habitantes"
2016;"Artziniega";7,99;"Por 1.000 habitantes"
2016;"Asparrena";15,96;"Por 1.000 habitantes"
2016;"Asteasu";9,32;"Por 1.000 habitantes"
2016;"Astigarraga";11,22;"Por 1.000 habitantes"
2016;"Ataun";5,85;"Por 1.000 habitantes"
2016;"Atxondo";6,43;"Por 1.000 habitantes"
2016;"Ayala/Aiara";2,08;"Por 1.000 habitantes"
2016;"Azkoitia";8,26;"Por 1.000 habitantes"
2016;"Azpeitia";13,97;"Por 1.000 habitantes"
2016;"Bakio";6,95;"Por 1.000 habitantes"
2016;"Baliarrain";20,13;"Por 1.000 habitantes"
2016;"Balmaseda";20,61;"Por 1.000 habitantes"
2016;"Barakaldo";33,14;"Por 1.000 habitantes"
2016;"Barrika";3,23;"Por 1.000 habitantes"
2016;"Barrundia";1,06;"Por 1.000 habitantes"
2016;"Basauri";12,96;"Por 1.000 habitantes"
2016;"Baños de Ebro/Mañueta";3,16;"Por 1.000 habitantes"
2016;"Beasain";8,48;"Por 1.000 habitantes"
2016;"Bedia";7,8;"Por 1.000 habitantes"
2016;"Belauntza";3,92;"Por 1.000 habitantes"
2016;"Berango";4,92;"Por 1.000 habitantes"
2016;"Berantevilla";2,1;"Por 1.000 habitantes"
2016;"Berastegi";3,76;"Por 1.000 habitantes"
2016;"Bergara";5,08;"Por 1.000 habitantes"
2016;"Bermeo";11,47;"Por 1.000 habitantes"
2016;"Bernedo";7,62;"Por 1.000 habitantes"
2016;"Berriatua";13,04;"Por 1.000 habitantes"
2016;"Berriz";12,88;"Por 1.000 habitantes"
2016;"Berrobi";16,45;"Por 1.000 habitantes"
2016;"Bidania-Goiatz";5,68;"Por 1.000 habitantes"
2016;"Bilbao";15,75;"Por 1.000 habitantes"
2016;"Busturia";8,45;"Por 1.000 habitantes"
2016;"Campezo/Kanpezu";1,9;"Por 1.000 habitantes"
2016;"Deba";7,91;"Por 1.000 habitantes"
2016;"Derio";8,26;"Por 1.000 habitantes"
2016;"Dima";5,5;"Por 1.000 habitantes"
2016;"Donostia / San Sebastián";15,04;"Por 1.000 habitantes"
2016;"Durango";6,35;"Por 1.000 habitantes"
2016;"Ea";3,54;"Por 1.000 habitantes"
2016;"Eibar";14,04;"Por 1.000 habitantes"
2016;"Elantxobe";10,84;"Por 1.000 habitantes"
2016;"Elburgo/Burgelu";3,13;"Por 1.000 habitantes"
2016;"Elciego";2,88;"Por 1.000 habitantes"
2016;"Elduain";12,35;"Por 1.000 habitantes"
2016;"Elgeta";7,14;"Por 1.000 habitantes"
2016;"Elgoibar";10,79;"Por 1.000 habitantes"
2016;"Elorrio";7,2;"Por 1.000 habitantes"
2016;"Elvillar/Bilar";8,38;"Por 1.000 habitantes"
2016;"Erandio";21,1;"Por 1.000 habitantes"
2016;"Ermua";11,41;"Por 1.000 habitantes"
2016;"Errenteria";12,76;"Por 1.000 habitantes"
2016;"Errezil";11,33;"Por 1.000 habitantes"
2016;"Erriberagoitia/Ribera Alta";2,43;"Por 1.000 habitantes"
2016;"Errigoiti";4,03;"Por 1.000 habitantes"
2016;"Eskoriatza";7,07;"Por 1.000 habitantes"
2016;"Etxebarri";15,21;"Por 1.000 habitantes"
2016;"Etxebarria";5,59;"Por 1.000 habitantes"
2016;"Ezkio-Itsaso";4,79;"Por 1.000 habitantes"
2016;"Forua";10,76;"Por 1.000 habitantes"
2016;"Fruiz";5,46;"Por 1.000 habitantes"
2016;"Gabiria";1,96;"Por 1.000 habitantes"
2016;"Galdakao";9,42;"Por 1.000 habitantes"
2016;"Galdames";10,94;"Por 1.000 habitantes"
2016;"Gamiz-Fika";2,19;"Por 1.000 habitantes"
2016;"Gatika";6;"Por 1.000 habitantes"
2016;"Gautegiz Arteaga";3,55;"Por 1.000 habitantes"
2016;"Gaztelu";5,95;"Por 1.000 habitantes"
2016;"Gernika-Lumo";8,55;"Por 1.000 habitantes"
2016;"Getaria";3,93;"Por 1.000 habitantes"
2016;"Getxo";7,3;"Por 1.000 habitantes"
2016;"Gordexola";12,3;"Por 1.000 habitantes"
2016;"Gorliz";7,92;"Por 1.000 habitantes"
2016;"Güeñes";20,08;"Por 1.000 habitantes"
2016;"Hernani";9,65;"Por 1.000 habitantes"
2016;"Hondarribia";5,08;"Por 1.000 habitantes"
2016;"Ibarrangelu";6,25;"Por 1.000 habitantes"
2016;"Idiazabal";7,22;"Por 1.000 habitantes"
2016;"Igorre";11,9;"Por 1.000 habitantes"
2016;"Ikaztegieta";14,34;"Por 1.000 habitantes"
2016;"Irun";9,67;"Por 1.000 habitantes"
2016;"Irura";7,9;"Por 1.000 habitantes"
2016;"Iruña Oka/Iruña de Oca";9,53;"Por 1.000 habitantes"
2016;"Ispaster";8,33;"Por 1.000 habitantes"
2016;"Itsasondo";13,33;"Por 1.000 habitantes"
2016;"Iurreta";6,53;"Por 1.000 habitantes"
2016;"Karrantza Harana/Valle de Carranza";16,38;"Por 1.000 habitantes"
2016;"Kortezubi";4,59;"Por 1.000 habitantes"
2016;"Labastida/Bastida";8,06;"Por 1.000 habitantes"
2016;"Laguardia";6,45;"Por 1.000 habitantes"
2016;"Lanciego/Lantziego";5,7;"Por 1.000 habitantes"
2016;"Lanestosa";14,29;"Por 1.000 habitantes"
2016;"Lantarón";8,66;"Por 1.000 habitantes"
2016;"Lapuebla de Labarca";5,75;"Por 1.000 habitantes"
2016;"Larrabetzu";7,33;"Por 1.000 habitantes"
2016;"Lasarte-Oria";7,02;"Por 1.000 habitantes"
2016;"Laudio/Llodio";7,25;"Por 1.000 habitantes"
2016;"Laukiz";0,86;"Por 1.000 habitantes"
2016;"Lazkao";10,86;"Por 1.000 habitantes"
2016;"Leaburu";16,67;"Por 1.000 habitantes"
2016;"Legazpi";5,92;"Por 1.000 habitantes"
2016;"Legorreta";12,71;"Por 1.000 habitantes"
2016;"Legutio";9,87;"Por 1.000 habitantes"
2016;"Leintz-Gatzaga";16,33;"Por 1.000 habitantes"
2016;"Leioa";11,28;"Por 1.000 habitantes"
2016;"Lekeitio";5,84;"Por 1.000 habitantes"
2016;"Lemoa";9,48;"Por 1.000 habitantes"
2016;"Lemoiz";5,65;"Por 1.000 habitantes"
2016;"Leza";9,13;"Por 1.000 habitantes"
2016;"Lezama";4,23;"Por 1.000 habitantes"
2016;"Lezo";11,79;"Por 1.000 habitantes"
2016;"Lizartza";7,81;"Por 1.000 habitantes"
2016;"Loiu";6,12;"Por 1.000 habitantes"
2016;"Mallabia";7,65;"Por 1.000 habitantes"
2016;"Markina-Xemein";8,95;"Por 1.000 habitantes"
2016;"Maruri-Jatabe";4,29;"Por 1.000 habitantes"
2016;"Mañaria";3,85;"Por 1.000 habitantes"
2016;"Mendaro";9,1;"Por 1.000 habitantes"
2016;"Mendata";4,96;"Por 1.000 habitantes"
2016;"Moreda de Álava/Moreda Araba";3,7;"Por 1.000 habitantes"
2016;"Mundaka";5,41;"Por 1.000 habitantes"
2016;"Mungia";8,96;"Por 1.000 habitantes"
2016;"Murueta";6,67;"Por 1.000 habitantes"
2016;"Muskiz";23,12;"Por 1.000 habitantes"
2016;"Mutriku";6,56;"Por 1.000 habitantes"
2016;"Muxika";6,26;"Por 1.000 habitantes"
2016;"Nabarniz";3,97;"Por 1.000 habitantes"
2016;"Oiartzun";5,66;"Por 1.000 habitantes"
2016;"Okondo";4,27;"Por 1.000 habitantes"
2016;"Olaberria";6,49;"Por 1.000 habitantes"
2016;"Ondarroa";8,22;"Por 1.000 habitantes"
2016;"Ordizia";23,17;"Por 1.000 habitantes"
2016;"Orendain";5,13;"Por 1.000 habitantes"
2016;"Orexa";8,85;"Por 1.000 habitantes"
2016;"Orio";3,88;"Por 1.000 habitantes"
2016;"Ormaiztegi";6,9;"Por 1.000 habitantes"
2016;"Orozko";9,14;"Por 1.000 habitantes"
2016;"Ortuella";17,35;"Por 1.000 habitantes"
2016;"Otxandio";15,3;"Por 1.000 habitantes"
2016;"Oyón-Oion";10,5;"Por 1.000 habitantes"
2016;"Oñati";6,9;"Por 1.000 habitantes"
2016;"Pasaia";21,94;"Por 1.000 habitantes"
2016;"Peñacerrada-Urizaharra";7,14;"Por 1.000 habitantes"
2016;"Plentzia";7,56;"Por 1.000 habitantes"
2016;"Portugalete";11,31;"Por 1.000 habitantes"
2016;"Ribera Baja/Erriberabeitia";7,89;"Por 1.000 habitantes"
2016;"Agurain/Salvatierra";17,3;"Por 1.000 habitantes"
2016;"Samaniego";3,83;"Por 1.000 habitantes"
2016;"San Millán/Donemiliaga";5,45;"Por 1.000 habitantes"
2016;"Santurtzi";14,24;"Por 1.000 habitantes"
2016;"Segura";4,67;"Por 1.000 habitantes"
2016;"Sestao";21,14;"Por 1.000 habitantes"
2016;"Sondika";9,86;"Por 1.000 habitantes"
2016;"Sopela";5,94;"Por 1.000 habitantes"
2016;"Sopuerta";12,47;"Por 1.000 habitantes"
2016;"Soraluze-Placencia de las Armas";29,39;"Por 1.000 habitantes"
2016;"Sukarrieta";8,47;"Por 1.000 habitantes"
2016;"Tolosa";7,52;"Por 1.000 habitantes"
2016;"Trucios-Turtzioz";5,78;"Por 1.000 habitantes"
2016;"Ubide";10,81;"Por 1.000 habitantes"
2016;"Ugao-Miraballes";12,71;"Por 1.000 habitantes"
2016;"Urduliz";4,86;"Por 1.000 habitantes"
2016;"Urduña/Orduña";12,78;"Por 1.000 habitantes"
2016;"Urkabustaiz";10,82;"Por 1.000 habitantes"
2016;"Urnieta";9,05;"Por 1.000 habitantes"
2016;"Urretxu";10,97;"Por 1.000 habitantes"
2016;"Usansolo";9,42;"Por 1.000 habitantes"
2016;"Usurbil";7,82;"Por 1.000 habitantes"
2016;"Valdegovía/Gaubea";9,43;"Por 1.000 habitantes"
2016;"Valle de Trápaga-Trapagaran";18,73;"Por 1.000 habitantes"
2016;"Villabona";16,64;"Por 1.000 habitantes"
2016;"Villabuena de Álava/Eskuernaga";6,69;"Por 1.000 habitantes"
2016;"Vitoria-Gasteiz";15,26;"Por 1.000 habitantes"
2016;"Yécora/Iekora";15,09;"Por 1.000 habitantes"
2016;"Zaldibar";9,48;"Por 1.000 habitantes"
2016;"Zaldibia";6,96;"Por 1.000 habitantes"
2016;"Zalla";22,76;"Por 1.000 habitantes"
2016;"Zambrana";9,52;"Por 1.000 habitantes"
2016;"Zamudio";11,88;"Por 1.000 habitantes"
2016;"Zaratamo";8,63;"Por 1.000 habitantes"
2016;"Zarautz";6,16;"Por 1.000 habitantes"
2016;"Zeanuri";4,01;"Por 1.000 habitantes"
2016;"Zeberio";2,82;"Por 1.000 habitantes"
2016;"Zegama";2,62;"Por 1.000 habitantes"
2016;"Zestoa";12,42;"Por 1.000 habitantes"
2016;"Zierbena";18,05;"Por 1.000 habitantes"
2016;"Zigoitia";1,15;"Por 1.000 habitantes"
2016;"Ziortza-Bolibar";4,31;"Por 1.000 habitantes"
2016;"Zizurkil";18,56;"Por 1.000 habitantes"
2016;"Zuia";2,1;"Por 1.000 habitantes"
2016;"Zumaia";6,47;"Por 1.000 habitantes"
2016;"Zumarraga";9,86;"Por 1.000 habitantes"
2020;"Araba/Álava";13,84;"Por 1.000 habitantes"
2020;"C.A. de Euskadi";13,85;"Por 1.000 habitantes"
2020;"Bizkaia";14,82;"Por 1.000 habitantes"
2020;"Gipuzkoa";12,31;"Por 1.000 habitantes"
2020;"Arabako Lautada / Llanada Alavesa";15,38;"Por 1.000 habitantes"
2020;"Arabako Mendialdea / Montaña Alavesa";4,84;"Por 1.000 habitantes"
2020;"Arratia-Nerbioi / Arratia-Nervión";12,42;"Por 1.000 habitantes"
2020;"Bidasoa Beherea / Bajo Bidasoa";10,42;"Por 1.000 habitantes"
2020;"Bilbo Handia / Gran Bilbao";16,07;"Por 1.000 habitantes"
2020;"Debabarrena / Bajo Deba";12,73;"Por 1.000 habitantes"
2020;"Debagoiena / Alto Deba";8,54;"Por 1.000 habitantes"
2020;"Donostialdea";14,84;"Por 1.000 habitantes"
2020;"Añana (Comarca)";3,22;"Por 1.000 habitantes"
2020;"Durangaldea / Duranguesado";10,55;"Por 1.000 habitantes"
2020;"Enkartazioak / Encartaciones";20,33;"Por 1.000 habitantes"
2020;"Arabako Errioxa / Rioja Alavesa";6,86;"Por 1.000 habitantes"
2020;"Gernika-Bermeo";7,88;"Por 1.000 habitantes"
2020;"Goierri";9,71;"Por 1.000 habitantes"
2020;"Gorbeialdea / Estribaciones del Gorbea";6,47;"Por 1.000 habitantes"
2020;"Kantauri Arabarra / Cantábrica Alavesa";8,99;"Por 1.000 habitantes"
2020;"Markina-Ondarroa";13,13;"Por 1.000 habitantes"
2020;"Plentzia-Mungia";7,81;"Por 1.000 habitantes"
2020;"Tolosaldea / Tolosa";9,99;"Por 1.000 habitantes"
2020;"Urola-Kostaldea / Urola Costa";9,99;"Por 1.000 habitantes"
2020;"Abadiño";8,71;"Por 1.000 habitantes"
2020;"Abaltzisketa";3,22;"Por 1.000 habitantes"
2020;"Abanto y Ciérvana-Abanto Zierbena";20,95;"Por 1.000 habitantes"
2020;"Aia";8,96;"Por 1.000 habitantes"
2020;"Aizarnazabal";6,49;"Por 1.000 habitantes"
2020;"Albiztur";6,71;"Por 1.000 habitantes"
2020;"Alegia";22,14;"Por 1.000 habitantes"
2020;"Alegría-Dulantzi";13,42;"Por 1.000 habitantes"
2020;"Alkiza";14,33;"Por 1.000 habitantes"
2020;"Alonsotegi";22,19;"Por 1.000 habitantes"
2020;"Altzaga";11,3;"Por 1.000 habitantes"
2020;"Altzo";10,18;"Por 1.000 habitantes"
2020;"Amezketa";16,23;"Por 1.000 habitantes"
2020;"Amorebieta-Etxano";9,4;"Por 1.000 habitantes"
2020;"Amoroto";2,43;"Por 1.000 habitantes"
2020;"Amurrio";10,71;"Por 1.000 habitantes"
2020;"Andoain";11,86;"Por 1.000 habitantes"
2020;"Anoeta";7,73;"Por 1.000 habitantes"
2020;"Antzuola";7,4;"Por 1.000 habitantes"
2020;"Arama";4,88;"Por 1.000 habitantes"
2020;"Aramaio";4,03;"Por 1.000 habitantes"
2020;"Arantzazu";7,44;"Por 1.000 habitantes"
2020;"Areatza";13,67;"Por 1.000 habitantes"
2020;"Aretxabaleta";8,73;"Por 1.000 habitantes"
2020;"Arraia-Maeztu";1,31;"Por 1.000 habitantes"
2020;"Arrankudiaga-Zollo";1,97;"Por 1.000 habitantes"
2020;"Arrasate/Mondragón";10,86;"Por 1.000 habitantes"
2020;"Arratzu";2,43;"Por 1.000 habitantes"
2020;"Arratzua-Ubarrundia";0,95;"Por 1.000 habitantes"
2020;"Arrieta";5,33;"Por 1.000 habitantes"
2020;"Arrigorriaga";20,13;"Por 1.000 habitantes"
2020;"Artea";13,61;"Por 1.000 habitantes"
2020;"Artzentales";17,34;"Por 1.000 habitantes"
2020;"Artziniega";12,19;"Por 1.000 habitantes"
2020;"Asparrena";20,16;"Por 1.000 habitantes"
2020;"Asteasu";7,8;"Por 1.000 habitantes"
2020;"Astigarraga";7,57;"Por 1.000 habitantes"
2020;"Ataun";9,26;"Por 1.000 habitantes"
2020;"Atxondo";5,8;"Por 1.000 habitantes"
2020;"Aulesti";4,59;"Por 1.000 habitantes"
2020;"Ayala/Aiara";3,44;"Por 1.000 habitantes"
2020;"Azkoitia";10,02;"Por 1.000 habitantes"
2020;"Azpeitia";18,13;"Por 1.000 habitantes"
2020;"Añana";5,65;"Por 1.000 habitantes"
2020;"Bakio";6,29;"Por 1.000 habitantes"
2020;"Baliarrain";18,75;"Por 1.000 habitantes"
2020;"Balmaseda";23,77;"Por 1.000 habitantes"
2020;"Barakaldo";21,08;"Por 1.000 habitantes"
2020;"Barrika";3,84;"Por 1.000 habitantes"
2020;"Barrundia";3,21;"Por 1.000 habitantes"
2020;"Basauri";14,45;"Por 1.000 habitantes"
2020;"Beasain";7,89;"Por 1.000 habitantes"
2020;"Bedia";12,24;"Por 1.000 habitantes"
2020;"Beizama";8,26;"Por 1.000 habitantes"
2020;"Belauntza";7,49;"Por 1.000 habitantes"
2020;"Berango";7,35;"Por 1.000 habitantes"
2020;"Berantevilla";9,98;"Por 1.000 habitantes"
2020;"Berastegi";3,76;"Por 1.000 habitantes"
2020;"Bergara";5,76;"Por 1.000 habitantes"
2020;"Bermeo";2,55;"Por 1.000 habitantes"
2020;"Bernedo";5,6;"Por 1.000 habitantes"
2020;"Berriatua";11,19;"Por 1.000 habitantes"
2020;"Berriz";17,82;"Por 1.000 habitantes"
2020;"Berrobi";16,45;"Por 1.000 habitantes"
2020;"Bidania-Goiatz";10,93;"Por 1.000 habitantes"
2020;"Bilbao";16,8;"Por 1.000 habitantes"
2020;"Busturia";19,56;"Por 1.000 habitantes"
2020;"Campezo/Kanpezu";7,41;"Por 1.000 habitantes"
2020;"Deba";5,88;"Por 1.000 habitantes"
2020;"Derio";8,38;"Por 1.000 habitantes"
2020;"Dima";6,86;"Por 1.000 habitantes"
2020;"Donostia / San Sebastián";16,28;"Por 1.000 habitantes"
2020;"Durango";8,37;"Por 1.000 habitantes"
2020;"Ea";7,14;"Por 1.000 habitantes"
2020;"Eibar";14,27;"Por 1.000 habitantes"
2020;"Elantxobe";8,52;"Por 1.000 habitantes"
2020;"Elburgo/Burgelu";1,55;"Por 1.000 habitantes"
2020;"Elciego";5,82;"Por 1.000 habitantes"
2020;"Elduain";12,4;"Por 1.000 habitantes"
2020;"Elgeta";11,55;"Por 1.000 habitantes"
2020;"Elgoibar";11,08;"Por 1.000 habitantes"
2020;"Elorrio";8,58;"Por 1.000 habitantes"
2020;"Erandio";14,77;"Por 1.000 habitantes"
2020;"Ereño";3,64;"Por 1.000 habitantes"
2020;"Ermua";14,45;"Por 1.000 habitantes"
2020;"Errenteria";15,19;"Por 1.000 habitantes"
2020;"Errezil";4,98;"Por 1.000 habitantes"
2020;"Erriberagoitia/Ribera Alta";4,68;"Por 1.000 habitantes"
2020;"Errigoiti";10,22;"Por 1.000 habitantes"
2020;"Eskoriatza";8,74;"Por 1.000 habitantes"
2020;"Etxebarri";10,96;"Por 1.000 habitantes"
2020;"Etxebarria";27,51;"Por 1.000 habitantes"
2020;"Ezkio-Itsaso";9,43;"Por 1.000 habitantes"
2020;"Forua";10,96;"Por 1.000 habitantes"
2020;"Fruiz";9,03;"Por 1.000 habitantes"
2020;"Gabiria";1,92;"Por 1.000 habitantes"
2020;"Galdakao";9,37;"Por 1.000 habitantes"
2020;"Galdames";14,25;"Por 1.000 habitantes"
2020;"Gamiz-Fika";1,46;"Por 1.000 habitantes"
2020;"Gatika";7,84;"Por 1.000 habitantes"
2020;"Gautegiz Arteaga";8,14;"Por 1.000 habitantes"
2020;"Gaztelu";11,49;"Por 1.000 habitantes"
2020;"Gernika-Lumo";12,67;"Por 1.000 habitantes"
2020;"Getaria";4,94;"Por 1.000 habitantes"
2020;"Getxo";8,98;"Por 1.000 habitantes"
2020;"Gizaburuaga";4,93;"Por 1.000 habitantes"
2020;"Gordexola";18,03;"Por 1.000 habitantes"
2020;"Gorliz";8,84;"Por 1.000 habitantes"
2020;"Güeñes";21,55;"Por 1.000 habitantes"
2020;"Hernani";15,08;"Por 1.000 habitantes"
2020;"Hernialde";3,19;"Por 1.000 habitantes"
2020;"Hondarribia";9,12;"Por 1.000 habitantes"
2020;"Ibarra";10,61;"Por 1.000 habitantes"
2020;"Ibarrangelu";6,13;"Por 1.000 habitantes"
2020;"Idiazabal";7,21;"Por 1.000 habitantes"
2020;"Igorre";13,75;"Por 1.000 habitantes"
2020;"Ikaztegieta";22,87;"Por 1.000 habitantes"
2020;"Irun";10,78;"Por 1.000 habitantes"
2020;"Irura";15,34;"Por 1.000 habitantes"
2020;"Iruraiz-Gauna";1,8;"Por 1.000 habitantes"
2020;"Iruña Oka/Iruña de Oca";7,02;"Por 1.000 habitantes"
2020;"Ispaster";7,99;"Por 1.000 habitantes"
2020;"Itsasondo";21,37;"Por 1.000 habitantes"
2020;"Iurreta";14,19;"Por 1.000 habitantes"
2020;"Izurtza";3,69;"Por 1.000 habitantes"
2020;"Karrantza Harana/Valle de Carranza";17,8;"Por 1.000 habitantes"
2020;"Kortezubi";4,5;"Por 1.000 habitantes"
2020;"Labastida/Bastida";10,13;"Por 1.000 habitantes"
2020;"Laguardia";6,52;"Por 1.000 habitantes"
2020;"Lanciego/Lantziego";6,74;"Por 1.000 habitantes"
2020;"Lanestosa";25;"Por 1.000 habitantes"
2020;"Lantarón";2,1;"Por 1.000 habitantes"
2020;"Lapuebla de Labarca";4,59;"Por 1.000 habitantes"
2020;"Larrabetzu";8,18;"Por 1.000 habitantes"
2020;"Lasarte-Oria";7,72;"Por 1.000 habitantes"
2020;"Laudio/Llodio";8,56;"Por 1.000 habitantes"
2020;"Lazkao";6,82;"Por 1.000 habitantes"
2020;"Leaburu";16,09;"Por 1.000 habitantes"
2020;"Legazpi";6,45;"Por 1.000 habitantes"
2020;"Legorreta";15,46;"Por 1.000 habitantes"
2020;"Legutio";14,17;"Por 1.000 habitantes"
2020;"Leioa";10,57;"Por 1.000 habitantes"
2020;"Lekeitio";12,44;"Por 1.000 habitantes"
2020;"Lemoa";14,25;"Por 1.000 habitantes"
2020;"Lemoiz";6,98;"Por 1.000 habitantes"
2020;"Leza";9,01;"Por 1.000 habitantes"
2020;"Lezama";6,64;"Por 1.000 habitantes"
2020;"Lezo";9,53;"Por 1.000 habitantes"
2020;"Lizartza";10,79;"Por 1.000 habitantes"
2020;"Loiu";4,81;"Por 1.000 habitantes"
2020;"Mallabia";10,97;"Por 1.000 habitantes"
2020;"Markina-Xemein";15,11;"Por 1.000 habitantes"
2020;"Maruri-Jatabe";3,19;"Por 1.000 habitantes"
2020;"Mañaria";3,85;"Por 1.000 habitantes"
2020;"Mendaro";11,17;"Por 1.000 habitantes"
2020;"Mendata";7,41;"Por 1.000 habitantes"
2020;"Mendexa";8,68;"Por 1.000 habitantes"
2020;"Moreda de Álava/Moreda Araba";3,8;"Por 1.000 habitantes"
2020;"Morga";2,48;"Por 1.000 habitantes"
2020;"Mundaka";8,6;"Por 1.000 habitantes"
2020;"Mungia";9,36;"Por 1.000 habitantes"
2020;"Munitibar-Arbatzegi Gerrikaitz";16,95;"Por 1.000 habitantes"
2020;"Murueta";3,18;"Por 1.000 habitantes"
2020;"Muskiz";24,24;"Por 1.000 habitantes"
2020;"Mutriku";7,15;"Por 1.000 habitantes"
2020;"Muxika";6,74;"Por 1.000 habitantes"
2020;"Nabarniz";4,02;"Por 1.000 habitantes"
2020;"Oiartzun";6,48;"Por 1.000 habitantes"
2020;"Okondo";9,19;"Por 1.000 habitantes"
2020;"Olaberria";5,35;"Por 1.000 habitantes"
2020;"Ondarroa";14,1;"Por 1.000 habitantes"
2020;"Ordizia";13,02;"Por 1.000 habitantes"
2020;"Orio";9,8;"Por 1.000 habitantes"
2020;"Ormaiztegi";10,28;"Por 1.000 habitantes"
2020;"Orozko";10,44;"Por 1.000 habitantes"
2020;"Ortuella";16,6;"Por 1.000 habitantes"
2020;"Otxandio";12,58;"Por 1.000 habitantes"
2020;"Oyón-Oion";9,88;"Por 1.000 habitantes"
2020;"Oñati";7,62;"Por 1.000 habitantes"
2020;"Pasaia";22,8;"Por 1.000 habitantes"
2020;"Peñacerrada-Urizaharra";9,84;"Por 1.000 habitantes"
2020;"Plentzia";7,62;"Por 1.000 habitantes"
2020;"Portugalete";15,29;"Por 1.000 habitantes"
2020;"Ribera Baja/Erriberabeitia";3,15;"Por 1.000 habitantes"
2020;"Agurain/Salvatierra";18,55;"Por 1.000 habitantes"
2020;"Samaniego";3,75;"Por 1.000 habitantes"
2020;"Santurtzi";18,23;"Por 1.000 habitantes"
2020;"Segura";5,98;"Por 1.000 habitantes"
2020;"Sestao";26,82;"Por 1.000 habitantes"
2020;"Sondika";12,82;"Por 1.000 habitantes"
2020;"Sopela";8,47;"Por 1.000 habitantes"
2020;"Sopuerta";11,67;"Por 1.000 habitantes"
2020;"Soraluze-Placencia de las Armas";24,83;"Por 1.000 habitantes"
2020;"Sukarrieta";11,56;"Por 1.000 habitantes"
2020;"Tolosa";7,93;"Por 1.000 habitantes"
2020;"Trucios-Turtzioz";15,47;"Por 1.000 habitantes"
2020;"Ubide";17,14;"Por 1.000 habitantes"
2020;"Ugao-Miraballes";12,68;"Por 1.000 habitantes"
2020;"Urduliz";7,6;"Por 1.000 habitantes"
2020;"Urduña/Orduña";20,45;"Por 1.000 habitantes"
2020;"Urkabustaiz";11,73;"Por 1.000 habitantes"
2020;"Urnieta";14,21;"Por 1.000 habitantes"
2020;"Urretxu";9,81;"Por 1.000 habitantes"
2020;"Usansolo";9,37;"Por 1.000 habitantes"
2020;"Usurbil";5,3;"Por 1.000 habitantes"
2020;"Valdegovía/Gaubea";2,74;"Por 1.000 habitantes"
2020;"Valle de Trápaga-Trapagaran";13,89;"Por 1.000 habitantes"
2020;"Villabona";9,25;"Por 1.000 habitantes"
2020;"Vitoria-Gasteiz";15,66;"Por 1.000 habitantes"
2020;"Zaldibar";12,83;"Por 1.000 habitantes"
2020;"Zaldibia";14,57;"Por 1.000 habitantes"
2020;"Zalla";21,2;"Por 1.000 habitantes"
2020;"Zamudio";20,2;"Por 1.000 habitantes"
2020;"Zaratamo";20,66;"Por 1.000 habitantes"
2020;"Zarautz";6,01;"Por 1.000 habitantes"
2020;"Zeanuri";4,02;"Por 1.000 habitantes"
2020;"Zeberio";7,4;"Por 1.000 habitantes"
2020;"Zestoa";15,11;"Por 1.000 habitantes"
2020;"Zierbena";13,81;"Por 1.000 habitantes"
2020;"Zigoitia";1,13;"Por 1.000 habitantes"
2020;"Zizurkil";13,42;"Por 1.000 habitantes"
2020;"Zuia";2,55;"Por 1.000 habitantes"
2020;"Zumaia";7,17;"Por 1.000 habitantes"
2020;"Zumarraga";15,94;"Por 1.000 habitantes"
2012;"Araba/Álava";8,39;"Por 1.000 habitantes"
2012;"C.A. de Euskadi";9,91;"Por 1.000 habitantes"
2012;"Bizkaia";12,02;"Por 1.000 habitantes"
2012;"Gipuzkoa";7,15;"Por 1.000 habitantes"
2012;"Arabako Lautada / Llanada Alavesa";9,47;"Por 1.000 habitantes"
2012;"Arabako Mendialdea / Montaña Alavesa";3,76;"Por 1.000 habitantes"
2012;"Arratia-Nerbioi / Arratia-Nervión";6,7;"Por 1.000 habitantes"
2012;"Bidasoa Beherea / Bajo Bidasoa";4,71;"Por 1.000 habitantes"
2012;"Bilbo Handia / Gran Bilbao";13,82;"Por 1.000 habitantes"
2012;"Debabarrena / Bajo Deba";6,79;"Por 1.000 habitantes"
2012;"Debagoiena / Alto Deba";7,36;"Por 1.000 habitantes"
2012;"Donostialdea";8,44;"Por 1.000 habitantes"
2012;"Añana (Comarca)";3,16;"Por 1.000 habitantes"
2012;"Durangaldea / Duranguesado";4,38;"Por 1.000 habitantes"
2012;"Enkartazioak / Encartaciones";12,19;"Por 1.000 habitantes"
2012;"Arabako Errioxa / Rioja Alavesa";3,96;"Por 1.000 habitantes"
2012;"Gernika-Bermeo";8,05;"Por 1.000 habitantes"
2012;"Goierri";5,99;"Por 1.000 habitantes"
2012;"Gorbeialdea / Estribaciones del Gorbea";3,95;"Por 1.000 habitantes"
2012;"Kantauri Arabarra / Cantábrica Alavesa";4,39;"Por 1.000 habitantes"
2012;"Markina-Ondarroa";6,02;"Por 1.000 habitantes"
2012;"Plentzia-Mungia";5,52;"Por 1.000 habitantes"
2012;"Tolosaldea / Tolosa";7,43;"Por 1.000 habitantes"
2012;"Urola-Kostaldea / Urola Costa";5;"Por 1.000 habitantes"
2012;"Abadiño";4,55;"Por 1.000 habitantes"
2012;"Abaltzisketa";3,13;"Por 1.000 habitantes"
2012;"Abanto y Ciérvana-Abanto Zierbena";13,71;"Por 1.000 habitantes"
2012;"Aduna";6,67;"Por 1.000 habitantes"
2012;"Aia";4,49;"Por 1.000 habitantes"
2012;"Aizarnazabal";5,38;"Por 1.000 habitantes"
2012;"Albiztur";3,36;"Por 1.000 habitantes"
2012;"Alegia";8,37;"Por 1.000 habitantes"
2012;"Alegría-Dulantzi";7,67;"Por 1.000 habitantes"
2012;"Alkiza";2,76;"Por 1.000 habitantes"
2012;"Alonsotegi";17,51;"Por 1.000 habitantes"
2012;"Altzaga";6,1;"Por 1.000 habitantes"
2012;"Altzo";5,63;"Por 1.000 habitantes"
2012;"Amezketa";6,28;"Por 1.000 habitantes"
2012;"Amoroto";2,52;"Por 1.000 habitantes"
2012;"Amurrio";5,01;"Por 1.000 habitantes"
2012;"Andoain";5,25;"Por 1.000 habitantes"
2012;"Anoeta";8,64;"Por 1.000 habitantes"
2012;"Antzuola";7,21;"Por 1.000 habitantes"
2012;"Arakaldo";7,63;"Por 1.000 habitantes"
2012;"Aramaio";1,95;"Por 1.000 habitantes"
2012;"Arantzazu";5,43;"Por 1.000 habitantes"
2012;"Areatza";8,96;"Por 1.000 habitantes"
2012;"Aretxabaleta";5,08;"Por 1.000 habitantes"
2012;"Arraia-Maeztu";1,36;"Por 1.000 habitantes"
2012;"Arrankudiaga-Zollo";2,05;"Por 1.000 habitantes"
2012;"Arrasate/Mondragón";9,83;"Por 1.000 habitantes"
2012;"Arratzu";7,71;"Por 1.000 habitantes"
2012;"Arratzua-Ubarrundia";0,98;"Por 1.000 habitantes"
2012;"Arrieta";5,51;"Por 1.000 habitantes"
2012;"Arrigorriaga";12,83;"Por 1.000 habitantes"
2012;"Artzentales";5,43;"Por 1.000 habitantes"
2012;"Artziniega";8,6;"Por 1.000 habitantes"
2012;"Asparrena";4,72;"Por 1.000 habitantes"
2012;"Asteasu";7,32;"Por 1.000 habitantes"
2012;"Astigarraga";5,41;"Por 1.000 habitantes"
2012;"Ataun";4,17;"Por 1.000 habitantes"
2012;"Atxondo";4,27;"Por 1.000 habitantes"
2012;"Aulesti";1,52;"Por 1.000 habitantes"
2012;"Ayala/Aiara";1,39;"Por 1.000 habitantes"
2012;"Azkoitia";4,35;"Por 1.000 habitantes"
2012;"Azpeitia";9,72;"Por 1.000 habitantes"
2012;"Añana";5,88;"Por 1.000 habitantes"
2012;"Bakio";7,62;"Por 1.000 habitantes"
2012;"Baliarrain";7,75;"Por 1.000 habitantes"
2012;"Balmaseda";11,89;"Por 1.000 habitantes"
2012;"Barakaldo";14;"Por 1.000 habitantes"
2012;"Barrika";3,92;"Por 1.000 habitantes"
2012;"Barrundia";2,11;"Por 1.000 habitantes"
2012;"Beasain";4,21;"Por 1.000 habitantes"
2012;"Bedia";6;"Por 1.000 habitantes"
2012;"Belauntza";3,46;"Por 1.000 habitantes"
2012;"Berango";3,14;"Por 1.000 habitantes"
2012;"Berastegi";3,81;"Por 1.000 habitantes"
2012;"Bergara";6,79;"Por 1.000 habitantes"
2012;"Bermeo";10,35;"Por 1.000 habitantes"
2012;"Bernedo";1,72;"Por 1.000 habitantes"
2012;"Berriatua";4,76;"Por 1.000 habitantes"
2012;"Berriz";7,2;"Por 1.000 habitantes"
2012;"Berrobi";15,68;"Por 1.000 habitantes"
2012;"Bidania-Goiatz";5,7;"Por 1.000 habitantes"
2012;"Bilbao";20,13;"Por 1.000 habitantes"
2012;"Busturia";5,21;"Por 1.000 habitantes"
2012;"Campezo/Kanpezu";7,09;"Por 1.000 habitantes"
2012;"Derio";4,27;"Por 1.000 habitantes"
2012;"Dima";2,9;"Por 1.000 habitantes"
2012;"Donostia / San Sebastián";11,37;"Por 1.000 habitantes"
2012;"Durango";2,62;"Por 1.000 habitantes"
2012;"Ea";2,3;"Por 1.000 habitantes"
2012;"Eibar";6,75;"Por 1.000 habitantes"
2012;"Elantxobe";2,51;"Por 1.000 habitantes"
2012;"Elburgo/Burgelu";3,09;"Por 1.000 habitantes"
2012;"Elciego";1,87;"Por 1.000 habitantes"
2012;"Elduain";8,47;"Por 1.000 habitantes"
2012;"Elgeta";4,5;"Por 1.000 habitantes"
2012;"Elgoibar";7,48;"Por 1.000 habitantes"
2012;"Elorrio";0,55;"Por 1.000 habitantes"
2012;"Erandio";15,09;"Por 1.000 habitantes"
2012;"Ermua";11,87;"Por 1.000 habitantes"
2012;"Errezil";6,47;"Por 1.000 habitantes"
2012;"Erriberagoitia/Ribera Alta";3,47;"Por 1.000 habitantes"
2012;"Errigoiti";1,9;"Por 1.000 habitantes"
2012;"Eskoriatza";5,39;"Por 1.000 habitantes"
2012;"Etxebarri";16,4;"Por 1.000 habitantes"
2012;"Etxebarria";1,36;"Por 1.000 habitantes"
2012;"Ezkio-Itsaso";3,27;"Por 1.000 habitantes"
2012;"Forua";4,15;"Por 1.000 habitantes"
2012;"Fruiz";1,84;"Por 1.000 habitantes"
2012;"Gabiria";1,97;"Por 1.000 habitantes"
2012;"Galdakao";1,65;"Por 1.000 habitantes"
2012;"Galdames";8,3;"Por 1.000 habitantes"
2012;"Gamiz-Fika";4,45;"Por 1.000 habitantes"
2012;"Garai";2,99;"Por 1.000 habitantes"
2012;"Gautegiz Arteaga";5,52;"Por 1.000 habitantes"
2012;"Gaztelu";5,71;"Por 1.000 habitantes"
2012;"Gernika-Lumo";8,49;"Por 1.000 habitantes"
2012;"Getaria";3,76;"Por 1.000 habitantes"
2012;"Getxo";5,46;"Por 1.000 habitantes"
2012;"Gizaburuaga";4,76;"Por 1.000 habitantes"
2012;"Gordexola";11,53;"Por 1.000 habitantes"
2012;"Gorliz";5,75;"Por 1.000 habitantes"
2012;"Güeñes";12,04;"Por 1.000 habitantes"
2012;"Harana/Valle de Arana";3,61;"Por 1.000 habitantes"
2012;"Hernani";5,91;"Por 1.000 habitantes"
2012;"Hernialde";2,89;"Por 1.000 habitantes"
2012;"Hondarribia";3,74;"Por 1.000 habitantes"
2012;"Ibarra";4,99;"Por 1.000 habitantes"
2012;"Ibarrangelu";3,14;"Por 1.000 habitantes"
2012;"Idiazabal";3,88;"Por 1.000 habitantes"
2012;"Igorre";7,68;"Por 1.000 habitantes"
2012;"Ikaztegieta";12,93;"Por 1.000 habitantes"
2012;"Irun";4,98;"Por 1.000 habitantes"
2012;"Irura";8,59;"Por 1.000 habitantes"
2012;"Iruraiz-Gauna";1,78;"Por 1.000 habitantes"
2012;"Iruña Oka/Iruña de Oca";3,46;"Por 1.000 habitantes"
2012;"Ispaster";5,6;"Por 1.000 habitantes"
2012;"Itsasondo";7,44;"Por 1.000 habitantes"
2012;"Iurreta";7,82;"Por 1.000 habitantes"
2012;"Karrantza Harana/Valle de Carranza";8,58;"Por 1.000 habitantes"
2012;"Kortezubi";6,98;"Por 1.000 habitantes"
2012;"Kuartango";2,92;"Por 1.000 habitantes"
2012;"Labastida/Bastida";7,27;"Por 1.000 habitantes"
2012;"Laguardia";3,74;"Por 1.000 habitantes"
2012;"Lanciego/Lantziego";1,42;"Por 1.000 habitantes"
2012;"Lanestosa";3,62;"Por 1.000 habitantes"
2012;"Lantarón";7,33;"Por 1.000 habitantes"
2012;"Lapuebla de Labarca";5,95;"Por 1.000 habitantes"
2012;"Larrabetzu";1,49;"Por 1.000 habitantes"
2012;"Larraul";3,92;"Por 1.000 habitantes"
2012;"Lasarte-Oria";3,17;"Por 1.000 habitantes"
2012;"Laudio/Llodio";4,09;"Por 1.000 habitantes"
2012;"Laukiz";0,86;"Por 1.000 habitantes"
2012;"Lazkao";5,05;"Por 1.000 habitantes"
2012;"Leaburu";5,41;"Por 1.000 habitantes"
2012;"Legazpi";5,12;"Por 1.000 habitantes"
2012;"Legorreta";8,52;"Por 1.000 habitantes"
2012;"Legutio";6,88;"Por 1.000 habitantes"
2012;"Leintz-Gatzaga";3,72;"Por 1.000 habitantes"
2012;"Leioa";6,28;"Por 1.000 habitantes"
2012;"Lekeitio";4,73;"Por 1.000 habitantes"
2012;"Lemoa";5,98;"Por 1.000 habitantes"
2012;"Lemoiz";4,46;"Por 1.000 habitantes"
2012;"Leza";4,5;"Por 1.000 habitantes"
2012;"Lezama";2,47;"Por 1.000 habitantes"
2012;"Lezo";6,24;"Por 1.000 habitantes"
2012;"Lizartza";3,03;"Por 1.000 habitantes"
2012;"Loiu";2,9;"Por 1.000 habitantes"
2012;"Mallabia";4,99;"Por 1.000 habitantes"
2012;"Markina-Xemein";9,15;"Por 1.000 habitantes"
2012;"Maruri-Jatabe";1,05;"Por 1.000 habitantes"
2012;"Mendaro";3,02;"Por 1.000 habitantes"
2012;"Mendata";2,63;"Por 1.000 habitantes"
2012;"Mendexa";6,59;"Por 1.000 habitantes"
2012;"Meñaka";1,36;"Por 1.000 habitantes"
2012;"Morga";7,16;"Por 1.000 habitantes"
2012;"Mundaka";4,7;"Por 1.000 habitantes"
2012;"Mungia";7,43;"Por 1.000 habitantes"
2012;"Munitibar-Arbatzegi Gerrikaitz";4,44;"Por 1.000 habitantes"
2012;"Murueta";6,83;"Por 1.000 habitantes"
2012;"Muskiz";22,31;"Por 1.000 habitantes"
2012;"Mutiloa";4,17;"Por 1.000 habitantes"
2012;"Mutriku";6,99;"Por 1.000 habitantes"
2012;"Muxika";4,12;"Por 1.000 habitantes"
2012;"Nabarniz";4,33;"Por 1.000 habitantes"
2012;"Oiartzun";5,57;"Por 1.000 habitantes"
2012;"Okondo";4,35;"Por 1.000 habitantes"
2012;"Olaberria";6,38;"Por 1.000 habitantes"
2012;"Ondarroa";6,85;"Por 1.000 habitantes"
2012;"Ordizia";6,96;"Por 1.000 habitantes"
2012;"Orio";2,73;"Por 1.000 habitantes"
2012;"Ormaiztegi";6,95;"Por 1.000 habitantes"
2012;"Orozko";6,14;"Por 1.000 habitantes"
2012;"Ortuella";12,97;"Por 1.000 habitantes"
2012;"Otxandio";5,41;"Por 1.000 habitantes"
2012;"Oyón-Oion";5,35;"Por 1.000 habitantes"
2012;"Oñati";5,77;"Por 1.000 habitantes"
2012;"Pasaia";14,41;"Por 1.000 habitantes"
2012;"Peñacerrada-Urizaharra";3,46;"Por 1.000 habitantes"
2012;"Plentzia";3,85;"Por 1.000 habitantes"
2012;"Portugalete";7,33;"Por 1.000 habitantes"
2012;"Ribera Baja/Erriberabeitia";3,45;"Por 1.000 habitantes"
2012;"Agurain/Salvatierra";12,22;"Por 1.000 habitantes"
2012;"Samaniego";3,18;"Por 1.000 habitantes"
2012;"San Millán/Donemiliaga";1,34;"Por 1.000 habitantes"
2012;"Santurtzi";15,2;"Por 1.000 habitantes"
2012;"Segura";4,71;"Por 1.000 habitantes"
2012;"Sestao";17,03;"Por 1.000 habitantes"
2012;"Sondika";5,55;"Por 1.000 habitantes"
2012;"Sopela";5,96;"Por 1.000 habitantes"
2012;"Sopuerta";8,93;"Por 1.000 habitantes"
2012;"Soraluze-Placencia de las Armas";15,92;"Por 1.000 habitantes"
2012;"Sukarrieta";8,67;"Por 1.000 habitantes"
2012;"Tolosa";7,63;"Por 1.000 habitantes"
2012;"Trucios-Turtzioz";1,82;"Por 1.000 habitantes"
2012;"Ubide";5,41;"Por 1.000 habitantes"
2012;"Ugao-Miraballes";7,88;"Por 1.000 habitantes"
2012;"Urduliz";3,24;"Por 1.000 habitantes"
2012;"Urduña/Orduña";10,22;"Por 1.000 habitantes"
2012;"Urkabustaiz";8,88;"Por 1.000 habitantes"
2012;"Urnieta";5,54;"Por 1.000 habitantes"
2012;"Urretxu";6,51;"Por 1.000 habitantes"
2012;"Usansolo";1,65;"Por 1.000 habitantes"
2012;"Usurbil";4,57;"Por 1.000 habitantes"
2012;"Valdegovía/Gaubea";0,91;"Por 1.000 habitantes"
2012;"Valle de Trápaga-Trapagaran";8,02;"Por 1.000 habitantes"
2012;"Villabona";10,24;"Por 1.000 habitantes"
2012;"Vitoria-Gasteiz";9,68;"Por 1.000 habitantes"
2012;"Yécora/Iekora";3,51;"Por 1.000 habitantes"
2012;"Zaldibar";5,92;"Por 1.000 habitantes"
2012;"Zaldibia";6,57;"Por 1.000 habitantes"
2012;"Zalla";16,85;"Por 1.000 habitantes"
2012;"Zambrana";2,28;"Por 1.000 habitantes"
2012;"Zamudio";8,42;"Por 1.000 habitantes"
2012;"Zaratamo";8,41;"Por 1.000 habitantes"
2012;"Zarautz";3,18;"Por 1.000 habitantes"
2012;"Zeanuri";0,77;"Por 1.000 habitantes"
2012;"Zeberio";6,59;"Por 1.000 habitantes"
2012;"Zegama";3,9;"Por 1.000 habitantes"
2012;"Zerain";3,79;"Por 1.000 habitantes"
2012;"Zestoa";6,83;"Por 1.000 habitantes"
2012;"Zierbena";10,85;"Por 1.000 habitantes"
2012;"Zigoitia";0,56;"Por 1.000 habitantes"
2012;"Zizurkil";6,19;"Por 1.000 habitantes"
2012;"Zuia";2,84;"Por 1.000 habitantes"
2012;"Zumaia";3,88;"Por 1.000 habitantes"
2012;"Zumarraga";10,03;"Por 1.000 habitantes"
2017;"Araba/Álava";12,93;"Por 1.000 habitantes"
2017;"C.A. de Euskadi";13,59;"Por 1.000 habitantes"
2017;"Bizkaia";15,52;"Por 1.000 habitantes"
2017;"Gipuzkoa";10,81;"Por 1.000 habitantes"
2017;"Arabako Lautada / Llanada Alavesa";14,72;"Por 1.000 habitantes"
2017;"Arabako Mendialdea / Montaña Alavesa";2,66;"Por 1.000 habitantes"
2017;"Arratia-Nerbioi / Arratia-Nervión";10,43;"Por 1.000 habitantes"
2017;"Bidasoa Beherea / Bajo Bidasoa";7,99;"Por 1.000 habitantes"
2017;"Bilbo Handia / Gran Bilbao";17,37;"Por 1.000 habitantes"
2017;"Debabarrena / Bajo Deba";13,11;"Por 1.000 habitantes"
2017;"Debagoiena / Alto Deba";7,64;"Por 1.000 habitantes"
2017;"Donostialdea";12,78;"Por 1.000 habitantes"
2017;"Añana (Comarca)";3,3;"Por 1.000 habitantes"
2017;"Durangaldea / Duranguesado";9,93;"Por 1.000 habitantes"
2017;"Enkartazioak / Encartaciones";19,02;"Por 1.000 habitantes"
2017;"Arabako Errioxa / Rioja Alavesa";7,21;"Por 1.000 habitantes"
2017;"Gernika-Bermeo";9,13;"Por 1.000 habitantes"
2017;"Goierri";9,43;"Por 1.000 habitantes"
2017;"Gorbeialdea / Estribaciones del Gorbea";4,22;"Por 1.000 habitantes"
2017;"Kantauri Arabarra / Cantábrica Alavesa";6,19;"Por 1.000 habitantes"
2017;"Markina-Ondarroa";7,65;"Por 1.000 habitantes"
2017;"Plentzia-Mungia";6,16;"Por 1.000 habitantes"
2017;"Tolosaldea / Tolosa";9,95;"Por 1.000 habitantes"
2017;"Urola-Kostaldea / Urola Costa";7,93;"Por 1.000 habitantes"
2017;"Abadiño";7,47;"Por 1.000 habitantes"
2017;"Abaltzisketa";9,46;"Por 1.000 habitantes"
2017;"Abanto y Ciérvana-Abanto Zierbena";15,55;"Por 1.000 habitantes"
2017;"Aduna";4,16;"Por 1.000 habitantes"
2017;"Aia";7,41;"Por 1.000 habitantes"
2017;"Aizarnazabal";7,81;"Por 1.000 habitantes"
2017;"Ajangiz";2,17;"Por 1.000 habitantes"
2017;"Alegia";19,37;"Por 1.000 habitantes"
2017;"Alegría-Dulantzi";8,82;"Por 1.000 habitantes"
2017;"Alkiza";8,52;"Por 1.000 habitantes"
2017;"Alonsotegi";26,4;"Por 1.000 habitantes"
2017;"Altzaga";5,43;"Por 1.000 habitantes"
2017;"Altzo";11,24;"Por 1.000 habitantes"
2017;"Amezketa";11,93;"Por 1.000 habitantes"
2017;"Amorebieta-Etxano";8,13;"Por 1.000 habitantes"
2017;"Amurrio";7,35;"Por 1.000 habitantes"
2017;"Andoain";8,71;"Por 1.000 habitantes"
2017;"Anoeta";15,16;"Por 1.000 habitantes"
2017;"Antzuola";6,31;"Por 1.000 habitantes"
2017;"Aramaio";2,63;"Por 1.000 habitantes"
2017;"Arantzazu";10,78;"Por 1.000 habitantes"
2017;"Areatza";12,37;"Por 1.000 habitantes"
2017;"Aretxabaleta";7,17;"Por 1.000 habitantes"
2017;"Armiñón";4,55;"Por 1.000 habitantes"
2017;"Arraia-Maeztu";1,39;"Por 1.000 habitantes"
2017;"Arrankudiaga-Zollo";1,97;"Por 1.000 habitantes"
2017;"Arrasate/Mondragón";11,64;"Por 1.000 habitantes"
2017;"Arratzu";2,42;"Por 1.000 habitantes"
2017;"Arratzua-Ubarrundia";1,94;"Por 1.000 habitantes"
2017;"Arrieta";1,82;"Por 1.000 habitantes"
2017;"Arrigorriaga";18,96;"Por 1.000 habitantes"
2017;"Artea";2,78;"Por 1.000 habitantes"
2017;"Artzentales";16,85;"Por 1.000 habitantes"
2017;"Artziniega";7,31;"Por 1.000 habitantes"
2017;"Asparrena";14,74;"Por 1.000 habitantes"
2017;"Asteasu";9,86;"Por 1.000 habitantes"
2017;"Astigarraga";8,82;"Por 1.000 habitantes"
2017;"Ataun";8,13;"Por 1.000 habitantes"
2017;"Atxondo";5,6;"Por 1.000 habitantes"
2017;"Ayala/Aiara";1,04;"Por 1.000 habitantes"
2017;"Azkoitia";8,14;"Por 1.000 habitantes"
2017;"Azpeitia";12,38;"Por 1.000 habitantes"
2017;"Añana";5,56;"Por 1.000 habitantes"
2017;"Bakio";4,24;"Por 1.000 habitantes"
2017;"Baliarrain";19,87;"Por 1.000 habitantes"
2017;"Balmaseda";21,06;"Por 1.000 habitantes"
2017;"Barakaldo";30,4;"Por 1.000 habitantes"
2017;"Barrika";1,95;"Por 1.000 habitantes"
2017;"Barrundia";2,1;"Por 1.000 habitantes"
2017;"Basauri";14,38;"Por 1.000 habitantes"
2017;"Beasain";6,44;"Por 1.000 habitantes"
2017;"Bedia";9,75;"Por 1.000 habitantes"
2017;"Beizama";15,75;"Por 1.000 habitantes"
2017;"Belauntza";11,67;"Por 1.000 habitantes"
2017;"Berango";6,72;"Por 1.000 habitantes"
2017;"Berantevilla";2,07;"Por 1.000 habitantes"
2017;"Berastegi";2,83;"Por 1.000 habitantes"
2017;"Bergara";3,8;"Por 1.000 habitantes"
2017;"Bermeo";10,88;"Por 1.000 habitantes"
2017;"Bernedo";7,5;"Por 1.000 habitantes"
2017;"Berriatua";10,43;"Por 1.000 habitantes"
2017;"Berriz";11,75;"Por 1.000 habitantes"
2017;"Berrobi";8,1;"Por 1.000 habitantes"
2017;"Bidania-Goiatz";7,37;"Por 1.000 habitantes"
2017;"Bilbao";18,75;"Por 1.000 habitantes"
2017;"Busturia";10,91;"Por 1.000 habitantes"
2017;"Campezo/Kanpezu";2,82;"Por 1.000 habitantes"
2017;"Deba";6,07;"Por 1.000 habitantes"
2017;"Derio";8,64;"Por 1.000 habitantes"
2017;"Dima";3,46;"Por 1.000 habitantes"
2017;"Donostia / San Sebastián";14,12;"Por 1.000 habitantes"
2017;"Durango";10,72;"Por 1.000 habitantes"
2017;"Ea";5,89;"Por 1.000 habitantes"
2017;"Eibar";14,59;"Por 1.000 habitantes"
2017;"Elantxobe";16,48;"Por 1.000 habitantes"
2017;"Elburgo/Burgelu";1,57;"Por 1.000 habitantes"
2017;"Elciego";1,89;"Por 1.000 habitantes"
2017;"Elduain";12,35;"Por 1.000 habitantes"
2017;"Elgeta";7,02;"Por 1.000 habitantes"
2017;"Elgoibar";10,15;"Por 1.000 habitantes"
2017;"Elorrio";6,36;"Por 1.000 habitantes"
2017;"Elvillar/Bilar";8,15;"Por 1.000 habitantes"
2017;"Erandio";18,17;"Por 1.000 habitantes"
2017;"Ereño";3,88;"Por 1.000 habitantes"
2017;"Ermua";13,24;"Por 1.000 habitantes"
2017;"Errenteria";12,42;"Por 1.000 habitantes"
2017;"Errezil";11,09;"Por 1.000 habitantes"
2017;"Erriberagoitia/Ribera Alta";1,21;"Por 1.000 habitantes"
2017;"Errigoiti";4,04;"Por 1.000 habitantes"
2017;"Eskoriatza";6,35;"Por 1.000 habitantes"
2017;"Etxebarri";13,3;"Por 1.000 habitantes"
2017;"Etxebarria";10,94;"Por 1.000 habitantes"
2017;"Ezkio-Itsaso";1,57;"Por 1.000 habitantes"
2017;"Forua";9,73;"Por 1.000 habitantes"
2017;"Fruiz";5,46;"Por 1.000 habitantes"
2017;"Galdakao";9,2;"Por 1.000 habitantes"
2017;"Galdames";12,06;"Por 1.000 habitantes"
2017;"Gamiz-Fika";3,64;"Por 1.000 habitantes"
2017;"Garai";3,16;"Por 1.000 habitantes"
2017;"Gatika";5,4;"Por 1.000 habitantes"
2017;"Gautegiz Arteaga";1,17;"Por 1.000 habitantes"
2017;"Gaztelu";11,83;"Por 1.000 habitantes"
2017;"Gernika-Lumo";9,26;"Por 1.000 habitantes"
2017;"Getaria";3,91;"Por 1.000 habitantes"
2017;"Getxo";8,06;"Por 1.000 habitantes"
2017;"Gordexola";18,75;"Por 1.000 habitantes"
2017;"Gorliz";7,89;"Por 1.000 habitantes"
2017;"Güeñes";20,68;"Por 1.000 habitantes"
2017;"Hernani";11,81;"Por 1.000 habitantes"
2017;"Hernialde";3,21;"Por 1.000 habitantes"
2017;"Hondarribia";5,6;"Por 1.000 habitantes"
2017;"Ibarrangelu";4,74;"Por 1.000 habitantes"
2017;"Idiazabal";7,15;"Por 1.000 habitantes"
2017;"Igorre";13,31;"Por 1.000 habitantes"
2017;"Ikaztegieta";16,23;"Por 1.000 habitantes"
2017;"Irun";8,68;"Por 1.000 habitantes"
2017;"Irura";8,85;"Por 1.000 habitantes"
2017;"Iruña Oka/Iruña de Oca";7,32;"Por 1.000 habitantes"
2017;"Ispaster";6,9;"Por 1.000 habitantes"
2017;"Itsasondo";11,48;"Por 1.000 habitantes"
2017;"Iurreta";10,08;"Por 1.000 habitantes"
2017;"Izurtza";3,58;"Por 1.000 habitantes"
2017;"Karrantza Harana/Valle de Carranza";12,75;"Por 1.000 habitantes"
2017;"Kortezubi";4,6;"Por 1.000 habitantes"
2017;"Labastida/Bastida";6,72;"Por 1.000 habitantes"
2017;"Laguardia";4,49;"Por 1.000 habitantes"
2017;"Lanciego/Lantziego";4,26;"Por 1.000 habitantes"
2017;"Lanestosa";7,22;"Por 1.000 habitantes"
2017;"Lantarón";4,27;"Por 1.000 habitantes"
2017;"Lapuebla de Labarca";10,33;"Por 1.000 habitantes"
2017;"Larrabetzu";7,83;"Por 1.000 habitantes"
2017;"Lasarte-Oria";6,72;"Por 1.000 habitantes"
2017;"Laudio/Llodio";6,19;"Por 1.000 habitantes"
2017;"Laukiz";1,73;"Por 1.000 habitantes"
2017;"Lazkao";9,91;"Por 1.000 habitantes"
2017;"Leaburu";11,02;"Por 1.000 habitantes"
2017;"Legazpi";5,92;"Por 1.000 habitantes"
2017;"Legorreta";13,31;"Por 1.000 habitantes"
2017;"Legutio";11,48;"Por 1.000 habitantes"
2017;"Leintz-Gatzaga";8,13;"Por 1.000 habitantes"
2017;"Leioa";8,37;"Por 1.000 habitantes"
2017;"Lekeitio";5,69;"Por 1.000 habitantes"
2017;"Lemoa";11,04;"Por 1.000 habitantes"
2017;"Lemoiz";7,28;"Por 1.000 habitantes"
2017;"Leza";4,61;"Por 1.000 habitantes"
2017;"Lezama";6,28;"Por 1.000 habitantes"
2017;"Lezo";10,28;"Por 1.000 habitantes"
2017;"Lizartza";10,89;"Por 1.000 habitantes"
2017;"Loiu";4,75;"Por 1.000 habitantes"
2017;"Mallabia";5,1;"Por 1.000 habitantes"
2017;"Markina-Xemein";9,36;"Por 1.000 habitantes"
2017;"Maruri-Jatabe";1,09;"Por 1.000 habitantes"
2017;"Mañaria";11,52;"Por 1.000 habitantes"
2017;"Mendaro";8,4;"Por 1.000 habitantes"
2017;"Mendata";2,47;"Por 1.000 habitantes"
2017;"Moreda de Álava/Moreda Araba";7,12;"Por 1.000 habitantes"
2017;"Mundaka";6,55;"Por 1.000 habitantes"
2017;"Mungia";7,52;"Por 1.000 habitantes"
2017;"Murueta";6,64;"Por 1.000 habitantes"
2017;"Muskiz";21,82;"Por 1.000 habitantes"
2017;"Mutriku";8,97;"Por 1.000 habitantes"
2017;"Muxika";8,92;"Por 1.000 habitantes"
2017;"Nabarniz";4,05;"Por 1.000 habitantes"
2017;"Oiartzun";5,62;"Por 1.000 habitantes"
2017;"Okondo";6,79;"Por 1.000 habitantes"
2017;"Olaberria";6,63;"Por 1.000 habitantes"
2017;"Ondarroa";9,85;"Por 1.000 habitantes"
2017;"Ordizia";16,88;"Por 1.000 habitantes"
2017;"Orendain";15,15;"Por 1.000 habitantes"
2017;"Orexa";8,93;"Por 1.000 habitantes"
2017;"Orio";3,86;"Por 1.000 habitantes"
2017;"Ormaiztegi";7,6;"Por 1.000 habitantes"
2017;"Orozko";9,55;"Por 1.000 habitantes"
2017;"Ortuella";18,71;"Por 1.000 habitantes"
2017;"Otxandio";12,11;"Por 1.000 habitantes"
2017;"Oyón-Oion";11,61;"Por 1.000 habitantes"
2017;"Oñati";6;"Por 1.000 habitantes"
2017;"Pasaia";21,13;"Por 1.000 habitantes"
2017;"Plentzia";5,46;"Por 1.000 habitantes"
2017;"Portugalete";12,07;"Por 1.000 habitantes"
2017;"Ribera Baja/Erriberabeitia";4,49;"Por 1.000 habitantes"
2017;"Agurain/Salvatierra";9,35;"Por 1.000 habitantes"
2017;"Samaniego";4,15;"Por 1.000 habitantes"
2017;"San Millán/Donemiliaga";2,73;"Por 1.000 habitantes"
2017;"Santurtzi";16,59;"Por 1.000 habitantes"
2017;"Segura";5,34;"Por 1.000 habitantes"
2017;"Sestao";22,73;"Por 1.000 habitantes"
2017;"Sondika";9,61;"Por 1.000 habitantes"
2017;"Sopela";6,14;"Por 1.000 habitantes"
2017;"Sopuerta";11,46;"Por 1.000 habitantes"
2017;"Soraluze-Placencia de las Armas";29,37;"Por 1.000 habitantes"
2017;"Sukarrieta";8,62;"Por 1.000 habitantes"
2017;"Tolosa";8,51;"Por 1.000 habitantes"
2017;"Trucios-Turtzioz";5,77;"Por 1.000 habitantes"
2017;"Ubide";10,53;"Por 1.000 habitantes"
2017;"Ugao-Miraballes";11,49;"Por 1.000 habitantes"
2017;"Urduliz";6,56;"Por 1.000 habitantes"
2017;"Urduña/Orduña";15,52;"Por 1.000 habitantes"
2017;"Urkabustaiz";5,73;"Por 1.000 habitantes"
2017;"Urnieta";7,91;"Por 1.000 habitantes"
2017;"Urretxu";10,89;"Por 1.000 habitantes"
2017;"Usansolo";9,2;"Por 1.000 habitantes"
2017;"Usurbil";8,09;"Por 1.000 habitantes"
2017;"Valdegovía/Gaubea";3,76;"Por 1.000 habitantes"
2017;"Valle de Trápaga-Trapagaran";14,15;"Por 1.000 habitantes"
2017;"Villabona";14,55;"Por 1.000 habitantes"
2017;"Villabuena de Álava/Eskuernaga";9,84;"Por 1.000 habitantes"
2017;"Vitoria-Gasteiz";15,23;"Por 1.000 habitantes"
2017;"Yécora/Iekora";7,75;"Por 1.000 habitantes"
2017;"Zaldibar";11,43;"Por 1.000 habitantes"
2017;"Zaldibia";8,68;"Por 1.000 habitantes"
2017;"Zalla";22,34;"Por 1.000 habitantes"
2017;"Zambrana";2,35;"Por 1.000 habitantes"
2017;"Zamudio";13,89;"Por 1.000 habitantes"
2017;"Zaratamo";12,85;"Por 1.000 habitantes"
2017;"Zarautz";6,18;"Por 1.000 habitantes"
2017;"Zeanuri";4,8;"Por 1.000 habitantes"
2017;"Zeberio";3,79;"Por 1.000 habitantes"
2017;"Zegama";3,91;"Por 1.000 habitantes"
2017;"Zestoa";13,03;"Por 1.000 habitantes"
2017;"Zierbena";14,71;"Por 1.000 habitantes"
2017;"Ziortza-Bolibar";4,29;"Por 1.000 habitantes"
2017;"Zizurkil";17,7;"Por 1.000 habitantes"
2017;"Zuia";2,1;"Por 1.000 habitantes"
2017;"Zumaia";6,46;"Por 1.000 habitantes"
2017;"Zumarraga";12,67;"Por 1.000 habitantes"
2011;"Araba/Álava";6,15;"Por 1.000 habitantes"
2011;"C.A. de Euskadi";8,36;"Por 1.000 habitantes"
2011;"Bizkaia";9,97;"Por 1.000 habitantes"
2011;"Gipuzkoa";6,74;"Por 1.000 habitantes"
2011;"Arabako Lautada / Llanada Alavesa";6,78;"Por 1.000 habitantes"
2011;"Arabako Mendialdea / Montaña Alavesa";3,12;"Por 1.000 habitantes"
2011;"Arratia-Nerbioi / Arratia-Nervión";6,61;"Por 1.000 habitantes"
2011;"Bidasoa Beherea / Bajo Bidasoa";4,38;"Por 1.000 habitantes"
2011;"Bilbo Handia / Gran Bilbao";11,19;"Por 1.000 habitantes"
2011;"Debabarrena / Bajo Deba";6,71;"Por 1.000 habitantes"
2011;"Debagoiena / Alto Deba";7,49;"Por 1.000 habitantes"
2011;"Donostialdea";7,79;"Por 1.000 habitantes"
2011;"Añana (Comarca)";2;"Por 1.000 habitantes"
2011;"Durangaldea / Duranguesado";4,77;"Por 1.000 habitantes"
2011;"Enkartazioak / Encartaciones";10,99;"Por 1.000 habitantes"
2011;"Arabako Errioxa / Rioja Alavesa";3,09;"Por 1.000 habitantes"
2011;"Gernika-Bermeo";7,42;"Por 1.000 habitantes"
2011;"Goierri";5,91;"Por 1.000 habitantes"
2011;"Gorbeialdea / Estribaciones del Gorbea";4,09;"Por 1.000 habitantes"
2011;"Kantauri Arabarra / Cantábrica Alavesa";4,02;"Por 1.000 habitantes"
2011;"Markina-Ondarroa";4,85;"Por 1.000 habitantes"
2011;"Plentzia-Mungia";5,06;"Por 1.000 habitantes"
2011;"Tolosaldea / Tolosa";6,75;"Por 1.000 habitantes"
2011;"Urola-Kostaldea / Urola Costa";4,77;"Por 1.000 habitantes"
2011;"Abadiño";4,73;"Por 1.000 habitantes"
2011;"Abaltzisketa";3,16;"Por 1.000 habitantes"
2011;"Abanto y Ciérvana-Abanto Zierbena";12,41;"Por 1.000 habitantes"
2011;"Aduna";4,47;"Por 1.000 habitantes"
2011;"Aia";4,52;"Por 1.000 habitantes"
2011;"Aizarnazabal";2,76;"Por 1.000 habitantes"
2011;"Albiztur";3,42;"Por 1.000 habitantes"
2011;"Alegia";5,6;"Por 1.000 habitantes"
2011;"Alegría-Dulantzi";5,4;"Por 1.000 habitantes"
2011;"Alkiza";2,86;"Por 1.000 habitantes"
2011;"Alonsotegi";15,82;"Por 1.000 habitantes"
2011;"Altzaga";6,25;"Por 1.000 habitantes"
2011;"Altzo";5,65;"Por 1.000 habitantes"
2011;"Amezketa";4,19;"Por 1.000 habitantes"
2011;"Amorebieta-Etxano";2,5;"Por 1.000 habitantes"
2011;"Amoroto";2,49;"Por 1.000 habitantes"
2011;"Amurrio";4,55;"Por 1.000 habitantes"
2011;"Andoain";5,06;"Por 1.000 habitantes"
2011;"Anoeta";6,56;"Por 1.000 habitantes"
2011;"Antzuola";8,62;"Por 1.000 habitantes"
2011;"Arakaldo";8;"Por 1.000 habitantes"
2011;"Aramaio";2,62;"Por 1.000 habitantes"
2011;"Arantzazu";2,8;"Por 1.000 habitantes"
2011;"Areatza";7,53;"Por 1.000 habitantes"
2011;"Aretxabaleta";5,16;"Por 1.000 habitantes"
2011;"Arraia-Maeztu";2,74;"Por 1.000 habitantes"
2011;"Arrankudiaga-Zollo";2,08;"Por 1.000 habitantes"
2011;"Arrasate/Mondragón";10,37;"Por 1.000 habitantes"
2011;"Arratzu";2,59;"Por 1.000 habitantes"
2011;"Arratzua-Ubarrundia";5,04;"Por 1.000 habitantes"
2011;"Arrieta";1,84;"Por 1.000 habitantes"
2011;"Arrigorriaga";10,64;"Por 1.000 habitantes"
2011;"Artea";1,3;"Por 1.000 habitantes"
2011;"Artzentales";8,11;"Por 1.000 habitantes"
2011;"Artziniega";5,36;"Por 1.000 habitantes"
2011;"Asparrena";9,41;"Por 1.000 habitantes"
2011;"Asteasu";6,72;"Por 1.000 habitantes"
2011;"Astigarraga";5,09;"Por 1.000 habitantes"
2011;"Ataun";2,4;"Por 1.000 habitantes"
2011;"Atxondo";4,92;"Por 1.000 habitantes"
2011;"Aulesti";1,49;"Por 1.000 habitantes"
2011;"Ayala/Aiara";0,7;"Por 1.000 habitantes"
2011;"Azkoitia";4,54;"Por 1.000 habitantes"
2011;"Azpeitia";8,3;"Por 1.000 habitantes"
2011;"Bakio";8,12;"Por 1.000 habitantes"
2011;"Baliarrain";8,06;"Por 1.000 habitantes"
2011;"Balmaseda";11,92;"Por 1.000 habitantes"
2011;"Barakaldo";8,54;"Por 1.000 habitantes"
2011;"Barrika";3,3;"Por 1.000 habitantes"
2011;"Barrundia";1,07;"Por 1.000 habitantes"
2011;"Beasain";5,32;"Por 1.000 habitantes"
2011;"Bedia";3,07;"Por 1.000 habitantes"
2011;"Belauntza";3,38;"Por 1.000 habitantes"
2011;"Berango";4,06;"Por 1.000 habitantes"
2011;"Berantevilla";2,07;"Por 1.000 habitantes"
2011;"Berastegi";1,92;"Por 1.000 habitantes"
2011;"Bergara";7,68;"Por 1.000 habitantes"
2011;"Bermeo";9,58;"Por 1.000 habitantes"
2011;"Bernedo";1,72;"Por 1.000 habitantes"
2011;"Berriatua";1,58;"Por 1.000 habitantes"
2011;"Berriz";7,97;"Por 1.000 habitantes"
2011;"Berrobi";12,09;"Por 1.000 habitantes"
2011;"Bidania-Goiatz";3,77;"Por 1.000 habitantes"
2011;"Bilbao";16,73;"Por 1.000 habitantes"
2011;"Busturia";6,85;"Por 1.000 habitantes"
2011;"Campezo/Kanpezu";4,46;"Por 1.000 habitantes"
2011;"Deba";0,93;"Por 1.000 habitantes"
2011;"Derio";3,21;"Por 1.000 habitantes"
2011;"Dima";2,95;"Por 1.000 habitantes"
2011;"Donostia / San Sebastián";10,21;"Por 1.000 habitantes"
2011;"Durango";3,13;"Por 1.000 habitantes"
2011;"Ea";4,53;"Por 1.000 habitantes"
2011;"Eibar";6,75;"Por 1.000 habitantes"
2011;"Elantxobe";4,8;"Por 1.000 habitantes"
2011;"Elburgo/Burgelu";1,55;"Por 1.000 habitantes"
2011;"Elciego";0,93;"Por 1.000 habitantes"
2011;"Elduain";4,29;"Por 1.000 habitantes"
2011;"Elgeta";5,49;"Por 1.000 habitantes"
2011;"Elgoibar";7,53;"Por 1.000 habitantes"
2011;"Elorrio";0,14;"Por 1.000 habitantes"
2011;"Erandio";12,02;"Por 1.000 habitantes"
2011;"Ermua";11,37;"Por 1.000 habitantes"
2011;"Errezil";9,77;"Por 1.000 habitantes"
2011;"Erriberagoitia/Ribera Alta";2,3;"Por 1.000 habitantes"
2011;"Errigoiti";1,85;"Por 1.000 habitantes"
2011;"Eskoriatza";4,92;"Por 1.000 habitantes"
2011;"Etxebarri";16,83;"Por 1.000 habitantes"
2011;"Ezkio-Itsaso";1,66;"Por 1.000 habitantes"
2011;"Forua";9,32;"Por 1.000 habitantes"
2011;"Gabiria";1,98;"Por 1.000 habitantes"
2011;"Galdakao";1,65;"Por 1.000 habitantes"
2011;"Galdames";10,51;"Por 1.000 habitantes"
2011;"Gamiz-Fika";2,24;"Por 1.000 habitantes"
2011;"Garai";2,96;"Por 1.000 habitantes"
2011;"Gautegiz Arteaga";3,34;"Por 1.000 habitantes"
2011;"Gernika-Lumo";7,25;"Por 1.000 habitantes"
2011;"Getaria";4,53;"Por 1.000 habitantes"
2011;"Getxo";2,74;"Por 1.000 habitantes"
2011;"Gizaburuaga";4,9;"Por 1.000 habitantes"
2011;"Gordexola";9,13;"Por 1.000 habitantes"
2011;"Gorliz";5,81;"Por 1.000 habitantes"
2011;"Güeñes";10,89;"Por 1.000 habitantes"
2011;"Harana/Valle de Arana";3,47;"Por 1.000 habitantes"
2011;"Hernani";4,98;"Por 1.000 habitantes"
2011;"Hernialde";2,86;"Por 1.000 habitantes"
2011;"Hondarribia";3,11;"Por 1.000 habitantes"
2011;"Ibarra";8,52;"Por 1.000 habitantes"
2011;"Ibarrangelu";4,69;"Por 1.000 habitantes"
2011;"Idiazabal";3,89;"Por 1.000 habitantes"
2011;"Igorre";7,15;"Por 1.000 habitantes"
2011;"Ikaztegieta";4,31;"Por 1.000 habitantes"
2011;"Irun";4,73;"Por 1.000 habitantes"
2011;"Irura";4,98;"Por 1.000 habitantes"
2011;"Iruraiz-Gauna";1,75;"Por 1.000 habitantes"
2011;"Iruña Oka/Iruña de Oca";4,19;"Por 1.000 habitantes"
2011;"Ispaster";10,12;"Por 1.000 habitantes"
2011;"Itsasondo";1,49;"Por 1.000 habitantes"
2011;"Iurreta";4,69;"Por 1.000 habitantes"
2011;"Karrantza Harana/Valle de Carranza";5,72;"Por 1.000 habitantes"
2011;"Kortezubi";4,74;"Por 1.000 habitantes"
2011;"Kuartango";2,94;"Por 1.000 habitantes"
2011;"Labastida/Bastida";7,96;"Por 1.000 habitantes"
2011;"Laguardia";3,12;"Por 1.000 habitantes"
2011;"Lanciego/Lantziego";1,43;"Por 1.000 habitantes"
2011;"Lanestosa";18,32;"Por 1.000 habitantes"
2011;"Lantarón";3,17;"Por 1.000 habitantes"
2011;"Lapuebla de Labarca";4,65;"Por 1.000 habitantes"
2011;"Larrabetzu";3,05;"Por 1.000 habitantes"
2011;"Larraul";4,03;"Por 1.000 habitantes"
2011;"Lasarte-Oria";4,02;"Por 1.000 habitantes"
2011;"Laudio/Llodio";4,1;"Por 1.000 habitantes"
2011;"Laukiz";0,87;"Por 1.000 habitantes"
2011;"Lazkao";3,39;"Por 1.000 habitantes"
2011;"Leaburu";5,28;"Por 1.000 habitantes"
2011;"Legazpi";5,34;"Por 1.000 habitantes"
2011;"Legorreta";5,26;"Por 1.000 habitantes"
2011;"Legutio";7,61;"Por 1.000 habitantes"
2011;"Leintz-Gatzaga";3,73;"Por 1.000 habitantes"
2011;"Leioa";5,18;"Por 1.000 habitantes"
2011;"Lekeitio";5,54;"Por 1.000 habitantes"
2011;"Lemoa";7,58;"Por 1.000 habitantes"
2011;"Lemoiz";5,61;"Por 1.000 habitantes"
2011;"Leza";4,52;"Por 1.000 habitantes"
2011;"Lezama";2,83;"Por 1.000 habitantes"
2011;"Lezo";4,8;"Por 1.000 habitantes"
2011;"Lizartza";4,65;"Por 1.000 habitantes"
2011;"Loiu";2,48;"Por 1.000 habitantes"
2011;"Mallabia";0,84;"Por 1.000 habitantes"
2011;"Markina-Xemein";7,54;"Por 1.000 habitantes"
2011;"Maruri-Jatabe";1,07;"Por 1.000 habitantes"
2011;"Mendaro";5,63;"Por 1.000 habitantes"
2011;"Mendata";2,6;"Por 1.000 habitantes"
2011;"Mendexa";2,2;"Por 1.000 habitantes"
2011;"Mundaka";4,17;"Por 1.000 habitantes"
2011;"Mungia";7,43;"Por 1.000 habitantes"
2011;"Munitibar-Arbatzegi Gerrikaitz";2,3;"Por 1.000 habitantes"
2011;"Murueta";10,31;"Por 1.000 habitantes"
2011;"Muskiz";19,2;"Por 1.000 habitantes"
2011;"Mutiloa";4,2;"Por 1.000 habitantes"
2011;"Mutriku";4,36;"Por 1.000 habitantes"
2011;"Muxika";4,79;"Por 1.000 habitantes"
2011;"Nabarniz";4,31;"Por 1.000 habitantes"
2011;"Oiartzun";6,58;"Por 1.000 habitantes"
2011;"Okondo";4,33;"Por 1.000 habitantes"
2011;"Olaberria";4,26;"Por 1.000 habitantes"
2011;"Ondarroa";3,98;"Por 1.000 habitantes"
2011;"Ordizia";7,45;"Por 1.000 habitantes"
2011;"Orendain";5,52;"Por 1.000 habitantes"
2011;"Orio";2,62;"Por 1.000 habitantes"
2011;"Ormaiztegi";4,62;"Por 1.000 habitantes"
2011;"Orozko";9,85;"Por 1.000 habitantes"
2011;"Ortuella";11,9;"Por 1.000 habitantes"
2011;"Otxandio";5,44;"Por 1.000 habitantes"
2011;"Oyón-Oion";2,97;"Por 1.000 habitantes"
2011;"Oñati";4;"Por 1.000 habitantes"
2011;"Pasaia";13,8;"Por 1.000 habitantes"
2011;"Peñacerrada-Urizaharra";3,38;"Por 1.000 habitantes"
2011;"Plentzia";2,49;"Por 1.000 habitantes"
2011;"Portugalete";7,06;"Por 1.000 habitantes"
2011;"Ribera Baja/Erriberabeitia";0,7;"Por 1.000 habitantes"
2011;"Agurain/Salvatierra";11,24;"Por 1.000 habitantes"
2011;"Samaniego";3,09;"Por 1.000 habitantes"
2011;"San Millán/Donemiliaga";1,36;"Por 1.000 habitantes"
2011;"Santurtzi";15,46;"Por 1.000 habitantes"
2011;"Segura";4,71;"Por 1.000 habitantes"
2011;"Sestao";12,14;"Por 1.000 habitantes"
2011;"Sondika";4,45;"Por 1.000 habitantes"
2011;"Sopela";4,85;"Por 1.000 habitantes"
2011;"Sopuerta";7,75;"Por 1.000 habitantes"
2011;"Soraluze-Placencia de las Armas";15,47;"Por 1.000 habitantes"
2011;"Sukarrieta";8,75;"Por 1.000 habitantes"
2011;"Tolosa";7,33;"Por 1.000 habitantes"
2011;"Trucios-Turtzioz";3,66;"Por 1.000 habitantes"
2011;"Ubide";5,35;"Por 1.000 habitantes"
2011;"Ugao-Miraballes";7,67;"Por 1.000 habitantes"
2011;"Urduliz";3,05;"Por 1.000 habitantes"
2011;"Urduña/Orduña";8,56;"Por 1.000 habitantes"
2011;"Urkabustaiz";6,63;"Por 1.000 habitantes"
2011;"Urnieta";6,21;"Por 1.000 habitantes"
2011;"Urretxu";6,95;"Por 1.000 habitantes"
2011;"Usansolo";1,65;"Por 1.000 habitantes"
2011;"Usurbil";5,43;"Por 1.000 habitantes"
2011;"Valdegovía/Gaubea";2,67;"Por 1.000 habitantes"
2011;"Valle de Trápaga-Trapagaran";6,41;"Por 1.000 habitantes"
2011;"Villabona";7,82;"Por 1.000 habitantes"
2011;"Vitoria-Gasteiz";6,79;"Por 1.000 habitantes"
2011;"Yécora/Iekora";3,41;"Por 1.000 habitantes"
2011;"Zaldibar";4,95;"Por 1.000 habitantes"
2011;"Zaldibia";6,61;"Por 1.000 habitantes"
2011;"Zalduondo";10,1;"Por 1.000 habitantes"
2011;"Zalla";13,94;"Por 1.000 habitantes"
2011;"Zambrana";2,36;"Por 1.000 habitantes"
2011;"Zamudio";8,43;"Por 1.000 habitantes"
2011;"Zaratamo";6,58;"Por 1.000 habitantes"
2011;"Zarautz";2,61;"Por 1.000 habitantes"
2011;"Zeanuri";1,52;"Por 1.000 habitantes"
2011;"Zeberio";5,69;"Por 1.000 habitantes"
2011;"Zegama";3,25;"Por 1.000 habitantes"
2011;"Zerain";3,86;"Por 1.000 habitantes"
2011;"Zestoa";6,3;"Por 1.000 habitantes"
2011;"Zierbena";6,9;"Por 1.000 habitantes"
2011;"Zigoitia";1,14;"Por 1.000 habitantes"
2011;"Ziortza-Bolibar";2,24;"Por 1.000 habitantes"
2011;"Zizurkil";7,8;"Por 1.000 habitantes"
2011;"Zuia";3,25;"Por 1.000 habitantes"
2011;"Zumaia";5,4;"Por 1.000 habitantes"
2011;"Zumarraga";9,29;"Por 1.000 habitantes"
2019;"Araba/Álava";12,78;"Por 1.000 habitantes"
2019;"C.A. de Euskadi";13,1;"Por 1.000 habitantes"
2019;"Bizkaia";14,76;"Por 1.000 habitantes"
2019;"Gipuzkoa";10,59;"Por 1.000 habitantes"
2019;"Arabako Lautada / Llanada Alavesa";14,15;"Por 1.000 habitantes"
2019;"Arabako Mendialdea / Montaña Alavesa";4,97;"Por 1.000 habitantes"
2019;"Arratia-Nerbioi / Arratia-Nervión";11,14;"Por 1.000 habitantes"
2019;"Bidasoa Beherea / Bajo Bidasoa";8,7;"Por 1.000 habitantes"
2019;"Bilbo Handia / Gran Bilbao";16,27;"Por 1.000 habitantes"
2019;"Debabarrena / Bajo Deba";13,09;"Por 1.000 habitantes"
2019;"Debagoiena / Alto Deba";6,99;"Por 1.000 habitantes"
2019;"Donostialdea";12,79;"Por 1.000 habitantes"
2019;"Añana (Comarca)";2,77;"Por 1.000 habitantes"
2019;"Durangaldea / Duranguesado";10,26;"Por 1.000 habitantes"
2019;"Enkartazioak / Encartaciones";19,86;"Por 1.000 habitantes"
2019;"Arabako Errioxa / Rioja Alavesa";7,16;"Por 1.000 habitantes"
2019;"Gernika-Bermeo";9,3;"Por 1.000 habitantes"
2019;"Goierri";8,08;"Por 1.000 habitantes"
2019;"Gorbeialdea / Estribaciones del Gorbea";6,23;"Por 1.000 habitantes"
2019;"Kantauri Arabarra / Cantábrica Alavesa";8,32;"Por 1.000 habitantes"
2019;"Markina-Ondarroa";9,38;"Por 1.000 habitantes"
2019;"Plentzia-Mungia";5,38;"Por 1.000 habitantes"
2019;"Tolosaldea / Tolosa";8,46;"Por 1.000 habitantes"
2019;"Urola-Kostaldea / Urola Costa";7,84;"Por 1.000 habitantes"
2019;"Abadiño";8,54;"Por 1.000 habitantes"
2019;"Abaltzisketa";3,12;"Por 1.000 habitantes"
2019;"Abanto y Ciérvana-Abanto Zierbena";14,96;"Por 1.000 habitantes"
2019;"Aduna";2,07;"Por 1.000 habitantes"
2019;"Aia";6,53;"Por 1.000 habitantes"
2019;"Aizarnazabal";3,92;"Por 1.000 habitantes"
2019;"Albiztur";6,78;"Por 1.000 habitantes"
2019;"Alegia";21,41;"Por 1.000 habitantes"
2019;"Alegría-Dulantzi";15,44;"Por 1.000 habitantes"
2019;"Alkiza";5,75;"Por 1.000 habitantes"
2019;"Alonsotegi";21,5;"Por 1.000 habitantes"
2019;"Altzaga";5,38;"Por 1.000 habitantes"
2019;"Altzo";7,92;"Por 1.000 habitantes"
2019;"Amezketa";16,41;"Por 1.000 habitantes"
2019;"Amorebieta-Etxano";9,58;"Por 1.000 habitantes"
2019;"Amoroto";2,43;"Por 1.000 habitantes"
2019;"Amurrio";9,73;"Por 1.000 habitantes"
2019;"Andoain";10,96;"Por 1.000 habitantes"
2019;"Anoeta";14,26;"Por 1.000 habitantes"
2019;"Antzuola";7,31;"Por 1.000 habitantes"
2019;"Aramaio";4,02;"Por 1.000 habitantes"
2019;"Arantzazu";10,44;"Por 1.000 habitantes"
2019;"Areatza";13,9;"Por 1.000 habitantes"
2019;"Aretxabaleta";7,05;"Por 1.000 habitantes"
2019;"Arraia-Maeztu";2,73;"Por 1.000 habitantes"
2019;"Arrankudiaga-Zollo";3,93;"Por 1.000 habitantes"
2019;"Arrasate/Mondragón";9,2;"Por 1.000 habitantes"
2019;"Arratzu";2,42;"Por 1.000 habitantes"
2019;"Arratzua-Ubarrundia";1,93;"Por 1.000 habitantes"
2019;"Arrieta";1,77;"Por 1.000 habitantes"
2019;"Arrigorriaga";18,38;"Por 1.000 habitantes"
2019;"Artea";9,7;"Por 1.000 habitantes"
2019;"Artzentales";20,53;"Por 1.000 habitantes"
2019;"Artziniega";10,43;"Por 1.000 habitantes"
2019;"Asparrena";19,22;"Por 1.000 habitantes"
2019;"Asteasu";7,07;"Por 1.000 habitantes"
2019;"Astigarraga";8,71;"Por 1.000 habitantes"
2019;"Ataun";6,87;"Por 1.000 habitantes"
2019;"Atxondo";11,43;"Por 1.000 habitantes"
2019;"Aulesti";9;"Por 1.000 habitantes"
2019;"Ayala/Aiara";2,76;"Por 1.000 habitantes"
2019;"Azkoitia";7,93;"Por 1.000 habitantes"
2019;"Azpeitia";14,67;"Por 1.000 habitantes"
2019;"Bakio";5,7;"Por 1.000 habitantes"
2019;"Baliarrain";12,66;"Por 1.000 habitantes"
2019;"Balmaseda";22,97;"Por 1.000 habitantes"
2019;"Barakaldo";28,21;"Por 1.000 habitantes"
2019;"Barrika";1,96;"Por 1.000 habitantes"
2019;"Barrundia";3,18;"Por 1.000 habitantes"
2019;"Basauri";15,92;"Por 1.000 habitantes"
2019;"Beasain";6,29;"Por 1.000 habitantes"
2019;"Bedia";5,7;"Por 1.000 habitantes"
2019;"Beizama";16,39;"Por 1.000 habitantes"
2019;"Belauntza";7,69;"Por 1.000 habitantes"
2019;"Berango";5,38;"Por 1.000 habitantes"
2019;"Berantevilla";8,1;"Por 1.000 habitantes"
2019;"Berastegi";3,8;"Por 1.000 habitantes"
2019;"Bergara";3,93;"Por 1.000 habitantes"
2019;"Bermeo";11,66;"Por 1.000 habitantes"
2019;"Bernedo";5,73;"Por 1.000 habitantes"
2019;"Berriatua";11,16;"Por 1.000 habitantes"
2019;"Berriz";11,96;"Por 1.000 habitantes"
2019;"Berrobi";17,94;"Por 1.000 habitantes"
2019;"Bidania-Goiatz";3,58;"Por 1.000 habitantes"
2019;"Bilbao";16,55;"Por 1.000 habitantes"
2019;"Busturia";10,53;"Por 1.000 habitantes"
2019;"Campezo/Kanpezu";5,64;"Por 1.000 habitantes"
2019;"Deba";6,79;"Por 1.000 habitantes"
2019;"Derio";7,21;"Por 1.000 habitantes"
2019;"Dima";2,79;"Por 1.000 habitantes"
2019;"Donostia / San Sebastián";13,79;"Por 1.000 habitantes"
2019;"Durango";9,16;"Por 1.000 habitantes"
2019;"Ea";5,94;"Por 1.000 habitantes"
2019;"Eibar";15,46;"Por 1.000 habitantes"
2019;"Elantxobe";11,11;"Por 1.000 habitantes"
2019;"Elciego";3,86;"Por 1.000 habitantes"
2019;"Elduain";4,05;"Por 1.000 habitantes"
2019;"Elgeta";9,69;"Por 1.000 habitantes"
2019;"Elgoibar";10,2;"Por 1.000 habitantes"
2019;"Elorrio";8,6;"Por 1.000 habitantes"
2019;"Elvillar/Bilar";2,82;"Por 1.000 habitantes"
2019;"Erandio";16,17;"Por 1.000 habitantes"
2019;"Ereño";3,7;"Por 1.000 habitantes"
2019;"Ermua";13,66;"Por 1.000 habitantes"
2019;"Errenteria";12,67;"Por 1.000 habitantes"
2019;"Errezil";3,2;"Por 1.000 habitantes"
2019;"Erriberagoitia/Ribera Alta";1,2;"Por 1.000 habitantes"
2019;"Errigoiti";4,11;"Por 1.000 habitantes"
2019;"Eskoriatza";6,86;"Por 1.000 habitantes"
2019;"Etxebarri";13,07;"Por 1.000 habitantes"
2019;"Etxebarria";20,05;"Por 1.000 habitantes"
2019;"Ezkio-Itsaso";4,69;"Por 1.000 habitantes"
2019;"Forua";6,59;"Por 1.000 habitantes"
2019;"Fruiz";5,44;"Por 1.000 habitantes"
2019;"Gabiria";1,96;"Por 1.000 habitantes"
2019;"Galdakao";8,93;"Por 1.000 habitantes"
2019;"Galdames";10,71;"Por 1.000 habitantes"
2019;"Gamiz-Fika";1,46;"Por 1.000 habitantes"
2019;"Gatika";3,64;"Por 1.000 habitantes"
2019;"Gautegiz Arteaga";2,35;"Por 1.000 habitantes"
2019;"Gaztelu";5,99;"Por 1.000 habitantes"
2019;"Gernika-Lumo";9,54;"Por 1.000 habitantes"
2019;"Getaria";2,82;"Por 1.000 habitantes"
2019;"Getxo";9,15;"Por 1.000 habitantes"
2019;"Gizaburuaga";9,76;"Por 1.000 habitantes"
2019;"Gordexola";14,5;"Por 1.000 habitantes"
2019;"Gorliz";6,63;"Por 1.000 habitantes"
2019;"Güeñes";23,92;"Por 1.000 habitantes"
2019;"Hernani";12,21;"Por 1.000 habitantes"
2019;"Hondarribia";6,07;"Por 1.000 habitantes"
2019;"Ibarra";2,8;"Por 1.000 habitantes"
2019;"Ibarrangelu";8,03;"Por 1.000 habitantes"
2019;"Idiazabal";6,71;"Por 1.000 habitantes"
2019;"Igorre";12,17;"Por 1.000 habitantes"
2019;"Ikaztegieta";22,18;"Por 1.000 habitantes"
2019;"Irun";9,44;"Por 1.000 habitantes"
2019;"Irura";9,93;"Por 1.000 habitantes"
2019;"Iruña Oka/Iruña de Oca";6,48;"Por 1.000 habitantes"
2019;"Ispaster";6,73;"Por 1.000 habitantes"
2019;"Itsasondo";15,21;"Por 1.000 habitantes"
2019;"Iurreta";13,55;"Por 1.000 habitantes"
2019;"Izurtza";10,42;"Por 1.000 habitantes"
2019;"Karrantza Harana/Valle de Carranza";15,96;"Por 1.000 habitantes"
2019;"Kortezubi";2,27;"Por 1.000 habitantes"
2019;"Kuartango";2,73;"Por 1.000 habitantes"
2019;"Labastida/Bastida";10,48;"Por 1.000 habitantes"
2019;"Laguardia";2,59;"Por 1.000 habitantes"
2019;"Lanciego/Lantziego";8,12;"Por 1.000 habitantes"
2019;"Lanestosa";18,12;"Por 1.000 habitantes"
2019;"Lantarón";1,06;"Por 1.000 habitantes"
2019;"Lapuebla de Labarca";9,08;"Por 1.000 habitantes"
2019;"Larrabetzu";7,31;"Por 1.000 habitantes"
2019;"Lasarte-Oria";6,71;"Por 1.000 habitantes"
2019;"Laudio/Llodio";8,23;"Por 1.000 habitantes"
2019;"Lazkao";7,87;"Por 1.000 habitantes"
2019;"Leaburu";8,09;"Por 1.000 habitantes"
2019;"Legazpi";4,28;"Por 1.000 habitantes"
2019;"Legorreta";9,4;"Por 1.000 habitantes"
2019;"Legutio";13,23;"Por 1.000 habitantes"
2019;"Leintz-Gatzaga";4,13;"Por 1.000 habitantes"
2019;"Leioa";6,87;"Por 1.000 habitantes"
2019;"Lekeitio";6,91;"Por 1.000 habitantes"
2019;"Lemoa";13,54;"Por 1.000 habitantes"
2019;"Lemoiz";4,81;"Por 1.000 habitantes"
2019;"Leza";9,01;"Por 1.000 habitantes"
2019;"Lezama";8,76;"Por 1.000 habitantes"
2019;"Lezo";11,82;"Por 1.000 habitantes"
2019;"Lizartza";9,26;"Por 1.000 habitantes"
2019;"Loiu";3,86;"Por 1.000 habitantes"
2019;"Mallabia";3,38;"Por 1.000 habitantes"
2019;"Markina-Xemein";12,21;"Por 1.000 habitantes"
2019;"Maruri-Jatabe";2,17;"Por 1.000 habitantes"
2019;"Mañaria";5,78;"Por 1.000 habitantes"
2019;"Mendaro";8,46;"Por 1.000 habitantes"
2019;"Mendata";2,46;"Por 1.000 habitantes"
2019;"Mendexa";4,18;"Por 1.000 habitantes"
2019;"Moreda de Álava/Moreda Araba";3,65;"Por 1.000 habitantes"
2019;"Mundaka";5,97;"Por 1.000 habitantes"
2019;"Mungia";6,41;"Por 1.000 habitantes"
2019;"Munitibar-Arbatzegi Gerrikaitz";13,1;"Por 1.000 habitantes"
2019;"Murueta";3,25;"Por 1.000 habitantes"
2019;"Muskiz";20,62;"Por 1.000 habitantes"
2019;"Mutriku";7,33;"Por 1.000 habitantes"
2019;"Muxika";6,04;"Por 1.000 habitantes"
2019;"Nabarniz";4,18;"Por 1.000 habitantes"
2019;"Oiartzun";5,98;"Por 1.000 habitantes"
2019;"Okondo";7,43;"Por 1.000 habitantes"
2019;"Olaberria";4,37;"Por 1.000 habitantes"
2019;"Ondarroa";9,67;"Por 1.000 habitantes"
2019;"Ordizia";11,28;"Por 1.000 habitantes"
2019;"Orendain";9,66;"Por 1.000 habitantes"
2019;"Orio";4,26;"Por 1.000 habitantes"
2019;"Ormaiztegi";8,55;"Por 1.000 habitantes"
2019;"Orozko";8,39;"Por 1.000 habitantes"
2019;"Ortuella";18,37;"Por 1.000 habitantes"
2019;"Otxandio";10,4;"Por 1.000 habitantes"
2019;"Oyón-Oion";10,83;"Por 1.000 habitantes"
2019;"Oñati";6,48;"Por 1.000 habitantes"
2019;"Pasaia";20,7;"Por 1.000 habitantes"
2019;"Peñacerrada-Urizaharra";13,89;"Por 1.000 habitantes"
2019;"Plentzia";3,88;"Por 1.000 habitantes"
2019;"Portugalete";11,7;"Por 1.000 habitantes"
2019;"Ribera Baja/Erriberabeitia";3,8;"Por 1.000 habitantes"
2019;"Agurain/Salvatierra";18,22;"Por 1.000 habitantes"
2019;"Samaniego";4,17;"Por 1.000 habitantes"
2019;"San Millán/Donemiliaga";1,37;"Por 1.000 habitantes"
2019;"Santurtzi";16,37;"Por 1.000 habitantes"
2019;"Segura";5,89;"Por 1.000 habitantes"
2019;"Sestao";25,52;"Por 1.000 habitantes"
2019;"Sondika";9,97;"Por 1.000 habitantes"
2019;"Sopela";6,05;"Por 1.000 habitantes"
2019;"Sopuerta";12,05;"Por 1.000 habitantes"
2019;"Soraluze-Placencia de las Armas";24,01;"Por 1.000 habitantes"
2019;"Sukarrieta";8,96;"Por 1.000 habitantes"
2019;"Tolosa";7,76;"Por 1.000 habitantes"
2019;"Trucios-Turtzioz";15,5;"Por 1.000 habitantes"
2019;"Ubide";5,59;"Por 1.000 habitantes"
2019;"Ugao-Miraballes";13,87;"Por 1.000 habitantes"
2019;"Urduliz";5,68;"Por 1.000 habitantes"
2019;"Urduña/Orduña";16,93;"Por 1.000 habitantes"
2019;"Urkabustaiz";11,78;"Por 1.000 habitantes"
2019;"Urnieta";10,97;"Por 1.000 habitantes"
2019;"Urretxu";9,39;"Por 1.000 habitantes"
2019;"Usansolo";8,93;"Por 1.000 habitantes"
2019;"Usurbil";6,34;"Por 1.000 habitantes"
2019;"Valdegovía/Gaubea";2,81;"Por 1.000 habitantes"
2019;"Valle de Trápaga-Trapagaran";12,47;"Por 1.000 habitantes"
2019;"Villabona";8,29;"Por 1.000 habitantes"
2019;"Villabuena de Álava/Eskuernaga";3,41;"Por 1.000 habitantes"
2019;"Vitoria-Gasteiz";14,33;"Por 1.000 habitantes"
2019;"Yécora/Iekora";3,82;"Por 1.000 habitantes"
2019;"Zaldibar";10,82;"Por 1.000 habitantes"
2019;"Zaldibia";8,52;"Por 1.000 habitantes"
2019;"Zalla";19,79;"Por 1.000 habitantes"
2019;"Zambrana";2,27;"Por 1.000 habitantes"
2019;"Zamudio";17,91;"Por 1.000 habitantes"
2019;"Zaratamo";12,2;"Por 1.000 habitantes"
2019;"Zarautz";5,4;"Por 1.000 habitantes"
2019;"Zeanuri";5,57;"Por 1.000 habitantes"
2019;"Zeberio";6,51;"Por 1.000 habitantes"
2019;"Zegama";3,27;"Por 1.000 habitantes"
2019;"Zestoa";12,94;"Por 1.000 habitantes"
2019;"Zierbena";9,94;"Por 1.000 habitantes"
2019;"Zigoitia";0,58;"Por 1.000 habitantes"
2019;"Ziortza-Bolibar";2,25;"Por 1.000 habitantes"
2019;"Zizurkil";9,23;"Por 1.000 habitantes"
2019;"Zuia";2,96;"Por 1.000 habitantes"
2019;"Zumaia";5,39;"Por 1.000 habitantes"
2019;"Zumarraga";12,46;"Por 1.000 habitantes"
2022;"Araba/Álava";12,64;"Por 1.000 habitantes"
2022;"C.A. de Euskadi";13,01;"Por 1.000 habitantes"
2022;"Bizkaia";14,16;"Por 1.000 habitantes"
2022;"Gipuzkoa";11,36;"Por 1.000 habitantes"
2022;"Arabako Lautada / Llanada Alavesa";13,86;"Por 1.000 habitantes"
2022;"Arabako Mendialdea / Montaña Alavesa";3,72;"Por 1.000 habitantes"
2022;"Arratia-Nerbioi / Arratia-Nervión";12,19;"Por 1.000 habitantes"
2022;"Bidasoa Beherea / Bajo Bidasoa";8,51;"Por 1.000 habitantes"
2022;"Bilbo Handia / Gran Bilbao";15,58;"Por 1.000 habitantes"
2022;"Debabarrena / Bajo Deba";13,33;"Por 1.000 habitantes"
2022;"Debagoiena / Alto Deba";7,94;"Por 1.000 habitantes"
2022;"Donostialdea";13,56;"Por 1.000 habitantes"
2022;"Añana (Comarca)";3,48;"Por 1.000 habitantes"
2022;"Durangaldea / Duranguesado";10,04;"Por 1.000 habitantes"
2022;"Enkartazioak / Encartaciones";18;"Por 1.000 habitantes"
2022;"Arabako Errioxa / Rioja Alavesa";7,58;"Por 1.000 habitantes"
2022;"Gernika-Bermeo";5,93;"Por 1.000 habitantes"
2022;"Goierri";8,9;"Por 1.000 habitantes"
2022;"Gorbeialdea / Estribaciones del Gorbea";6,44;"Por 1.000 habitantes"
2022;"Kantauri Arabarra / Cantábrica Alavesa";9,14;"Por 1.000 habitantes"
2022;"Markina-Ondarroa";12,37;"Por 1.000 habitantes"
2022;"Plentzia-Mungia";6,62;"Por 1.000 habitantes"
2022;"Tolosaldea / Tolosa";9,9;"Por 1.000 habitantes"
2022;"Urola-Kostaldea / Urola Costa";9,24;"Por 1.000 habitantes"
2022;"Abadiño";8,28;"Por 1.000 habitantes"
2022;"Abanto y Ciérvana-Abanto Zierbena";20,96;"Por 1.000 habitantes"
2022;"Aia";7,64;"Por 1.000 habitantes"
2022;"Aizarnazabal";3,99;"Por 1.000 habitantes"
2022;"Albiztur";13,07;"Por 1.000 habitantes"
2022;"Alegia";19,39;"Por 1.000 habitantes"
2022;"Alegría-Dulantzi";13,56;"Por 1.000 habitantes"
2022;"Alkiza";2,86;"Por 1.000 habitantes"
2022;"Alonsotegi";18,58;"Por 1.000 habitantes"
2022;"Altzaga";5,92;"Por 1.000 habitantes"
2022;"Altzo";12,89;"Por 1.000 habitantes"
2022;"Amezketa";15,12;"Por 1.000 habitantes"
2022;"Amorebieta-Etxano";9,16;"Por 1.000 habitantes"
2022;"Amoroto";2,58;"Por 1.000 habitantes"
2022;"Amurrio";10,69;"Por 1.000 habitantes"
2022;"Andoain";4,2;"Por 1.000 habitantes"
2022;"Anoeta";7,58;"Por 1.000 habitantes"
2022;"Antzuola";8,87;"Por 1.000 habitantes"
2022;"Arakaldo";5,75;"Por 1.000 habitantes"
2022;"Arama";5,08;"Por 1.000 habitantes"
2022;"Aramaio";4,81;"Por 1.000 habitantes"
2022;"Arantzazu";7,21;"Por 1.000 habitantes"
2022;"Areatza";14,59;"Por 1.000 habitantes"
2022;"Aretxabaleta";5,61;"Por 1.000 habitantes"
2022;"Armiñón";4,41;"Por 1.000 habitantes"
2022;"Arrankudiaga-Zollo";2,95;"Por 1.000 habitantes"
2022;"Arrasate/Mondragón";9,88;"Por 1.000 habitantes"
2022;"Arratzu";2,37;"Por 1.000 habitantes"
2022;"Arratzua-Ubarrundia";1,86;"Por 1.000 habitantes"
2022;"Arrieta";1,76;"Por 1.000 habitantes"
2022;"Arrigorriaga";16,05;"Por 1.000 habitantes"
2022;"Artea";11,87;"Por 1.000 habitantes"
2022;"Artzentales";11,25;"Por 1.000 habitantes"
2022;"Artziniega";11,73;"Por 1.000 habitantes"
2022;"Asparrena";21,25;"Por 1.000 habitantes"
2022;"Asteasu";3,95;"Por 1.000 habitantes"
2022;"Astigarraga";7,56;"Por 1.000 habitantes"
2022;"Ataun";6,5;"Por 1.000 habitantes"
2022;"Atxondo";8,73;"Por 1.000 habitantes"
2022;"Aulesti";3,07;"Por 1.000 habitantes"
2022;"Ayala/Aiara";2,77;"Por 1.000 habitantes"
2022;"Azkoitia";8,97;"Por 1.000 habitantes"
2022;"Azpeitia";15,09;"Por 1.000 habitantes"
2022;"Bakio";5,68;"Por 1.000 habitantes"
2022;"Baliarrain";12,9;"Por 1.000 habitantes"
2022;"Balmaseda";21,63;"Por 1.000 habitantes"
2022;"Barakaldo";18,63;"Por 1.000 habitantes"
2022;"Barrika";3,79;"Por 1.000 habitantes"
2022;"Barrundia";3,22;"Por 1.000 habitantes"
2022;"Basauri";14,53;"Por 1.000 habitantes"
2022;"Baños de Ebro/Mañueta";3,14;"Por 1.000 habitantes"
2022;"Beasain";8,04;"Por 1.000 habitantes"
2022;"Bedia";9,95;"Por 1.000 habitantes"
2022;"Beizama";18,18;"Por 1.000 habitantes"
2022;"Belauntza";13,51;"Por 1.000 habitantes"
2022;"Berango";6,34;"Por 1.000 habitantes"
2022;"Berantevilla";5,98;"Por 1.000 habitantes"
2022;"Berastegi";2,81;"Por 1.000 habitantes"
2022;"Bergara";5,97;"Por 1.000 habitantes"
2022;"Bermeo";0,06;"Por 1.000 habitantes"
2022;"Bernedo";1,8;"Por 1.000 habitantes"
2022;"Berriatua";8,97;"Por 1.000 habitantes"
2022;"Berriz";13,89;"Por 1.000 habitantes"
2022;"Berrobi";28,48;"Por 1.000 habitantes"
2022;"Bidania-Goiatz";5,61;"Por 1.000 habitantes"
2022;"Bilbao";16,65;"Por 1.000 habitantes"
2022;"Busturia";13,25;"Por 1.000 habitantes"
2022;"Campezo/Kanpezu";6,25;"Por 1.000 habitantes"
2022;"Deba";3,72;"Por 1.000 habitantes"
2022;"Derio";8,07;"Por 1.000 habitantes"
2022;"Dima";4,06;"Por 1.000 habitantes"
2022;"Donostia / San Sebastián";15,69;"Por 1.000 habitantes"
2022;"Durango";8,92;"Por 1.000 habitantes"
2022;"Ea";10,54;"Por 1.000 habitantes"
2022;"Eibar";15,36;"Por 1.000 habitantes"
2022;"Elantxobe";8,5;"Por 1.000 habitantes"
2022;"Elburgo/Burgelu";3,06;"Por 1.000 habitantes"
2022;"Elciego";0,99;"Por 1.000 habitantes"
2022;"Elduain";4,2;"Por 1.000 habitantes"
2022;"Elgeta";10,01;"Por 1.000 habitantes"
2022;"Elgoibar";11,22;"Por 1.000 habitantes"
2022;"Elorrio";6,09;"Por 1.000 habitantes"
2022;"Elvillar/Bilar";12,05;"Por 1.000 habitantes"
2022;"Erandio";12,97;"Por 1.000 habitantes"
2022;"Ereño";7,07;"Por 1.000 habitantes"
2022;"Ermua";13,24;"Por 1.000 habitantes"
2022;"Errenteria";13,89;"Por 1.000 habitantes"
2022;"Errezil";5,19;"Por 1.000 habitantes"
2022;"Errigoiti";5,92;"Por 1.000 habitantes"
2022;"Eskoriatza";9,1;"Por 1.000 habitantes"
2022;"Etxebarri";9,86;"Por 1.000 habitantes"
2022;"Etxebarria";14,29;"Por 1.000 habitantes"
2022;"Ezkio-Itsaso";9,51;"Por 1.000 habitantes"
2022;"Forua";14,05;"Por 1.000 habitantes"
2022;"Fruiz";5,45;"Por 1.000 habitantes"
2022;"Gabiria";3,79;"Por 1.000 habitantes"
2022;"Gaintza";7,87;"Por 1.000 habitantes"
2022;"Galdakao";9,58;"Por 1.000 habitantes"
2022;"Galdames";15,55;"Por 1.000 habitantes"
2022;"Gamiz-Fika";0,72;"Por 1.000 habitantes"
2022;"Garai";3,1;"Por 1.000 habitantes"
2022;"Gatika";6,13;"Por 1.000 habitantes"
2022;"Gautegiz Arteaga";1,11;"Por 1.000 habitantes"
2022;"Gaztelu";16,85;"Por 1.000 habitantes"
2022;"Gernika-Lumo";11;"Por 1.000 habitantes"
2022;"Getaria";5,21;"Por 1.000 habitantes"
2022;"Getxo";9,8;"Por 1.000 habitantes"
2022;"Gordexola";15,39;"Por 1.000 habitantes"
2022;"Gorliz";6,9;"Por 1.000 habitantes"
2022;"Güeñes";18,49;"Por 1.000 habitantes"
2022;"Hernani";10,98;"Por 1.000 habitantes"
2022;"Hernialde";6,37;"Por 1.000 habitantes"
2022;"Hondarribia";5,69;"Por 1.000 habitantes"
2022;"Ibarra";7,81;"Por 1.000 habitantes"
2022;"Ibarrangelu";5,69;"Por 1.000 habitantes"
2022;"Idiazabal";8,6;"Por 1.000 habitantes"
2022;"Igorre";13,03;"Por 1.000 habitantes"
2022;"Ikaztegieta";23,11;"Por 1.000 habitantes"
2022;"Irun";9,3;"Por 1.000 habitantes"
2022;"Irura";9,2;"Por 1.000 habitantes"
2022;"Iruña Oka/Iruña de Oca";6,61;"Por 1.000 habitantes"
2022;"Ispaster";4,06;"Por 1.000 habitantes"
2022;"Itsasondo";21,08;"Por 1.000 habitantes"
2022;"Iurreta";10,95;"Por 1.000 habitantes"
2022;"Izurtza";4,27;"Por 1.000 habitantes"
2022;"Karrantza Harana/Valle de Carranza";10,97;"Por 1.000 habitantes"
2022;"Kortezubi";4,43;"Por 1.000 habitantes"
2022;"Kuartango";2,53;"Por 1.000 habitantes"
2022;"Labastida/Bastida";9,85;"Por 1.000 habitantes"
2022;"Laguardia";6,44;"Por 1.000 habitantes"
2022;"Lanciego/Lantziego";5,23;"Por 1.000 habitantes"
2022;"Lanestosa";17,92;"Por 1.000 habitantes"
2022;"Lantarón";1,01;"Por 1.000 habitantes"
2022;"Lapuebla de Labarca";5,75;"Por 1.000 habitantes"
2022;"Larrabetzu";10,08;"Por 1.000 habitantes"
2022;"Lasarte-Oria";7,42;"Por 1.000 habitantes"
2022;"Laudio/Llodio";9,32;"Por 1.000 habitantes"
2022;"Lazkao";5,87;"Por 1.000 habitantes"
2022;"Leaburu";21,16;"Por 1.000 habitantes"
2022;"Legazpi";5,91;"Por 1.000 habitantes"
2022;"Legorreta";9,38;"Por 1.000 habitantes"
2022;"Legutio";12,3;"Por 1.000 habitantes"
2022;"Leioa";10,34;"Por 1.000 habitantes"
2022;"Lekeitio";11,92;"Por 1.000 habitantes"
2022;"Lemoa";16,48;"Por 1.000 habitantes"
2022;"Lemoiz";5,97;"Por 1.000 habitantes"
2022;"Leza";9,13;"Por 1.000 habitantes"
2022;"Lezama";8,3;"Por 1.000 habitantes"
2022;"Lezo";11,59;"Por 1.000 habitantes"
2022;"Lizartza";18,35;"Por 1.000 habitantes"
2022;"Loiu";6,36;"Por 1.000 habitantes"
2022;"Mallabia";9,33;"Por 1.000 habitantes"
2022;"Markina-Xemein";17,53;"Por 1.000 habitantes"
2022;"Maruri-Jatabe";0,98;"Por 1.000 habitantes"
2022;"Mañaria";5,68;"Por 1.000 habitantes"
2022;"Mendaro";12,91;"Por 1.000 habitantes"
2022;"Mendata";4,88;"Por 1.000 habitantes"
2022;"Mendexa";11,11;"Por 1.000 habitantes"
2022;"Meñaka";1,35;"Por 1.000 habitantes"
2022;"Moreda de Álava/Moreda Araba";7,78;"Por 1.000 habitantes"
2022;"Morga";2,34;"Por 1.000 habitantes"
2022;"Mundaka";5,87;"Por 1.000 habitantes"
2022;"Mungia";8,38;"Por 1.000 habitantes"
2022;"Munitibar-Arbatzegi Gerrikaitz";12,82;"Por 1.000 habitantes"
2022;"Murueta";6,1;"Por 1.000 habitantes"
2022;"Muskiz";21,28;"Por 1.000 habitantes"
2022;"Mutriku";7,29;"Por 1.000 habitantes"
2022;"Muxika";7,36;"Por 1.000 habitantes"
2022;"Nabarniz";3,83;"Por 1.000 habitantes"
2022;"Oiartzun";5,7;"Por 1.000 habitantes"
2022;"Okondo";4,28;"Por 1.000 habitantes"
2022;"Olaberria";9,72;"Por 1.000 habitantes"
2022;"Ondarroa";12,75;"Por 1.000 habitantes"
2022;"Ordizia";11,07;"Por 1.000 habitantes"
2022;"Orexa";9,52;"Por 1.000 habitantes"
2022;"Orio";11,8;"Por 1.000 habitantes"
2022;"Ormaiztegi";12,93;"Por 1.000 habitantes"
2022;"Orozko";9,49;"Por 1.000 habitantes"
2022;"Ortuella";20,65;"Por 1.000 habitantes"
2022;"Otxandio";8,38;"Por 1.000 habitantes"
2022;"Oyón-Oion";10,69;"Por 1.000 habitantes"
2022;"Oñati";7,58;"Por 1.000 habitantes"
2022;"Pasaia";19,42;"Por 1.000 habitantes"
2022;"Peñacerrada-Urizaharra";12,2;"Por 1.000 habitantes"
2022;"Plentzia";5,15;"Por 1.000 habitantes"
2022;"Portugalete";13,44;"Por 1.000 habitantes"
2022;"Ribera Baja/Erriberabeitia";4,45;"Por 1.000 habitantes"
2022;"Agurain/Salvatierra";11,82;"Por 1.000 habitantes"
2022;"Samaniego";6,73;"Por 1.000 habitantes"
2022;"San Millán/Donemiliaga";1,37;"Por 1.000 habitantes"
2022;"Santurtzi";17,66;"Por 1.000 habitantes"
2022;"Sestao";27,84;"Por 1.000 habitantes"
2022;"Sondika";10,89;"Por 1.000 habitantes"
2022;"Sopela";6,99;"Por 1.000 habitantes"
2022;"Sopuerta";10,71;"Por 1.000 habitantes"
2022;"Soraluze-Placencia de las Armas";27,93;"Por 1.000 habitantes"
2022;"Sukarrieta";2,72;"Por 1.000 habitantes"
2022;"Tolosa";10,09;"Por 1.000 habitantes"
2022;"Trucios-Turtzioz";15,15;"Por 1.000 habitantes"
2022;"Ugao-Miraballes";14,56;"Por 1.000 habitantes"
2022;"Urduliz";7,96;"Por 1.000 habitantes"
2022;"Urduña/Orduña";20;"Por 1.000 habitantes"
2022;"Urkabustaiz";13,01;"Por 1.000 habitantes"
2022;"Urnieta";13,45;"Por 1.000 habitantes"
2022;"Urretxu";9,41;"Por 1.000 habitantes"
2022;"Usansolo";9,58;"Por 1.000 habitantes"
2022;"Usurbil";5,91;"Por 1.000 habitantes"
2022;"Valdegovía/Gaubea";6,93;"Por 1.000 habitantes"
2022;"Valle de Trápaga-Trapagaran";14,8;"Por 1.000 habitantes"
2022;"Villabona";8,57;"Por 1.000 habitantes"
2022;"Villabuena de Álava/Eskuernaga";6,8;"Por 1.000 habitantes"
2022;"Vitoria-Gasteiz";14,16;"Por 1.000 habitantes"
2022;"Yécora/Iekora";8,1;"Por 1.000 habitantes"
2022;"Zaldibar";12,62;"Por 1.000 habitantes"
2022;"Zaldibia";11,18;"Por 1.000 habitantes"
2022;"Zalla";20,5;"Por 1.000 habitantes"
2022;"Zambrana";2,33;"Por 1.000 habitantes"
2022;"Zamudio";20,23;"Por 1.000 habitantes"
2022;"Zaratamo";16,08;"Por 1.000 habitantes"
2022;"Zarautz";6,02;"Por 1.000 habitantes"
2022;"Zeanuri";7,21;"Por 1.000 habitantes"
2022;"Zeberio";9,31;"Por 1.000 habitantes"
2022;"Zestoa";14,39;"Por 1.000 habitantes"
2022;"Zierbena";10,07;"Por 1.000 habitantes"
2022;"Zigoitia";1,63;"Por 1.000 habitantes"
2022;"Ziortza-Bolibar";2,4;"Por 1.000 habitantes"
2022;"Zizurkil";10,66;"Por 1.000 habitantes"
2022;"Zuia";2,1;"Por 1.000 habitantes"
2022;"Zumaia";6,58;"Por 1.000 habitantes"
2022;"Zumarraga";14,2;"Por 1.000 habitantes"
2021;"Araba/Álava";13,89;"Por 1.000 habitantes"
2021;"C.A. de Euskadi";13,46;"Por 1.000 habitantes"
2021;"Bizkaia";14,46;"Por 1.000 habitantes"
2021;"Gipuzkoa";11,67;"Por 1.000 habitantes"
2021;"Arabako Lautada / Llanada Alavesa";15,33;"Por 1.000 habitantes"
2021;"Arabako Mendialdea / Montaña Alavesa";4,67;"Por 1.000 habitantes"
2021;"Arratia-Nerbioi / Arratia-Nervión";12,35;"Por 1.000 habitantes"
2021;"Bidasoa Beherea / Bajo Bidasoa";9,23;"Por 1.000 habitantes"
2021;"Bilbo Handia / Gran Bilbao";16,04;"Por 1.000 habitantes"
2021;"Debabarrena / Bajo Deba";13,78;"Por 1.000 habitantes"
2021;"Debagoiena / Alto Deba";7,24;"Por 1.000 habitantes"
2021;"Donostialdea";14,1;"Por 1.000 habitantes"
2021;"Añana (Comarca)";3,65;"Por 1.000 habitantes"
2021;"Durangaldea / Duranguesado";9,1;"Por 1.000 habitantes"
2021;"Enkartazioak / Encartaciones";18,58;"Por 1.000 habitantes"
2021;"Arabako Errioxa / Rioja Alavesa";7,51;"Por 1.000 habitantes"
2021;"Gernika-Bermeo";6,7;"Por 1.000 habitantes"
2021;"Goierri";8,96;"Por 1.000 habitantes"
2021;"Gorbeialdea / Estribaciones del Gorbea";6,91;"Por 1.000 habitantes"
2021;"Kantauri Arabarra / Cantábrica Alavesa";9,54;"Por 1.000 habitantes"
2021;"Markina-Ondarroa";12,89;"Por 1.000 habitantes"
2021;"Plentzia-Mungia";6,01;"Por 1.000 habitantes"
2021;"Tolosaldea / Tolosa";9,56;"Por 1.000 habitantes"
2021;"Urola-Kostaldea / Urola Costa";9,59;"Por 1.000 habitantes"
2021;"Abadiño";8,6;"Por 1.000 habitantes"
2021;"Abaltzisketa";3,27;"Por 1.000 habitantes"
2021;"Abanto y Ciérvana-Abanto Zierbena";19,85;"Por 1.000 habitantes"
2021;"Aduna";2,08;"Por 1.000 habitantes"
2021;"Aia";7,31;"Por 1.000 habitantes"
2021;"Aizarnazabal";6,56;"Por 1.000 habitantes"
2021;"Albiztur";6,62;"Por 1.000 habitantes"
2021;"Alegia";19,94;"Por 1.000 habitantes"
2021;"Alegría-Dulantzi";13,05;"Por 1.000 habitantes"
2021;"Alkiza";8,67;"Por 1.000 habitantes"
2021;"Alonsotegi";23,03;"Por 1.000 habitantes"
2021;"Altzaga";11,7;"Por 1.000 habitantes"
2021;"Altzo";7,75;"Por 1.000 habitantes"
2021;"Amezketa";12,92;"Por 1.000 habitantes"
2021;"Amorebieta-Etxano";4,06;"Por 1.000 habitantes"
2021;"Amurrio";11,27;"Por 1.000 habitantes"
2021;"Andoain";8,72;"Por 1.000 habitantes"
2021;"Anoeta";6,17;"Por 1.000 habitantes"
2021;"Antzuola";7,47;"Por 1.000 habitantes"
2021;"Arakaldo";5,88;"Por 1.000 habitantes"
2021;"Arama";14,85;"Por 1.000 habitantes"
2021;"Aramaio";4,05;"Por 1.000 habitantes"
2021;"Arantzazu";9,55;"Por 1.000 habitantes"
2021;"Areatza";11,23;"Por 1.000 habitantes"
2021;"Aretxabaleta";5,77;"Por 1.000 habitantes"
2021;"Arraia-Maeztu";2,51;"Por 1.000 habitantes"
2021;"Arrankudiaga-Zollo";1,96;"Por 1.000 habitantes"
2021;"Arrasate/Mondragón";8,54;"Por 1.000 habitantes"
2021;"Arratzu";4,77;"Por 1.000 habitantes"
2021;"Arratzua-Ubarrundia";2,81;"Por 1.000 habitantes"
2021;"Arrieta";5,32;"Por 1.000 habitantes"
2021;"Arrigorriaga";18,13;"Por 1.000 habitantes"
2021;"Artea";10,65;"Por 1.000 habitantes"
2021;"Artzentales";9,85;"Por 1.000 habitantes"
2021;"Artziniega";15,03;"Por 1.000 habitantes"
2021;"Asparrena";18,67;"Por 1.000 habitantes"
2021;"Asteasu";4,6;"Por 1.000 habitantes"
2021;"Astigarraga";7,53;"Por 1.000 habitantes"
2021;"Ataun";7,68;"Por 1.000 habitantes"
2021;"Atxondo";8;"Por 1.000 habitantes"
2021;"Aulesti";3,1;"Por 1.000 habitantes"
2021;"Ayala/Aiara";4,14;"Por 1.000 habitantes"
2021;"Azkoitia";10,97;"Por 1.000 habitantes"
2021;"Azpeitia";15,74;"Por 1.000 habitantes"
2021;"Añana";5,65;"Por 1.000 habitantes"
2021;"Bakio";4,65;"Por 1.000 habitantes"
2021;"Baliarrain";19,35;"Por 1.000 habitantes"
2021;"Balmaseda";22,79;"Por 1.000 habitantes"
2021;"Barakaldo";17,83;"Por 1.000 habitantes"
2021;"Barrika";2,52;"Por 1.000 habitantes"
2021;"Barrundia";1,07;"Por 1.000 habitantes"
2021;"Basauri";14,69;"Por 1.000 habitantes"
2021;"Beasain";8,62;"Por 1.000 habitantes"
2021;"Bedia";11,03;"Por 1.000 habitantes"
2021;"Beizama";17,39;"Por 1.000 habitantes"
2021;"Belauntza";7,14;"Por 1.000 habitantes"
2021;"Berango";4,82;"Por 1.000 habitantes"
2021;"Berantevilla";8,02;"Por 1.000 habitantes"
2021;"Berastegi";2,79;"Por 1.000 habitantes"
2021;"Bergara";4,67;"Por 1.000 habitantes"
2021;"Bermeo";0,3;"Por 1.000 habitantes"
2021;"Bernedo";3,61;"Por 1.000 habitantes"
2021;"Berriatua";8,1;"Por 1.000 habitantes"
2021;"Berriz";14,32;"Por 1.000 habitantes"
2021;"Berrobi";18,3;"Por 1.000 habitantes"
2021;"Bidania-Goiatz";7,49;"Por 1.000 habitantes"
2021;"Bilbao";17,77;"Por 1.000 habitantes"
2021;"Busturia";13,25;"Por 1.000 habitantes"
2021;"Campezo/Kanpezu";5,39;"Por 1.000 habitantes"
2021;"Deba";6,1;"Por 1.000 habitantes"
2021;"Derio";7,1;"Por 1.000 habitantes"
2021;"Dima";4,09;"Por 1.000 habitantes"
2021;"Donostia / San Sebastián";15,89;"Por 1.000 habitantes"
2021;"Durango";9,02;"Por 1.000 habitantes"
2021;"Ea";14,17;"Por 1.000 habitantes"
2021;"Eibar";15,47;"Por 1.000 habitantes"
2021;"Elantxobe";11,46;"Por 1.000 habitantes"
2021;"Elburgo/Burgelu";1,53;"Por 1.000 habitantes"
2021;"Elciego";1,96;"Por 1.000 habitantes"
2021;"Elduain";12,4;"Por 1.000 habitantes"
2021;"Elgeta";9,9;"Por 1.000 habitantes"
2021;"Elgoibar";11,15;"Por 1.000 habitantes"
2021;"Elorrio";7;"Por 1.000 habitantes"
2021;"Elvillar/Bilar";5,87;"Por 1.000 habitantes"
2021;"Erandio";13,02;"Por 1.000 habitantes"
2021;"Ereño";7,25;"Por 1.000 habitantes"
2021;"Ermua";12,03;"Por 1.000 habitantes"
2021;"Errenteria";13,37;"Por 1.000 habitantes"
2021;"Errezil";5,2;"Por 1.000 habitantes"
2021;"Erriberagoitia/Ribera Alta";1,15;"Por 1.000 habitantes"
2021;"Errigoiti";10,06;"Por 1.000 habitantes"
2021;"Eskoriatza";8,92;"Por 1.000 habitantes"
2021;"Etxebarri";10,86;"Por 1.000 habitantes"
2021;"Etxebarria";21,25;"Por 1.000 habitantes"
2021;"Ezkio-Itsaso";11,01;"Por 1.000 habitantes"
2021;"Forua";10,87;"Por 1.000 habitantes"
2021;"Fruiz";7,3;"Por 1.000 habitantes"
2021;"Gaintza";7,75;"Por 1.000 habitantes"
2021;"Galdakao";9,87;"Por 1.000 habitantes"
2021;"Galdames";11,93;"Por 1.000 habitantes"
2021;"Gamiz-Fika";2,17;"Por 1.000 habitantes"
2021;"Gatika";6,65;"Por 1.000 habitantes"
2021;"Gautegiz Arteaga";5,69;"Por 1.000 habitantes"
2021;"Gaztelu";5,56;"Por 1.000 habitantes"
2021;"Gernika-Lumo";12,2;"Por 1.000 habitantes"
2021;"Getaria";6,65;"Por 1.000 habitantes"
2021;"Getxo";9,74;"Por 1.000 habitantes"
2021;"Gordexola";12,28;"Por 1.000 habitantes"
2021;"Gorliz";6,1;"Por 1.000 habitantes"
2021;"Güeñes";19,61;"Por 1.000 habitantes"
2021;"Harana/Valle de Arana";4,22;"Por 1.000 habitantes"
2021;"Hernani";11,97;"Por 1.000 habitantes"
2021;"Hernialde";9,43;"Por 1.000 habitantes"
2021;"Hondarribia";6,69;"Por 1.000 habitantes"
2021;"Ibarra";9,42;"Por 1.000 habitantes"
2021;"Ibarrangelu";8,7;"Por 1.000 habitantes"
2021;"Idiazabal";7,28;"Por 1.000 habitantes"
2021;"Igorre";13,71;"Por 1.000 habitantes"
2021;"Ikaztegieta";21,01;"Por 1.000 habitantes"
2021;"Irun";9,94;"Por 1.000 habitantes"
2021;"Irura";7,6;"Por 1.000 habitantes"
2021;"Iruraiz-Gauna";1,76;"Por 1.000 habitantes"
2021;"Iruña Oka/Iruña de Oca";9,54;"Por 1.000 habitantes"
2021;"Ispaster";1,34;"Por 1.000 habitantes"
2021;"Itsasondo";21,02;"Por 1.000 habitantes"
2021;"Iurreta";11,54;"Por 1.000 habitantes"
2021;"Izurtza";4,17;"Por 1.000 habitantes"
2021;"Karrantza Harana/Valle de Carranza";14,14;"Por 1.000 habitantes"
2021;"Kortezubi";6,71;"Por 1.000 habitantes"
2021;"Kuartango";2,5;"Por 1.000 habitantes"
2021;"Labastida/Bastida";10,62;"Por 1.000 habitantes"
2021;"Lagrán";5,41;"Por 1.000 habitantes"
2021;"Laguardia";9,08;"Por 1.000 habitantes"
2021;"Lanciego/Lantziego";5,33;"Por 1.000 habitantes"
2021;"Lanestosa";24,56;"Por 1.000 habitantes"
2021;"Lantarón";4,12;"Por 1.000 habitantes"
2021;"Lapuebla de Labarca";3,45;"Por 1.000 habitantes"
2021;"Larrabetzu";7,66;"Por 1.000 habitantes"
2021;"Lasarte-Oria";8,49;"Por 1.000 habitantes"
2021;"Laudio/Llodio";8,97;"Por 1.000 habitantes"
2021;"Lazkao";5,87;"Por 1.000 habitantes"
2021;"Leaburu";18,92;"Por 1.000 habitantes"
2021;"Legazpi";6,86;"Por 1.000 habitantes"
2021;"Legorreta";12,83;"Por 1.000 habitantes"
2021;"Legutio";10,51;"Por 1.000 habitantes"
2021;"Leioa";9,89;"Por 1.000 habitantes"
2021;"Lekeitio";14,73;"Por 1.000 habitantes"
2021;"Lemoa";16,89;"Por 1.000 habitantes"
2021;"Lemoiz";5,26;"Por 1.000 habitantes"
2021;"Leza";13,82;"Por 1.000 habitantes"
2021;"Lezama";7,46;"Por 1.000 habitantes"
2021;"Lezo";10,55;"Por 1.000 habitantes"
2021;"Lizartza";10,77;"Por 1.000 habitantes"
2021;"Loiu";4,92;"Por 1.000 habitantes"
2021;"Mallabia";7,59;"Por 1.000 habitantes"
2021;"Markina-Xemein";16,91;"Por 1.000 habitantes"
2021;"Maruri-Jatabe";2,03;"Por 1.000 habitantes"
2021;"Mañaria";5,76;"Por 1.000 habitantes"
2021;"Mendaro";13,5;"Por 1.000 habitantes"
2021;"Mendata";4,88;"Por 1.000 habitantes"
2021;"Mendexa";6,65;"Por 1.000 habitantes"
2021;"Meñaka";1,37;"Por 1.000 habitantes"
2021;"Moreda de Álava/Moreda Araba";3,88;"Por 1.000 habitantes"
2021;"Morga";4,72;"Por 1.000 habitantes"
2021;"Mundaka";4,79;"Por 1.000 habitantes"
2021;"Mungia";8,25;"Por 1.000 habitantes"
2021;"Munitibar-Arbatzegi Gerrikaitz";6,26;"Por 1.000 habitantes"
2021;"Murueta";6,27;"Por 1.000 habitantes"
2021;"Muskiz";21,12;"Por 1.000 habitantes"
2021;"Mutriku";8,45;"Por 1.000 habitantes"
2021;"Muxika";6,78;"Por 1.000 habitantes"
2021;"Nabarniz";3,85;"Por 1.000 habitantes"
2021;"Oiartzun";7,45;"Por 1.000 habitantes"
2021;"Okondo";7,69;"Por 1.000 habitantes"
2021;"Olaberria";6,4;"Por 1.000 habitantes"
2021;"Ondarroa";12,86;"Por 1.000 habitantes"
2021;"Ordizia";11,16;"Por 1.000 habitantes"
2021;"Orio";11,5;"Por 1.000 habitantes"
2021;"Ormaiztegi";8,82;"Por 1.000 habitantes"
2021;"Orozko";9,48;"Por 1.000 habitantes"
2021;"Ortuella";20,95;"Por 1.000 habitantes"
2021;"Otxandio";14,25;"Por 1.000 habitantes"
2021;"Oyón-Oion";11,24;"Por 1.000 habitantes"
2021;"Oñati";8,24;"Por 1.000 habitantes"
2021;"Pasaia";20,83;"Por 1.000 habitantes"
2021;"Peñacerrada-Urizaharra";9,2;"Por 1.000 habitantes"
2021;"Plentzia";4,45;"Por 1.000 habitantes"
2021;"Portugalete";13,97;"Por 1.000 habitantes"
2021;"Ribera Baja/Erriberabeitia";3,18;"Por 1.000 habitantes"
2021;"Agurain/Salvatierra";13,78;"Por 1.000 habitantes"
2021;"Samaniego";3,39;"Por 1.000 habitantes"
2021;"Santurtzi";18,42;"Por 1.000 habitantes"
2021;"Segura";0,68;"Por 1.000 habitantes"
2021;"Sestao";28,83;"Por 1.000 habitantes"
2021;"Sondika";11,97;"Por 1.000 habitantes"
2021;"Sopela";6,02;"Por 1.000 habitantes"
2021;"Sopuerta";12,03;"Por 1.000 habitantes"
2021;"Soraluze-Placencia de las Armas";28,11;"Por 1.000 habitantes"
2021;"Sukarrieta";8,26;"Por 1.000 habitantes"
2021;"Tolosa";8,63;"Por 1.000 habitantes"
2021;"Trucios-Turtzioz";13,49;"Por 1.000 habitantes"
2021;"Ubide";5,88;"Por 1.000 habitantes"
2021;"Ugao-Miraballes";15,61;"Por 1.000 habitantes"
2021;"Urduliz";5,34;"Por 1.000 habitantes"
2021;"Urduña/Orduña";18,51;"Por 1.000 habitantes"
2021;"Urkabustaiz";17,28;"Por 1.000 habitantes"
2021;"Urnieta";15,57;"Por 1.000 habitantes"
2021;"Urretxu";8,36;"Por 1.000 habitantes"
2021;"Usansolo";9,87;"Por 1.000 habitantes"
2021;"Usurbil";6,33;"Por 1.000 habitantes"
2021;"Valdegovía/Gaubea";6,11;"Por 1.000 habitantes"
2021;"Valle de Trápaga-Trapagaran";13,52;"Por 1.000 habitantes"
2021;"Villabona";10,97;"Por 1.000 habitantes"
2021;"Vitoria-Gasteiz";15,69;"Por 1.000 habitantes"
2021;"Yécora/Iekora";3,92;"Por 1.000 habitantes"
2021;"Zaldibar";15,54;"Por 1.000 habitantes"
2021;"Zaldibia";8,48;"Por 1.000 habitantes"
2021;"Zalla";20,25;"Por 1.000 habitantes"
2021;"Zamudio";22,41;"Por 1.000 habitantes"
2021;"Zaratamo";19,58;"Por 1.000 habitantes"
2021;"Zarautz";5,75;"Por 1.000 habitantes"
2021;"Zeanuri";6,43;"Por 1.000 habitantes"
2021;"Zeberio";9,3;"Por 1.000 habitantes"
2021;"Zestoa";11,7;"Por 1.000 habitantes"
2021;"Zierbena";7,99;"Por 1.000 habitantes"
2021;"Zigoitia";1,09;"Por 1.000 habitantes"
2021;"Ziortza-Bolibar";2,36;"Por 1.000 habitantes"
2021;"Zizurkil";12,32;"Por 1.000 habitantes"
2021;"Zuia";3,82;"Por 1.000 habitantes"
2021;"Zumaia";7,2;"Por 1.000 habitantes"
2021;"Zumarraga";14,78;"Por 1.000 habitantes"
2023;"Araba/Álava";12;"Por 1.000 habitantes"
2023;"C.A. de Euskadi";13,05;"Por 1.000 habitantes"
2023;"Bizkaia";14,27;"Por 1.000 habitantes"
2023;"Gipuzkoa";11,61;"Por 1.000 habitantes"
2023;"Arabako Lautada / Llanada Alavesa";12,95;"Por 1.000 habitantes"
2023;"Arabako Mendialdea / Montaña Alavesa";4,66;"Por 1.000 habitantes"
2023;"Arratia-Nerbioi / Arratia-Nervión";12,35;"Por 1.000 habitantes"
2023;"Bidasoa Beherea / Bajo Bidasoa";7,75;"Por 1.000 habitantes"
2023;"Bilbo Handia / Gran Bilbao";15,46;"Por 1.000 habitantes"
2023;"Debabarrena / Bajo Deba";14,96;"Por 1.000 habitantes"
2023;"Debagoiena / Alto Deba";8,22;"Por 1.000 habitantes"
2023;"Donostialdea";13,74;"Por 1.000 habitantes"
2023;"Añana (Comarca)";3;"Por 1.000 habitantes"
2023;"Durangaldea / Duranguesado";12,15;"Por 1.000 habitantes"
2023;"Enkartazioak / Encartaciones";18,28;"Por 1.000 habitantes"
2023;"Arabako Errioxa / Rioja Alavesa";7,14;"Por 1.000 habitantes"
2023;"Gernika-Bermeo";5,38;"Por 1.000 habitantes"
2023;"Goierri";9,39;"Por 1.000 habitantes"
2023;"Gorbeialdea / Estribaciones del Gorbea";7,68;"Por 1.000 habitantes"
2023;"Kantauri Arabarra / Cantábrica Alavesa";9,76;"Por 1.000 habitantes"
2023;"Markina-Ondarroa";13,66;"Por 1.000 habitantes"
2023;"Plentzia-Mungia";6,53;"Por 1.000 habitantes"
2023;"Tolosaldea / Tolosa";9,9;"Por 1.000 habitantes"
2023;"Urola-Kostaldea / Urola Costa";9,84;"Por 1.000 habitantes"
2023;"Abadiño";12,37;"Por 1.000 habitantes"
2023;"Abaltzisketa";3,15;"Por 1.000 habitantes"
2023;"Abanto y Ciérvana-Abanto Zierbena";20,16;"Por 1.000 habitantes"
2023;"Aduna";2;"Por 1.000 habitantes"
2023;"Aia";7,07;"Por 1.000 habitantes"
2023;"Aizarnazabal";3,97;"Por 1.000 habitantes"
2023;"Albiztur";12,9;"Por 1.000 habitantes"
2023;"Alegia";18,5;"Por 1.000 habitantes"
2023;"Alegría-Dulantzi";10,08;"Por 1.000 habitantes"
2023;"Alkiza";5,68;"Por 1.000 habitantes"
2023;"Alonsotegi";20,01;"Por 1.000 habitantes"
2023;"Altzaga";6,06;"Por 1.000 habitantes"
2023;"Altzo";10,08;"Por 1.000 habitantes"
2023;"Amezketa";10,86;"Por 1.000 habitantes"
2023;"Amorebieta-Etxano";11,01;"Por 1.000 habitantes"
2023;"Amoroto";2,6;"Por 1.000 habitantes"
2023;"Amurrio";11,53;"Por 1.000 habitantes"
2023;"Andoain";7,44;"Por 1.000 habitantes"
2023;"Anoeta";9,44;"Por 1.000 habitantes"
2023;"Antzuola";10,27;"Por 1.000 habitantes"
2023;"Arakaldo";5,65;"Por 1.000 habitantes"
2023;"Aramaio";5,59;"Por 1.000 habitantes"
2023;"Arantzazu";9,64;"Por 1.000 habitantes"
2023;"Areatza";10,37;"Por 1.000 habitantes"
2023;"Aretxabaleta";6,4;"Por 1.000 habitantes"
2023;"Arraia-Maeztu";3,66;"Por 1.000 habitantes"
2023;"Arrankudiaga-Zollo";5,89;"Por 1.000 habitantes"
2023;"Arrasate/Mondragón";9,08;"Por 1.000 habitantes"
2023;"Arratzu";7,26;"Por 1.000 habitantes"
2023;"Arratzua-Ubarrundia";1,85;"Por 1.000 habitantes"
2023;"Arrieta";1,75;"Por 1.000 habitantes"
2023;"Arrigorriaga";16,48;"Por 1.000 habitantes"
2023;"Artea";14,45;"Por 1.000 habitantes"
2023;"Artzentales";8,33;"Por 1.000 habitantes"
2023;"Artziniega";15,25;"Por 1.000 habitantes"
2023;"Asparrena";15,88;"Por 1.000 habitantes"
2023;"Asteasu";3,28;"Por 1.000 habitantes"
2023;"Astigarraga";7,92;"Por 1.000 habitantes"
2023;"Ataun";9,32;"Por 1.000 habitantes"
2023;"Atxondo";8,05;"Por 1.000 habitantes"
2023;"Aulesti";4,64;"Por 1.000 habitantes"
2023;"Ayala/Aiara";4,84;"Por 1.000 habitantes"
2023;"Azkoitia";11,37;"Por 1.000 habitantes"
2023;"Azpeitia";15,53;"Por 1.000 habitantes"
2023;"Añana";5,78;"Por 1.000 habitantes"
2023;"Bakio";3,19;"Por 1.000 habitantes"
2023;"Baliarrain";12,74;"Por 1.000 habitantes"
2023;"Balmaseda";22,51;"Por 1.000 habitantes"
2023;"Barakaldo";20,4;"Por 1.000 habitantes"
2023;"Barrika";3,14;"Por 1.000 habitantes"
2023;"Barrundia";3,27;"Por 1.000 habitantes"
2023;"Basauri";14,78;"Por 1.000 habitantes"
2023;"Baños de Ebro/Mañueta";3,13;"Por 1.000 habitantes"
2023;"Beasain";9,03;"Por 1.000 habitantes"
2023;"Bedia";10,77;"Por 1.000 habitantes"
2023;"Beizama";19,05;"Por 1.000 habitantes"
2023;"Belauntza";13,03;"Por 1.000 habitantes"
2023;"Berango";6,22;"Por 1.000 habitantes"
2023;"Berantevilla";3,91;"Por 1.000 habitantes"
2023;"Berastegi";2,8;"Por 1.000 habitantes"
2023;"Bergara";7,86;"Por 1.000 habitantes"
2023;"Bermeo";0,12;"Por 1.000 habitantes"
2023;"Bernedo";1,82;"Por 1.000 habitantes"
2023;"Berriatua";9,68;"Por 1.000 habitantes"
2023;"Berriz";14,24;"Por 1.000 habitantes"
2023;"Berrobi";24,05;"Por 1.000 habitantes"
2023;"Bidania-Goiatz";9,33;"Por 1.000 habitantes"
2023;"Bilbao";15,92;"Por 1.000 habitantes"
2023;"Busturia";7,84;"Por 1.000 habitantes"
2023;"Campezo/Kanpezu";5,37;"Por 1.000 habitantes"
2023;"Deba";3,53;"Por 1.000 habitantes"
2023;"Derio";7,88;"Por 1.000 habitantes"
2023;"Dima";4;"Por 1.000 habitantes"
2023;"Donostia / San Sebastián";15,47;"Por 1.000 habitantes"
2023;"Durango";9,52;"Por 1.000 habitantes"
2023;"Ea";6,94;"Por 1.000 habitantes"
2023;"Eibar";17,05;"Por 1.000 habitantes"
2023;"Elantxobe";11,33;"Por 1.000 habitantes"
2023;"Elburgo/Burgelu";1,51;"Por 1.000 habitantes"
2023;"Elciego";1,99;"Por 1.000 habitantes"
2023;"Elduain";4,22;"Por 1.000 habitantes"
2023;"Elgeta";8,17;"Por 1.000 habitantes"
2023;"Elgoibar";14,3;"Por 1.000 habitantes"
2023;"Elorrio";9,21;"Por 1.000 habitantes"
2023;"Erandio";13,79;"Por 1.000 habitantes"
2023;"Ereño";3,53;"Por 1.000 habitantes"
2023;"Ermua";18,68;"Por 1.000 habitantes"
2023;"Errenteria";13,87;"Por 1.000 habitantes"
2023;"Errezil";1,7;"Por 1.000 habitantes"
2023;"Erriberagoitia/Ribera Alta";1,13;"Por 1.000 habitantes"
2023;"Errigoiti";5,89;"Por 1.000 habitantes"
2023;"Eskoriatza";9,72;"Por 1.000 habitantes"
2023;"Etxebarri";9,29;"Por 1.000 habitantes"
2023;"Etxebarria";14,47;"Por 1.000 habitantes"
2023;"Ezkio-Itsaso";9,68;"Por 1.000 habitantes"
2023;"Forua";7,39;"Por 1.000 habitantes"
2023;"Fruiz";3,55;"Por 1.000 habitantes"
2023;"Gabiria";3,74;"Por 1.000 habitantes"
2023;"Galdakao";10,79;"Por 1.000 habitantes"
2023;"Galdames";14,42;"Por 1.000 habitantes"
2023;"Gamiz-Fika";0,72;"Por 1.000 habitantes"
2023;"Garai";3,06;"Por 1.000 habitantes"
2023;"Gatika";6,77;"Por 1.000 habitantes"
2023;"Gautegiz Arteaga";2,21;"Por 1.000 habitantes"
2023;"Gaztelu";5,68;"Por 1.000 habitantes"
2023;"Gernika-Lumo";10,57;"Por 1.000 habitantes"
2023;"Getaria";6,54;"Por 1.000 habitantes"
2023;"Getxo";9,98;"Por 1.000 habitantes"
2023;"Gordexola";16;"Por 1.000 habitantes"
2023;"Gorliz";8,7;"Por 1.000 habitantes"
2023;"Güeñes";19,47;"Por 1.000 habitantes"
2023;"Harana/Valle de Arana";4,41;"Por 1.000 habitantes"
2023;"Hernani";12,02;"Por 1.000 habitantes"
2023;"Hernialde";6,33;"Por 1.000 habitantes"
2023;"Hondarribia";5,74;"Por 1.000 habitantes"
2023;"Ibarra";10,05;"Por 1.000 habitantes"
2023;"Ibarrangelu";9,94;"Por 1.000 habitantes"
2023;"Idiazabal";7,77;"Por 1.000 habitantes"
2023;"Igorre";15,15;"Por 1.000 habitantes"
2023;"Ikaztegieta";16,53;"Por 1.000 habitantes"
2023;"Irun";8,32;"Por 1.000 habitantes"
2023;"Irura";9,17;"Por 1.000 habitantes"
2023;"Iruraiz-Gauna";3,41;"Por 1.000 habitantes"
2023;"Iruña Oka/Iruña de Oca";7,36;"Por 1.000 habitantes"
2023;"Ispaster";5,46;"Por 1.000 habitantes"
2023;"Itsasondo";16,22;"Por 1.000 habitantes"
2023;"Iurreta";13,36;"Por 1.000 habitantes"
2023;"Izurtza";8,23;"Por 1.000 habitantes"
2023;"Karrantza Harana/Valle de Carranza";10,6;"Por 1.000 habitantes"
2023;"Kortezubi";4,4;"Por 1.000 habitantes"
2023;"Labastida/Bastida";9,11;"Por 1.000 habitantes"
2023;"Laguardia";6,4;"Por 1.000 habitantes"
2023;"Lanciego/Lantziego";4;"Por 1.000 habitantes"
2023;"Lanestosa";22,22;"Por 1.000 habitantes"
2023;"Lantarón";2,02;"Por 1.000 habitantes"
2023;"Lapuebla de Labarca";9,24;"Por 1.000 habitantes"
2023;"Larrabetzu";11,05;"Por 1.000 habitantes"
2023;"Lasarte-Oria";7,86;"Por 1.000 habitantes"
2023;"Laudio/Llodio";9,25;"Por 1.000 habitantes"
2023;"Lazkao";8,05;"Por 1.000 habitantes"
2023;"Leaburu";15,71;"Por 1.000 habitantes"
2023;"Legazpi";7,68;"Por 1.000 habitantes"
2023;"Legorreta";11,32;"Por 1.000 habitantes"
2023;"Legutio";17,39;"Por 1.000 habitantes"
2023;"Leintz-Gatzaga";4,61;"Por 1.000 habitantes"
2023;"Leioa";9,67;"Por 1.000 habitantes"
2023;"Lekeitio";14,47;"Por 1.000 habitantes"
2023;"Lemoa";18,32;"Por 1.000 habitantes"
2023;"Lemoiz";6,66;"Por 1.000 habitantes"
2023;"Leza";9,22;"Por 1.000 habitantes"
2023;"Lezama";9,17;"Por 1.000 habitantes"
2023;"Lezo";13,61;"Por 1.000 habitantes"
2023;"Lizartza";16,37;"Por 1.000 habitantes"
2023;"Loiu";6,31;"Por 1.000 habitantes"
2023;"Mallabia";8,59;"Por 1.000 habitantes"
2023;"Markina-Xemein";17,27;"Por 1.000 habitantes"
2023;"Maruri-Jatabe";1,92;"Por 1.000 habitantes"
2023;"Mañaria";3,76;"Por 1.000 habitantes"
2023;"Mendaro";12,33;"Por 1.000 habitantes"
2023;"Mendata";2,48;"Por 1.000 habitantes"
2023;"Mendexa";11,14;"Por 1.000 habitantes"
2023;"Meñaka";1,34;"Por 1.000 habitantes"
2023;"Moreda de Álava/Moreda Araba";7,81;"Por 1.000 habitantes"
2023;"Morga";4,71;"Por 1.000 habitantes"
2023;"Mundaka";4,31;"Por 1.000 habitantes"
2023;"Mungia";7,39;"Por 1.000 habitantes"
2023;"Munitibar-Arbatzegi Gerrikaitz";8,58;"Por 1.000 habitantes"
2023;"Murueta";3,07;"Por 1.000 habitantes"
2023;"Muskiz";19,91;"Por 1.000 habitantes"
2023;"Mutriku";8,43;"Por 1.000 habitantes"
2023;"Muxika";5,91;"Por 1.000 habitantes"
2023;"Navaridas";4,33;"Por 1.000 habitantes"
2023;"Oiartzun";5,11;"Por 1.000 habitantes"
2023;"Okondo";5,12;"Por 1.000 habitantes"
2023;"Olaberria";9,62;"Por 1.000 habitantes"
2023;"Ondarroa";14,45;"Por 1.000 habitantes"
2023;"Ordizia";10,83;"Por 1.000 habitantes"
2023;"Orendain";4,18;"Por 1.000 habitantes"
2023;"Orexa";9,9;"Por 1.000 habitantes"
2023;"Orio";13,15;"Por 1.000 habitantes"
2023;"Ormaiztegi";12,01;"Por 1.000 habitantes"
2023;"Orozko";7,68;"Por 1.000 habitantes"
2023;"Ortuella";20,11;"Por 1.000 habitantes"
2023;"Otxandio";12,86;"Por 1.000 habitantes"
2023;"Oyón-Oion";10,08;"Por 1.000 habitantes"
2023;"Oñati";7,32;"Por 1.000 habitantes"
2023;"Pasaia";20,66;"Por 1.000 habitantes"
2023;"Peñacerrada-Urizaharra";12,31;"Por 1.000 habitantes"
2023;"Plentzia";4,24;"Por 1.000 habitantes"
2023;"Portugalete";12,15;"Por 1.000 habitantes"
2023;"Ribera Baja/Erriberabeitia";2,53;"Por 1.000 habitantes"
2023;"Agurain/Salvatierra";12,47;"Por 1.000 habitantes"
2023;"Samaniego";6,9;"Por 1.000 habitantes"
2023;"San Millán/Donemiliaga";1,38;"Por 1.000 habitantes"
2023;"Santurtzi";18,65;"Por 1.000 habitantes"
2023;"Sestao";28,51;"Por 1.000 habitantes"
2023;"Sondika";11,28;"Por 1.000 habitantes"
2023;"Sopela";8,5;"Por 1.000 habitantes"
2023;"Sopuerta";12;"Por 1.000 habitantes"
2023;"Soraluze-Placencia de las Armas";29,19;"Por 1.000 habitantes"
2023;"Sukarrieta";2,74;"Por 1.000 habitantes"
2023;"Tolosa";10,83;"Por 1.000 habitantes"
2023;"Trucios-Turtzioz";11,36;"Por 1.000 habitantes"
2023;"Ubide";5,65;"Por 1.000 habitantes"
2023;"Ugao-Miraballes";12,07;"Por 1.000 habitantes"
2023;"Urduliz";6,18;"Por 1.000 habitantes"
2023;"Urduña/Orduña";19,88;"Por 1.000 habitantes"
2023;"Urkabustaiz";12,77;"Por 1.000 habitantes"
2023;"Urnieta";12,73;"Por 1.000 habitantes"
2023;"Urretxu";8,66;"Por 1.000 habitantes"
2023;"Usurbil";5,47;"Por 1.000 habitantes"
2023;"Valdegovía/Gaubea";6,12;"Por 1.000 habitantes"
2023;"Valle de Trápaga-Trapagaran";10,9;"Por 1.000 habitantes"
2023;"Villabona";6,29;"Por 1.000 habitantes"
2023;"Villabuena de Álava/Eskuernaga";6,78;"Por 1.000 habitantes"
2023;"Vitoria-Gasteiz";13,24;"Por 1.000 habitantes"
2023;"Zaldibar";12,61;"Por 1.000 habitantes"
2023;"Zaldibia";6,34;"Por 1.000 habitantes"
2023;"Zalla";20,03;"Por 1.000 habitantes"
2023;"Zambrana";4,57;"Por 1.000 habitantes"
2023;"Zamudio";18,55;"Por 1.000 habitantes"
2023;"Zaratamo";16,74;"Por 1.000 habitantes"
2023;"Zarautz";6,07;"Por 1.000 habitantes"
2023;"Zeanuri";9,68;"Por 1.000 habitantes"
2023;"Zeberio";9,29;"Por 1.000 habitantes"
2023;"Zestoa";13,17;"Por 1.000 habitantes"
2023;"Zierbena";10,74;"Por 1.000 habitantes"
2023;"Zigoitia";2,71;"Por 1.000 habitantes"
2023;"Ziortza-Bolibar";4,76;"Por 1.000 habitantes"
2023;"Zizurkil";8,98;"Por 1.000 habitantes"
2023;"Zuia";1,24;"Por 1.000 habitantes"
2023;"Zumaia";7,15;"Por 1.000 habitantes"
2023;"Zumarraga";15,45;"Por 1.000 habitantes"
2018;"Araba/Álava";12,87;"Por 1.000 habitantes"
2018;"C.A. de Euskadi";13,38;"Por 1.000 habitantes"
2018;"Bizkaia";15,32;"Por 1.000 habitantes"
2018;"Gipuzkoa";10,54;"Por 1.000 habitantes"
2018;"Arabako Lautada / Llanada Alavesa";14,34;"Por 1.000 habitantes"
2018;"Arabako Mendialdea / Montaña Alavesa";3,99;"Por 1.000 habitantes"
2018;"Arratia-Nerbioi / Arratia-Nervión";11,35;"Por 1.000 habitantes"
2018;"Bidasoa Beherea / Bajo Bidasoa";7,73;"Por 1.000 habitantes"
2018;"Bilbo Handia / Gran Bilbao";16,96;"Por 1.000 habitantes"
2018;"Debabarrena / Bajo Deba";13,25;"Por 1.000 habitantes"
2018;"Debagoiena / Alto Deba";7,16;"Por 1.000 habitantes"
2018;"Donostialdea";12,6;"Por 1.000 habitantes"
2018;"Añana (Comarca)";4,11;"Por 1.000 habitantes"
2018;"Durangaldea / Duranguesado";10,11;"Por 1.000 habitantes"
2018;"Enkartazioak / Encartaciones";21,25;"Por 1.000 habitantes"
2018;"Arabako Errioxa / Rioja Alavesa";6,5;"Por 1.000 habitantes"
2018;"Gernika-Bermeo";8,96;"Por 1.000 habitantes"
2018;"Goierri";8,41;"Por 1.000 habitantes"
2018;"Gorbeialdea / Estribaciones del Gorbea";6,25;"Por 1.000 habitantes"
2018;"Kantauri Arabarra / Cantábrica Alavesa";7,81;"Por 1.000 habitantes"
2018;"Markina-Ondarroa";9,1;"Por 1.000 habitantes"
2018;"Plentzia-Mungia";5,98;"Por 1.000 habitantes"
2018;"Tolosaldea / Tolosa";9,45;"Por 1.000 habitantes"
2018;"Urola-Kostaldea / Urola Costa";7,95;"Por 1.000 habitantes"
2018;"Abadiño";7,96;"Por 1.000 habitantes"
2018;"Abaltzisketa";3,12;"Por 1.000 habitantes"
2018;"Abanto y Ciérvana-Abanto Zierbena";15,32;"Por 1.000 habitantes"
2018;"Aduna";2,08;"Por 1.000 habitantes"
2018;"Aia";7,47;"Por 1.000 habitantes"
2018;"Aizarnazabal";6,54;"Por 1.000 habitantes"
2018;"Ajangiz";2,19;"Por 1.000 habitantes"
2018;"Albiztur";3,34;"Por 1.000 habitantes"
2018;"Alegia";21,68;"Por 1.000 habitantes"
2018;"Alegría-Dulantzi";13,32;"Por 1.000 habitantes"
2018;"Alkiza";20;"Por 1.000 habitantes"
2018;"Alonsotegi";25,62;"Por 1.000 habitantes"
2018;"Altzaga";5,38;"Por 1.000 habitantes"
2018;"Altzo";8,26;"Por 1.000 habitantes"
2018;"Amezketa";16,39;"Por 1.000 habitantes"
2018;"Amorebieta-Etxano";10,67;"Por 1.000 habitantes"
2018;"Amurrio";9,14;"Por 1.000 habitantes"
2018;"Andoain";7,63;"Por 1.000 habitantes"
2018;"Anoeta";15,43;"Por 1.000 habitantes"
2018;"Antzuola";5,88;"Por 1.000 habitantes"
2018;"Arakaldo";6,02;"Por 1.000 habitantes"
2018;"Aramaio";2,64;"Por 1.000 habitantes"
2018;"Arantzazu";5,36;"Por 1.000 habitantes"
2018;"Areatza";12,31;"Por 1.000 habitantes"
2018;"Aretxabaleta";7,96;"Por 1.000 habitantes"
2018;"Arraia-Maeztu";2,76;"Por 1.000 habitantes"
2018;"Arrankudiaga-Zollo";5,89;"Por 1.000 habitantes"
2018;"Arrasate/Mondragón";10,23;"Por 1.000 habitantes"
2018;"Arratzu";4,82;"Por 1.000 habitantes"
2018;"Arratzua-Ubarrundia";1,93;"Por 1.000 habitantes"
2018;"Arrieta";1,79;"Por 1.000 habitantes"
2018;"Arrigorriaga";16,87;"Por 1.000 habitantes"
2018;"Artea";5,55;"Por 1.000 habitantes"
2018;"Artzentales";20;"Por 1.000 habitantes"
2018;"Artziniega";10,89;"Por 1.000 habitantes"
2018;"Asparrena";19,72;"Por 1.000 habitantes"
2018;"Asteasu";9,09;"Por 1.000 habitantes"
2018;"Astigarraga";7,44;"Por 1.000 habitantes"
2018;"Ataun";3,46;"Por 1.000 habitantes"
2018;"Atxondo";9,14;"Por 1.000 habitantes"
2018;"Aulesti";7,53;"Por 1.000 habitantes"
2018;"Ayala/Aiara";1,38;"Por 1.000 habitantes"
2018;"Azkoitia";8,02;"Por 1.000 habitantes"
2018;"Azpeitia";14,35;"Por 1.000 habitantes"
2018;"Añana";10,93;"Por 1.000 habitantes"
2018;"Bakio";5,73;"Por 1.000 habitantes"
2018;"Baliarrain";6,62;"Por 1.000 habitantes"
2018;"Balmaseda";26,23;"Por 1.000 habitantes"
2018;"Barakaldo";28,83;"Por 1.000 habitantes"
2018;"Barrika";1,96;"Por 1.000 habitantes"
2018;"Barrundia";4,22;"Por 1.000 habitantes"
2018;"Basauri";15,39;"Por 1.000 habitantes"
2018;"Beasain";6,87;"Por 1.000 habitantes"
2018;"Bedia";9,61;"Por 1.000 habitantes"
2018;"Beizama";24,19;"Por 1.000 habitantes"
2018;"Belauntza";7,75;"Por 1.000 habitantes"
2018;"Berango";4,86;"Por 1.000 habitantes"
2018;"Berantevilla";6,16;"Por 1.000 habitantes"
2018;"Berastegi";2,84;"Por 1.000 habitantes"
2018;"Bergara";3,4;"Por 1.000 habitantes"
2018;"Bermeo";10,9;"Por 1.000 habitantes"
2018;"Bernedo";3,82;"Por 1.000 habitantes"
2018;"Berriatua";11,16;"Por 1.000 habitantes"
2018;"Berriz";10,77;"Por 1.000 habitantes"
2018;"Berrobi";8,13;"Por 1.000 habitantes"
2018;"Bidania-Goiatz";3,64;"Por 1.000 habitantes"
2018;"Bilbao";17,92;"Por 1.000 habitantes"
2018;"Busturia";9,24;"Por 1.000 habitantes"
2018;"Campezo/Kanpezu";5,62;"Por 1.000 habitantes"
2018;"Deba";7,72;"Por 1.000 habitantes"
2018;"Derio";8,86;"Por 1.000 habitantes"
2018;"Dima";2,78;"Por 1.000 habitantes"
2018;"Donostia / San Sebastián";14,05;"Por 1.000 habitantes"
2018;"Durango";10,39;"Por 1.000 habitantes"
2018;"Ea";4,71;"Por 1.000 habitantes"
2018;"Eibar";15,26;"Por 1.000 habitantes"
2018;"Elantxobe";8,29;"Por 1.000 habitantes"
2018;"Elburgo/Burgelu";1,59;"Por 1.000 habitantes"
2018;"Elciego";2,86;"Por 1.000 habitantes"
2018;"Elduain";12,15;"Por 1.000 habitantes"
2018;"Elgeta";8,77;"Por 1.000 habitantes"
2018;"Elgoibar";10,2;"Por 1.000 habitantes"
2018;"Elorrio";7,14;"Por 1.000 habitantes"
2018;"Elvillar/Bilar";8,29;"Por 1.000 habitantes"
2018;"Erandio";18,2;"Por 1.000 habitantes"
2018;"Ereño";3,83;"Por 1.000 habitantes"
2018;"Ermua";11,95;"Por 1.000 habitantes"
2018;"Errenteria";11,87;"Por 1.000 habitantes"
2018;"Errezil";7,92;"Por 1.000 habitantes"
2018;"Erriberagoitia/Ribera Alta";1,2;"Por 1.000 habitantes"
2018;"Errigoiti";4,09;"Por 1.000 habitantes"
2018;"Eskoriatza";5,89;"Por 1.000 habitantes"
2018;"Etxebarri";12,84;"Por 1.000 habitantes"
2018;"Etxebarria";14,8;"Por 1.000 habitantes"
2018;"Ezkio-Itsaso";4,67;"Por 1.000 habitantes"
2018;"Forua";14,12;"Por 1.000 habitantes"
2018;"Fruiz";5,5;"Por 1.000 habitantes"
2018;"Galdakao";9,02;"Por 1.000 habitantes"
2018;"Galdames";16,79;"Por 1.000 habitantes"
2018;"Gamiz-Fika";1,46;"Por 1.000 habitantes"
2018;"Garai";3,12;"Por 1.000 habitantes"
2018;"Gatika";5,44;"Por 1.000 habitantes"
2018;"Gautegiz Arteaga";1,17;"Por 1.000 habitantes"
2018;"Gaztelu";5,99;"Por 1.000 habitantes"
2018;"Gernika-Lumo";9,11;"Por 1.000 habitantes"
2018;"Getaria";3,17;"Por 1.000 habitantes"
2018;"Getxo";8,71;"Por 1.000 habitantes"
2018;"Gizaburuaga";4,72;"Por 1.000 habitantes"
2018;"Gordexola";14,01;"Por 1.000 habitantes"
2018;"Gorliz";7,11;"Por 1.000 habitantes"
2018;"Güeñes";21,25;"Por 1.000 habitantes"
2018;"Hernani";12,29;"Por 1.000 habitantes"
2018;"Hernialde";6,45;"Por 1.000 habitantes"
2018;"Hondarribia";5,23;"Por 1.000 habitantes"
2018;"Ibarra";1,88;"Por 1.000 habitantes"
2018;"Ibarrangelu";4,78;"Por 1.000 habitantes"
2018;"Idiazabal";8,39;"Por 1.000 habitantes"
2018;"Igorre";13,97;"Por 1.000 habitantes"
2018;"Ikaztegieta";19,96;"Por 1.000 habitantes"
2018;"Irun";8,44;"Por 1.000 habitantes"
2018;"Irura";8,26;"Por 1.000 habitantes"
2018;"Iruña Oka/Iruña de Oca";6,03;"Por 1.000 habitantes"
2018;"Ispaster";9,52;"Por 1.000 habitantes"
2018;"Itsasondo";14,08;"Por 1.000 habitantes"
2018;"Iurreta";10,33;"Por 1.000 habitantes"
2018;"Izurtza";6,92;"Por 1.000 habitantes"
2018;"Karrantza Harana/Valle de Carranza";19,83;"Por 1.000 habitantes"
2018;"Kortezubi";2,28;"Por 1.000 habitantes"
2018;"Labastida/Bastida";10,73;"Por 1.000 habitantes"
2018;"Laguardia";3,21;"Por 1.000 habitantes"
2018;"Lanciego/Lantziego";7;"Por 1.000 habitantes"
2018;"Lanestosa";18,18;"Por 1.000 habitantes"
2018;"Lantarón";4,26;"Por 1.000 habitantes"
2018;"Lapuebla de Labarca";4,57;"Por 1.000 habitantes"
2018;"Larrabetzu";8,29;"Por 1.000 habitantes"
2018;"Larraul";8,1;"Por 1.000 habitantes"
2018;"Lasarte-Oria";6,03;"Por 1.000 habitantes"
2018;"Laudio/Llodio";7,72;"Por 1.000 habitantes"
2018;"Lazkao";8,17;"Por 1.000 habitantes"
2018;"Leaburu";16,44;"Por 1.000 habitantes"
2018;"Legazpi";5,46;"Por 1.000 habitantes"
2018;"Legorreta";9,36;"Por 1.000 habitantes"
2018;"Legutio";14,01;"Por 1.000 habitantes"
2018;"Leintz-Gatzaga";4,02;"Por 1.000 habitantes"
2018;"Leioa";8,44;"Por 1.000 habitantes"
2018;"Lekeitio";7,19;"Por 1.000 habitantes"
2018;"Lemoa";11,05;"Por 1.000 habitantes"
2018;"Lemoiz";8,07;"Por 1.000 habitantes"
2018;"Leza";4,67;"Por 1.000 habitantes"
2018;"Lezama";7,52;"Por 1.000 habitantes"
2018;"Lezo";13,53;"Por 1.000 habitantes"
2018;"Lizartza";10,84;"Por 1.000 habitantes"
2018;"Loiu";4,69;"Por 1.000 habitantes"
2018;"Mallabia";4,26;"Por 1.000 habitantes"
2018;"Markina-Xemein";10,75;"Por 1.000 habitantes"
2018;"Maruri-Jatabe";4,33;"Por 1.000 habitantes"
2018;"Mañaria";3,86;"Por 1.000 habitantes"
2018;"Mendaro";6,53;"Por 1.000 habitantes"
2018;"Mendata";2,46;"Por 1.000 habitantes"
2018;"Mendexa";2,07;"Por 1.000 habitantes"
2018;"Meñaka";1,41;"Por 1.000 habitantes"
2018;"Moreda de Álava/Moreda Araba";7,09;"Por 1.000 habitantes"
2018;"Mundaka";8,18;"Por 1.000 habitantes"
2018;"Mungia";6,59;"Por 1.000 habitantes"
2018;"Munitibar-Arbatzegi Gerrikaitz";6,62;"Por 1.000 habitantes"
2018;"Murueta";3,3;"Por 1.000 habitantes"
2018;"Muskiz";21,37;"Por 1.000 habitantes"
2018;"Mutriku";7,68;"Por 1.000 habitantes"
2018;"Muxika";6,09;"Por 1.000 habitantes"
2018;"Nabarniz";4,12;"Por 1.000 habitantes"
2018;"Oiartzun";5,8;"Por 1.000 habitantes"
2018;"Okondo";8,38;"Por 1.000 habitantes"
2018;"Olaberria";4,4;"Por 1.000 habitantes"
2018;"Ondarroa";10,24;"Por 1.000 habitantes"
2018;"Ordizia";11,78;"Por 1.000 habitantes"
2018;"Orendain";9,9;"Por 1.000 habitantes"
2018;"Orexa";18,02;"Por 1.000 habitantes"
2018;"Orio";4,48;"Por 1.000 habitantes"
2018;"Ormaiztegi";5,35;"Por 1.000 habitantes"
2018;"Orozko";12,24;"Por 1.000 habitantes"
2018;"Ortuella";20,88;"Por 1.000 habitantes"
2018;"Otxandio";13,55;"Por 1.000 habitantes"
2018;"Oyón-Oion";9,19;"Por 1.000 habitantes"
2018;"Oñati";6,27;"Por 1.000 habitantes"
2018;"Pasaia";19,56;"Por 1.000 habitantes"
2018;"Peñacerrada-Urizaharra";7,02;"Por 1.000 habitantes"
2018;"Plentzia";4,33;"Por 1.000 habitantes"
2018;"Portugalete";11,01;"Por 1.000 habitantes"
2018;"Ribera Baja/Erriberabeitia";5,11;"Por 1.000 habitantes"
2018;"Agurain/Salvatierra";17,46;"Por 1.000 habitantes"
2018;"Samaniego";8,4;"Por 1.000 habitantes"
2018;"San Millán/Donemiliaga";1,36;"Por 1.000 habitantes"
2018;"Santurtzi";16,29;"Por 1.000 habitantes"
2018;"Segura";7,28;"Por 1.000 habitantes"
2018;"Sestao";24,86;"Por 1.000 habitantes"
2018;"Sondika";12,26;"Por 1.000 habitantes"
2018;"Sopela";7,01;"Por 1.000 habitantes"
2018;"Sopuerta";12,85;"Por 1.000 habitantes"
2018;"Soraluze-Placencia de las Armas";27,14;"Por 1.000 habitantes"
2018;"Sukarrieta";5,88;"Por 1.000 habitantes"
2018;"Tolosa";8,61;"Por 1.000 habitantes"
2018;"Trucios-Turtzioz";9,67;"Por 1.000 habitantes"
2018;"Ubide";5,43;"Por 1.000 habitantes"
2018;"Ugao-Miraballes";13,9;"Por 1.000 habitantes"
2018;"Urduliz";6,64;"Por 1.000 habitantes"
2018;"Urduña/Orduña";13,66;"Por 1.000 habitantes"
2018;"Urkabustaiz";12;"Por 1.000 habitantes"
2018;"Urnieta";9,85;"Por 1.000 habitantes"
2018;"Urretxu";10,75;"Por 1.000 habitantes"
2018;"Usansolo";9,02;"Por 1.000 habitantes"
2018;"Usurbil";7,29;"Por 1.000 habitantes"
2018;"Valdegovía/Gaubea";4,68;"Por 1.000 habitantes"
2018;"Valle de Trápaga-Trapagaran";15,07;"Por 1.000 habitantes"
2018;"Villabona";10,31;"Por 1.000 habitantes"
2018;"Villabuena de Álava/Eskuernaga";6,56;"Por 1.000 habitantes"
2018;"Vitoria-Gasteiz";14,58;"Por 1.000 habitantes"
2018;"Zaldibar";9,47;"Por 1.000 habitantes"
2018;"Zaldibia";9,2;"Por 1.000 habitantes"
2018;"Zalla";22,54;"Por 1.000 habitantes"
2018;"Zambrana";4,64;"Por 1.000 habitantes"
2018;"Zamudio";16,2;"Por 1.000 habitantes"
2018;"Zaratamo";15,32;"Por 1.000 habitantes"
2018;"Zarautz";5,29;"Por 1.000 habitantes"
2018;"Zeanuri";4,78;"Por 1.000 habitantes"
2018;"Zeberio";8,5;"Por 1.000 habitantes"
2018;"Zegama";2,61;"Por 1.000 habitantes"
2018;"Zestoa";12,76;"Por 1.000 habitantes"
2018;"Zierbena";12,05;"Por 1.000 habitantes"
2018;"Zigoitia";0,58;"Por 1.000 habitantes"
2018;"Ziortza-Bolibar";6,54;"Por 1.000 habitantes"
2018;"Zizurkil";13,93;"Por 1.000 habitantes"
2018;"Zuia";3,37;"Por 1.000 habitantes"
2018;"Zumaia";6,02;"Por 1.000 habitantes"
2018;"Zumarraga";11,92;"Por 1.000 habitantes"
2024;"Araba/Álava";10,98;"Por 1.000 habitantes"
2024;"C.A. de Euskadi";12,47;"Por 1.000 habitantes"
2024;"Bizkaia";13,56;"Por 1.000 habitantes"
2024;"Gipuzkoa";11,41;"Por 1.000 habitantes"
2024;"Arabako Lautada / Llanada Alavesa";11,75;"Por 1.000 habitantes"
2024;"Arabako Mendialdea / Montaña Alavesa";5,24;"Por 1.000 habitantes"
2024;"Arratia-Nerbioi / Arratia-Nervión";12,77;"Por 1.000 habitantes"
2024;"Bidasoa Beherea / Bajo Bidasoa";8,04;"Por 1.000 habitantes"
2024;"Bilbo Handia / Gran Bilbao";14,69;"Por 1.000 habitantes"
2024;"Debabarrena / Bajo Deba";15,31;"Por 1.000 habitantes"
2024;"Debagoiena / Alto Deba";9,05;"Por 1.000 habitantes"
2024;"Donostialdea";13,26;"Por 1.000 habitantes"
2024;"Añana (Comarca)";3,58;"Por 1.000 habitantes"
2024;"Durangaldea / Duranguesado";12,01;"Por 1.000 habitantes"
2024;"Enkartazioak / Encartaciones";16,9;"Por 1.000 habitantes"
2024;"Arabako Errioxa / Rioja Alavesa";7;"Por 1.000 habitantes"
2024;"Gernika-Bermeo";5,77;"Por 1.000 habitantes"
2024;"Goierri";9,25;"Por 1.000 habitantes"
2024;"Gorbeialdea / Estribaciones del Gorbea";9,04;"Por 1.000 habitantes"
2024;"Kantauri Arabarra / Cantábrica Alavesa";8,77;"Por 1.000 habitantes"
2024;"Markina-Ondarroa";10,11;"Por 1.000 habitantes"
2024;"Plentzia-Mungia";6,11;"Por 1.000 habitantes"
2024;"Tolosaldea / Tolosa";8,32;"Por 1.000 habitantes"
2024;"Urola-Kostaldea / Urola Costa";9,95;"Por 1.000 habitantes"
2024;"Abadiño";10,4;"Por 1.000 habitantes"
2024;"Abaltzisketa";9,58;"Por 1.000 habitantes"
2024;"Abanto y Ciérvana-Abanto Zierbena";17,82;"Por 1.000 habitantes"
2024;"Aia";6,11;"Por 1.000 habitantes"
2024;"Aizarnazabal";6,37;"Por 1.000 habitantes"
2024;"Albiztur";9,62;"Por 1.000 habitantes"
2024;"Alegia";17,24;"Por 1.000 habitantes"
2024;"Alegría-Dulantzi";11,67;"Por 1.000 habitantes"
2024;"Alkiza";2,88;"Por 1.000 habitantes"
2024;"Alonsotegi";14,32;"Por 1.000 habitantes"
2024;"Altzaga";6,17;"Por 1.000 habitantes"
2024;"Altzo";7,54;"Por 1.000 habitantes"
2024;"Amezketa";8,62;"Por 1.000 habitantes"
2024;"Amorebieta-Etxano";13,5;"Por 1.000 habitantes"
2024;"Amoroto";5,22;"Por 1.000 habitantes"
2024;"Amurrio";12,27;"Por 1.000 habitantes"
2024;"Andoain";4,47;"Por 1.000 habitantes"
2024;"Anoeta";7,48;"Por 1.000 habitantes"
2024;"Antzuola";6,57;"Por 1.000 habitantes"
2024;"Arakaldo";5,78;"Por 1.000 habitantes"
2024;"Aramaio";3,56;"Por 1.000 habitantes"
2024;"Arantzazu";4,69;"Por 1.000 habitantes"
2024;"Areatza";14,1;"Por 1.000 habitantes"
2024;"Aretxabaleta";7,09;"Por 1.000 habitantes"
2024;"Arraia-Maeztu";4,87;"Por 1.000 habitantes"
2024;"Arrankudiaga-Zollo";3,86;"Por 1.000 habitantes"
2024;"Arrasate/Mondragón";10,86;"Por 1.000 habitantes"
2024;"Arratzu";2,45;"Por 1.000 habitantes"
2024;"Arratzua-Ubarrundia";1,84;"Por 1.000 habitantes"
2024;"Arrieta";1,75;"Por 1.000 habitantes"
2024;"Arrigorriaga";14,1;"Por 1.000 habitantes"
2024;"Artea";9,27;"Por 1.000 habitantes"
2024;"Artzentales";14,95;"Por 1.000 habitantes"
2024;"Artziniega";13,51;"Por 1.000 habitantes"
2024;"Asparrena";16,42;"Por 1.000 habitantes"
2024;"Asteasu";2,61;"Por 1.000 habitantes"
2024;"Astigarraga";7,98;"Por 1.000 habitantes"
2024;"Ataun";9,86;"Por 1.000 habitantes"
2024;"Atxondo";12,56;"Por 1.000 habitantes"
2024;"Aulesti";3,12;"Por 1.000 habitantes"
2024;"Ayala/Aiara";5,18;"Por 1.000 habitantes"
2024;"Azkoitia";11,21;"Por 1.000 habitantes"
2024;"Azpeitia";16,97;"Por 1.000 habitantes"
2024;"Añana";5,92;"Por 1.000 habitantes"
2024;"Bakio";3,16;"Por 1.000 habitantes"
2024;"Baliarrain";18,87;"Por 1.000 habitantes"
2024;"Balmaseda";18,61;"Por 1.000 habitantes"
2024;"Barakaldo";16,43;"Por 1.000 habitantes"
2024;"Barrika";4,38;"Por 1.000 habitantes"
2024;"Barrundia";3,29;"Por 1.000 habitantes"
2024;"Basauri";13,87;"Por 1.000 habitantes"
2024;"Baños de Ebro/Mañueta";6,27;"Por 1.000 habitantes"
2024;"Beasain";9,58;"Por 1.000 habitantes"
2024;"Bedia";11,68;"Por 1.000 habitantes"
2024;"Beizama";9,8;"Por 1.000 habitantes"
2024;"Belauntza";6,41;"Por 1.000 habitantes"
2024;"Berango";4,67;"Por 1.000 habitantes"
2024;"Berantevilla";3,88;"Por 1.000 habitantes"
2024;"Berastegi";4,6;"Por 1.000 habitantes"
2024;"Bergara";8,28;"Por 1.000 habitantes"
2024;"Bermeo";0,23;"Por 1.000 habitantes"
2024;"Bernedo";3,62;"Por 1.000 habitantes"
2024;"Berriatua";11,26;"Por 1.000 habitantes"
2024;"Berriz";15,54;"Por 1.000 habitantes"
2024;"Berrobi";13,82;"Por 1.000 habitantes"
2024;"Bidania-Goiatz";11,32;"Por 1.000 habitantes"
2024;"Bilbao";15,79;"Por 1.000 habitantes"
2024;"Busturia";13,08;"Por 1.000 habitantes"
2024;"Campezo/Kanpezu";5,35;"Por 1.000 habitantes"
2024;"Deba";4,1;"Por 1.000 habitantes"
2024;"Derio";7,23;"Por 1.000 habitantes"
2024;"Dima";5,94;"Por 1.000 habitantes"
2024;"Donostia / San Sebastián";14,77;"Por 1.000 habitantes"
2024;"Durango";9,92;"Por 1.000 habitantes"
2024;"Ea";8,09;"Por 1.000 habitantes"
2024;"Eibar";17,5;"Por 1.000 habitantes"
2024;"Elantxobe";11,8;"Por 1.000 habitantes"
2024;"Elburgo/Burgelu";4,48;"Por 1.000 habitantes"
2024;"Elciego";1,98;"Por 1.000 habitantes"
2024;"Elduain";4,15;"Por 1.000 habitantes"
2024;"Elgeta";8,12;"Por 1.000 habitantes"
2024;"Elgoibar";13,37;"Por 1.000 habitantes"
2024;"Elorrio";5,67;"Por 1.000 habitantes"
2024;"Elvillar/Bilar";6,12;"Por 1.000 habitantes"
2024;"Erandio";13,22;"Por 1.000 habitantes"
2024;"Ermua";14,94;"Por 1.000 habitantes"
2024;"Errenteria";14,8;"Por 1.000 habitantes"
2024;"Errezil";3,36;"Por 1.000 habitantes"
2024;"Erriberagoitia/Ribera Alta";1,12;"Por 1.000 habitantes"
2024;"Errigoiti";5,95;"Por 1.000 habitantes"
2024;"Eskoriatza";10,39;"Por 1.000 habitantes"
2024;"Etxebarri";10,37;"Por 1.000 habitantes"
2024;"Etxebarria";11,54;"Por 1.000 habitantes"
2024;"Ezkio-Itsaso";9,65;"Por 1.000 habitantes"
2024;"Forua";15,67;"Por 1.000 habitantes"
2024;"Fruiz";1,71;"Por 1.000 habitantes"
2024;"Gabiria";5,55;"Por 1.000 habitantes"
2024;"Gaintza";8;"Por 1.000 habitantes"
2024;"Galdakao";12,62;"Por 1.000 habitantes"
2024;"Galdames";14,44;"Por 1.000 habitantes"
2024;"Gamiz-Fika";2,16;"Por 1.000 habitantes"
2024;"Garai";3,08;"Por 1.000 habitantes"
2024;"Gatika";5,51;"Por 1.000 habitantes"
2024;"Gautegiz Arteaga";5,57;"Por 1.000 habitantes"
2024;"Gaztelu";11,24;"Por 1.000 habitantes"
2024;"Gernika-Lumo";9,91;"Por 1.000 habitantes"
2024;"Getaria";5,12;"Por 1.000 habitantes"
2024;"Getxo";9,61;"Por 1.000 habitantes"
2024;"Gordexola";12,86;"Por 1.000 habitantes"
2024;"Gorliz";7,39;"Por 1.000 habitantes"
2024;"Güeñes";19,23;"Por 1.000 habitantes"
2024;"Harana/Valle de Arana";4,46;"Por 1.000 habitantes"
2024;"Hernani";12,53;"Por 1.000 habitantes"
2024;"Hernialde";3,12;"Por 1.000 habitantes"
2024;"Hondarribia";7,1;"Por 1.000 habitantes"
2024;"Ibarra";6,38;"Por 1.000 habitantes"
2024;"Ibarrangelu";7,24;"Por 1.000 habitantes"
2024;"Idiazabal";7,4;"Por 1.000 habitantes"
2024;"Igorre";17,66;"Por 1.000 habitantes"
2024;"Ikaztegieta";24,49;"Por 1.000 habitantes"
2024;"Irun";8,3;"Por 1.000 habitantes"
2024;"Irura";8,1;"Por 1.000 habitantes"
2024;"Iruraiz-Gauna";3,36;"Por 1.000 habitantes"
2024;"Iruña Oka/Iruña de Oca";7,24;"Por 1.000 habitantes"
2024;"Ispaster";4,12;"Por 1.000 habitantes"
2024;"Itsasondo";18,73;"Por 1.000 habitantes"
2024;"Iurreta";14,92;"Por 1.000 habitantes"
2024;"Izurtza";8,26;"Por 1.000 habitantes"
2024;"Karrantza Harana/Valle de Carranza";11,68;"Por 1.000 habitantes"
2024;"Kortezubi";4,35;"Por 1.000 habitantes"
2024;"Kuartango";2,56;"Por 1.000 habitantes"
2024;"Labastida/Bastida";9,05;"Por 1.000 habitantes"
2024;"Lagrán";5,38;"Por 1.000 habitantes"
2024;"Laguardia";5,78;"Por 1.000 habitantes"
2024;"Lanciego/Lantziego";1,34;"Por 1.000 habitantes"
2024;"Lanestosa";18,52;"Por 1.000 habitantes"
2024;"Lapuebla de Labarca";7,95;"Por 1.000 habitantes"
2024;"Larrabetzu";9,69;"Por 1.000 habitantes"
2024;"Lasarte-Oria";7,6;"Por 1.000 habitantes"
2024;"Laudio/Llodio";6,83;"Por 1.000 habitantes"
2024;"Lazkao";6,47;"Por 1.000 habitantes"
2024;"Leaburu";13,09;"Por 1.000 habitantes"
2024;"Legazpi";6,33;"Por 1.000 habitantes"
2024;"Legorreta";10,69;"Por 1.000 habitantes"
2024;"Legutio";21,9;"Por 1.000 habitantes"
2024;"Leintz-Gatzaga";8,89;"Por 1.000 habitantes"
2024;"Leioa";9,7;"Por 1.000 habitantes"
2024;"Lekeitio";10,2;"Por 1.000 habitantes"
2024;"Lemoa";17,08;"Por 1.000 habitantes"
2024;"Lemoiz";6,59;"Por 1.000 habitantes"
2024;"Leza";4,74;"Por 1.000 habitantes"
2024;"Lezama";7,13;"Por 1.000 habitantes"
2024;"Lezo";15,08;"Por 1.000 habitantes"
2024;"Lizartza";17,32;"Por 1.000 habitantes"
2024;"Loiu";6,69;"Por 1.000 habitantes"
2024;"Mallabia";7,01;"Por 1.000 habitantes"
2024;"Markina-Xemein";13,05;"Por 1.000 habitantes"
2024;"Maruri-Jatabe";2,8;"Por 1.000 habitantes"
2024;"Mañaria";3,73;"Por 1.000 habitantes"
2024;"Mendaro";15,22;"Por 1.000 habitantes"
2024;"Mendata";9,98;"Por 1.000 habitantes"
2024;"Mendexa";8,87;"Por 1.000 habitantes"
2024;"Moreda de Álava/Moreda Araba";7,66;"Por 1.000 habitantes"
2024;"Morga";7,03;"Por 1.000 habitantes"
2024;"Mundaka";7,6;"Por 1.000 habitantes"
2024;"Mungia";6,27;"Por 1.000 habitantes"
2024;"Munitibar-Arbatzegi Gerrikaitz";12,88;"Por 1.000 habitantes"
2024;"Murueta";3,16;"Por 1.000 habitantes"
2024;"Muskiz";19,9;"Por 1.000 habitantes"
2024;"Mutriku";8,67;"Por 1.000 habitantes"
2024;"Muxika";6,49;"Por 1.000 habitantes"
2024;"Navaridas";4,37;"Por 1.000 habitantes"
2024;"Oiartzun";5,75;"Por 1.000 habitantes"
2024;"Okondo";8,59;"Por 1.000 habitantes"
2024;"Olaberria";5,27;"Por 1.000 habitantes"
2024;"Ondarroa";9,67;"Por 1.000 habitantes"
2024;"Ordizia";11,8;"Por 1.000 habitantes"
2024;"Orexa";10;"Por 1.000 habitantes"
2024;"Orio";13,73;"Por 1.000 habitantes"
2024;"Ormaiztegi";11,74;"Por 1.000 habitantes"
2024;"Orozko";9,13;"Por 1.000 habitantes"
2024;"Ortuella";16,99;"Por 1.000 habitantes"
2024;"Otxandio";11,36;"Por 1.000 habitantes"
2024;"Oyón-Oion";9,35;"Por 1.000 habitantes"
2024;"Oñati";7,86;"Por 1.000 habitantes"
2024;"Pasaia";19,34;"Por 1.000 habitantes"
2024;"Peñacerrada-Urizaharra";8,82;"Por 1.000 habitantes"
2024;"Plentzia";3,99;"Por 1.000 habitantes"
2024;"Portugalete";10,66;"Por 1.000 habitantes"
2024;"Ribera Baja/Erriberabeitia";4,33;"Por 1.000 habitantes"
2024;"Agurain/Salvatierra";13,83;"Por 1.000 habitantes"
2024;"Samaniego";7,09;"Por 1.000 habitantes"
2024;"Santurtzi";18,24;"Por 1.000 habitantes"
2024;"Sestao";28,03;"Por 1.000 habitantes"
2024;"Sondika";8,91;"Por 1.000 habitantes"
2024;"Sopela";8,81;"Por 1.000 habitantes"
2024;"Sopuerta";11,08;"Por 1.000 habitantes"
2024;"Soraluze-Placencia de las Armas";30,97;"Por 1.000 habitantes"
2024;"Sukarrieta";5,39;"Por 1.000 habitantes"
2024;"Tolosa";8,7;"Por 1.000 habitantes"
2024;"Trucios-Turtzioz";19,05;"Por 1.000 habitantes"
2024;"Ubide";5,68;"Por 1.000 habitantes"
2024;"Ugao-Miraballes";11,53;"Por 1.000 habitantes"
2024;"Urduliz";6;"Por 1.000 habitantes"
2024;"Urduña/Orduña";20,39;"Por 1.000 habitantes"
2024;"Urkabustaiz";10,61;"Por 1.000 habitantes"
2024;"Urnieta";10,38;"Por 1.000 habitantes"
2024;"Urretxu";8,67;"Por 1.000 habitantes"
2024;"Usansolo";9,16;"Por 1.000 habitantes"
2024;"Usurbil";4,18;"Por 1.000 habitantes"
2024;"Valdegovía/Gaubea";6,97;"Por 1.000 habitantes"
2024;"Valle de Trápaga-Trapagaran";11,46;"Por 1.000 habitantes"
2024;"Villabona";5,38;"Por 1.000 habitantes"
2024;"Villabuena de Álava/Eskuernaga";10,24;"Por 1.000 habitantes"
2024;"Vitoria-Gasteiz";11,89;"Por 1.000 habitantes"
2024;"Yécora/Iekora";7,46;"Por 1.000 habitantes"
2024;"Zaldibar";17,12;"Por 1.000 habitantes"
2024;"Zaldibia";8;"Por 1.000 habitantes"
2024;"Zalduondo";4,61;"Por 1.000 habitantes"
2024;"Zalla";18,2;"Por 1.000 habitantes"
2024;"Zambrana";6,59;"Por 1.000 habitantes"
2024;"Zamudio";17,49;"Por 1.000 habitantes"
2024;"Zaratamo";14,29;"Por 1.000 habitantes"
2024;"Zarautz";5,6;"Por 1.000 habitantes"
2024;"Zeanuri";9,73;"Por 1.000 habitantes"
2024;"Zeberio";7,42;"Por 1.000 habitantes"
2024;"Zestoa";13,71;"Por 1.000 habitantes"
2024;"Zierbena";10,01;"Por 1.000 habitantes"
2024;"Zigoitia";5,9;"Por 1.000 habitantes"
2024;"Ziortza-Bolibar";4,74;"Por 1.000 habitantes"
2024;"Zizurkil";8,97;"Por 1.000 habitantes"
2024;"Zuia";2,48;"Por 1.000 habitantes"
2024;"Zumaia";6,97;"Por 1.000 habitantes"
2024;"Zumarraga";14,51;"Por 1.000 habitantes"
