Año;Sexo;Edad;Nacionalidad;Discapacidad;Ámbito Territorial;Magnitud;Value
2019;"Total";"Total";"";"";"C.A. de Euskadi";"%";9,8
2019;"Total";"Total";"";"";"Abadiño";"%";9,1
2019;"Total";"Total";"";"";"Abaltzisketa";"%";5
2019;"Total";"Total";"";"";"Abanto y Ciérvana-Abanto Zierbena";"%";12,5
2019;"Total";"Total";"";"";"Aduna";"%";2,8
2019;"Total";"Total";"";"";"Agurain/Salvatierra";"%";13,1
2019;"Total";"Total";"";"";"Aia";"%";6,5
2019;"Total";"Total";"";"";"Aizarnazabal";"%";11,7
2019;"Total";"Total";"";"";"Ajangiz";"%";4,2
2019;"Total";"Total";"";"";"Albiztur";"%";2,1
2019;"Total";"Total";"";"";"Alegia";"%";9,2
2019;"Total";"Total";"";"";"Alegría-Dulantzi";"%";10,7
2019;"Total";"Total";"";"";"Alkiza";"%";8,7
2019;"Total";"Total";"";"";"Alonsotegi";"%";15,4
2019;"Total";"Total";"";"";"Altzaga";"%";6,3
2019;"Total";"Total";"";"";"Altzo";"%";4,1
2019;"Total";"Total";"";"";"Amezketa";"%";8,4
2019;"Total";"Total";"";"";"Amorebieta-Etxano";"%";8,9
2019;"Total";"Total";"";"";"Amoroto";"%";8,4
2019;"Total";"Total";"";"";"Amurrio";"%";10,7
2019;"Total";"Total";"";"";"Andoain";"%";9,1
2019;"Total";"Total";"";"";"Anoeta";"%";8,4
2019;"Total";"Total";"";"";"Antzuola";"%";5
2019;"Total";"Total";"";"";"Añana";"%";7
2019;"Total";"Total";"";"";"Arakaldo";"%";10,8
2019;"Total";"Total";"";"";"Arama";"%";6,1
2019;"Total";"Total";"";"";"Aramaio";"%";4,3
2019;"Total";"Total";"";"";"Arantzazu";"%";7,2
2019;"Total";"Total";"";"";"Areatza";"%";10,4
2019;"Total";"Total";"";"";"Aretxabaleta";"%";7,8
2019;"Total";"Total";"";"";"Armiñón";"%";7,9
2019;"Total";"Total";"";"";"Arraia-Maeztu";"%";5,1
2019;"Total";"Total";"";"";"Arrankudiaga-Zollo";"%";9,3
2019;"Total";"Total";"";"";"Arrasate/Mondragón";"%";10,2
2019;"Total";"Total";"";"";"Arratzu";"%";6,3
2019;"Total";"Total";"";"";"Arratzua-Ubarrundia";"%";7
2019;"Total";"Total";"";"";"Arrieta";"%";6,9
2019;"Total";"Total";"";"";"Arrigorriaga";"%";10,8
2019;"Total";"Total";"";"";"Artea";"%";7,8
2019;"Total";"Total";"";"";"Artzentales";"%";14,4
2019;"Total";"Total";"";"";"Artziniega";"%";11,2
2019;"Total";"Total";"";"";"Asparrena";"%";13,8
2019;"Total";"Total";"";"";"Asteasu";"%";5,6
2019;"Total";"Total";"";"";"Astigarraga";"%";6,8
2019;"Total";"Total";"";"";"Ataun";"%";6,8
2019;"Total";"Total";"";"";"Atxondo";"%";7,1
2019;"Total";"Total";"";"";"Aulesti";"%";6,1
2019;"Total";"Total";"";"";"Ayala/Aiara";"%";8,3
2019;"Total";"Total";"";"";"Azkoitia";"%";8,7
2019;"Total";"Total";"";"";"Azpeitia";"%";7,6
2019;"Total";"Total";"";"";"Bakio";"%";9,9
2019;"Total";"Total";"";"";"Baliarrain";"%";2,8
2019;"Total";"Total";"";"";"Balmaseda";"%";16,3
2019;"Total";"Total";"";"";"Baños de Ebro/Mañueta";"%";6
2019;"Total";"Total";"";"";"Barakaldo";"%";12,6
2019;"Total";"Total";"";"";"Barrika";"%";12,1
2019;"Total";"Total";"";"";"Barrundia";"%";4
2019;"Total";"Total";"";"";"Basauri";"%";13
2019;"Total";"Total";"";"";"Beasain";"%";8
2019;"Total";"Total";"";"";"Bedia";"%";8,9
2019;"Total";"Total";"";"";"Beizama";"%";7,5
2019;"Total";"Total";"";"";"Belauntza";"%";6,5
2019;"Total";"Total";"";"";"Berango";"%";9,1
2019;"Total";"Total";"";"";"Berantevilla";"%";10,4
2019;"Total";"Total";"";"";"Berastegi";"%";6,5
2019;"Total";"Total";"";"";"Bergara";"%";8
2019;"Total";"Total";"";"";"Bermeo";"%";14,4
2019;"Total";"Total";"";"";"Bernedo";"%";5,6
2019;"Total";"Total";"";"";"Berriatua";"%";9,3
2019;"Total";"Total";"";"";"Berriz";"%";9
2019;"Total";"Total";"";"";"Berrobi";"%";9,2
2019;"Total";"Total";"";"";"Bidania-Goiatz";"%";6,9
2019;"Total";"Total";"";"";"Bilbao";"%";13,2
2019;"Total";"Total";"";"";"Busturia";"%";10,8
2019;"Total";"Total";"";"";"Campezo/Kanpezu";"%";9,1
2019;"Total";"Total";"";"";"Deba";"%";7,2
2019;"Total";"Total";"";"";"Derio";"%";7,9
2019;"Total";"Total";"";"";"Dima";"%";6,2
2019;"Total";"Total";"";"";"Donostia / San Sebastián";"%";8,5
2019;"Total";"Total";"";"";"Durango";"%";8,8
2019;"Total";"Total";"";"";"Ea";"%";7,5
2019;"Total";"Total";"";"";"Eibar";"%";11,5
2019;"Total";"Total";"";"";"Elantxobe";"%";15,4
2019;"Total";"Total";"";"";"Elburgo/Burgelu";"%";5,9
2019;"Total";"Total";"";"";"Elciego";"%";10,6
2019;"Total";"Total";"";"";"Elduain";"%";5,7
2019;"Total";"Total";"";"";"Elgeta";"%";7
2019;"Total";"Total";"";"";"Elgoibar";"%";8,6
2019;"Total";"Total";"";"";"Elorrio";"%";8,9
2019;"Total";"Total";"";"";"Elvillar/Bilar";"%";5,7
2019;"Total";"Total";"";"";"Erandio";"%";11,3
2019;"Total";"Total";"";"";"Ereño";"%";7,8
2019;"Total";"Total";"";"";"Ermua";"%";11,1
2019;"Total";"Total";"";"";"Errenteria";"%";9,8
2019;"Total";"Total";"";"";"Errezil";"%";7,2
2019;"Total";"Total";"";"";"Erriberagoitia/Ribera Alta";"%";7,7
2019;"Total";"Total";"";"";"Errigoiti";"%";7
2019;"Total";"Total";"";"";"Eskoriatza";"%";7
2019;"Total";"Total";"";"";"Etxebarri";"%";9
2019;"Total";"Total";"";"";"Etxebarria";"%";7
2019;"Total";"Total";"";"";"Ezkio-Itsaso";"%";4
2019;"Total";"Total";"";"";"Forua";"%";11
2019;"Total";"Total";"";"";"Fruiz";"%";9,8
2019;"Total";"Total";"";"";"Gabiria";"%";4,4
2019;"Total";"Total";"";"";"Gaintza";"%";1,8
2019;"Total";"Total";"";"";"Galdakao";"%";9,7
2019;"Total";"Total";"";"";"Galdames";"%";14,4
2019;"Total";"Total";"";"";"Gamiz-Fika";"%";7,7
2019;"Total";"Total";"";"";"Garai";"%";3,5
2019;"Total";"Total";"";"";"Gatika";"%";7,8
2019;"Total";"Total";"";"";"Gautegiz Arteaga";"%";9,4
2019;"Total";"Total";"";"";"Gaztelu";"%";4
2019;"Total";"Total";"";"";"Gernika-Lumo";"%";9,7
2019;"Total";"Total";"";"";"Getaria";"%";10
2019;"Total";"Total";"";"";"Getxo";"%";9,6
2019;"Total";"Total";"";"";"Gizaburuaga";"%";10,1
2019;"Total";"Total";"";"";"Gordexola";"%";9,4
2019;"Total";"Total";"";"";"Gorliz";"%";10,4
2019;"Total";"Total";"";"";"Güeñes";"%";12,2
2019;"Total";"Total";"";"";"Harana/Valle de Arana";"%";6,1
2019;"Total";"Total";"";"";"Hernani";"%";8,4
2019;"Total";"Total";"";"";"Hernialde";"%";9,9
2019;"Total";"Total";"";"";"Hondarribia";"%";9,4
2019;"Total";"Total";"";"";"Ibarra";"%";10,1
2019;"Total";"Total";"";"";"Ibarrangelu";"%";9,8
2019;"Total";"Total";"";"";"Idiazabal";"%";6,1
2019;"Total";"Total";"";"";"Igorre";"%";10
2019;"Total";"Total";"";"";"Ikaztegieta";"%";10
2019;"Total";"Total";"";"";"Irun";"%";11,2
2019;"Total";"Total";"";"";"Iruña Oka/Iruña de Oca";"%";9,2
2019;"Total";"Total";"";"";"Irura";"%";8,3
2019;"Total";"Total";"";"";"Iruraiz-Gauna";"%";3,6
2019;"Total";"Total";"";"";"Ispaster";"%";9,3
2019;"Total";"Total";"";"";"Itsasondo";"%";9,8
2019;"Total";"Total";"";"";"Iurreta";"%";10,7
2019;"Total";"Total";"";"";"Izurtza";"%";8
2019;"Total";"Total";"";"";"Karrantza Harana/Valle de Carranza";"%";17,3
2019;"Total";"Total";"";"";"Kortezubi";"%";5,1
2019;"Total";"Total";"";"";"Kripan";"%";3,8
2019;"Total";"Total";"";"";"Kuartango";"%";9,4
2019;"Total";"Total";"";"";"Labastida/Bastida";"%";15,3
2019;"Total";"Total";"";"";"Lagrán";"%";7,6
2019;"Total";"Total";"";"";"Laguardia";"%";8,3
2019;"Total";"Total";"";"";"Lanciego/Lantziego";"%";12
2019;"Total";"Total";"";"";"Lanestosa";"%";15,5
2019;"Total";"Total";"";"";"Lantarón";"%";7,6
2019;"Total";"Total";"";"";"Lapuebla de Labarca";"%";13
2019;"Total";"Total";"";"";"Larrabetzu";"%";5,9
2019;"Total";"Total";"";"";"Larraul";"%";7,8
2019;"Total";"Total";"";"";"Lasarte-Oria";"%";8,4
2019;"Total";"Total";"";"";"Laudio/Llodio";"%";12,1
2019;"Total";"Total";"";"";"Laukiz";"%";7,5
2019;"Total";"Total";"";"";"Lazkao";"%";6,5
2019;"Total";"Total";"";"";"Leaburu";"%";9,5
2019;"Total";"Total";"";"";"Legazpi";"%";7,2
2019;"Total";"Total";"";"";"Legorreta";"%";8,7
2019;"Total";"Total";"";"";"Legutio";"%";10,5
2019;"Total";"Total";"";"";"Leintz-Gatzaga";"%";3,1
2019;"Total";"Total";"";"";"Leioa";"%";9,5
2019;"Total";"Total";"";"";"Lekeitio";"%";10,9
2019;"Total";"Total";"";"";"Lemoa";"%";11,1
2019;"Total";"Total";"";"";"Lemoiz";"%";7,5
2019;"Total";"Total";"";"";"Leza";"%";7,3
2019;"Total";"Total";"";"";"Lezama";"%";7,8
2019;"Total";"Total";"";"";"Lezo";"%";8,6
2019;"Total";"Total";"";"";"Lizartza";"%";11,4
2019;"Total";"Total";"";"";"Loiu";"%";7,8
2019;"Total";"Total";"";"";"Mallabia";"%";7,4
2019;"Total";"Total";"";"";"Mañaria";"%";6,1
2019;"Total";"Total";"";"";"Markina-Xemein";"%";7,8
2019;"Total";"Total";"";"";"Maruri-Jatabe";"%";7,4
2019;"Total";"Total";"";"";"Mendaro";"%";7,8
2019;"Total";"Total";"";"";"Mendata";"%";5,8
2019;"Total";"Total";"";"";"Mendexa";"%";9,1
2019;"Total";"Total";"";"";"Meñaka";"%";5,7
2019;"Total";"Total";"";"";"Moreda de Álava/Moreda Araba";"%";11,2
2019;"Total";"Total";"";"";"Morga";"%";8,2
2019;"Total";"Total";"";"";"Mundaka";"%";8,7
2019;"Total";"Total";"";"";"Mungia";"%";9,5
2019;"Total";"Total";"";"";"Munitibar-Arbatzegi Gerrikaitz";"%";7,5
2019;"Total";"Total";"";"";"Murueta";"%";7,3
2019;"Total";"Total";"";"";"Muskiz";"%";11,9
2019;"Total";"Total";"";"";"Mutiloa";"%";3,3
2019;"Total";"Total";"";"";"Mutriku";"%";11,3
2019;"Total";"Total";"";"";"Muxika";"%";10,3
2019;"Total";"Total";"";"";"Nabarniz";"%";7,1
2019;"Total";"Total";"";"";"Navaridas";"%";7,5
2019;"Total";"Total";"";"";"Oiartzun";"%";6,4
2019;"Total";"Total";"";"";"Okondo";"%";10,2
2019;"Total";"Total";"";"";"Olaberria";"%";8,7
2019;"Total";"Total";"";"";"Ondarroa";"%";13,2
2019;"Total";"Total";"";"";"Oñati";"%";5,5
2019;"Total";"Total";"";"";"Ordizia";"%";8,5
2019;"Total";"Total";"";"";"Orendain";"%";3,8
2019;"Total";"Total";"";"";"Orexa";"%";3,7
2019;"Total";"Total";"";"";"Orio";"%";9,5
2019;"Total";"Total";"";"";"Ormaiztegi";"%";7
2019;"Total";"Total";"";"";"Orozko";"%";8,9
2019;"Total";"Total";"";"";"Ortuella";"%";14,1
2019;"Total";"Total";"";"";"Otxandio";"%";8,1
2019;"Total";"Total";"";"";"Oyón-Oion";"%";19,2
2019;"Total";"Total";"";"";"Pasaia";"%";11,3
2019;"Total";"Total";"";"";"Peñacerrada-Urizaharra";"%";6,7
2019;"Total";"Total";"";"";"Plentzia";"%";10,8
2019;"Total";"Total";"";"";"Portugalete";"%";13
2019;"Total";"Total";"";"";"Ribera Baja/Erriberabeitia";"%";10,9
2019;"Total";"Total";"";"";"Samaniego";"%";5,6
2019;"Total";"Total";"";"";"San Millán/Donemiliaga";"%";7,3
2019;"Total";"Total";"";"";"Santurtzi";"%";14,9
2019;"Total";"Total";"";"";"Segura";"%";6,7
2019;"Total";"Total";"";"";"Sestao";"%";17,3
2019;"Total";"Total";"";"";"Sondika";"%";9
2019;"Total";"Total";"";"";"Sopela";"%";9,5
2019;"Total";"Total";"";"";"Sopuerta";"%";10,2
2019;"Total";"Total";"";"";"Soraluze-Placencia de las Armas";"%";12,8
2019;"Total";"Total";"";"";"Sukarrieta";"%";14,7
2019;"Total";"Total";"";"";"Tolosa";"%";7,9
2019;"Total";"Total";"";"";"Trucios-Turtzioz";"%";15
2019;"Total";"Total";"";"";"Ubide";"%";11
2019;"Total";"Total";"";"";"Ugao-Miraballes";"%";10,7
2019;"Total";"Total";"";"";"Urduliz";"%";9,2
2019;"Total";"Total";"";"";"Urduña/Orduña";"%";14,9
2019;"Total";"Total";"";"";"Urkabustaiz";"%";9,9
2019;"Total";"Total";"";"";"Urnieta";"%";7,3
2019;"Total";"Total";"";"";"Urretxu";"%";8
2019;"Total";"Total";"";"";"Usurbil";"%";7,4
2019;"Total";"Total";"";"";"Valdegovía/Gaubea";"%";9,8
2019;"Total";"Total";"";"";"Valle de Trápaga-Trapagaran";"%";12,4
2019;"Total";"Total";"";"";"Villabona";"%";8,7
2019;"Total";"Total";"";"";"Villabuena de Álava/Eskuernaga";"%";2,9
2019;"Total";"Total";"";"";"Vitoria-Gasteiz";"%";11,2
2019;"Total";"Total";"";"";"Yécora/Iekora";"%";8,2
2019;"Total";"Total";"";"";"Zaldibar";"%";9,7
2019;"Total";"Total";"";"";"Zaldibia";"%";6,3
2019;"Total";"Total";"";"";"Zalduondo";"%";3,9
2019;"Total";"Total";"";"";"Zalla";"%";13,6
2019;"Total";"Total";"";"";"Zambrana";"%";14,6
2019;"Total";"Total";"";"";"Zamudio";"%";9,5
2019;"Total";"Total";"";"";"Zaratamo";"%";13,2
2019;"Total";"Total";"";"";"Zarautz";"%";7,6
2019;"Total";"Total";"";"";"Zeanuri";"%";6,9
2019;"Total";"Total";"";"";"Zeberio";"%";8,3
2019;"Total";"Total";"";"";"Zegama";"%";7,1
2019;"Total";"Total";"";"";"Zerain";"%";2,6
2019;"Total";"Total";"";"";"Zestoa";"%";10,8
2019;"Total";"Total";"";"";"Zierbena";"%";9,1
2019;"Total";"Total";"";"";"Zigoitia";"%";5
2019;"Total";"Total";"";"";"Ziortza-Bolibar";"%";7,6
2019;"Total";"Total";"";"";"Zizurkil";"%";8,5
2019;"Total";"Total";"";"";"Zuia";"%";5,5
2019;"Total";"Total";"";"";"Zumaia";"%";8,2
2019;"Total";"Total";"";"";"Zumarraga";"%";10,2
2019;"Total";"Total";"";"";"Añana (comarca)";"%";9,6
2019;"Total";"Total";"";"";"Arabako Errioxa / Rioja Alavesa";"%";12,8
2019;"Total";"Total";"";"";"Arabako Kantaurialdea / Cantábrica Alavesa";"%";11,2
2019;"Total";"Total";"";"";"Arabako Lautada / Llanada Alavesa";"%";11,2
2019;"Total";"Total";"";"";"Arabako Mendialdea / Montaña Alavesa";"%";7
2019;"Total";"Total";"";"";"Arratia-Nerbioi / Arratia-NerviónArratia-Nerbioi / Arratia-Nervión";"%";10,1
2019;"Total";"Total";"";"";"Bidasoa Beherea / Bajo Bidasoa";"%";10,8
2019;"Total";"Total";"";"";"Bilbo Handia / Gran Bilbao";"%";12,4
2019;"Total";"Total";"";"";"Debabarrena / Bajo Deba";"%";10,4
2019;"Total";"Total";"";"";"Debagoiena / Alto Deba";"%";8,1
2019;"Total";"Total";"";"";"Donostialdea";"%";8,7
2019;"Total";"Total";"";"";"Durangaldea / Duranguesado";"%";9,3
2019;"Total";"Total";"";"";"Enkartazioak / Encartaciones";"%";13,8
2019;"Total";"Total";"";"";"Gernika-Bermeo";"%";11,2
2019;"Total";"Total";"";"";"Goierri";"%";7,9
2019;"Total";"Total";"";"";"Gorbeialdea / Estribaciones del Gorbea";"%";7
2019;"Total";"Total";"";"";"Markina-Ondarroa";"%";10,5
2019;"Total";"Total";"";"";"Plentzia-Mungia";"%";9,5
2019;"Total";"Total";"";"";"Tolosaldea";"%";8,1
2019;"Total";"Total";"";"";"Urola Kosta";"%";8,3
2019;"Total";"Total";"";"";"Araba/Álava";"%";10,8
2019;"Total";"Total";"";"";"Bizkaia";"%";11,1
2019;"Total";"Total";"";"";"Gipuzkoa";"%";7,4
2020;"Total";"Total";"";"";"C.A. de Euskadi";"%";10,6
2020;"Total";"Total";"";"";"Abadiño";"%";8,7
2020;"Total";"Total";"";"";"Abaltzisketa";"%";2,9
2020;"Total";"Total";"";"";"Abanto y Ciérvana-Abanto Zierbena";"%";13
2020;"Total";"Total";"";"";"Aduna";"%";3,6
2020;"Total";"Total";"";"";"Agurain/Salvatierra";"%";14,7
2020;"Total";"Total";"";"";"Aia";"%";5,8
2020;"Total";"Total";"";"";"Aizarnazabal";"%";9,7
2020;"Total";"Total";"";"";"Ajangiz";"%";7,3
2020;"Total";"Total";"";"";"Albiztur";"%";3,4
2020;"Total";"Total";"";"";"Alegia";"%";9,5
2020;"Total";"Total";"";"";"Alegría-Dulantzi";"%";9,4
2020;"Total";"Total";"";"";"Alkiza";"%";5,4
2020;"Total";"Total";"";"";"Alonsotegi";"%";12,4
2020;"Total";"Total";"";"";"Altzaga";"%";9,1
2020;"Total";"Total";"";"";"Altzo";"%";5,9
2020;"Total";"Total";"";"";"Amezketa";"%";7,8
2020;"Total";"Total";"";"";"Amorebieta-Etxano";"%";8,1
2020;"Total";"Total";"";"";"Amoroto";"%";10,4
2020;"Total";"Total";"";"";"Amurrio";"%";11,2
2020;"Total";"Total";"";"";"Andoain";"%";8,4
2020;"Total";"Total";"";"";"Anoeta";"%";8
2020;"Total";"Total";"";"";"Antzuola";"%";6,1
2020;"Total";"Total";"";"";"Añana";"%";9,3
2020;"Total";"Total";"";"";"Arakaldo";"%";14,1
2020;"Total";"Total";"";"";"Arama";"%";7,6
2020;"Total";"Total";"";"";"Aramaio";"%";4,3
2020;"Total";"Total";"";"";"Arantzazu";"%";7,5
2020;"Total";"Total";"";"";"Areatza";"%";8,8
2020;"Total";"Total";"";"";"Aretxabaleta";"%";6,8
2020;"Total";"Total";"";"";"Armiñón";"%";6,7
2020;"Total";"Total";"";"";"Arraia-Maeztu";"%";4,3
2020;"Total";"Total";"";"";"Arrankudiaga-Zollo";"%";9,4
2020;"Total";"Total";"";"";"Arrasate/Mondragón";"%";9,1
2020;"Total";"Total";"";"";"Arratzu";"%";5,3
2020;"Total";"Total";"";"";"Arratzua-Ubarrundia";"%";6,7
2020;"Total";"Total";"";"";"Arrieta";"%";8,1
2020;"Total";"Total";"";"";"Arrigorriaga";"%";10,5
2020;"Total";"Total";"";"";"Artea";"%";7,8
2020;"Total";"Total";"";"";"Artzentales";"%";10,4
2020;"Total";"Total";"";"";"Artziniega";"%";11,3
2020;"Total";"Total";"";"";"Asparrena";"%";14,1
2020;"Total";"Total";"";"";"Asteasu";"%";6
2020;"Total";"Total";"";"";"Astigarraga";"%";6,6
2020;"Total";"Total";"";"";"Ataun";"%";7
2020;"Total";"Total";"";"";"Atxondo";"%";8,7
2020;"Total";"Total";"";"";"Aulesti";"%";6,3
2020;"Total";"Total";"";"";"Ayala/Aiara";"%";8,3
2020;"Total";"Total";"";"";"Azkoitia";"%";8,6
2020;"Total";"Total";"";"";"Azpeitia";"%";7,5
2020;"Total";"Total";"";"";"Bakio";"%";10,1
2020;"Total";"Total";"";"";"Baliarrain";"%";5,3
2020;"Total";"Total";"";"";"Balmaseda";"%";14,6
2020;"Total";"Total";"";"";"Baños de Ebro/Mañueta";"%";6,1
2020;"Total";"Total";"";"";"Barakaldo";"%";11,6
2020;"Total";"Total";"";"";"Barrika";"%";9,3
2020;"Total";"Total";"";"";"Barrundia";"%";6,4
2020;"Total";"Total";"";"";"Basauri";"%";12,4
2020;"Total";"Total";"";"";"Beasain";"%";8
2020;"Total";"Total";"";"";"Bedia";"%";9,8
2020;"Total";"Total";"";"";"Beizama";"%";3,3
2020;"Total";"Total";"";"";"Belauntza";"%";6,1
2020;"Total";"Total";"";"";"Berango";"%";8,4
2020;"Total";"Total";"";"";"Berantevilla";"%";9
2020;"Total";"Total";"";"";"Berastegi";"%";5,2
2020;"Total";"Total";"";"";"Bergara";"%";7,5
2020;"Total";"Total";"";"";"Bermeo";"%";13,8
2020;"Total";"Total";"";"";"Bernedo";"%";8,1
2020;"Total";"Total";"";"";"Berriatua";"%";9,6
2020;"Total";"Total";"";"";"Berriz";"%";9,2
2020;"Total";"Total";"";"";"Berrobi";"%";5,7
2020;"Total";"Total";"";"";"Bidania-Goiatz";"%";7,7
2020;"Total";"Total";"";"";"Bilbao";"%";12,3
2020;"Total";"Total";"";"";"Busturia";"%";11
2020;"Total";"Total";"";"";"Campezo/Kanpezu";"%";8,5
2020;"Total";"Total";"";"";"Deba";"%";6,8
2020;"Total";"Total";"";"";"Derio";"%";6,1
2020;"Total";"Total";"";"";"Dima";"%";6,2
2020;"Total";"Total";"";"";"Donostia / San Sebastián";"%";8
2020;"Total";"Total";"";"";"Durango";"%";8,9
2020;"Total";"Total";"";"";"Ea";"%";8,1
2020;"Total";"Total";"";"";"Eibar";"%";11,2
2020;"Total";"Total";"";"";"Elantxobe";"%";11,8
2020;"Total";"Total";"";"";"Elburgo/Burgelu";"%";4,7
2020;"Total";"Total";"";"";"Elciego";"%";9,4
2020;"Total";"Total";"";"";"Elduain";"%";5,7
2020;"Total";"Total";"";"";"Elgeta";"%";6,4
2020;"Total";"Total";"";"";"Elgoibar";"%";8,2
2020;"Total";"Total";"";"";"Elorrio";"%";7,6
2020;"Total";"Total";"";"";"Elvillar/Bilar";"%";6,5
2020;"Total";"Total";"";"";"Erandio";"%";10,4
2020;"Total";"Total";"";"";"Ereño";"%";10,1
2020;"Total";"Total";"";"";"Ermua";"%";11,2
2020;"Total";"Total";"";"";"Errenteria";"%";9,4
2020;"Total";"Total";"";"";"Errezil";"%";5,9
2020;"Total";"Total";"";"";"Erriberagoitia/Ribera Alta";"%";7,4
2020;"Total";"Total";"";"";"Errigoiti";"%";9,3
2020;"Total";"Total";"";"";"Eskoriatza";"%";6,7
2020;"Total";"Total";"";"";"Etxebarri";"%";8,4
2020;"Total";"Total";"";"";"Etxebarria";"%";7
2020;"Total";"Total";"";"";"Ezkio-Itsaso";"%";4
2020;"Total";"Total";"";"";"Forua";"%";10,1
2020;"Total";"Total";"";"";"Fruiz";"%";6,4
2020;"Total";"Total";"";"";"Gabiria";"%";6,2
2020;"Total";"Total";"";"";"Gaintza";"%";1,9
2020;"Total";"Total";"";"";"Galdakao";"%";8,8
2020;"Total";"Total";"";"";"Galdames";"%";11,2
2020;"Total";"Total";"";"";"Gamiz-Fika";"%";6,3
2020;"Total";"Total";"";"";"Garai";"%";4
2020;"Total";"Total";"";"";"Gatika";"%";6,9
2020;"Total";"Total";"";"";"Gautegiz Arteaga";"%";7,1
2020;"Total";"Total";"";"";"Gaztelu";"%";3,9
2020;"Total";"Total";"";"";"Gernika-Lumo";"%";10
2020;"Total";"Total";"";"";"Getaria";"%";9,1
2020;"Total";"Total";"";"";"Getxo";"%";8,7
2020;"Total";"Total";"";"";"Gizaburuaga";"%";7,9
2020;"Total";"Total";"";"";"Gordexola";"%";9,9
2020;"Total";"Total";"";"";"Gorliz";"%";9,2
2020;"Total";"Total";"";"";"Güeñes";"%";11,2
2020;"Total";"Total";"";"";"Harana/Valle de Arana";"%";7,2
2020;"Total";"Total";"";"";"Hernani";"%";7,4
2020;"Total";"Total";"";"";"Hernialde";"%";7,6
2020;"Total";"Total";"";"";"Hondarribia";"%";9,3
2020;"Total";"Total";"";"";"Ibarra";"%";8,2
2020;"Total";"Total";"";"";"Ibarrangelu";"%";11,9
2020;"Total";"Total";"";"";"Idiazabal";"%";5,2
2020;"Total";"Total";"";"";"Igorre";"%";9,4
2020;"Total";"Total";"";"";"Ikaztegieta";"%";9,2
2020;"Total";"Total";"";"";"Irun";"%";11,1
2020;"Total";"Total";"";"";"Iruña Oka/Iruña de Oca";"%";8,2
2020;"Total";"Total";"";"";"Irura";"%";5,5
2020;"Total";"Total";"";"";"Iruraiz-Gauna";"%";5,4
2020;"Total";"Total";"";"";"Ispaster";"%";7,5
2020;"Total";"Total";"";"";"Itsasondo";"%";7,6
2020;"Total";"Total";"";"";"Iurreta";"%";10,7
2020;"Total";"Total";"";"";"Izurtza";"%";10,2
2020;"Total";"Total";"";"";"Karrantza Harana/Valle de Carranza";"%";14,4
2020;"Total";"Total";"";"";"Kortezubi";"%";4,6
2020;"Total";"Total";"";"";"Kripan";"%";4,9
2020;"Total";"Total";"";"";"Kuartango";"%";8,1
2020;"Total";"Total";"";"";"Labastida/Bastida";"%";14
2020;"Total";"Total";"";"";"Lagrán";"%";6,9
2020;"Total";"Total";"";"";"Laguardia";"%";8,1
2020;"Total";"Total";"";"";"Lanciego/Lantziego";"%";14,2
2020;"Total";"Total";"";"";"Lanestosa";"%";10,8
2020;"Total";"Total";"";"";"Lantarón";"%";10,9
2020;"Total";"Total";"";"";"Lapuebla de Labarca";"%";10,8
2020;"Total";"Total";"";"";"Larrabetzu";"%";6,1
2020;"Total";"Total";"";"";"Larraul";"%";6,5
2020;"Total";"Total";"";"";"Lasarte-Oria";"%";8,2
2020;"Total";"Total";"";"";"Laudio/Llodio";"%";11
2020;"Total";"Total";"";"";"Laukiz";"%";8
2020;"Total";"Total";"";"";"Lazkao";"%";7
2020;"Total";"Total";"";"";"Leaburu";"%";9,8
2020;"Total";"Total";"";"";"Legazpi";"%";7,5
2020;"Total";"Total";"";"";"Legorreta";"%";7,1
2020;"Total";"Total";"";"";"Legutio";"%";9,3
2020;"Total";"Total";"";"";"Leintz-Gatzaga";"%";2,5
2020;"Total";"Total";"";"";"Leioa";"%";9,4
2020;"Total";"Total";"";"";"Lekeitio";"%";10,4
2020;"Total";"Total";"";"";"Lemoa";"%";10,3
2020;"Total";"Total";"";"";"Lemoiz";"%";7,3
2020;"Total";"Total";"";"";"Leza";"%";6,3
2020;"Total";"Total";"";"";"Lezama";"%";7,5
2020;"Total";"Total";"";"";"Lezo";"%";8,7
2020;"Total";"Total";"";"";"Lizartza";"%";7,3
2020;"Total";"Total";"";"";"Loiu";"%";7,2
2020;"Total";"Total";"";"";"Mallabia";"%";7
2020;"Total";"Total";"";"";"Mañaria";"%";6,8
2020;"Total";"Total";"";"";"Markina-Xemein";"%";8,2
2020;"Total";"Total";"";"";"Maruri-Jatabe";"%";4,9
2020;"Total";"Total";"";"";"Mendaro";"%";8,3
2020;"Total";"Total";"";"";"Mendata";"%";5,9
2020;"Total";"Total";"";"";"Mendexa";"%";7,4
2020;"Total";"Total";"";"";"Meñaka";"%";5
2020;"Total";"Total";"";"";"Moreda de Álava/Moreda Araba";"%";9,4
2020;"Total";"Total";"";"";"Morga";"%";8,2
2020;"Total";"Total";"";"";"Mundaka";"%";8,3
2020;"Total";"Total";"";"";"Mungia";"%";8,9
2020;"Total";"Total";"";"";"Munitibar-Arbatzegi Gerrikaitz";"%";8,6
2020;"Total";"Total";"";"";"Murueta";"%";6,8
2020;"Total";"Total";"";"";"Muskiz";"%";11,7
2020;"Total";"Total";"";"";"Mutiloa";"%";7,8
2020;"Total";"Total";"";"";"Mutriku";"%";10,9
2020;"Total";"Total";"";"";"Muxika";"%";7,6
2020;"Total";"Total";"";"";"Nabarniz";"%";7,1
2020;"Total";"Total";"";"";"Navaridas";"%";3,1
2020;"Total";"Total";"";"";"Oiartzun";"%";6,6
2020;"Total";"Total";"";"";"Okondo";"%";10,9
2020;"Total";"Total";"";"";"Olaberria";"%";8,8
2020;"Total";"Total";"";"";"Ondarroa";"%";12
2020;"Total";"Total";"";"";"Oñati";"%";5,5
2020;"Total";"Total";"";"";"Ordizia";"%";8,4
2020;"Total";"Total";"";"";"Orendain";"%";2,8
2020;"Total";"Total";"";"";"Orexa";"%";5,6
2020;"Total";"Total";"";"";"Orio";"%";10,1
2020;"Total";"Total";"";"";"Ormaiztegi";"%";7
2020;"Total";"Total";"";"";"Orozko";"%";9,5
2020;"Total";"Total";"";"";"Ortuella";"%";12,6
2020;"Total";"Total";"";"";"Otxandio";"%";7,8
2020;"Total";"Total";"";"";"Oyón-Oion";"%";17,2
2020;"Total";"Total";"";"";"Pasaia";"%";10,5
2020;"Total";"Total";"";"";"Peñacerrada-Urizaharra";"%";6,6
2020;"Total";"Total";"";"";"Plentzia";"%";10,9
2020;"Total";"Total";"";"";"Portugalete";"%";13
2020;"Total";"Total";"";"";"Ribera Baja/Erriberabeitia";"%";9,2
2020;"Total";"Total";"";"";"Samaniego";"%";2,9
2020;"Total";"Total";"";"";"San Millán/Donemiliaga";"%";7,2
2020;"Total";"Total";"";"";"Santurtzi";"%";13,8
2020;"Total";"Total";"";"";"Segura";"%";6,7
2020;"Total";"Total";"";"";"Sestao";"%";15,6
2020;"Total";"Total";"";"";"Sondika";"%";7,8
2020;"Total";"Total";"";"";"Sopela";"%";9
2020;"Total";"Total";"";"";"Sopuerta";"%";8,4
2020;"Total";"Total";"";"";"Soraluze-Placencia de las Armas";"%";12,2
2020;"Total";"Total";"";"";"Sukarrieta";"%";11,8
2020;"Total";"Total";"";"";"Tolosa";"%";7,3
2020;"Total";"Total";"";"";"Trucios-Turtzioz";"%";11,6
2020;"Total";"Total";"";"";"Ubide";"%";8,1
2020;"Total";"Total";"";"";"Ugao-Miraballes";"%";9,6
2020;"Total";"Total";"";"";"Urduliz";"%";9,5
2020;"Total";"Total";"";"";"Urduña/Orduña";"%";13,4
2020;"Total";"Total";"";"";"Urkabustaiz";"%";9,3
2020;"Total";"Total";"";"";"Urnieta";"%";6,7
2020;"Total";"Total";"";"";"Urretxu";"%";7,6
2020;"Total";"Total";"";"";"Usurbil";"%";7
2020;"Total";"Total";"";"";"Valdegovía/Gaubea";"%";11,5
2020;"Total";"Total";"";"";"Valle de Trápaga-Trapagaran";"%";11,2
2020;"Total";"Total";"";"";"Villabona";"%";9,2
2020;"Total";"Total";"";"";"Villabuena de Álava/Eskuernaga";"%";6,6
2020;"Total";"Total";"";"";"Vitoria-Gasteiz";"%";10,5
2020;"Total";"Total";"";"";"Yécora/Iekora";"%";11,2
2020;"Total";"Total";"";"";"Zaldibar";"%";7,3
2020;"Total";"Total";"";"";"Zaldibia";"%";5,7
2020;"Total";"Total";"";"";"Zalduondo";"%";6,4
2020;"Total";"Total";"";"";"Zalla";"%";12,9
2020;"Total";"Total";"";"";"Zambrana";"%";10,6
2020;"Total";"Total";"";"";"Zamudio";"%";8,5
2020;"Total";"Total";"";"";"Zaratamo";"%";11,4
2020;"Total";"Total";"";"";"Zarautz";"%";7,3
2020;"Total";"Total";"";"";"Zeanuri";"%";6,3
2020;"Total";"Total";"";"";"Zeberio";"%";7,9
2020;"Total";"Total";"";"";"Zegama";"%";5,7
2020;"Total";"Total";"";"";"Zerain";"%";5,1
2020;"Total";"Total";"";"";"Zestoa";"%";9,9
2020;"Total";"Total";"";"";"Zierbena";"%";10,8
2020;"Total";"Total";"";"";"Zigoitia";"%";5,8
2020;"Total";"Total";"";"";"Ziortza-Bolibar";"%";5,1
2020;"Total";"Total";"";"";"Zizurkil";"%";9
2020;"Total";"Total";"";"";"Zuia";"%";4,5
2020;"Total";"Total";"";"";"Zumaia";"%";7,6
2020;"Total";"Total";"";"";"Zumarraga";"%";9,4
2020;"Total";"Total";"";"";"Añana (comarca)";"%";9,5
2020;"Total";"Total";"";"";"Arabako Errioxa / Rioja Alavesa";"%";11,9
2020;"Total";"Total";"";"";"Arabako Kantaurialdea / Cantábrica Alavesa";"%";10,8
2020;"Total";"Total";"";"";"Arabako Lautada / Llanada Alavesa";"%";10,5
2020;"Total";"Total";"";"";"Arabako Mendialdea / Montaña Alavesa";"%";7
2020;"Total";"Total";"";"";"Arratia-Nerbioi / Arratia-Nervión";"%";9,5
2020;"Total";"Total";"";"";"Bidasoa Beherea / Bajo Bidasoa";"%";10,7
2020;"Total";"Total";"";"";"Bilbo Handia / Gran Bilbao";"%";11,6
2020;"Total";"Total";"";"";"Debabarrena / Bajo Deba";"%";10,1
2020;"Total";"Total";"";"";"Debagoiena / Alto Deba";"%";7,5
2020;"Total";"Total";"";"";"Donostialdea";"%";8,2
2020;"Total";"Total";"";"";"Durangaldea / Duranguesado";"%";9
2020;"Total";"Total";"";"";"Enkartazioak / Encartaciones";"%";12,4
2020;"Total";"Total";"";"";"Gernika-Bermeo";"%";11
2020;"Total";"Total";"";"";"Goierri";"%";7,7
2020;"Total";"Total";"";"";"Gorbeialdea / Estribaciones del Gorbea";"%";6,6
2020;"Total";"Total";"";"";"Markina-Ondarroa";"%";9,9
2020;"Total";"Total";"";"";"Plentzia-Mungia";"%";8,9
2020;"Total";"Total";"";"";"Tolosaldea";"%";7,5
2020;"Total";"Total";"";"";"Urola Kosta";"%";8
2020;"Total";"Total";"";"";"Araba/Álava";"%";11
2020;"Total";"Total";"";"";"Bizkaia";"%";11,9
2020;"Total";"Total";"";"";"Gipuzkoa";"%";8,2
2022;"Total";"Total";"";"";"C.A. de Euskadi";"%";8,6
2022;"Total";"Total";"";"";"Abadiño";"%";8,5
2022;"Total";"Total";"";"";"Abaltzisketa";"%";3
2022;"Total";"Total";"";"";"Abanto y Ciérvana-Abanto Zierbena";"%";12,3
2022;"Total";"Total";"";"";"Aduna";"%";2
2022;"Total";"Total";"";"";"Agurain/Salvatierra";"%";11,4
2022;"Total";"Total";"";"";"Aia";"%";5,2
2022;"Total";"Total";"";"";"Aizarnazabal";"%";9,2
2022;"Total";"Total";"";"";"Ajangiz";"%";6,1
2022;"Total";"Total";"";"";"Albiztur";"%";2,1
2022;"Total";"Total";"";"";"Alegia";"%";7,7
2022;"Total";"Total";"";"";"Alegría-Dulantzi";"%";10,7
2022;"Total";"Total";"";"";"Alkiza";"%";5,3
2022;"Total";"Total";"";"";"Alonsotegi";"%";12,6
2022;"Total";"Total";"";"";"Altzaga";"%";2,5
2022;"Total";"Total";"";"";"Altzo";"%";5,7
2022;"Total";"Total";"";"";"Amezketa";"%";6,4
2022;"Total";"Total";"";"";"Amorebieta-Etxano";"%";8,1
2022;"Total";"Total";"";"";"Amoroto";"%";5,1
2022;"Total";"Total";"";"";"Amurrio";"%";9,3
2022;"Total";"Total";"";"";"Andoain";"%";8,6
2022;"Total";"Total";"";"";"Anoeta";"%";7,7
2022;"Total";"Total";"";"";"Antzuola";"%";5,5
2022;"Total";"Total";"";"";"Añana";"%";8,2
2022;"Total";"Total";"";"";"Arakaldo";"%";9,2
2022;"Total";"Total";"";"";"Arama";"%";5,3
2022;"Total";"Total";"";"";"Aramaio";"%";4,4
2022;"Total";"Total";"";"";"Arantzazu";"%";7,8
2022;"Total";"Total";"";"";"Areatza";"%";7,9
2022;"Total";"Total";"";"";"Aretxabaleta";"%";5,8
2022;"Total";"Total";"";"";"Armiñón";"%";3,1
2022;"Total";"Total";"";"";"Arraia-Maeztu";"%";4,8
2022;"Total";"Total";"";"";"Arrankudiaga-Zollo";"%";7,2
2022;"Total";"Total";"";"";"Arrasate/Mondragón";"%";8,4
2022;"Total";"Total";"";"";"Arratzu";"%";5,6
2022;"Total";"Total";"";"";"Arratzua-Ubarrundia";"%";6,2
2022;"Total";"Total";"";"";"Arrieta";"%";7,1
2022;"Total";"Total";"";"";"Arrigorriaga";"%";10,1
2022;"Total";"Total";"";"";"Artea";"%";9,5
2022;"Total";"Total";"";"";"Artzentales";"%";11,9
2022;"Total";"Total";"";"";"Artziniega";"%";10
2022;"Total";"Total";"";"";"Asparrena";"%";12,2
2022;"Total";"Total";"";"";"Asteasu";"%";6,1
2022;"Total";"Total";"";"";"Astigarraga";"%";5,8
2022;"Total";"Total";"";"";"Ataun";"%";4,1
2022;"Total";"Total";"";"";"Atxondo";"%";7,1
2022;"Total";"Total";"";"";"Aulesti";"%";6
2022;"Total";"Total";"";"";"Ayala/Aiara";"%";7,2
2022;"Total";"Total";"";"";"Azkoitia";"%";7,3
2022;"Total";"Total";"";"";"Azpeitia";"%";6,4
2022;"Total";"Total";"";"";"Bakio";"%";8,4
2022;"Total";"Total";"";"";"Baliarrain";"%";6,5
2022;"Total";"Total";"";"";"Balmaseda";"%";14,6
2022;"Total";"Total";"";"";"Baños de Ebro/Mañueta";"%";6,7
2022;"Total";"Total";"";"";"Barakaldo";"%";11,5
2022;"Total";"Total";"";"";"Barrika";"%";9,8
2022;"Total";"Total";"";"";"Barrundia";"%";5,2
2022;"Total";"Total";"";"";"Basauri";"%";12,3
2022;"Total";"Total";"";"";"Beasain";"%";7,4
2022;"Total";"Total";"";"";"Bedia";"%";10,2
2022;"Total";"Total";"";"";"Beizama";"%";5,1
2022;"Total";"Total";"";"";"Belauntza";"%";7,3
2022;"Total";"Total";"";"";"Berango";"%";7,9
2022;"Total";"Total";"";"";"Berantevilla";"%";8,5
2022;"Total";"Total";"";"";"Berastegi";"%";3,6
2022;"Total";"Total";"";"";"Bergara";"%";7
2022;"Total";"Total";"";"";"Bermeo";"%";11,6
2022;"Total";"Total";"";"";"Bernedo";"%";9
2022;"Total";"Total";"";"";"Berriatua";"%";5,5
2022;"Total";"Total";"";"";"Berriz";"%";8,1
2022;"Total";"Total";"";"";"Berrobi";"%";7,7
2022;"Total";"Total";"";"";"Bidania-Goiatz";"%";6,1
2022;"Total";"Total";"";"";"Bilbao";"%";12,5
2022;"Total";"Total";"";"";"Busturia";"%";10,3
2022;"Total";"Total";"";"";"Campezo/Kanpezu";"%";7,5
2022;"Total";"Total";"";"";"Deba";"%";6,7
2022;"Total";"Total";"";"";"Derio";"%";7,5
2022;"Total";"Total";"";"";"Dima";"%";6,9
2022;"Total";"Total";"";"";"Donostia / San Sebastián";"%";7,7
2022;"Total";"Total";"";"";"Durango";"%";7,9
2022;"Total";"Total";"";"";"Ea";"%";8,9
2022;"Total";"Total";"";"";"Eibar";"%";10,3
2022;"Total";"Total";"";"";"Elantxobe";"%";13,3
2022;"Total";"Total";"";"";"Elburgo/Burgelu";"%";6
2022;"Total";"Total";"";"";"Elciego";"%";7,9
2022;"Total";"Total";"";"";"Elduain";"%";4,8
2022;"Total";"Total";"";"";"Elgeta";"%";3,5
2022;"Total";"Total";"";"";"Elgoibar";"%";8
2022;"Total";"Total";"";"";"Elorrio";"%";7
2022;"Total";"Total";"";"";"Elvillar/Bilar";"%";5,3
2022;"Total";"Total";"";"";"Erandio";"%";10,1
2022;"Total";"Total";"";"";"Ereño";"%";6,5
2022;"Total";"Total";"";"";"Ermua";"%";10,8
2022;"Total";"Total";"";"";"Errenteria";"%";8,7
2022;"Total";"Total";"";"";"Errezil";"%";7
2022;"Total";"Total";"";"";"Erriberagoitia/Ribera Alta";"%";5,9
2022;"Total";"Total";"";"";"Errigoiti";"%";7
2022;"Total";"Total";"";"";"Eskoriatza";"%";7,2
2022;"Total";"Total";"";"";"Etxebarri";"%";7,5
2022;"Total";"Total";"";"";"Etxebarria";"%";7,6
2022;"Total";"Total";"";"";"Ezkio-Itsaso";"%";7
2022;"Total";"Total";"";"";"Forua";"%";9,5
2022;"Total";"Total";"";"";"Fruiz";"%";7,9
2022;"Total";"Total";"";"";"Gabiria";"%";4,3
2022;"Total";"Total";"";"";"Gaintza";"%";1,5
2022;"Total";"Total";"";"";"Galdakao";"%";8,5
2022;"Total";"Total";"";"";"Galdames";"%";10
2022;"Total";"Total";"";"";"Gamiz-Fika";"%";6,4
2022;"Total";"Total";"";"";"Garai";"%";2,4
2022;"Total";"Total";"";"";"Gatika";"%";8,4
2022;"Total";"Total";"";"";"Gautegiz Arteaga";"%";5,1
2022;"Total";"Total";"";"";"Gaztelu";"%";5,7
2022;"Total";"Total";"";"";"Gernika-Lumo";"%";8,7
2022;"Total";"Total";"";"";"Getaria";"%";5,4
2022;"Total";"Total";"";"";"Getxo";"%";8,8
2022;"Total";"Total";"";"";"Gizaburuaga";"%";6,8
2022;"Total";"Total";"";"";"Gordexola";"%";9,4
2022;"Total";"Total";"";"";"Gorliz";"%";9,3
2022;"Total";"Total";"";"";"Güeñes";"%";11,4
2022;"Total";"Total";"";"";"Harana/Valle de Arana";"%";10,5
2022;"Total";"Total";"";"";"Hernani";"%";7,9
2022;"Total";"Total";"";"";"Hernialde";"%";11,6
2022;"Total";"Total";"";"";"Hondarribia";"%";7,5
2022;"Total";"Total";"";"";"Ibarra";"%";8,1
2022;"Total";"Total";"";"";"Ibarrangelu";"%";10
2022;"Total";"Total";"";"";"Idiazabal";"%";4,9
2022;"Total";"Total";"";"";"Igorre";"%";9,3
2022;"Total";"Total";"";"";"Ikaztegieta";"%";10,2
2022;"Total";"Total";"";"";"Irun";"%";10,7
2022;"Total";"Total";"";"";"Iruña Oka/Iruña de Oca";"%";7,5
2022;"Total";"Total";"";"";"Irura";"%";6,5
2022;"Total";"Total";"";"";"Iruraiz-Gauna";"%";4,7
2022;"Total";"Total";"";"";"Ispaster";"%";6,9
2022;"Total";"Total";"";"";"Itsasondo";"%";6,5
2022;"Total";"Total";"";"";"Iurreta";"%";8,8
2022;"Total";"Total";"";"";"Izurtza";"%";3,8
2022;"Total";"Total";"";"";"Karrantza Harana/Valle de Carranza";"%";12,6
2022;"Total";"Total";"";"";"Kortezubi";"%";4,5
2022;"Total";"Total";"";"";"Kripan";"%";2,2
2022;"Total";"Total";"";"";"Kuartango";"%";6,9
2022;"Total";"Total";"";"";"Labastida/Bastida";"%";10,6
2022;"Total";"Total";"";"";"Lagrán";"%";9,9
2022;"Total";"Total";"";"";"Laguardia";"%";7,9
2022;"Total";"Total";"";"";"Lanciego/Lantziego";"%";11,6
2022;"Total";"Total";"";"";"Lanestosa";"%";14,3
2022;"Total";"Total";"";"";"Lantarón";"%";9,5
2022;"Total";"Total";"";"";"Lapuebla de Labarca";"%";12,8
2022;"Total";"Total";"";"";"Larrabetzu";"%";7
2022;"Total";"Total";"";"";"Larraul";"%";5,1
2022;"Total";"Total";"";"";"Lasarte-Oria";"%";7,2
2022;"Total";"Total";"";"";"Laudio/Llodio";"%";10
2022;"Total";"Total";"";"";"Laukiz";"%";7,5
2022;"Total";"Total";"";"";"Lazkao";"%";6,6
2022;"Total";"Total";"";"";"Leaburu";"%";7,4
2022;"Total";"Total";"";"";"Legazpi";"%";7,2
2022;"Total";"Total";"";"";"Legorreta";"%";5,8
2022;"Total";"Total";"";"";"Legutio";"%";9,6
2022;"Total";"Total";"";"";"Leintz-Gatzaga";"%";5,5
2022;"Total";"Total";"";"";"Leioa";"%";9,3
2022;"Total";"Total";"";"";"Lekeitio";"%";8,6
2022;"Total";"Total";"";"";"Lemoa";"%";9,4
2022;"Total";"Total";"";"";"Lemoiz";"%";8,6
2022;"Total";"Total";"";"";"Leza";"%";6,1
2022;"Total";"Total";"";"";"Lezama";"%";6,6
2022;"Total";"Total";"";"";"Lezo";"%";7,4
2022;"Total";"Total";"";"";"Lizartza";"%";6,9
2022;"Total";"Total";"";"";"Loiu";"%";6,8
2022;"Total";"Total";"";"";"Mallabia";"%";7
2022;"Total";"Total";"";"";"Mañaria";"%";6,6
2022;"Total";"Total";"";"";"Markina-Xemein";"%";7,3
2022;"Total";"Total";"";"";"Maruri-Jatabe";"%";7,8
2022;"Total";"Total";"";"";"Mendaro";"%";6,9
2022;"Total";"Total";"";"";"Mendata";"%";6,2
2022;"Total";"Total";"";"";"Mendexa";"%";4
2022;"Total";"Total";"";"";"Meñaka";"%";4,3
2022;"Total";"Total";"";"";"Moreda de Álava/Moreda Araba";"%";6,8
2022;"Total";"Total";"";"";"Morga";"%";6,3
2022;"Total";"Total";"";"";"Mundaka";"%";9,2
2022;"Total";"Total";"";"";"Mungia";"%";8,3
2022;"Total";"Total";"";"";"Munitibar-Arbatzegi Gerrikaitz";"%";6,7
2022;"Total";"Total";"";"";"Murueta";"%";10,5
2022;"Total";"Total";"";"";"Muskiz";"%";10,5
2022;"Total";"Total";"";"";"Mutiloa";"%";5,6
2022;"Total";"Total";"";"";"Mutriku";"%";7,3
2022;"Total";"Total";"";"";"Muxika";"%";7,4
2022;"Total";"Total";"";"";"Nabarniz";"%";9,4
2022;"Total";"Total";"";"";"Navaridas";"%";4,9
2022;"Total";"Total";"";"";"Oiartzun";"%";6,2
2022;"Total";"Total";"";"";"Okondo";"%";7,7
2022;"Total";"Total";"";"";"Olaberria";"%";7,9
2022;"Total";"Total";"";"";"Ondarroa";"%";9,8
2022;"Total";"Total";"";"";"Oñati";"%";5,8
2022;"Total";"Total";"";"";"Ordizia";"%";8,6
2022;"Total";"Total";"";"";"Orendain";"%";3,1
2022;"Total";"Total";"";"";"Orexa";"%";4
2022;"Total";"Total";"";"";"Orio";"%";6,6
2022;"Total";"Total";"";"";"Ormaiztegi";"%";6,2
2022;"Total";"Total";"";"";"Orozko";"%";10,3
2022;"Total";"Total";"";"";"Ortuella";"%";13,1
2022;"Total";"Total";"";"";"Otxandio";"%";8,3
2022;"Total";"Total";"";"";"Oyón-Oion";"%";13,7
2022;"Total";"Total";"";"";"Pasaia";"%";9,4
2022;"Total";"Total";"";"";"Peñacerrada-Urizaharra";"%";3,9
2022;"Total";"Total";"";"";"Plentzia";"%";9,6
2022;"Total";"Total";"";"";"Portugalete";"%";12,3
2022;"Total";"Total";"";"";"Ribera Baja/Erriberabeitia";"%";8,5
2022;"Total";"Total";"";"";"Samaniego";"%";6
2022;"Total";"Total";"";"";"San Millán/Donemiliaga";"%";6
2022;"Total";"Total";"";"";"Santurtzi";"%";13,5
2022;"Total";"Total";"";"";"Segura";"%";3,5
2022;"Total";"Total";"";"";"Sestao";"%";14,8
2022;"Total";"Total";"";"";"Sondika";"%";8,8
2022;"Total";"Total";"";"";"Sopela";"%";8,9
2022;"Total";"Total";"";"";"Sopuerta";"%";9
2022;"Total";"Total";"";"";"Soraluze-Placencia de las Armas";"%";12,1
2022;"Total";"Total";"";"";"Sukarrieta";"%";13,7
2022;"Total";"Total";"";"";"Tolosa";"%";7,2
2022;"Total";"Total";"";"";"Trucios-Turtzioz";"%";11,5
2022;"Total";"Total";"";"";"Ubide";"%";6,3
2022;"Total";"Total";"";"";"Ugao-Miraballes";"%";10
2022;"Total";"Total";"";"";"Urduliz";"%";7,9
2022;"Total";"Total";"";"";"Urduña/Orduña";"%";12,9
2022;"Total";"Total";"";"";"Urkabustaiz";"%";8,9
2022;"Total";"Total";"";"";"Urnieta";"%";7,1
2022;"Total";"Total";"";"";"Urretxu";"%";6,7
2022;"Total";"Total";"";"";"Usurbil";"%";6,6
2022;"Total";"Total";"";"";"Valdegovía/Gaubea";"%";12
2022;"Total";"Total";"";"";"Valle de Trápaga-Trapagaran";"%";10,9
2022;"Total";"Total";"";"";"Villabona";"%";8,8
2022;"Total";"Total";"";"";"Villabuena de Álava/Eskuernaga";"%";3,4
2022;"Total";"Total";"";"";"Vitoria-Gasteiz";"%";10,1
2022;"Total";"Total";"";"";"Yécora/Iekora";"%";5,1
2022;"Total";"Total";"";"";"Zaldibar";"%";7,7
2022;"Total";"Total";"";"";"Zaldibia";"%";7,4
2022;"Total";"Total";"";"";"Zalduondo";"%";7,4
2022;"Total";"Total";"";"";"Zalla";"%";11,3
2022;"Total";"Total";"";"";"Zambrana";"%";11,5
2022;"Total";"Total";"";"";"Zamudio";"%";8,3
2022;"Total";"Total";"";"";"Zaratamo";"%";11,5
2022;"Total";"Total";"";"";"Zarautz";"%";6,6
2022;"Total";"Total";"";"";"Zeanuri";"%";6,4
2022;"Total";"Total";"";"";"Zeberio";"%";6,9
2022;"Total";"Total";"";"";"Zegama";"%";5,5
2022;"Total";"Total";"";"";"Zerain";"%";1,5
2022;"Total";"Total";"";"";"Zestoa";"%";8
2022;"Total";"Total";"";"";"Zierbena";"%";8,5
2022;"Total";"Total";"";"";"Zigoitia";"%";5
2022;"Total";"Total";"";"";"Ziortza-Bolibar";"%";7,3
2022;"Total";"Total";"";"";"Zizurkil";"%";7,3
2022;"Total";"Total";"";"";"Zuia";"%";6,1
2022;"Total";"Total";"";"";"Zumaia";"%";7,1
2022;"Total";"Total";"";"";"Zumarraga";"%";9,4
2022;"Total";"Total";"";"";"Añana (comarca)";"%";8,7
2022;"Total";"Total";"";"";"Arabako Errioxa / Rioja Alavesa";"%";10
2022;"Total";"Total";"";"";"Arabako Kantaurialdea / Cantábrica Alavesa";"%";9,5
2022;"Total";"Total";"";"";"Arabako Lautada / Llanada Alavesa";"%";10
2022;"Total";"Total";"";"";"Arabako Mendialdea / Montaña Alavesa";"%";7
2022;"Total";"Total";"";"";"Arratia-Nerbioi / Arratia-Nervión";"%";9,4
2022;"Total";"Total";"";"";"Bidasoa Beherea / Bajo Bidasoa";"%";10
2022;"Total";"Total";"";"";"Bilbo Handia / Gran Bilbao";"%";11,5
2022;"Total";"Total";"";"";"Debabarrena / Bajo Deba";"%";9,1
2022;"Total";"Total";"";"";"Debagoiena / Alto Deba";"%";7
2022;"Total";"Total";"";"";"Donostialdea";"%";7,8
2022;"Total";"Total";"";"";"Durangaldea / Duranguesado";"%";8,4
2022;"Total";"Total";"";"";"Enkartazioak / Encartaciones";"%";11,9
2022;"Total";"Total";"";"";"Gernika-Bermeo";"%";9,6
2022;"Total";"Total";"";"";"Goierri";"%";7,3
2022;"Total";"Total";"";"";"Gorbeialdea / Estribaciones del Gorbea";"%";6,9
2022;"Total";"Total";"";"";"Markina-Ondarroa";"%";8,2
2022;"Total";"Total";"";"";"Plentzia-Mungia";"%";8,5
2022;"Total";"Total";"";"";"Tolosaldea";"%";7,1
2022;"Total";"Total";"";"";"Urola Kosta";"%";6,8
2022;"Total";"Total";"";"";"Araba/ÁlavaAraba/Álava";"%";9,5
2022;"Total";"Total";"";"";"Bizkaia";"%";9,3
2022;"Total";"Total";"";"";"Gipuzkoa";"%";7
2023;"Total";"Total";"";"";"C.A. de Euskadi";"%";7,8
2023;"Total";"Total";"";"";"Abadiño";"%";7,8
2023;"Total";"Total";"";"";"Abaltzisketa";"%";5,2
2023;"Total";"Total";"";"";"Abanto y Ciérvana-Abanto Zierbena";"%";9,8
2023;"Total";"Total";"";"";"Aduna";"%";1,8
2023;"Total";"Total";"";"";"Agurain/Salvatierra";"%";10,3
2023;"Total";"Total";"";"";"Aia";"%";4,9
2023;"Total";"Total";"";"";"Aizarnazabal";"%";7,3
2023;"Total";"Total";"";"";"Ajangiz";"%";4,3
2023;"Total";"Total";"";"";"Albiztur";"%";1,3
2023;"Total";"Total";"";"";"Alegia";"%";8,1
2023;"Total";"Total";"";"";"Alegría-Dulantzi";"%";7,5
2023;"Total";"Total";"";"";"Alkiza";"%";8,1
2023;"Total";"Total";"";"";"Alonsotegi";"%";13,3
2023;"Total";"Total";"";"";"Altzaga";"%";4
2023;"Total";"Total";"";"";"Altzo";"%";4,9
2023;"Total";"Total";"";"";"Amezketa";"%";7,5
2023;"Total";"Total";"";"";"Amorebieta-Etxano";"%";6,2
2023;"Total";"Total";"";"";"Amoroto";"%";7,9
2023;"Total";"Total";"";"";"Amurrio";"%";8,4
2023;"Total";"Total";"";"";"Andoain";"%";7,7
2023;"Total";"Total";"";"";"Anoeta";"%";7,1
2023;"Total";"Total";"";"";"Antzuola";"%";5,9
2023;"Total";"Total";"";"";"Añana";"%";7,4
2023;"Total";"Total";"";"";"Arakaldo";"%";12
2023;"Total";"Total";"";"";"Arama";"%";2
2023;"Total";"Total";"";"";"Aramaio";"%";4,7
2023;"Total";"Total";"";"";"Arantzazu";"%";7,1
2023;"Total";"Total";"";"";"Areatza";"%";6,5
2023;"Total";"Total";"";"";"Aretxabaleta";"%";5,2
2023;"Total";"Total";"";"";"Armiñón";"%";4,9
2023;"Total";"Total";"";"";"Arraia-Maeztu";"%";3
2023;"Total";"Total";"";"";"Arrankudiaga-Zollo";"%";5,7
2023;"Total";"Total";"";"";"Arrasate/Mondragón";"%";8,4
2023;"Total";"Total";"";"";"Arratzu";"%";5,3
2023;"Total";"Total";"";"";"Arratzua-Ubarrundia";"%";4,9
2023;"Total";"Total";"";"";"Arrieta";"%";5,6
2023;"Total";"Total";"";"";"Arrigorriaga";"%";8
2023;"Total";"Total";"";"";"Artea";"%";7,1
2023;"Total";"Total";"";"";"Artzentales";"%";12,2
2023;"Total";"Total";"";"";"Artziniega";"%";8,4
2023;"Total";"Total";"";"";"Asparrena";"%";7,7
2023;"Total";"Total";"";"";"Asteasu";"%";5,2
2023;"Total";"Total";"";"";"Astigarraga";"%";5
2023;"Total";"Total";"";"";"Ataun";"%";6,6
2023;"Total";"Total";"";"";"Atxondo";"%";5,6
2023;"Total";"Total";"";"";"Aulesti";"%";6
2023;"Total";"Total";"";"";"Ayala/Aiara";"%";5,5
2023;"Total";"Total";"";"";"Azkoitia";"%";7
2023;"Total";"Total";"";"";"Azpeitia";"%";6,1
2023;"Total";"Total";"";"";"Bakio";"%";6,6
2023;"Total";"Total";"";"";"Baliarrain";"%";2,4
2023;"Total";"Total";"";"";"Balmaseda";"%";12,6
2023;"Total";"Total";"";"";"Baños de Ebro/Mañueta";"%";7,1
2023;"Total";"Total";"";"";"Barakaldo";"%";9,7
2023;"Total";"Total";"";"";"Barrika";"%";7,4
2023;"Total";"Total";"";"";"Barrundia";"%";5,4
2023;"Total";"Total";"";"";"Basauri";"%";10,5
2023;"Total";"Total";"";"";"Beasain";"%";7
2023;"Total";"Total";"";"";"Bedia";"%";8,3
2023;"Total";"Total";"";"";"Beizama";"%";5,3
2023;"Total";"Total";"";"";"Belauntza";"%";5,3
2023;"Total";"Total";"";"";"Berango";"%";7
2023;"Total";"Total";"";"";"Berantevilla";"%";8,4
2023;"Total";"Total";"";"";"Berastegi";"%";3
2023;"Total";"Total";"";"";"Bergara";"%";6,5
2023;"Total";"Total";"";"";"Bermeo";"%";10,1
2023;"Total";"Total";"";"";"Bernedo";"%";7,9
2023;"Total";"Total";"";"";"Berriatua";"%";6,6
2023;"Total";"Total";"";"";"Berriz";"%";7,6
2023;"Total";"Total";"";"";"Berrobi";"%";4,8
2023;"Total";"Total";"";"";"Bidania-Goiatz";"%";5,8
2023;"Total";"Total";"";"";"Bilbao";"%";10,8
2023;"Total";"Total";"";"";"Busturia";"%";8,5
2023;"Total";"Total";"";"";"Campezo/Kanpezu";"%";6,8
2023;"Total";"Total";"";"";"Deba";"%";5,4
2023;"Total";"Total";"";"";"Derio";"%";5,8
2023;"Total";"Total";"";"";"Dima";"%";5,1
2023;"Total";"Total";"";"";"Donostia / San Sebastián";"%";6,9
2023;"Total";"Total";"";"";"Durango";"%";6,5
2023;"Total";"Total";"";"";"Ea";"%";9
2023;"Total";"Total";"";"";"Eibar";"%";9,4
2023;"Total";"Total";"";"";"Elantxobe";"%";7,6
2023;"Total";"Total";"";"";"Elburgo/Burgelu";"%";4,4
2023;"Total";"Total";"";"";"Elciego";"%";9,6
2023;"Total";"Total";"";"";"Elduain";"%";3,8
2023;"Total";"Total";"";"";"Elgeta";"%";4,7
2023;"Total";"Total";"";"";"Elgoibar";"%";7,3
2023;"Total";"Total";"";"";"Elorrio";"%";5,8
2023;"Total";"Total";"";"";"Elvillar/Bilar";"%";5,4
2023;"Total";"Total";"";"";"Erandio";"%";8,4
2023;"Total";"Total";"";"";"Ereño";"%";6,5
2023;"Total";"Total";"";"";"Ermua";"%";8,8
2023;"Total";"Total";"";"";"Errenteria";"%";8,1
2023;"Total";"Total";"";"";"Errezil";"%";5,2
2023;"Total";"Total";"";"";"Erriberagoitia/Ribera Alta";"%";3,4
2023;"Total";"Total";"";"";"Errigoiti";"%";9,1
2023;"Total";"Total";"";"";"Eskoriatza";"%";6,1
2023;"Total";"Total";"";"";"Etxebarri";"%";6,6
2023;"Total";"Total";"";"";"Etxebarria";"%";5,9
2023;"Total";"Total";"";"";"Ezkio-Itsaso";"%";5
2023;"Total";"Total";"";"";"Forua";"%";7
2023;"Total";"Total";"";"";"Fruiz";"%";6,5
2023;"Total";"Total";"";"";"Gabiria";"%";3,9
2023;"Total";"Total";"";"";"Gaintza";"%";4,6
2023;"Total";"Total";"";"";"Galdakao";"%";7,3
2023;"Total";"Total";"";"";"Galdames";"%";6,6
2023;"Total";"Total";"";"";"Gamiz-Fika";"%";7,1
2023;"Total";"Total";"";"";"Garai";"%";2,9
2023;"Total";"Total";"";"";"Gatika";"%";6,1
2023;"Total";"Total";"";"";"Gautegiz Arteaga";"%";3,1
2023;"Total";"Total";"";"";"Gaztelu";"%";5,8
2023;"Total";"Total";"";"";"Gernika-Lumo";"%";7,3
2023;"Total";"Total";"";"";"Getaria";"%";4
2023;"Total";"Total";"";"";"Getxo";"%";7,4
2023;"Total";"Total";"";"";"Gizaburuaga";"%";1,9
2023;"Total";"Total";"";"";"Gordexola";"%";7
2023;"Total";"Total";"";"";"Gorliz";"%";8
2023;"Total";"Total";"";"";"Güeñes";"%";10,2
2023;"Total";"Total";"";"";"Harana/Valle de Arana";"%";8
2023;"Total";"Total";"";"";"Hernani";"%";7,4
2023;"Total";"Total";"";"";"Hernialde";"%";3,3
2023;"Total";"Total";"";"";"Hondarribia";"%";6,4
2023;"Total";"Total";"";"";"Ibarra";"%";7,1
2023;"Total";"Total";"";"";"Ibarrangelu";"%";10,4
2023;"Total";"Total";"";"";"Idiazabal";"%";4,6
2023;"Total";"Total";"";"";"Igorre";"%";8,8
2023;"Total";"Total";"";"";"Ikaztegieta";"%";13,5
2023;"Total";"Total";"";"";"Irun";"%";9,5
2023;"Total";"Total";"";"";"Iruña Oka/Iruña de Oca";"%";7,8
2023;"Total";"Total";"";"";"Irura";"%";5,9
2023;"Total";"Total";"";"";"Iruraiz-Gauna";"%";3,4
2023;"Total";"Total";"";"";"Ispaster";"%";5,9
2023;"Total";"Total";"";"";"Itsasondo";"%";9,1
2023;"Total";"Total";"";"";"Iurreta";"%";8,2
2023;"Total";"Total";"";"";"Izurtza";"%";6,9
2023;"Total";"Total";"";"";"Karrantza Harana/Valle de Carranza";"%";10
2023;"Total";"Total";"";"";"Kortezubi";"%";6,1
2023;"Total";"Total";"";"";"Kripan";"%";1,1
2023;"Total";"Total";"";"";"Kuartango";"%";6,6
2023;"Total";"Total";"";"";"Labastida/Bastida";"%";10,8
2023;"Total";"Total";"";"";"Lagrán";"%";5,3
2023;"Total";"Total";"";"";"Laguardia";"%";6,9
2023;"Total";"Total";"";"";"Lanciego/Lantziego";"%";10,2
2023;"Total";"Total";"";"";"Lanestosa";"%";15,7
2023;"Total";"Total";"";"";"Lantarón";"%";8,4
2023;"Total";"Total";"";"";"Lapuebla de Labarca";"%";11
2023;"Total";"Total";"";"";"Larrabetzu";"%";5,2
2023;"Total";"Total";"";"";"Larraul";"%";5,8
2023;"Total";"Total";"";"";"Lasarte-Oria";"%";6,8
2023;"Total";"Total";"";"";"Laudio/Llodio";"%";9
2023;"Total";"Total";"";"";"Laukiz";"%";6
2023;"Total";"Total";"";"";"Lazkao";"%";6,5
2023;"Total";"Total";"";"";"Leaburu";"%";10,7
2023;"Total";"Total";"";"";"Legazpi";"%";7
2023;"Total";"Total";"";"";"Legorreta";"%";6,3
2023;"Total";"Total";"";"";"Legutio";"%";9,1
2023;"Total";"Total";"";"";"Leintz-Gatzaga";"%";1
2023;"Total";"Total";"";"";"Leioa";"%";7,8
2023;"Total";"Total";"";"";"Lekeitio";"%";6,4
2023;"Total";"Total";"";"";"Lemoa";"%";6,8
2023;"Total";"Total";"";"";"Lemoiz";"%";8,1
2023;"Total";"Total";"";"";"Leza";"%";6,9
2023;"Total";"Total";"";"";"Lezama";"%";5,2
2023;"Total";"Total";"";"";"Lezo";"%";6,8
2023;"Total";"Total";"";"";"Lizartza";"%";9,9
2023;"Total";"Total";"";"";"Loiu";"%";5,5
2023;"Total";"Total";"";"";"Mallabia";"%";4,9
2023;"Total";"Total";"";"";"Mañaria";"%";4,4
2023;"Total";"Total";"";"";"Markina-Xemein";"%";6,1
2023;"Total";"Total";"";"";"Maruri-Jatabe";"%";5,6
2023;"Total";"Total";"";"";"Mendaro";"%";7
2023;"Total";"Total";"";"";"Mendata";"%";5,9
2023;"Total";"Total";"";"";"Mendexa";"%";4,4
2023;"Total";"Total";"";"";"Meñaka";"%";5,4
2023;"Total";"Total";"";"";"Moreda de Álava/Moreda Araba";"%";4,6
2023;"Total";"Total";"";"";"Morga";"%";7,9
2023;"Total";"Total";"";"";"Mundaka";"%";7,4
2023;"Total";"Total";"";"";"Mungia";"%";7,1
2023;"Total";"Total";"";"";"Munitibar-Arbatzegi Gerrikaitz";"%";7,1
2023;"Total";"Total";"";"";"Murueta";"%";2,9
2023;"Total";"Total";"";"";"Muskiz";"%";8,6
2023;"Total";"Total";"";"";"Mutiloa";"%";2,3
2023;"Total";"Total";"";"";"Mutriku";"%";7,4
2023;"Total";"Total";"";"";"Muxika";"%";5,5
2023;"Total";"Total";"";"";"Nabarniz";"%";5,9
2023;"Total";"Total";"";"";"Navaridas";"%";10,7
2023;"Total";"Total";"";"";"Oiartzun";"%";5,4
2023;"Total";"Total";"";"";"Okondo";"%";7,4
2023;"Total";"Total";"";"";"Olaberria";"%";7,7
2023;"Total";"Total";"";"";"Ondarroa";"%";8,5
2023;"Total";"Total";"";"";"Oñati";"%";5,5
2023;"Total";"Total";"";"";"Ordizia";"%";8,4
2023;"Total";"Total";"";"";"Orendain";"%";3,8
2023;"Total";"Total";"";"";"Orexa";"%";3,8
2023;"Total";"Total";"";"";"Orio";"%";5,7
2023;"Total";"Total";"";"";"Ormaiztegi";"%";7,8
2023;"Total";"Total";"";"";"Orozko";"%";9,1
2023;"Total";"Total";"";"";"Ortuella";"%";11,9
2023;"Total";"Total";"";"";"Otxandio";"%";8,5
2023;"Total";"Total";"";"";"Oyón-Oion";"%";12,5
2023;"Total";"Total";"";"";"Pasaia";"%";8,5
2023;"Total";"Total";"";"";"Peñacerrada-Urizaharra";"%";5
2023;"Total";"Total";"";"";"Plentzia";"%";7,9
2023;"Total";"Total";"";"";"Portugalete";"%";10,5
2023;"Total";"Total";"";"";"Ribera Baja/Erriberabeitia";"%";7,9
2023;"Total";"Total";"";"";"Samaniego";"%";6,3
2023;"Total";"Total";"";"";"San Millán/Donemiliaga";"%";5,4
2023;"Total";"Total";"";"";"Santurtzi";"%";11,7
2023;"Total";"Total";"";"";"Segura";"%";4,2
2023;"Total";"Total";"";"";"Sestao";"%";12,3
2023;"Total";"Total";"";"";"Sondika";"%";7,1
2023;"Total";"Total";"";"";"Sopela";"%";7,2
2023;"Total";"Total";"";"";"Sopuerta";"%";7,5
2023;"Total";"Total";"";"";"Soraluze-Placencia de las Armas";"%";10,8
2023;"Total";"Total";"";"";"Sukarrieta";"%";11,4
2023;"Total";"Total";"";"";"Tolosa";"%";6,8
2023;"Total";"Total";"";"";"Trucios-Turtzioz";"%";9,7
2023;"Total";"Total";"";"";"Ubide";"%";5
2023;"Total";"Total";"";"";"Ugao-Miraballes";"%";8,6
2023;"Total";"Total";"";"";"Urduliz";"%";6,9
2023;"Total";"Total";"";"";"Urduña/Orduña";"%";10,7
2023;"Total";"Total";"";"";"Urkabustaiz";"%";8,3
2023;"Total";"Total";"";"";"Urnieta";"%";6,3
2023;"Total";"Total";"";"";"Urretxu";"%";6,6
2023;"Total";"Total";"";"";"Usurbil";"%";5,5
2023;"Total";"Total";"";"";"Valdegovía/Gaubea";"%";10,9
2023;"Total";"Total";"";"";"Valle de Trápaga-Trapagaran";"%";9,6
2023;"Total";"Total";"";"";"Villabona";"%";7,8
2023;"Total";"Total";"";"";"Villabuena de Álava/Eskuernaga";"%";3,5
2023;"Total";"Total";"";"";"Vitoria-Gasteiz";"%";9,1
2023;"Total";"Total";"";"";"Yécora/Iekora";"%";7,4
2023;"Total";"Total";"";"";"Zaldibar";"%";7,3
2023;"Total";"Total";"";"";"Zaldibia";"%";5,8
2023;"Total";"Total";"";"";"Zalduondo";"%";5,3
2023;"Total";"Total";"";"";"Zalla";"%";10,5
2023;"Total";"Total";"";"";"Zambrana";"%";10,9
2023;"Total";"Total";"";"";"Zamudio";"%";7,2
2023;"Total";"Total";"";"";"Zaratamo";"%";10
2023;"Total";"Total";"";"";"Zarautz";"%";5,6
2023;"Total";"Total";"";"";"Zeanuri";"%";5,6
2023;"Total";"Total";"";"";"Zeberio";"%";6,7
2023;"Total";"Total";"";"";"Zegama";"%";4,4
2023;"Total";"Total";"";"";"Zerain";"%";3,9
2023;"Total";"Total";"";"";"Zestoa";"%";7,3
2023;"Total";"Total";"";"";"Zierbena";"%";5,9
2023;"Total";"Total";"";"";"Zigoitia";"%";3,9
2023;"Total";"Total";"";"";"Ziortza-Bolibar";"%";7,1
2023;"Total";"Total";"";"";"Zizurkil";"%";6
2023;"Total";"Total";"";"";"Zuia";"%";5
2023;"Total";"Total";"";"";"Zumaia";"%";5,8
2023;"Total";"Total";"";"";"Zumarraga";"%";8,5
2023;"Total";"Total";"";"";"Añana (comarca)";"%";7,8
2023;"Total";"Total";"";"";"Arabako Errioxa / Rioja Alavesa";"%";9,6
2023;"Total";"Total";"";"";"Arabako Kantaurialdea / Cantábrica Alavesa";"%";8,4
2023;"Total";"Total";"";"";"Arabako Lautada / Llanada Alavesa";"%";9
2023;"Total";"Total";"";"";"Arabako Mendialdea / Montaña Alavesa";"%";5,8
2023;"Total";"Total";"";"";"Arratia-Nerbioi / Arratia-Nervión";"%";8,2
2023;"Total";"Total";"";"";"Bidasoa Beherea / Bajo Bidasoa";"%";8,8
2023;"Total";"Total";"";"";"Bilbo Handia / Gran Bilbao";"%";9,9
2023;"Total";"Total";"";"";"Debabarrena / Bajo Deba";"%";8,4
2023;"Total";"Total";"";"";"Debagoiena / Alto Deba";"%";6,7
2023;"Total";"Total";"";"";"Donostialdea";"%";7,1
2023;"Total";"Total";"";"";"Durangaldea / Duranguesado";"%";6,9
2023;"Total";"Total";"";"";"Enkartazioak / Encartaciones";"%";10,4
2023;"Total";"Total";"";"";"Gernika-Bermeo";"%";8,2
2023;"Total";"Total";"";"";"Goierri";"%";7
2023;"Total";"Total";"";"";"Gorbeialdea / Estribaciones del Gorbea";"%";6,2
2023;"Total";"Total";"";"";"Markina-Ondarroa";"%";7
2023;"Total";"Total";"";"";"Plentzia-Mungia";"%";7,1
2023;"Total";"Total";"";"";"Tolosaldea";"%";6,7
2023;"Total";"Total";"";"";"Urola Kosta";"%";5,9
2023;"Total";"Total";"";"";"Araba/Álava";"%";7,7
2023;"Total";"Total";"";"";"Bizkaia";"%";8,7
2023;"Total";"Total";"";"";"Gipuzkoa";"%";6,5
2018;"Total";"Total";"";"";"C.A. de Euskadi";"%";10,5
2018;"Total";"Total";"";"";"Abadiño";"%";9,7
2018;"Total";"Total";"";"";"Abaltzisketa";"%";10,1
2018;"Total";"Total";"";"";"Abanto y Ciérvana-Abanto Zierbena";"%";14,1
2018;"Total";"Total";"";"";"Aduna";"%";4
2018;"Total";"Total";"";"";"Agurain/Salvatierra";"%";14,5
2018;"Total";"Total";"";"";"Aia";"%";8,3
2018;"Total";"Total";"";"";"Aizarnazabal";"%";12,2
2018;"Total";"Total";"";"";"Ajangiz";"%";6
2018;"Total";"Total";"";"";"Albiztur";"%";3,5
2018;"Total";"Total";"";"";"Alegia";"%";11,3
2018;"Total";"Total";"";"";"Alegría-Dulantzi";"%";9,6
2018;"Total";"Total";"";"";"Alkiza";"%";5,8
2018;"Total";"Total";"";"";"Alonsotegi";"%";15,8
2018;"Total";"Total";"";"";"Altzaga";"%";8
2018;"Total";"Total";"";"";"Altzo";"%";6,7
2018;"Total";"Total";"";"";"Amezketa";"%";10,8
2018;"Total";"Total";"";"";"Amorebieta-Etxano";"%";8,9
2018;"Total";"Total";"";"";"Amoroto";"%";6,7
2018;"Total";"Total";"";"";"Amurrio";"%";12
2018;"Total";"Total";"";"";"Andoain";"%";10,4
2018;"Total";"Total";"";"";"Anoeta";"%";9,5
2018;"Total";"Total";"";"";"Antzuola";"%";4,9
2018;"Total";"Total";"";"";"Añana";"%";8,2
2018;"Total";"Total";"";"";"Arakaldo";"%";16,3
2018;"Total";"Total";"";"";"Arama";"%";6,5
2018;"Total";"Total";"";"";"Aramaio";"%";4,7
2018;"Total";"Total";"";"";"Arantzazu";"%";9
2018;"Total";"Total";"";"";"Areatza";"%";12,6
2018;"Total";"Total";"";"";"Aretxabaleta";"%";7,5
2018;"Total";"Total";"";"";"Armiñón";"%";7,6
2018;"Total";"Total";"";"";"Arraia-Maeztu";"%";7,2
2018;"Total";"Total";"";"";"Arrankudiaga-Zollo";"%";9,2
2018;"Total";"Total";"";"";"Arrasate/Mondragón";"%";10,2
2018;"Total";"Total";"";"";"Arratzu";"%";8
2018;"Total";"Total";"";"";"Arratzua-Ubarrundia";"%";6,9
2018;"Total";"Total";"";"";"Arrieta";"%";7,2
2018;"Total";"Total";"";"";"Arrigorriaga";"%";12,8
2018;"Total";"Total";"";"";"Artea";"%";9,4
2018;"Total";"Total";"";"";"Artzentales";"%";10,6
2018;"Total";"Total";"";"";"Artziniega";"%";11,8
2018;"Total";"Total";"";"";"Asparrena";"%";13,6
2018;"Total";"Total";"";"";"Asteasu";"%";5,3
2018;"Total";"Total";"";"";"Astigarraga";"%";7,9
2018;"Total";"Total";"";"";"Ataun";"%";6,6
2018;"Total";"Total";"";"";"Atxondo";"%";8,6
2018;"Total";"Total";"";"";"Aulesti";"%";6,7
2018;"Total";"Total";"";"";"Ayala/Aiara";"%";8,5
2018;"Total";"Total";"";"";"Azkoitia";"%";10,4
2018;"Total";"Total";"";"";"Azpeitia";"%";8
2018;"Total";"Total";"";"";"Bakio";"%";11,8
2018;"Total";"Total";"";"";"Baliarrain";"%";5,4
2018;"Total";"Total";"";"";"Balmaseda";"%";17
2018;"Total";"Total";"";"";"Baños de Ebro/Mañueta";"%";7,4
2018;"Total";"Total";"";"";"Barakaldo";"%";14,3
2018;"Total";"Total";"";"";"Barrika";"%";12,5
2018;"Total";"Total";"";"";"Barrundia";"%";4,6
2018;"Total";"Total";"";"";"Basauri";"%";13,7
2018;"Total";"Total";"";"";"Beasain";"%";8,9
2018;"Total";"Total";"";"";"Bedia";"%";12,2
2018;"Total";"Total";"";"";"Beizama";"%";4,9
2018;"Total";"Total";"";"";"Belauntza";"%";6,7
2018;"Total";"Total";"";"";"Berango";"%";9,5
2018;"Total";"Total";"";"";"Berantevilla";"%";12,8
2018;"Total";"Total";"";"";"Berastegi";"%";7
2018;"Total";"Total";"";"";"Bergara";"%";8,4
2018;"Total";"Total";"";"";"Bermeo";"%";14,4
2018;"Total";"Total";"";"";"Bernedo";"%";10,2
2018;"Total";"Total";"";"";"Berriatua";"%";10,7
2018;"Total";"Total";"";"";"Berriz";"%";10,4
2018;"Total";"Total";"";"";"Berrobi";"%";10,8
2018;"Total";"Total";"";"";"Bidania-Goiatz";"%";6,3
2018;"Total";"Total";"";"";"Bilbao";"%";14,6
2018;"Total";"Total";"";"";"Busturia";"%";16
2018;"Total";"Total";"";"";"Campezo/Kanpezu";"%";10,8
2018;"Total";"Total";"";"";"Deba";"%";8,8
2018;"Total";"Total";"";"";"Derio";"%";8,8
2018;"Total";"Total";"";"";"Dima";"%";7,9
2018;"Total";"Total";"";"";"Donostia / San Sebastián";"%";9,5
2018;"Total";"Total";"";"";"Durango";"%";9,7
2018;"Total";"Total";"";"";"Ea";"%";9,7
2018;"Total";"Total";"";"";"Eibar";"%";12,4
2018;"Total";"Total";"";"";"Elantxobe";"%";16
2018;"Total";"Total";"";"";"Elburgo/Burgelu";"%";6,5
2018;"Total";"Total";"";"";"Elciego";"%";10,9
2018;"Total";"Total";"";"";"Elduain";"%";6,7
2018;"Total";"Total";"";"";"Elgeta";"%";8
2018;"Total";"Total";"";"";"Elgoibar";"%";9,7
2018;"Total";"Total";"";"";"Elorrio";"%";9
2018;"Total";"Total";"";"";"Elvillar/Bilar";"%";6,5
2018;"Total";"Total";"";"";"Erandio";"%";12,3
2018;"Total";"Total";"";"";"Ereño";"%";9,2
2018;"Total";"Total";"";"";"Ermua";"%";11,7
2018;"Total";"Total";"";"";"Errenteria";"%";10,8
2018;"Total";"Total";"";"";"Errezil";"%";7,4
2018;"Total";"Total";"";"";"Erriberagoitia/Ribera Alta";"%";8,1
2018;"Total";"Total";"";"";"Errigoiti";"%";8,4
2018;"Total";"Total";"";"";"Eskoriatza";"%";7,5
2018;"Total";"Total";"";"";"Etxebarri";"%";10,3
2018;"Total";"Total";"";"";"Etxebarria";"%";5,3
2018;"Total";"Total";"";"";"Ezkio-Itsaso";"%";5,3
2018;"Total";"Total";"";"";"Forua";"%";11,2
2018;"Total";"Total";"";"";"Fruiz";"%";6,7
2018;"Total";"Total";"";"";"Gabiria";"%";4
2018;"Total";"Total";"";"";"Gaintza";"%";7,3
2018;"Total";"Total";"";"";"Galdakao";"%";10,6
2018;"Total";"Total";"";"";"Galdames";"%";11,1
2018;"Total";"Total";"";"";"Gamiz-Fika";"%";8,9
2018;"Total";"Total";"";"";"Garai";"%";4,7
2018;"Total";"Total";"";"";"Gatika";"%";7,8
2018;"Total";"Total";"";"";"Gautegiz Arteaga";"%";9,5
2018;"Total";"Total";"";"";"Gaztelu";"%";6,5
2018;"Total";"Total";"";"";"Gernika-Lumo";"%";10,3
2018;"Total";"Total";"";"";"Getaria";"%";9,7
2018;"Total";"Total";"";"";"Getxo";"%";10,6
2018;"Total";"Total";"";"";"Gizaburuaga";"%";11,2
2018;"Total";"Total";"";"";"Gordexola";"%";9,6
2018;"Total";"Total";"";"";"Gorliz";"%";11,8
2018;"Total";"Total";"";"";"Güeñes";"%";14
2018;"Total";"Total";"";"";"Harana/Valle de Arana";"%";3,9
2018;"Total";"Total";"";"";"Hernani";"%";9,1
2018;"Total";"Total";"";"";"Hernialde";"%";7,7
2018;"Total";"Total";"";"";"Hondarribia";"%";10,3
2018;"Total";"Total";"";"";"Ibarra";"%";12
2018;"Total";"Total";"";"";"Ibarrangelu";"%";9,8
2018;"Total";"Total";"";"";"Idiazabal";"%";7,1
2018;"Total";"Total";"";"";"Igorre";"%";11,3
2018;"Total";"Total";"";"";"Ikaztegieta";"%";11,8
2018;"Total";"Total";"";"";"Irun";"%";12,4
2018;"Total";"Total";"";"";"Iruña Oka/Iruña de Oca";"%";8,9
2018;"Total";"Total";"";"";"Irura";"%";8
2018;"Total";"Total";"";"";"Iruraiz-Gauna";"%";5,3
2018;"Total";"Total";"";"";"Ispaster";"%";7,9
2018;"Total";"Total";"";"";"Itsasondo";"%";10
2018;"Total";"Total";"";"";"Iurreta";"%";12,3
2018;"Total";"Total";"";"";"Izurtza";"%";7,3
2018;"Total";"Total";"";"";"Karrantza Harana/Valle de Carranza";"%";21
2018;"Total";"Total";"";"";"Kortezubi";"%";4,6
2018;"Total";"Total";"";"";"Kripan";"%";6,4
2018;"Total";"Total";"";"";"Kuartango";"%";10,1
2018;"Total";"Total";"";"";"Labastida/Bastida";"%";15,3
2018;"Total";"Total";"";"";"Lagrán";"%";13,2
2018;"Total";"Total";"";"";"Laguardia";"%";8,6
2018;"Total";"Total";"";"";"Lanciego/Lantziego";"%";15,7
2018;"Total";"Total";"";"";"Lanestosa";"%";21,2
2018;"Total";"Total";"";"";"Lantarón";"%";10,7
2018;"Total";"Total";"";"";"Lapuebla de Labarca";"%";11,7
2018;"Total";"Total";"";"";"Larrabetzu";"%";7,4
2018;"Total";"Total";"";"";"Larraul";"%";8,1
2018;"Total";"Total";"";"";"Lasarte-Oria";"%";9,8
2018;"Total";"Total";"";"";"Laudio/Llodio";"%";12,9
2018;"Total";"Total";"";"";"Laukiz";"%";8,9
2018;"Total";"Total";"";"";"Lazkao";"%";7,5
2018;"Total";"Total";"";"";"Leaburu";"%";11,9
2018;"Total";"Total";"";"";"Legazpi";"%";8,4
2018;"Total";"Total";"";"";"Legorreta";"%";10,5
2018;"Total";"Total";"";"";"Legutio";"%";8,2
2018;"Total";"Total";"";"";"Leintz-Gatzaga";"%";6,4
2018;"Total";"Total";"";"";"Leioa";"%";10,7
2018;"Total";"Total";"";"";"Lekeitio";"%";11,4
2018;"Total";"Total";"";"";"Lemoa";"%";11,9
2018;"Total";"Total";"";"";"Lemoiz";"%";8,3
2018;"Total";"Total";"";"";"Leza";"%";6,6
2018;"Total";"Total";"";"";"Lezama";"%";7,9
2018;"Total";"Total";"";"";"Lezo";"%";8,5
2018;"Total";"Total";"";"";"Lizartza";"%";12,9
2018;"Total";"Total";"";"";"Loiu";"%";9
2018;"Total";"Total";"";"";"Mallabia";"%";7,8
2018;"Total";"Total";"";"";"Mañaria";"%";11,9
2018;"Total";"Total";"";"";"Markina-Xemein";"%";6,9
2018;"Total";"Total";"";"";"Maruri-Jatabe";"%";7,6
2018;"Total";"Total";"";"";"Mendaro";"%";8,8
2018;"Total";"Total";"";"";"Mendata";"%";5,2
2018;"Total";"Total";"";"";"Mendexa";"%";6,2
2018;"Total";"Total";"";"";"Meñaka";"%";6,3
2018;"Total";"Total";"";"";"Moreda de Álava/Moreda Araba";"%";16,5
2018;"Total";"Total";"";"";"Morga";"%";14,8
2018;"Total";"Total";"";"";"Mundaka";"%";10
2018;"Total";"Total";"";"";"Mungia";"%";10,3
2018;"Total";"Total";"";"";"Munitibar-Arbatzegi Gerrikaitz";"%";8,5
2018;"Total";"Total";"";"";"Murueta";"%";8,3
2018;"Total";"Total";"";"";"Muskiz";"%";12,1
2018;"Total";"Total";"";"";"Mutiloa";"%";3,3
2018;"Total";"Total";"";"";"Mutriku";"%";11,3
2018;"Total";"Total";"";"";"Muxika";"%";10,5
2018;"Total";"Total";"";"";"Nabarniz";"%";5,3
2018;"Total";"Total";"";"";"Navaridas";"%";7,4
2018;"Total";"Total";"";"";"Oiartzun";"%";7,6
2018;"Total";"Total";"";"";"Okondo";"%";11,6
2018;"Total";"Total";"";"";"Olaberria";"%";10
2018;"Total";"Total";"";"";"Ondarroa";"%";13,8
2018;"Total";"Total";"";"";"Oñati";"%";5,8
2018;"Total";"Total";"";"";"Ordizia";"%";9,5
2018;"Total";"Total";"";"";"Orendain";"%";3,8
2018;"Total";"Total";"";"";"Orexa";"%";1,9
2018;"Total";"Total";"";"";"Orio";"%";10,9
2018;"Total";"Total";"";"";"Ormaiztegi";"%";10,2
2018;"Total";"Total";"";"";"Orozko";"%";10
2018;"Total";"Total";"";"";"Ortuella";"%";15
2018;"Total";"Total";"";"";"Otxandio";"%";9
2018;"Total";"Total";"";"";"Oyón-Oion";"%";20
2018;"Total";"Total";"";"";"Pasaia";"%";12,4
2018;"Total";"Total";"";"";"Peñacerrada-Urizaharra";"%";6,6
2018;"Total";"Total";"";"";"Plentzia";"%";11,2
2018;"Total";"Total";"";"";"Portugalete";"%";14,2
2018;"Total";"Total";"";"";"Ribera Baja/Erriberabeitia";"%";13,6
2018;"Total";"Total";"";"";"Samaniego";"%";1,9
2018;"Total";"Total";"";"";"San Millán/Donemiliaga";"%";7,8
2018;"Total";"Total";"";"";"Santurtzi";"%";16,1
2018;"Total";"Total";"";"";"Segura";"%";7,7
2018;"Total";"Total";"";"";"Sestao";"%";18,7
2018;"Total";"Total";"";"";"Sondika";"%";8,6
2018;"Total";"Total";"";"";"Sopela";"%";10,4
2018;"Total";"Total";"";"";"Sopuerta";"%";11,6
2018;"Total";"Total";"";"";"Soraluze-Placencia de las Armas";"%";14,4
2018;"Total";"Total";"";"";"Sukarrieta";"%";12,4
2018;"Total";"Total";"";"";"Tolosa";"%";9,4
2018;"Total";"Total";"";"";"Trucios-Turtzioz";"%";21,5
2018;"Total";"Total";"";"";"Ubide";"%";8,8
2018;"Total";"Total";"";"";"Ugao-Miraballes";"%";12,1
2018;"Total";"Total";"";"";"Urduliz";"%";9,9
2018;"Total";"Total";"";"";"Urduña/Orduña";"%";14,5
2018;"Total";"Total";"";"";"Urkabustaiz";"%";9,1
2018;"Total";"Total";"";"";"Urnieta";"%";8
2018;"Total";"Total";"";"";"Urretxu";"%";9,1
2018;"Total";"Total";"";"";"Usurbil";"%";8,6
2018;"Total";"Total";"";"";"Valdegovía/Gaubea";"%";9,2
2018;"Total";"Total";"";"";"Valle de Trápaga-Trapagaran";"%";13,7
2018;"Total";"Total";"";"";"Villabona";"%";11,1
2018;"Total";"Total";"";"";"Villabuena de Álava/Eskuernaga";"%";4,3
2018;"Total";"Total";"";"";"Vitoria-Gasteiz";"%";11,9
2018;"Total";"Total";"";"";"Yécora/Iekora";"%";9,2
2018;"Total";"Total";"";"";"Zaldibar";"%";9,9
2018;"Total";"Total";"";"";"Zaldibia";"%";5,5
2018;"Total";"Total";"";"";"Zalduondo";"%";6,8
2018;"Total";"Total";"";"";"Zalla";"%";14,8
2018;"Total";"Total";"";"";"Zambrana";"%";19,6
2018;"Total";"Total";"";"";"Zamudio";"%";9,8
2018;"Total";"Total";"";"";"Zaratamo";"%";12,9
2018;"Total";"Total";"";"";"Zarautz";"%";8,6
2018;"Total";"Total";"";"";"Zeanuri";"%";6,5
2018;"Total";"Total";"";"";"Zeberio";"%";9,7
2018;"Total";"Total";"";"";"Zegama";"%";8,6
2018;"Total";"Total";"";"";"Zerain";"%";7,4
2018;"Total";"Total";"";"";"Zestoa";"%";11,7
2018;"Total";"Total";"";"";"Zierbena";"%";11,9
2018;"Total";"Total";"";"";"Zigoitia";"%";4,7
2018;"Total";"Total";"";"";"Ziortza-Bolibar";"%";9
2018;"Total";"Total";"";"";"Zizurkil";"%";10,5
2018;"Total";"Total";"";"";"Zuia";"%";5,5
2018;"Total";"Total";"";"";"Zumaia";"%";9,2
2018;"Total";"Total";"";"";"Zumarraga";"%";11,4
2018;"Total";"Total";"";"";"Añana (comarca)";"%";11,3
2018;"Total";"Total";"";"";"Arabako Errioxa / Rioja Alavesa";"%";13,4
2018;"Total";"Total";"";"";"Arabako Kantaurialdea / Cantábrica Alavesa";"%";12,1
2018;"Total";"Total";"";"";"Arabako Lautada / Llanada Alavesa";"%";11,8
2018;"Total";"Total";"";"";"Arabako Mendialdea / Montaña Alavesa";"%";9
2018;"Total";"Total";"";"";"Arratia-Nerbioi / Arratia-Nervión";"%";11,1
2018;"Total";"Total";"";"";"Bidasoa Beherea / Bajo Bidasoa";"%";11,9
2018;"Total";"Total";"";"";"Bilbo Handia / Gran Bilbao";"%";13,7
2018;"Total";"Total";"";"";"Debabarrena / Bajo Deba";"%";11,4
2018;"Total";"Total";"";"";"Debagoiena / Alto Deba";"%";8,2
2018;"Total";"Total";"";"";"Donostialdea";"%";9,7
2018;"Total";"Total";"";"";"Durangaldea / Duranguesado";"%";10
2018;"Total";"Total";"";"";"Enkartazioak / Encartaciones";"%";15,1
2018;"Total";"Total";"";"";"Gernika-Bermeo";"%";11,8
2018;"Total";"Total";"";"";"Goierri";"%";8,9
2018;"Total";"Total";"";"";"Gorbeialdea / Estribaciones del Gorbea";"%";6,3
2018;"Total";"Total";"";"";"Markina-Ondarroa";"%";10,6
2018;"Total";"Total";"";"";"Plentzia-Mungia";"%";10,3
2018;"Total";"Total";"";"";"Tolosaldea";"%";9,6
2018;"Total";"Total";"";"";"Urola Kosta";"%";9,2
2018;"Total";"Total";"";"";"Araba/Álava";"%";11,2
2018;"Total";"Total";"";"";"Bizkaia";"%";11,9
2018;"Total";"Total";"";"";"Gipuzkoa";"%";8,1
2016;"Total";"Total";"";"";"C.A. de Euskadi";"%";13,8
2016;"Total";"Total";"";"";"Abadiño";"%";12
2016;"Total";"Total";"";"";"Abaltzisketa";"%";7,5
2016;"Total";"Total";"";"";"Abanto y Ciérvana-Abanto Zierbena";"%";18,7
2016;"Total";"Total";"";"";"Aduna";"%";8,5
2016;"Total";"Total";"";"";"Agurain/Salvatierra";"%";16,6
2016;"Total";"Total";"";"";"Aia";"%";10,2
2016;"Total";"Total";"";"";"Aizarnazabal";"%";15,1
2016;"Total";"Total";"";"";"Ajangiz";"%";5,4
2016;"Total";"Total";"";"";"Albiztur";"%";4,8
2016;"Total";"Total";"";"";"Alegia";"%";16,4
2016;"Total";"Total";"";"";"Alegría-Dulantzi";"%";12,8
2016;"Total";"Total";"";"";"Alkiza";"%";9,7
2016;"Total";"Total";"";"";"Alonsotegi";"%";20
2016;"Total";"Total";"";"";"Altzaga";"%";6,8
2016;"Total";"Total";"";"";"Altzo";"%";12,1
2016;"Total";"Total";"";"";"Amezketa";"%";10,8
2016;"Total";"Total";"";"";"Amorebieta-Etxano";"%";12,6
2016;"Total";"Total";"";"";"Amoroto";"%";8,2
2016;"Total";"Total";"";"";"Amurrio";"%";15,8
2016;"Total";"Total";"";"";"Andoain";"%";13,7
2016;"Total";"Total";"";"";"Anoeta";"%";13,6
2016;"Total";"Total";"";"";"Antzuola";"%";8,5
2016;"Total";"Total";"";"";"Añana";"%";15,6
2016;"Total";"Total";"";"";"Arakaldo";"%";11,2
2016;"Total";"Total";"";"";"Arama";"%";5,9
2016;"Total";"Total";"";"";"Aramaio";"%";8,6
2016;"Total";"Total";"";"";"Arantzazu";"%";9,9
2016;"Total";"Total";"";"";"Areatza";"%";16,3
2016;"Total";"Total";"";"";"Aretxabaleta";"%";9,5
2016;"Total";"Total";"";"";"Armiñón";"%";12,1
2016;"Total";"Total";"";"";"Arraia-Maeztu";"%";8,9
2016;"Total";"Total";"";"";"Arrankudiaga-Zollo";"%";12,7
2016;"Total";"Total";"";"";"Arrasate/Mondragón";"%";14,5
2016;"Total";"Total";"";"";"Arratzu";"%";12,1
2016;"Total";"Total";"";"";"Arratzua-Ubarrundia";"%";7,3
2016;"Total";"Total";"";"";"Arrieta";"%";10,2
2016;"Total";"Total";"";"";"Arrigorriaga";"%";16,8
2016;"Total";"Total";"";"";"Artea";"%";11,3
2016;"Total";"Total";"";"";"Artzentales";"%";17,7
2016;"Total";"Total";"";"";"Artziniega";"%";16,4
2016;"Total";"Total";"";"";"Asparrena";"%";16,7
2016;"Total";"Total";"";"";"Asteasu";"%";9,2
2016;"Total";"Total";"";"";"Astigarraga";"%";10,1
2016;"Total";"Total";"";"";"Ataun";"%";9,4
2016;"Total";"Total";"";"";"Atxondo";"%";11,1
2016;"Total";"Total";"";"";"Aulesti";"%";7,1
2016;"Total";"Total";"";"";"Ayala/Aiara";"%";11,3
2016;"Total";"Total";"";"";"Azkoitia";"%";13,8
2016;"Total";"Total";"";"";"Azpeitia";"%";13,2
2016;"Total";"Total";"";"";"Bakio";"%";15,1
2016;"Total";"Total";"";"";"Baliarrain";"%";8,2
2016;"Total";"Total";"";"";"Balmaseda";"%";21,3
2016;"Total";"Total";"";"";"Baños de Ebro/Mañueta";"%";9,2
2016;"Total";"Total";"";"";"Barakaldo";"%";18,6
2016;"Total";"Total";"";"";"Barrika";"%";14,8
2016;"Total";"Total";"";"";"Barrundia";"%";7,4
2016;"Total";"Total";"";"";"Basauri";"%";18,2
2016;"Total";"Total";"";"";"Beasain";"%";12,4
2016;"Total";"Total";"";"";"Bedia";"%";14,6
2016;"Total";"Total";"";"";"Beizama";"%";14,5
2016;"Total";"Total";"";"";"Belauntza";"%";9,7
2016;"Total";"Total";"";"";"Berango";"%";13
2016;"Total";"Total";"";"";"Berantevilla";"%";17,3
2016;"Total";"Total";"";"";"Berastegi";"%";10
2016;"Total";"Total";"";"";"Bergara";"%";12
2016;"Total";"Total";"";"";"Bermeo";"%";18,3
2016;"Total";"Total";"";"";"Bernedo";"%";8,2
2016;"Total";"Total";"";"";"Berriatua";"%";12,9
2016;"Total";"Total";"";"";"Berriz";"%";13,3
2016;"Total";"Total";"";"";"Berrobi";"%";16,5
2016;"Total";"Total";"";"";"Bidania-Goiatz";"%";7,5
2016;"Total";"Total";"";"";"Bilbao";"%";18,7
2016;"Total";"Total";"";"";"Busturia";"%";18,9
2016;"Total";"Total";"";"";"Campezo/Kanpezu";"%";12,6
2016;"Total";"Total";"";"";"Deba";"%";11,7
2016;"Total";"Total";"";"";"Derio";"%";11,4
2016;"Total";"Total";"";"";"Dima";"%";9,9
2016;"Total";"Total";"";"";"Donostia / San Sebastián";"%";12,4
2016;"Total";"Total";"";"";"Durango";"%";12,6
2016;"Total";"Total";"";"";"Ea";"%";13,9
2016;"Total";"Total";"";"";"Eibar";"%";15,9
2016;"Total";"Total";"";"";"Elantxobe";"%";18,4
2016;"Total";"Total";"";"";"Elburgo/Burgelu";"%";6,9
2016;"Total";"Total";"";"";"Elciego";"%";12,5
2016;"Total";"Total";"";"";"Elduain";"%";8,4
2016;"Total";"Total";"";"";"Elgeta";"%";10,8
2016;"Total";"Total";"";"";"Elgoibar";"%";13
2016;"Total";"Total";"";"";"Elorrio";"%";11,2
2016;"Total";"Total";"";"";"Elvillar/Bilar";"%";11,3
2016;"Total";"Total";"";"";"Erandio";"%";17,3
2016;"Total";"Total";"";"";"Ereño";"%";8,9
2016;"Total";"Total";"";"";"Ermua";"%";16,5
2016;"Total";"Total";"";"";"Errenteria";"%";15,1
2016;"Total";"Total";"";"";"Errezil";"%";12,9
2016;"Total";"Total";"";"";"Erriberagoitia/Ribera Alta";"%";9,2
2016;"Total";"Total";"";"";"Errigoiti";"%";14,4
2016;"Total";"Total";"";"";"Eskoriatza";"%";12,3
2016;"Total";"Total";"";"";"Etxebarri";"%";13,8
2016;"Total";"Total";"";"";"Etxebarria";"%";9,7
2016;"Total";"Total";"";"";"Ezkio-Itsaso";"%";6,6
2016;"Total";"Total";"";"";"Forua";"%";15,7
2016;"Total";"Total";"";"";"Fruiz";"%";11,8
2016;"Total";"Total";"";"";"Gabiria";"%";4,8
2016;"Total";"Total";"";"";"Gaintza";"%";3,7
2016;"Total";"Total";"";"";"Galdakao";"%";13,5
2016;"Total";"Total";"";"";"Galdames";"%";14,6
2016;"Total";"Total";"";"";"Gamiz-Fika";"%";12,3
2016;"Total";"Total";"";"";"Garai";"%";9,2
2016;"Total";"Total";"";"";"Gatika";"%";11,8
2016;"Total";"Total";"";"";"Gautegiz Arteaga";"%";11,9
2016;"Total";"Total";"";"";"Gaztelu";"%";11
2016;"Total";"Total";"";"";"Gernika-Lumo";"%";14,6
2016;"Total";"Total";"";"";"Getaria";"%";12,8
2016;"Total";"Total";"";"";"Getxo";"%";13,9
2016;"Total";"Total";"";"";"Gizaburuaga";"%";9,5
2016;"Total";"Total";"";"";"Gordexola";"%";12,9
2016;"Total";"Total";"";"";"Gorliz";"%";15,5
2016;"Total";"Total";"";"";"Güeñes";"%";19,1
2016;"Total";"Total";"";"";"Harana/Valle de Arana";"%";13,9
2016;"Total";"Total";"";"";"Hernani";"%";13
2016;"Total";"Total";"";"";"Hernialde";"%";11,3
2016;"Total";"Total";"";"";"Hondarribia";"%";14,1
2016;"Total";"Total";"";"";"Ibarra";"%";14,2
2016;"Total";"Total";"";"";"Ibarrangelu";"%";12,6
2016;"Total";"Total";"";"";"Idiazabal";"%";9,2
2016;"Total";"Total";"";"";"Igorre";"%";13,9
2016;"Total";"Total";"";"";"Ikaztegieta";"%";17,3
2016;"Total";"Total";"";"";"Irun";"%";16,9
2016;"Total";"Total";"";"";"Iruña Oka/Iruña de Oca";"%";12,1
2016;"Total";"Total";"";"";"Irura";"%";10,3
2016;"Total";"Total";"";"";"Iruraiz-Gauna";"%";5,7
2016;"Total";"Total";"";"";"Ispaster";"%";7,4
2016;"Total";"Total";"";"";"Itsasondo";"%";12
2016;"Total";"Total";"";"";"Iurreta";"%";16,1
2016;"Total";"Total";"";"";"Izurtza";"%";16,2
2016;"Total";"Total";"";"";"Karrantza Harana/Valle de Carranza";"%";23,2
2016;"Total";"Total";"";"";"Kortezubi";"%";7,2
2016;"Total";"Total";"";"";"Kripan";"%";7,9
2016;"Total";"Total";"";"";"Kuartango";"%";7,7
2016;"Total";"Total";"";"";"Labastida/Bastida";"%";17,7
2016;"Total";"Total";"";"";"Lagrán";"%";17,1
2016;"Total";"Total";"";"";"Laguardia";"%";12,5
2016;"Total";"Total";"";"";"Lanciego/Lantziego";"%";16,2
2016;"Total";"Total";"";"";"Lanestosa";"%";26,4
2016;"Total";"Total";"";"";"Lantarón";"%";18,5
2016;"Total";"Total";"";"";"Lapuebla de Labarca";"%";13,2
2016;"Total";"Total";"";"";"Larrabetzu";"%";9,8
2016;"Total";"Total";"";"";"Larraul";"%";9,4
2016;"Total";"Total";"";"";"Lasarte-Oria";"%";14,1
2016;"Total";"Total";"";"";"Laudio/Llodio";"%";16,1
2016;"Total";"Total";"";"";"Laukiz";"%";10,4
2016;"Total";"Total";"";"";"Lazkao";"%";9,7
2016;"Total";"Total";"";"";"Leaburu";"%";14,2
2016;"Total";"Total";"";"";"Legazpi";"%";10,5
2016;"Total";"Total";"";"";"Legorreta";"%";11,9
2016;"Total";"Total";"";"";"Legutio";"%";13,3
2016;"Total";"Total";"";"";"Leintz-Gatzaga";"%";9,2
2016;"Total";"Total";"";"";"Leioa";"%";14,3
2016;"Total";"Total";"";"";"Lekeitio";"%";14,7
2016;"Total";"Total";"";"";"Lemoa";"%";14,9
2016;"Total";"Total";"";"";"Lemoiz";"%";13,2
2016;"Total";"Total";"";"";"Leza";"%";10,4
2016;"Total";"Total";"";"";"Lezama";"%";10,1
2016;"Total";"Total";"";"";"Lezo";"%";12,3
2016;"Total";"Total";"";"";"Lizartza";"%";10,5
2016;"Total";"Total";"";"";"Loiu";"%";10,4
2016;"Total";"Total";"";"";"Mallabia";"%";10,2
2016;"Total";"Total";"";"";"Mañaria";"%";12,1
2016;"Total";"Total";"";"";"Markina-Xemein";"%";12,6
2016;"Total";"Total";"";"";"Maruri-Jatabe";"%";9,1
2016;"Total";"Total";"";"";"Mendaro";"%";12,1
2016;"Total";"Total";"";"";"Mendata";"%";8,9
2016;"Total";"Total";"";"";"Mendexa";"%";12,1
2016;"Total";"Total";"";"";"Meñaka";"%";8,7
2016;"Total";"Total";"";"";"Moreda de Álava/Moreda Araba";"%";20,2
2016;"Total";"Total";"";"";"Morga";"%";9,2
2016;"Total";"Total";"";"";"Mundaka";"%";13,3
2016;"Total";"Total";"";"";"Mungia";"%";14,1
2016;"Total";"Total";"";"";"Munitibar-Arbatzegi Gerrikaitz";"%";11,2
2016;"Total";"Total";"";"";"Murueta";"%";9
2016;"Total";"Total";"";"";"Muskiz";"%";17,7
2016;"Total";"Total";"";"";"Mutiloa";"%";6,1
2016;"Total";"Total";"";"";"Mutriku";"%";14,8
2016;"Total";"Total";"";"";"Muxika";"%";11,7
2016;"Total";"Total";"";"";"Nabarniz";"%";8,4
2016;"Total";"Total";"";"";"Navaridas";"%";9,3
2016;"Total";"Total";"";"";"Oiartzun";"%";10,5
2016;"Total";"Total";"";"";"Okondo";"%";16,3
2016;"Total";"Total";"";"";"Olaberria";"%";12,4
2016;"Total";"Total";"";"";"Ondarroa";"%";16,7
2016;"Total";"Total";"";"";"Oñati";"%";8,2
2016;"Total";"Total";"";"";"Ordizia";"%";13,1
2016;"Total";"Total";"";"";"Orendain";"%";5,7
2016;"Total";"Total";"";"";"Orexa";"%";1,7
2016;"Total";"Total";"";"";"Orio";"%";13,7
2016;"Total";"Total";"";"";"Ormaiztegi";"%";10,6
2016;"Total";"Total";"";"";"Orozko";"%";12,4
2016;"Total";"Total";"";"";"Ortuella";"%";19,9
2016;"Total";"Total";"";"";"Otxandio";"%";12,3
2016;"Total";"Total";"";"";"Oyón-Oion";"%";25
2016;"Total";"Total";"";"";"Pasaia";"%";15,7
2016;"Total";"Total";"";"";"Peñacerrada-Urizaharra";"%";4
2016;"Total";"Total";"";"";"Plentzia";"%";14,9
2016;"Total";"Total";"";"";"Portugalete";"%";17,6
2016;"Total";"Total";"";"";"Ribera Baja/Erriberabeitia";"%";15,4
2016;"Total";"Total";"";"";"Samaniego";"%";5,9
2016;"Total";"Total";"";"";"San Millán/Donemiliaga";"%";8,9
2016;"Total";"Total";"";"";"Santurtzi";"%";20
2016;"Total";"Total";"";"";"Segura";"%";8,7
2016;"Total";"Total";"";"";"Sestao";"%";23,9
2016;"Total";"Total";"";"";"Sondika";"%";12,2
2016;"Total";"Total";"";"";"Sopela";"%";13,2
2016;"Total";"Total";"";"";"Sopuerta";"%";15
2016;"Total";"Total";"";"";"Soraluze-Placencia de las Armas";"%";18
2016;"Total";"Total";"";"";"Sukarrieta";"%";16,3
2016;"Total";"Total";"";"";"Tolosa";"%";12,2
2016;"Total";"Total";"";"";"Trucios-Turtzioz";"%";22,6
2016;"Total";"Total";"";"";"Ubide";"%";9,9
2016;"Total";"Total";"";"";"Ugao-Miraballes";"%";17,2
2016;"Total";"Total";"";"";"Urduliz";"%";12,1
2016;"Total";"Total";"";"";"Urduña/Orduña";"%";19,3
2016;"Total";"Total";"";"";"Urkabustaiz";"%";11,2
2016;"Total";"Total";"";"";"Urnieta";"%";11,7
2016;"Total";"Total";"";"";"Urretxu";"%";11
2016;"Total";"Total";"";"";"Usurbil";"%";10,9
2016;"Total";"Total";"";"";"Valdegovía/Gaubea";"%";14,4
2016;"Total";"Total";"";"";"Valle de Trápaga-Trapagaran";"%";17,2
2016;"Total";"Total";"";"";"Villabona";"%";14,2
2016;"Total";"Total";"";"";"Villabuena de Álava/Eskuernaga";"%";6,6
2016;"Total";"Total";"";"";"Vitoria-Gasteiz";"%";15
2016;"Total";"Total";"";"";"Yécora/Iekora";"%";17,3
2016;"Total";"Total";"";"";"Zaldibar";"%";12,9
2016;"Total";"Total";"";"";"Zaldibia";"%";10,1
2016;"Total";"Total";"";"";"Zalduondo";"%";10,6
2016;"Total";"Total";"";"";"Zalla";"%";20,4
2016;"Total";"Total";"";"";"Zambrana";"%";19,1
2016;"Total";"Total";"";"";"Zamudio";"%";12,9
2016;"Total";"Total";"";"";"Zaratamo";"%";16,4
2016;"Total";"Total";"";"";"Zarautz";"%";12,5
2016;"Total";"Total";"";"";"Zeanuri";"%";7,1
2016;"Total";"Total";"";"";"Zeberio";"%";11
2016;"Total";"Total";"";"";"Zegama";"%";12,2
2016;"Total";"Total";"";"";"Zerain";"%";9,1
2016;"Total";"Total";"";"";"Zestoa";"%";15,9
2016;"Total";"Total";"";"";"Zierbena";"%";15,6
2016;"Total";"Total";"";"";"Zigoitia";"%";7,9
2016;"Total";"Total";"";"";"Ziortza-Bolibar";"%";13,4
2016;"Total";"Total";"";"";"Zizurkil";"%";13,2
2016;"Total";"Total";"";"";"Zuia";"%";9,4
2016;"Total";"Total";"";"";"Zumaia";"%";13,9
2016;"Total";"Total";"";"";"Zumarraga";"%";14,4
2016;"Total";"Total";"";"";"Añana (comarca)";"%";14,5
2016;"Total";"Total";"";"";"Arabako Errioxa / Rioja Alavesa";"%";16,8
2016;"Total";"Total";"";"";"Arabako Kantaurialdea / Cantábrica Alavesa";"%";15,6
2016;"Total";"Total";"";"";"Arabako Lautada / Llanada Alavesa";"%";14,9
2016;"Total";"Total";"";"";"Arabako Mendialdea / Montaña Alavesa";"%";10,4
2016;"Total";"Total";"";"";"Arratia-Nerbioi / Arratia-Nervión";"%";14,3
2016;"Total";"Total";"";"";"Bidasoa Beherea / Bajo Bidasoa";"%";16,3
2016;"Total";"Total";"";"";"Bilbo Handia / Gran Bilbao";"%";17,7
2016;"Total";"Total";"";"";"Debabarrena / Bajo Deba";"%";14,8
2016;"Total";"Total";"";"";"Debagoiena / Alto Deba";"%";11,8
2016;"Total";"Total";"";"";"Donostialdea";"%";12,9
2016;"Total";"Total";"";"";"Durangaldea / Duranguesado";"%";13,3
2016;"Total";"Total";"";"";"Enkartazioak / Encartaciones";"%";19,6
2016;"Total";"Total";"";"";"Gernika-Bermeo";"%";15,5
2016;"Total";"Total";"";"";"Goierri";"%";11,6
2016;"Total";"Total";"";"";"Gorbeialdea / Estribaciones del Gorbea";"%";10,1
2016;"Total";"Total";"";"";"Markina-Ondarroa";"%";14,1
2016;"Total";"Total";"";"";"Plentzia-Mungia";"%";13,6
2016;"Total";"Total";"";"";"Tolosaldea";"%";12,4
2016;"Total";"Total";"";"";"Urola Kosta";"%";13,3
2016;"Total";"Total";"";"";"Araba/Álava";"%";14,1
2016;"Total";"Total";"";"";"Bizkaia";"%";15,3
2016;"Total";"Total";"";"";"Gipuzkoa";"%";11,3
2015;"Total";"Total";"";"";"C.A. de Euskadi";"%";15,7
2015;"Total";"Total";"";"";"Abadiño";"%";13,9
2015;"Total";"Total";"";"";"Abaltzisketa";"%";6,6
2015;"Total";"Total";"";"";"Abanto y Ciérvana-Abanto Zierbena";"%";17,8
2015;"Total";"Total";"";"";"Aduna";"%";11,4
2015;"Total";"Total";"";"";"Agurain/Salvatierra";"%";18,6
2015;"Total";"Total";"";"";"Aia";"%";11,2
2015;"Total";"Total";"";"";"Aizarnazabal";"%";17
2015;"Total";"Total";"";"";"Ajangiz";"%";8,1
2015;"Total";"Total";"";"";"Albiztur";"%";3,3
2015;"Total";"Total";"";"";"Alegia";"%";14,5
2015;"Total";"Total";"";"";"Alegría-Dulantzi";"%";12,6
2015;"Total";"Total";"";"";"Alkiza";"%";10,2
2015;"Total";"Total";"";"";"Alonsotegi";"%";19,3
2015;"Total";"Total";"";"";"Altzaga";"%";13,6
2015;"Total";"Total";"";"";"Altzo";"%";10,8
2015;"Total";"Total";"";"";"Amezketa";"%";11
2015;"Total";"Total";"";"";"Amorebieta-Etxano";"%";14,4
2015;"Total";"Total";"";"";"Amoroto";"%";11
2015;"Total";"Total";"";"";"Amurrio";"%";16,1
2015;"Total";"Total";"";"";"Andoain";"%";13,8
2015;"Total";"Total";"";"";"Anoeta";"%";14
2015;"Total";"Total";"";"";"Antzuola";"%";10,2
2015;"Total";"Total";"";"";"Añana";"%";17,9
2015;"Total";"Total";"";"";"Arakaldo";"%";16,3
2015;"Total";"Total";"";"";"Arama";"%";11,4
2015;"Total";"Total";"";"";"Aramaio";"%";10,8
2015;"Total";"Total";"";"";"Arantzazu";"%";13,2
2015;"Total";"Total";"";"";"Areatza";"%";15,2
2015;"Total";"Total";"";"";"Aretxabaleta";"%";11,8
2015;"Total";"Total";"";"";"Armiñón";"%";14,9
2015;"Total";"Total";"";"";"Arraia-Maeztu";"%";10,4
2015;"Total";"Total";"";"";"Arrankudiaga-Zollo";"%";14,4
2015;"Total";"Total";"";"";"Arrasate/Mondragón";"%";15,6
2015;"Total";"Total";"";"";"Arratzu";"%";7,8
2015;"Total";"Total";"";"";"Arratzua-Ubarrundia";"%";9,3
2015;"Total";"Total";"";"";"Arrieta";"%";10
2015;"Total";"Total";"";"";"Arrigorriaga";"%";16,5
2015;"Total";"Total";"";"";"Artea";"%";13,3
2015;"Total";"Total";"";"";"Artzentales";"%";14
2015;"Total";"Total";"";"";"Artziniega";"%";15,3
2015;"Total";"Total";"";"";"Asparrena";"%";19,1
2015;"Total";"Total";"";"";"Asteasu";"%";9,8
2015;"Total";"Total";"";"";"Astigarraga";"%";11
2015;"Total";"Total";"";"";"Ataun";"%";8,8
2015;"Total";"Total";"";"";"Atxondo";"%";14,5
2015;"Total";"Total";"";"";"Aulesti";"%";10,7
2015;"Total";"Total";"";"";"Ayala/Aiara";"%";11,8
2015;"Total";"Total";"";"";"Azkoitia";"%";14,9
2015;"Total";"Total";"";"";"Azpeitia";"%";15,4
2015;"Total";"Total";"";"";"Bakio";"%";14,8
2015;"Total";"Total";"";"";"Baliarrain";"%";9
2015;"Total";"Total";"";"";"Balmaseda";"%";21,5
2015;"Total";"Total";"";"";"Baños de Ebro/Mañueta";"%";8,8
2015;"Total";"Total";"";"";"Barakaldo";"%";18,7
2015;"Total";"Total";"";"";"Barrika";"%";16,1
2015;"Total";"Total";"";"";"Barrundia";"%";9,5
2015;"Total";"Total";"";"";"Basauri";"%";18,5
2015;"Total";"Total";"";"";"Beasain";"%";14
2015;"Total";"Total";"";"";"Bedia";"%";12,5
2015;"Total";"Total";"";"";"Beizama";"%";11,6
2015;"Total";"Total";"";"";"Belauntza";"%";14,7
2015;"Total";"Total";"";"";"Berango";"%";15,2
2015;"Total";"Total";"";"";"Berantevilla";"%";22,5
2015;"Total";"Total";"";"";"Berastegi";"%";8,9
2015;"Total";"Total";"";"";"Bergara";"%";13,4
2015;"Total";"Total";"";"";"Bermeo";"%";20,4
2015;"Total";"Total";"";"";"Bernedo";"%";7
2015;"Total";"Total";"";"";"Berriatua";"%";17,3
2015;"Total";"Total";"";"";"Berriz";"%";15,8
2015;"Total";"Total";"";"";"Berrobi";"%";14,4
2015;"Total";"Total";"";"";"Bidania-Goiatz";"%";11,4
2015;"Total";"Total";"";"";"Bilbao";"%";18,7
2015;"Total";"Total";"";"";"Busturia";"%";15
2015;"Total";"Total";"";"";"Campezo/Kanpezu";"%";13,8
2015;"Total";"Total";"";"";"Deba";"%";13,7
2015;"Total";"Total";"";"";"Derio";"%";13,6
2015;"Total";"Total";"";"";"Dima";"%";9,2
2015;"Total";"Total";"";"";"Donostia / San Sebastián";"%";13,8
2015;"Total";"Total";"";"";"Durango";"%";14,4
2015;"Total";"Total";"";"";"Ea";"%";13,2
2015;"Total";"Total";"";"";"Eibar";"%";16,4
2015;"Total";"Total";"";"";"Elantxobe";"%";14,8
2015;"Total";"Total";"";"";"Elburgo/Burgelu";"%";8,2
2015;"Total";"Total";"";"";"Elciego";"%";21,2
2015;"Total";"Total";"";"";"Elduain";"%";5,9
2015;"Total";"Total";"";"";"Elgeta";"%";12,3
2015;"Total";"Total";"";"";"Elgoibar";"%";13,5
2015;"Total";"Total";"";"";"Elorrio";"%";13,2
2015;"Total";"Total";"";"";"Elvillar/Bilar";"%";13,9
2015;"Total";"Total";"";"";"Erandio";"%";18,2
2015;"Total";"Total";"";"";"Ereño";"%";12,4
2015;"Total";"Total";"";"";"Ermua";"%";17,8
2015;"Total";"Total";"";"";"Errenteria";"%";15,8
2015;"Total";"Total";"";"";"Errezil";"%";15,2
2015;"Total";"Total";"";"";"Erriberagoitia/Ribera Alta";"%";13,2
2015;"Total";"Total";"";"";"Errigoiti";"%";13,2
2015;"Total";"Total";"";"";"Eskoriatza";"%";13,4
2015;"Total";"Total";"";"";"Etxebarri";"%";14
2015;"Total";"Total";"";"";"Etxebarria";"%";8,1
2015;"Total";"Total";"";"";"Ezkio-Itsaso";"%";8,3
2015;"Total";"Total";"";"";"Forua";"%";15,7
2015;"Total";"Total";"";"";"Fruiz";"%";11,6
2015;"Total";"Total";"";"";"Gabiria";"%";5,6
2015;"Total";"Total";"";"";"Gaintza";"%";8,9
2015;"Total";"Total";"";"";"Galdakao";"%";14,9
2015;"Total";"Total";"";"";"Galdames";"%";14,1
2015;"Total";"Total";"";"";"Gamiz-Fika";"%";12,4
2015;"Total";"Total";"";"";"Garai";"%";11,9
2015;"Total";"Total";"";"";"Gatika";"%";12,1
2015;"Total";"Total";"";"";"Gautegiz Arteaga";"%";13,3
2015;"Total";"Total";"";"";"Gaztelu";"%";13,1
2015;"Total";"Total";"";"";"Gernika-Lumo";"%";16,6
2015;"Total";"Total";"";"";"Getaria";"%";13,9
2015;"Total";"Total";"";"";"Getxo";"%";15,4
2015;"Total";"Total";"";"";"Gizaburuaga";"%";13,5
2015;"Total";"Total";"";"";"Gordexola";"%";13,7
2015;"Total";"Total";"";"";"Gorliz";"%";15
2015;"Total";"Total";"";"";"Güeñes";"%";17,3
2015;"Total";"Total";"";"";"Harana/Valle de Arana";"%";5,8
2015;"Total";"Total";"";"";"Hernani";"%";14,3
2015;"Total";"Total";"";"";"Hernialde";"%";9,6
2015;"Total";"Total";"";"";"Hondarribia";"%";15,1
2015;"Total";"Total";"";"";"Ibarra";"%";14,3
2015;"Total";"Total";"";"";"Ibarrangelu";"%";13,8
2015;"Total";"Total";"";"";"Idiazabal";"%";10,8
2015;"Total";"Total";"";"";"Igorre";"%";15,8
2015;"Total";"Total";"";"";"Ikaztegieta";"%";13,7
2015;"Total";"Total";"";"";"Irun";"%";17,9
2015;"Total";"Total";"";"";"Iruña Oka/Iruña de Oca";"%";13,3
2015;"Total";"Total";"";"";"Irura";"%";12,6
2015;"Total";"Total";"";"";"Iruraiz-Gauna";"%";11
2015;"Total";"Total";"";"";"Ispaster";"%";9,9
2015;"Total";"Total";"";"";"Itsasondo";"%";15,3
2015;"Total";"Total";"";"";"Iurreta";"%";17,4
2015;"Total";"Total";"";"";"Izurtza";"%";15,4
2015;"Total";"Total";"";"";"Karrantza Harana/Valle de Carranza";"%";20,2
2015;"Total";"Total";"";"";"Kortezubi";"%";11,1
2015;"Total";"Total";"";"";"Kripan";"%";9,9
2015;"Total";"Total";"";"";"Kuartango";"%";10,5
2015;"Total";"Total";"";"";"Labastida/Bastida";"%";19,7
2015;"Total";"Total";"";"";"Lagrán";"%";11,4
2015;"Total";"Total";"";"";"Laguardia";"%";14,7
2015;"Total";"Total";"";"";"Lanciego/Lantziego";"%";17,9
2015;"Total";"Total";"";"";"Lanestosa";"%";22,8
2015;"Total";"Total";"";"";"Lantarón";"%";19,5
2015;"Total";"Total";"";"";"Lapuebla de Labarca";"%";19
2015;"Total";"Total";"";"";"Larrabetzu";"%";11,3
2015;"Total";"Total";"";"";"Larraul";"%";13,8
2015;"Total";"Total";"";"";"Lasarte-Oria";"%";15,3
2015;"Total";"Total";"";"";"Laudio/Llodio";"%";17,1
2015;"Total";"Total";"";"";"Laukiz";"%";12
2015;"Total";"Total";"";"";"Lazkao";"%";11,7
2015;"Total";"Total";"";"";"Leaburu";"%";11
2015;"Total";"Total";"";"";"Legazpi";"%";11,9
2015;"Total";"Total";"";"";"Legorreta";"%";15,1
2015;"Total";"Total";"";"";"Legutio";"%";13
2015;"Total";"Total";"";"";"Leintz-Gatzaga";"%";12,3
2015;"Total";"Total";"";"";"Leioa";"%";15,1
2015;"Total";"Total";"";"";"Lekeitio";"%";16,1
2015;"Total";"Total";"";"";"Lemoa";"%";16,2
2015;"Total";"Total";"";"";"Lemoiz";"%";12,9
2015;"Total";"Total";"";"";"Leza";"%";12,5
2015;"Total";"Total";"";"";"Lezama";"%";11,9
2015;"Total";"Total";"";"";"Lezo";"%";13,7
2015;"Total";"Total";"";"";"Lizartza";"%";16,5
2015;"Total";"Total";"";"";"Loiu";"%";12,4
2015;"Total";"Total";"";"";"Mallabia";"%";11,7
2015;"Total";"Total";"";"";"Mañaria";"%";14,7
2015;"Total";"Total";"";"";"Markina-Xemein";"%";14,9
2015;"Total";"Total";"";"";"Maruri-Jatabe";"%";11,7
2015;"Total";"Total";"";"";"Mendaro";"%";12,8
2015;"Total";"Total";"";"";"Mendata";"%";5,3
2015;"Total";"Total";"";"";"Mendexa";"%";11
2015;"Total";"Total";"";"";"Meñaka";"%";11,3
2015;"Total";"Total";"";"";"Moreda de Álava/Moreda Araba";"%";24
2015;"Total";"Total";"";"";"Morga";"%";9,8
2015;"Total";"Total";"";"";"Mundaka";"%";16,2
2015;"Total";"Total";"";"";"Mungia";"%";14,8
2015;"Total";"Total";"";"";"Munitibar-Arbatzegi Gerrikaitz";"%";12,4
2015;"Total";"Total";"";"";"Murueta";"%";7,4
2015;"Total";"Total";"";"";"Muskiz";"%";18,7
2015;"Total";"Total";"";"";"Mutiloa";"%";13,6
2015;"Total";"Total";"";"";"Mutriku";"%";14,7
2015;"Total";"Total";"";"";"Muxika";"%";12
2015;"Total";"Total";"";"";"Nabarniz";"%";9
2015;"Total";"Total";"";"";"Navaridas";"%";16,2
2015;"Total";"Total";"";"";"Oiartzun";"%";11,5
2015;"Total";"Total";"";"";"Okondo";"%";13,9
2015;"Total";"Total";"";"";"Olaberria";"%";13,1
2015;"Total";"Total";"";"";"Ondarroa";"%";20,7
2015;"Total";"Total";"";"";"Oñati";"%";8,8
2015;"Total";"Total";"";"";"Ordizia";"%";14,9
2015;"Total";"Total";"";"";"Orendain";"%";8
2015;"Total";"Total";"";"";"Orexa";"%";5,4
2015;"Total";"Total";"";"";"Orio";"%";15,9
2015;"Total";"Total";"";"";"Ormaiztegi";"%";11,2
2015;"Total";"Total";"";"";"Orozko";"%";12,6
2015;"Total";"Total";"";"";"Ortuella";"%";19,7
2015;"Total";"Total";"";"";"Otxandio";"%";11,9
2015;"Total";"Total";"";"";"Oyón-Oion";"%";24,7
2015;"Total";"Total";"";"";"Pasaia";"%";17,2
2015;"Total";"Total";"";"";"Peñacerrada-Urizaharra";"%";8,6
2015;"Total";"Total";"";"";"Plentzia";"%";17,1
2015;"Total";"Total";"";"";"Portugalete";"%";17,4
2015;"Total";"Total";"";"";"Ribera Baja/Erriberabeitia";"%";18,8
2015;"Total";"Total";"";"";"Samaniego";"%";8,6
2015;"Total";"Total";"";"";"San Millán/Donemiliaga";"%";11,3
2015;"Total";"Total";"";"";"Santurtzi";"%";19,6
2015;"Total";"Total";"";"";"Segura";"%";9,2
2015;"Total";"Total";"";"";"Sestao";"%";22,5
2015;"Total";"Total";"";"";"Sondika";"%";13,1
2015;"Total";"Total";"";"";"Sopela";"%";14,8
2015;"Total";"Total";"";"";"Sopuerta";"%";17,6
2015;"Total";"Total";"";"";"Soraluze-Placencia de las Armas";"%";17,7
2015;"Total";"Total";"";"";"Sukarrieta";"%";15,2
2015;"Total";"Total";"";"";"Tolosa";"%";13,5
2015;"Total";"Total";"";"";"Trucios-Turtzioz";"%";17,6
2015;"Total";"Total";"";"";"Ubide";"%";10,6
2015;"Total";"Total";"";"";"Ugao-Miraballes";"%";15,5
2015;"Total";"Total";"";"";"Urduliz";"%";14,2
2015;"Total";"Total";"";"";"Urduña/Orduña";"%";19,1
2015;"Total";"Total";"";"";"Urkabustaiz";"%";13,3
2015;"Total";"Total";"";"";"Urnieta";"%";11,9
2015;"Total";"Total";"";"";"Urretxu";"%";13
2015;"Total";"Total";"";"";"Usurbil";"%";12,2
2015;"Total";"Total";"";"";"Valdegovía/Gaubea";"%";14,6
2015;"Total";"Total";"";"";"Valle de Trápaga-Trapagaran";"%";17,5
2015;"Total";"Total";"";"";"Villabona";"%";14,8
2015;"Total";"Total";"";"";"Villabuena de Álava/Eskuernaga";"%";9,7
2015;"Total";"Total";"";"";"Vitoria-Gasteiz";"%";15,8
2015;"Total";"Total";"";"";"Yécora/Iekora";"%";20,2
2015;"Total";"Total";"";"";"Zaldibar";"%";13,8
2015;"Total";"Total";"";"";"Zaldibia";"%";12,7
2015;"Total";"Total";"";"";"Zalduondo";"%";11,4
2015;"Total";"Total";"";"";"Zalla";"%";20,6
2015;"Total";"Total";"";"";"Zambrana";"%";24,5
2015;"Total";"Total";"";"";"Zamudio";"%";14,6
2015;"Total";"Total";"";"";"Zaratamo";"%";17,3
2015;"Total";"Total";"";"";"Zarautz";"%";13,8
2015;"Total";"Total";"";"";"Zeanuri";"%";9,4
2015;"Total";"Total";"";"";"Zeberio";"%";12
2015;"Total";"Total";"";"";"Zegama";"%";11,4
2015;"Total";"Total";"";"";"Zerain";"%";12,7
2015;"Total";"Total";"";"";"Zestoa";"%";17,7
2015;"Total";"Total";"";"";"Zierbena";"%";17,5
2015;"Total";"Total";"";"";"Zigoitia";"%";8,2
2015;"Total";"Total";"";"";"Ziortza-Bolibar";"%";9,5
2015;"Total";"Total";"";"";"Zizurkil";"%";14,8
2015;"Total";"Total";"";"";"Zuia";"%";11,4
2015;"Total";"Total";"";"";"Zumaia";"%";12,9
2015;"Total";"Total";"";"";"Zumarraga";"%";15
2015;"Total";"Total";"";"";"Añana (comarca)";"%";17,3
2015;"Total";"Total";"";"";"Arabako Errioxa / Rioja Alavesa";"%";19,1
2015;"Total";"Total";"";"";"Arabako Kantaurialdea / Cantábrica Alavesa";"%";16,1
2015;"Total";"Total";"";"";"Arabako Lautada / Llanada Alavesa";"%";15,7
2015;"Total";"Total";"";"";"Arabako Mendialdea / Montaña Alavesa";"%";10,5
2015;"Total";"Total";"";"";"Arratia-Nerbioi / Arratia-Nervión";"%";14,6
2015;"Total";"Total";"";"";"Bidasoa Beherea / Bajo Bidasoa";"%";17,3
2015;"Total";"Total";"";"";"Bilbo Handia / Gran Bilbao";"%";17,9
2015;"Total";"Total";"";"";"Debabarrena / Bajo Deba";"%";15,3
2015;"Total";"Total";"";"";"Debagoiena / Alto Deba";"%";13
2015;"Total";"Total";"";"";"Donostialdea";"%";14,1
2015;"Total";"Total";"";"";"Durangaldea / Duranguesado";"%";15
2015;"Total";"Total";"";"";"Enkartazioak / Encartaciones";"%";19,1
2015;"Total";"Total";"";"";"Gernika-Bermeo";"%";17
2015;"Total";"Total";"";"";"Goierri";"%";13,1
2015;"Total";"Total";"";"";"Gorbeialdea / Estribaciones del Gorbea";"%";11,3
2015;"Total";"Total";"";"";"Markina-Ondarroa";"%";16,5
2015;"Total";"Total";"";"";"Plentzia-Mungia";"%";14,6
2015;"Total";"Total";"";"";"Tolosaldea";"%";13,3
2015;"Total";"Total";"";"";"Urola Kosta";"%";14,5
2015;"Total";"Total";"";"";"Araba/Álava";"%";16,3
2015;"Total";"Total";"";"";"Bizkaia";"%";17
2015;"Total";"Total";"";"";"Gipuzkoa";"%";13,3
2021;"Total";"Total";"";"";"C.A. de Euskadi";"%";10
2021;"Total";"Total";"";"";"Abadiño";"%";10,7
2021;"Total";"Total";"";"";"Abaltzisketa";"%";3
2021;"Total";"Total";"";"";"Abanto y Ciérvana-Abanto Zierbena";"%";14,3
2021;"Total";"Total";"";"";"Aduna";"%";1,2
2021;"Total";"Total";"";"";"Agurain/Salvatierra";"%";14,9
2021;"Total";"Total";"";"";"Aia";"%";6,5
2021;"Total";"Total";"";"";"Aizarnazabal";"%";11,6
2021;"Total";"Total";"";"";"Ajangiz";"%";6,3
2021;"Total";"Total";"";"";"Albiztur";"%";5
2021;"Total";"Total";"";"";"Alegia";"%";10,9
2021;"Total";"Total";"";"";"Alegría-Dulantzi";"%";11,8
2021;"Total";"Total";"";"";"Alkiza";"%";7
2021;"Total";"Total";"";"";"Alonsotegi";"%";14
2021;"Total";"Total";"";"";"Altzaga";"%";4,4
2021;"Total";"Total";"";"";"Altzo";"%";5,9
2021;"Total";"Total";"";"";"Amezketa";"%";9,2
2021;"Total";"Total";"";"";"Amorebieta-Etxano";"%";9,2
2021;"Total";"Total";"";"";"Amoroto";"%";7
2021;"Total";"Total";"";"";"Amurrio";"%";11,4
2021;"Total";"Total";"";"";"Andoain";"%";9,8
2021;"Total";"Total";"";"";"Anoeta";"%";8,7
2021;"Total";"Total";"";"";"Antzuola";"%";7,1
2021;"Total";"Total";"";"";"Añana";"%";8,2
2021;"Total";"Total";"";"";"Arakaldo";"%";15,8
2021;"Total";"Total";"";"";"Arama";"%";5,3
2021;"Total";"Total";"";"";"Aramaio";"%";5,7
2021;"Total";"Total";"";"";"Arantzazu";"%";10
2021;"Total";"Total";"";"";"Areatza";"%";11,1
2021;"Total";"Total";"";"";"Aretxabaleta";"%";6,6
2021;"Total";"Total";"";"";"Armiñón";"%";9,9
2021;"Total";"Total";"";"";"Arraia-Maeztu";"%";6,7
2021;"Total";"Total";"";"";"Arrankudiaga-Zollo";"%";8,4
2021;"Total";"Total";"";"";"Arrasate/Mondragón";"%";10,5
2021;"Total";"Total";"";"";"Arratzu";"%";6,6
2021;"Total";"Total";"";"";"Arratzua-Ubarrundia";"%";6,8
2021;"Total";"Total";"";"";"Arrieta";"%";6,8
2021;"Total";"Total";"";"";"Arrigorriaga";"%";11,3
2021;"Total";"Total";"";"";"Artea";"%";11
2021;"Total";"Total";"";"";"Artzentales";"%";14,4
2021;"Total";"Total";"";"";"Artziniega";"%";12,2
2021;"Total";"Total";"";"";"Asparrena";"%";13
2021;"Total";"Total";"";"";"Asteasu";"%";6,9
2021;"Total";"Total";"";"";"Astigarraga";"%";6,8
2021;"Total";"Total";"";"";"Ataun";"%";6,9
2021;"Total";"Total";"";"";"Atxondo";"%";9,2
2021;"Total";"Total";"";"";"Aulesti";"%";7,2
2021;"Total";"Total";"";"";"Ayala/Aiara";"%";9,6
2021;"Total";"Total";"";"";"Azkoitia";"%";8,9
2021;"Total";"Total";"";"";"Azpeitia";"%";8,1
2021;"Total";"Total";"";"";"Bakio";"%";10,4
2021;"Total";"Total";"";"";"Baliarrain";"%";6,8
2021;"Total";"Total";"";"";"Balmaseda";"%";15,7
2021;"Total";"Total";"";"";"Baños de Ebro/Mañueta";"%";10,4
2021;"Total";"Total";"";"";"Barakaldo";"%";12,9
2021;"Total";"Total";"";"";"Barrika";"%";12,8
2021;"Total";"Total";"";"";"Barrundia";"%";6
2021;"Total";"Total";"";"";"Basauri";"%";13,4
2021;"Total";"Total";"";"";"Beasain";"%";9
2021;"Total";"Total";"";"";"Bedia";"%";10,2
2021;"Total";"Total";"";"";"Beizama";"%";5,1
2021;"Total";"Total";"";"";"Belauntza";"%";6,8
2021;"Total";"Total";"";"";"Berango";"%";9,4
2021;"Total";"Total";"";"";"Berantevilla";"%";8,5
2021;"Total";"Total";"";"";"Berastegi";"%";4,5
2021;"Total";"Total";"";"";"Bergara";"%";8,1
2021;"Total";"Total";"";"";"Bermeo";"%";14,7
2021;"Total";"Total";"";"";"Bernedo";"%";7,6
2021;"Total";"Total";"";"";"Berriatua";"%";9,2
2021;"Total";"Total";"";"";"Berriz";"%";10
2021;"Total";"Total";"";"";"Berrobi";"%";9,6
2021;"Total";"Total";"";"";"Bidania-Goiatz";"%";7
2021;"Total";"Total";"";"";"Bilbao";"%";13,7
2021;"Total";"Total";"";"";"Busturia";"%";10,3
2021;"Total";"Total";"";"";"Campezo/Kanpezu";"%";10,5
2021;"Total";"Total";"";"";"Deba";"%";8,3
2021;"Total";"Total";"";"";"Derio";"%";8,1
2021;"Total";"Total";"";"";"Dima";"%";7,4
2021;"Total";"Total";"";"";"Donostia / San Sebastián";"%";9,5
2021;"Total";"Total";"";"";"Durango";"%";9,9
2021;"Total";"Total";"";"";"Ea";"%";12,5
2021;"Total";"Total";"";"";"Eibar";"%";11,6
2021;"Total";"Total";"";"";"Elantxobe";"%";14,2
2021;"Total";"Total";"";"";"Elburgo/Burgelu";"%";7,3
2021;"Total";"Total";"";"";"Elciego";"%";12,8
2021;"Total";"Total";"";"";"Elduain";"%";8,4
2021;"Total";"Total";"";"";"Elgeta";"%";5,1
2021;"Total";"Total";"";"";"Elgoibar";"%";8,9
2021;"Total";"Total";"";"";"Elorrio";"%";8,4
2021;"Total";"Total";"";"";"Elvillar/Bilar";"%";11,5
2021;"Total";"Total";"";"";"Erandio";"%";12,1
2021;"Total";"Total";"";"";"Ereño";"%";8,3
2021;"Total";"Total";"";"";"Ermua";"%";11,9
2021;"Total";"Total";"";"";"Errenteria";"%";10,4
2021;"Total";"Total";"";"";"Errezil";"%";3,8
2021;"Total";"Total";"";"";"Erriberagoitia/Ribera Alta";"%";8,9
2021;"Total";"Total";"";"";"Errigoiti";"%";10,1
2021;"Total";"Total";"";"";"Eskoriatza";"%";8,3
2021;"Total";"Total";"";"";"Etxebarri";"%";9,7
2021;"Total";"Total";"";"";"Etxebarria";"%";9,1
2021;"Total";"Total";"";"";"Ezkio-Itsaso";"%";9
2021;"Total";"Total";"";"";"Forua";"%";9,8
2021;"Total";"Total";"";"";"Fruiz";"%";6,5
2021;"Total";"Total";"";"";"Gabiria";"%";5,4
2021;"Total";"Total";"";"";"Gaintza";"%";3,1
2021;"Total";"Total";"";"";"Galdakao";"%";10
2021;"Total";"Total";"";"";"Galdames";"%";10,8
2021;"Total";"Total";"";"";"Gamiz-Fika";"%";8,6
2021;"Total";"Total";"";"";"Garai";"%";1,2
2021;"Total";"Total";"";"";"Gatika";"%";8,6
2021;"Total";"Total";"";"";"Gautegiz Arteaga";"%";5
2021;"Total";"Total";"";"";"Gaztelu";"%";7,1
2021;"Total";"Total";"";"";"Gernika-Lumo";"%";10,5
2021;"Total";"Total";"";"";"Getaria";"%";9,9
2021;"Total";"Total";"";"";"Getxo";"%";10,4
2021;"Total";"Total";"";"";"Gizaburuaga";"%";6,6
2021;"Total";"Total";"";"";"Gordexola";"%";8,3
2021;"Total";"Total";"";"";"Gorliz";"%";10,4
2021;"Total";"Total";"";"";"Güeñes";"%";11,1
2021;"Total";"Total";"";"";"Harana/Valle de Arana";"%";10,5
2021;"Total";"Total";"";"";"Hernani";"%";9,2
2021;"Total";"Total";"";"";"Hernialde";"%";11,3
2021;"Total";"Total";"";"";"Hondarribia";"%";10,1
2021;"Total";"Total";"";"";"Ibarra";"%";10
2021;"Total";"Total";"";"";"Ibarrangelu";"%";11,3
2021;"Total";"Total";"";"";"Idiazabal";"%";7,3
2021;"Total";"Total";"";"";"Igorre";"%";11,2
2021;"Total";"Total";"";"";"Ikaztegieta";"%";12,3
2021;"Total";"Total";"";"";"Irun";"%";12,2
2021;"Total";"Total";"";"";"Iruña Oka/Iruña de Oca";"%";10,7
2021;"Total";"Total";"";"";"Irura";"%";7,5
2021;"Total";"Total";"";"";"Iruraiz-Gauna";"%";5,9
2021;"Total";"Total";"";"";"Ispaster";"%";10,2
2021;"Total";"Total";"";"";"Itsasondo";"%";10,8
2021;"Total";"Total";"";"";"Iurreta";"%";12,3
2021;"Total";"Total";"";"";"Izurtza";"%";2,6
2021;"Total";"Total";"";"";"Karrantza Harana/Valle de Carranza";"%";15,3
2021;"Total";"Total";"";"";"Kortezubi";"%";4,5
2021;"Total";"Total";"";"";"Kripan";"%";14,3
2021;"Total";"Total";"";"";"Kuartango";"%";8,8
2021;"Total";"Total";"";"";"Labastida/Bastida";"%";15,9
2021;"Total";"Total";"";"";"Lagrán";"%";14,8
2021;"Total";"Total";"";"";"Laguardia";"%";10,7
2021;"Total";"Total";"";"";"Lanciego/Lantziego";"%";10,6
2021;"Total";"Total";"";"";"Lanestosa";"%";14,8
2021;"Total";"Total";"";"";"Lantarón";"%";10,9
2021;"Total";"Total";"";"";"Lapuebla de Labarca";"%";13,2
2021;"Total";"Total";"";"";"Larrabetzu";"%";8,2
2021;"Total";"Total";"";"";"Larraul";"%";4,5
2021;"Total";"Total";"";"";"Lasarte-Oria";"%";9,3
2021;"Total";"Total";"";"";"Laudio/Llodio";"%";12,9
2021;"Total";"Total";"";"";"Laukiz";"%";8,9
2021;"Total";"Total";"";"";"Lazkao";"%";7,5
2021;"Total";"Total";"";"";"Leaburu";"%";8,1
2021;"Total";"Total";"";"";"Legazpi";"%";8,1
2021;"Total";"Total";"";"";"Legorreta";"%";8,4
2021;"Total";"Total";"";"";"Legutio";"%";12,7
2021;"Total";"Total";"";"";"Leintz-Gatzaga";"%";5,5
2021;"Total";"Total";"";"";"Leioa";"%";10,4
2021;"Total";"Total";"";"";"Lekeitio";"%";10,3
2021;"Total";"Total";"";"";"Lemoa";"%";10,5
2021;"Total";"Total";"";"";"Lemoiz";"%";11,3
2021;"Total";"Total";"";"";"Leza";"%";8,2
2021;"Total";"Total";"";"";"Lezama";"%";8,7
2021;"Total";"Total";"";"";"Lezo";"%";9
2021;"Total";"Total";"";"";"Lizartza";"%";8,4
2021;"Total";"Total";"";"";"Loiu";"%";8
2021;"Total";"Total";"";"";"Mallabia";"%";9,7
2021;"Total";"Total";"";"";"Mañaria";"%";10,7
2021;"Total";"Total";"";"";"Markina-Xemein";"%";8,8
2021;"Total";"Total";"";"";"Maruri-Jatabe";"%";8,4
2021;"Total";"Total";"";"";"Mendaro";"%";8
2021;"Total";"Total";"";"";"Mendata";"%";7,8
2021;"Total";"Total";"";"";"Mendexa";"%";8,9
2021;"Total";"Total";"";"";"Meñaka";"%";6,6
2021;"Total";"Total";"";"";"Moreda de Álava/Moreda Araba";"%";11,5
2021;"Total";"Total";"";"";"Morga";"%";9,2
2021;"Total";"Total";"";"";"Mundaka";"%";9
2021;"Total";"Total";"";"";"Mungia";"%";10,1
2021;"Total";"Total";"";"";"Munitibar-Arbatzegi Gerrikaitz";"%";10,7
2021;"Total";"Total";"";"";"Murueta";"%";6,9
2021;"Total";"Total";"";"";"Muskiz";"%";12,3
2021;"Total";"Total";"";"";"Mutiloa";"%";4,3
2021;"Total";"Total";"";"";"Mutriku";"%";12
2021;"Total";"Total";"";"";"Muxika";"%";8,2
2021;"Total";"Total";"";"";"Nabarniz";"%";6,9
2021;"Total";"Total";"";"";"Navaridas";"%";12,3
2021;"Total";"Total";"";"";"Oiartzun";"%";7,5
2021;"Total";"Total";"";"";"Okondo";"%";9,3
2021;"Total";"Total";"";"";"Olaberria";"%";8,5
2021;"Total";"Total";"";"";"Ondarroa";"%";14,7
2021;"Total";"Total";"";"";"Oñati";"%";6,7
2021;"Total";"Total";"";"";"Ordizia";"%";9,2
2021;"Total";"Total";"";"";"Orendain";"%";2,5
2021;"Total";"Total";"";"";"Orexa";"%";2
2021;"Total";"Total";"";"";"Orio";"%";10,5
2021;"Total";"Total";"";"";"Ormaiztegi";"%";7,5
2021;"Total";"Total";"";"";"Orozko";"%";10,5
2021;"Total";"Total";"";"";"Ortuella";"%";15,2
2021;"Total";"Total";"";"";"Otxandio";"%";9
2021;"Total";"Total";"";"";"Oyón-Oion";"%";16,5
2021;"Total";"Total";"";"";"Pasaia";"%";11,8
2021;"Total";"Total";"";"";"Peñacerrada-Urizaharra";"%";4,4
2021;"Total";"Total";"";"";"Plentzia";"%";10,9
2021;"Total";"Total";"";"";"Portugalete";"%";13,9
2021;"Total";"Total";"";"";"Ribera Baja/Erriberabeitia";"%";10,8
2021;"Total";"Total";"";"";"Samaniego";"%";8,3
2021;"Total";"Total";"";"";"San Millán/Donemiliaga";"%";5,5
2021;"Total";"Total";"";"";"Santurtzi";"%";15
2021;"Total";"Total";"";"";"Segura";"%";6
2021;"Total";"Total";"";"";"Sestao";"%";16,9
2021;"Total";"Total";"";"";"Sondika";"%";9,1
2021;"Total";"Total";"";"";"Sopela";"%";10,9
2021;"Total";"Total";"";"";"Sopuerta";"%";11,1
2021;"Total";"Total";"";"";"Soraluze-Placencia de las Armas";"%";13
2021;"Total";"Total";"";"";"Sukarrieta";"%";10,7
2021;"Total";"Total";"";"";"Tolosa";"%";8
2021;"Total";"Total";"";"";"Trucios-Turtzioz";"%";15,8
2021;"Total";"Total";"";"";"Ubide";"%";15,1
2021;"Total";"Total";"";"";"Ugao-Miraballes";"%";10,8
2021;"Total";"Total";"";"";"Urduliz";"%";10
2021;"Total";"Total";"";"";"Urduña/Orduña";"%";14,2
2021;"Total";"Total";"";"";"Urkabustaiz";"%";10,9
2021;"Total";"Total";"";"";"Urnieta";"%";8,9
2021;"Total";"Total";"";"";"Urretxu";"%";8,5
2021;"Total";"Total";"";"";"Usurbil";"%";8,2
2021;"Total";"Total";"";"";"Valdegovía/Gaubea";"%";16
2021;"Total";"Total";"";"";"Valle de Trápaga-Trapagaran";"%";12,3
2021;"Total";"Total";"";"";"Villabona";"%";10,4
2021;"Total";"Total";"";"";"Villabuena de Álava/Eskuernaga";"%";10,3
2021;"Total";"Total";"";"";"Vitoria-Gasteiz";"%";12,1
2021;"Total";"Total";"";"";"Yécora/Iekora";"%";9,8
2021;"Total";"Total";"";"";"Zaldibar";"%";9,5
2021;"Total";"Total";"";"";"Zaldibia";"%";9,1
2021;"Total";"Total";"";"";"Zalduondo";"%";8,3
2021;"Total";"Total";"";"";"Zalla";"%";13,3
2021;"Total";"Total";"";"";"Zambrana";"%";14,1
2021;"Total";"Total";"";"";"Zamudio";"%";9,8
2021;"Total";"Total";"";"";"Zaratamo";"%";13,1
2021;"Total";"Total";"";"";"Zarautz";"%";8,4
2021;"Total";"Total";"";"";"Zeanuri";"%";8,4
2021;"Total";"Total";"";"";"Zeberio";"%";9
2021;"Total";"Total";"";"";"Zegama";"%";7
2021;"Total";"Total";"";"";"Zerain";"%";2,5
2021;"Total";"Total";"";"";"Zestoa";"%";11,3
2021;"Total";"Total";"";"";"Zierbena";"%";12,2
2021;"Total";"Total";"";"";"Zigoitia";"%";5,4
2021;"Total";"Total";"";"";"Ziortza-Bolibar";"%";6,3
2021;"Total";"Total";"";"";"Zizurkil";"%";10,1
2021;"Total";"Total";"";"";"Zuia";"%";6,5
2021;"Total";"Total";"";"";"Zumaia";"%";9
2021;"Total";"Total";"";"";"Zumarraga";"%";11
2021;"Total";"Total";"";"";"Añana (comarca)";"%";11,2
2021;"Total";"Total";"";"";"Arabako Errioxa / Rioja Alavesa";"%";13,5
2021;"Total";"Total";"";"";"Arabako Kantaurialdea / Cantábrica Alavesa";"%";12
2021;"Total";"Total";"";"";"Arabako Lautada / Llanada Alavesa";"%";12
2021;"Total";"Total";"";"";"Arabako Mendialdea / Montaña Alavesa";"%";8,5
2021;"Total";"Total";"";"";"Arratia-Nerbioi / Arratia-Nervión";"%";10,8
2021;"Total";"Total";"";"";"Bidasoa Beherea / Bajo Bidasoa";"%";11,8
2021;"Total";"Total";"";"";"Bilbo Handia / Gran Bilbao";"%";12,9
2021;"Total";"Total";"";"";"Debabarrena / Bajo Deba";"%";10,7
2021;"Total";"Total";"";"";"Debagoiena / Alto Deba";"%";8,4
2021;"Total";"Total";"";"";"Donostialdea";"%";9,5
2021;"Total";"Total";"";"";"Durangaldea / Duranguesado";"%";10,1
2021;"Total";"Total";"";"";"Enkartazioak / Encartaciones";"%";13,1
2021;"Total";"Total";"";"";"Gernika-Bermeo";"%";11,6
2021;"Total";"Total";"";"";"Goierri";"%";8,7
2021;"Total";"Total";"";"";"Gorbeialdea / Estribaciones del Gorbea";"%";8,3
2021;"Total";"Total";"";"";"Markina-Ondarroa";"%";11,1
2021;"Total";"Total";"";"";"Plentzia-Mungia";"%";10,3
2021;"Total";"Total";"";"";"Tolosaldea";"%";8,5
2021;"Total";"Total";"";"";"Urola Kosta";"%";8,8
2021;"Total";"Total";"";"";"Araba/Álava";"%";10,6
2021;"Total";"Total";"";"";"Bizkaia";"%";11,2
2021;"Total";"Total";"";"";"Gipuzkoa";"%";7,9
2010;"Total";"Total";"";"";"C.A. de Euskadi";"%";9,1
2010;"Total";"Total";"";"";"Abadiño";"%";9,2
2010;"Total";"Total";"";"";"Abaltzisketa";"%";7,1
2010;"Total";"Total";"";"";"Abanto y Ciérvana-Abanto Zierbena";"%";9,8
2010;"Total";"Total";"";"";"Aduna";"%";5,4
2010;"Total";"Total";"";"";"Agurain/Salvatierra";"%";10,4
2010;"Total";"Total";"";"";"Aia";"%";8
2010;"Total";"Total";"";"";"Aizarnazabal";"%";11
2010;"Total";"Total";"";"";"Ajangiz";"%";7,8
2010;"Total";"Total";"";"";"Albiztur";"%";5,3
2010;"Total";"Total";"";"";"Alegia";"%";8,1
2010;"Total";"Total";"";"";"Alegría-Dulantzi";"%";7,5
2010;"Total";"Total";"";"";"Alkiza";"%";4,7
2010;"Total";"Total";"";"";"Alonsotegi";"%";9,5
2010;"Total";"Total";"";"";"Altzaga";"%";2,4
2010;"Total";"Total";"";"";"Altzo";"%";6,3
2010;"Total";"Total";"";"";"Amezketa";"%";7,3
2010;"Total";"Total";"";"";"Amorebieta-Etxano";"%";9,1
2010;"Total";"Total";"";"";"Amoroto";"%";8,7
2010;"Total";"Total";"";"";"Amurrio";"%";9,3
2010;"Total";"Total";"";"";"Andoain";"%";8,5
2010;"Total";"Total";"";"";"Anoeta";"%";8,1
2010;"Total";"Total";"";"";"Antzuola";"%";6,9
2010;"Total";"Total";"";"";"Añana";"%";6,3
2010;"Total";"Total";"";"";"Arakaldo";"%";7,1
2010;"Total";"Total";"";"";"Arama";"%";6,1
2010;"Total";"Total";"";"";"Aramaio";"%";5,5
2010;"Total";"Total";"";"";"Arantzazu";"%";8,1
2010;"Total";"Total";"";"";"Areatza";"%";7,5
2010;"Total";"Total";"";"";"Aretxabaleta";"%";7,7
2010;"Total";"Total";"";"";"Armiñón";"%";8,1
2010;"Total";"Total";"";"";"Arraia-Maeztu";"%";5,3
2010;"Total";"Total";"";"";"Arrankudiaga-Zollo";"%";7,6
2010;"Total";"Total";"";"";"Arrasate/Mondragón";"%";8,9
2010;"Total";"Total";"";"";"Arratzu";"%";5,2
2010;"Total";"Total";"";"";"Arratzua-Ubarrundia";"%";5,7
2010;"Total";"Total";"";"";"Arrieta";"%";7,7
2010;"Total";"Total";"";"";"Arrigorriaga";"%";9,4
2010;"Total";"Total";"";"";"Artea";"%";7,4
2010;"Total";"Total";"";"";"Artzentales";"%";7,3
2010;"Total";"Total";"";"";"Artziniega";"%";9,1
2010;"Total";"Total";"";"";"Asparrena";"%";8,6
2010;"Total";"Total";"";"";"Asteasu";"%";5,3
2010;"Total";"Total";"";"";"Astigarraga";"%";6,6
2010;"Total";"Total";"";"";"Ataun";"%";5,2
2010;"Total";"Total";"";"";"Atxondo";"%";9
2010;"Total";"Total";"";"";"Aulesti";"%";8,7
2010;"Total";"Total";"";"";"Ayala/Aiara";"%";7,8
2010;"Total";"Total";"";"";"Azkoitia";"%";8,7
2010;"Total";"Total";"";"";"Azpeitia";"%";8,3
2010;"Total";"Total";"";"";"Bakio";"%";8
2010;"Total";"Total";"";"";"Baliarrain";"%";4,8
2010;"Total";"Total";"";"";"Balmaseda";"%";11
2010;"Total";"Total";"";"";"Baños de Ebro/Mañueta";"%";5,4
2010;"Total";"Total";"";"";"Barakaldo";"%";10,6
2010;"Total";"Total";"";"";"Barrika";"%";11,7
2010;"Total";"Total";"";"";"Barrundia";"%";6
2010;"Total";"Total";"";"";"Basauri";"%";10,2
2010;"Total";"Total";"";"";"Beasain";"%";9
2010;"Total";"Total";"";"";"Bedia";"%";10,5
2010;"Total";"Total";"";"";"Beizama";"%";8,3
2010;"Total";"Total";"";"";"Belauntza";"%";11
2010;"Total";"Total";"";"";"Berango";"%";8,9
2010;"Total";"Total";"";"";"Berantevilla";"%";11,4
2010;"Total";"Total";"";"";"Berastegi";"%";7,7
2010;"Total";"Total";"";"";"Bergara";"%";7,7
2010;"Total";"Total";"";"";"Bermeo";"%";11,7
2010;"Total";"Total";"";"";"Bernedo";"%";5,4
2010;"Total";"Total";"";"";"Berriatua";"%";13,4
2010;"Total";"Total";"";"";"Berriz";"%";9,8
2010;"Total";"Total";"";"";"Berrobi";"%";6,6
2010;"Total";"Total";"";"";"Bidania-Goiatz";"%";11,9
2010;"Total";"Total";"";"";"Bilbao";"%";11,2
2010;"Total";"Total";"";"";"Busturia";"%";7,7
2010;"Total";"Total";"";"";"Campezo/Kanpezu";"%";8
2010;"Total";"Total";"";"";"Deba";"%";8,4
2010;"Total";"Total";"";"";"Derio";"%";7,8
2010;"Total";"Total";"";"";"Dima";"%";8,2
2010;"Total";"Total";"";"";"Donostia / San Sebastián";"%";8,9
2010;"Total";"Total";"";"";"Durango";"%";9,3
2010;"Total";"Total";"";"";"Ea";"%";11,1
2010;"Total";"Total";"";"";"Eibar";"%";8,7
2010;"Total";"Total";"";"";"Elantxobe";"%";9,9
2010;"Total";"Total";"";"";"Elburgo/Burgelu";"%";5,4
2010;"Total";"Total";"";"";"Elciego";"%";12,3
2010;"Total";"Total";"";"";"Elduain";"%";8,5
2010;"Total";"Total";"";"";"Elgeta";"%";7,9
2010;"Total";"Total";"";"";"Elgoibar";"%";8,4
2010;"Total";"Total";"";"";"Elorrio";"%";8,7
2010;"Total";"Total";"";"";"Elvillar/Bilar";"%";6,7
2010;"Total";"Total";"";"";"Erandio";"%";10,4
2010;"Total";"Total";"";"";"Ereño";"%";4,5
2010;"Total";"Total";"";"";"Ermua";"%";10,7
2010;"Total";"Total";"";"";"Errenteria";"%";8,8
2010;"Total";"Total";"";"";"Errezil";"%";7
2010;"Total";"Total";"";"";"Erriberagoitia/Ribera Alta";"%";5,5
2010;"Total";"Total";"";"";"Errigoiti";"%";7,1
2010;"Total";"Total";"";"";"Eskoriatza";"%";7,8
2010;"Total";"Total";"";"";"Etxebarri";"%";8,4
2010;"Total";"Total";"";"";"Etxebarria";"%";6,1
2010;"Total";"Total";"";"";"Ezkio-Itsaso";"%";8,8
2010;"Total";"Total";"";"";"Forua";"%";10,3
2010;"Total";"Total";"";"";"Fruiz";"%";6,3
2010;"Total";"Total";"";"";"Gabiria";"%";8,1
2010;"Total";"Total";"";"";"Gaintza";"%";8,5
2010;"Total";"Total";"";"";"Galdakao";"%";8,2
2010;"Total";"Total";"";"";"Galdames";"%";6,1
2010;"Total";"Total";"";"";"Gamiz-Fika";"%";7,2
2010;"Total";"Total";"";"";"Garai";"%";6,2
2010;"Total";"Total";"";"";"Gatika";"%";7,3
2010;"Total";"Total";"";"";"Gautegiz Arteaga";"%";8,9
2010;"Total";"Total";"";"";"Gaztelu";"%";5,9
2010;"Total";"Total";"";"";"Gernika-Lumo";"%";9,2
2010;"Total";"Total";"";"";"Getaria";"%";9,9
2010;"Total";"Total";"";"";"Getxo";"%";10,3
2010;"Total";"Total";"";"";"Gizaburuaga";"%";1,9
2010;"Total";"Total";"";"";"Gordexola";"%";8,3
2010;"Total";"Total";"";"";"Gorliz";"%";9,4
2010;"Total";"Total";"";"";"Güeñes";"%";9
2010;"Total";"Total";"";"";"Harana/Valle de Arana";"%";10,5
2010;"Total";"Total";"";"";"Hernani";"%";8,3
2010;"Total";"Total";"";"";"Hernialde";"%";5,2
2010;"Total";"Total";"";"";"Hondarribia";"%";9,6
2010;"Total";"Total";"";"";"Ibarra";"%";8,6
2010;"Total";"Total";"";"";"Ibarrangelu";"%";8,2
2010;"Total";"Total";"";"";"Idiazabal";"%";7
2010;"Total";"Total";"";"";"Igorre";"%";9,1
2010;"Total";"Total";"";"";"Ikaztegieta";"%";8,7
2010;"Total";"Total";"";"";"Irun";"%";10,8
2010;"Total";"Total";"";"";"Iruña Oka/Iruña de Oca";"%";6,7
2010;"Total";"Total";"";"";"Irura";"%";7,1
2010;"Total";"Total";"";"";"Iruraiz-Gauna";"%";5,3
2010;"Total";"Total";"";"";"Ispaster";"%";6,8
2010;"Total";"Total";"";"";"Itsasondo";"%";9,4
2010;"Total";"Total";"";"";"Iurreta";"%";10,1
2010;"Total";"Total";"";"";"Izurtza";"%";8
2010;"Total";"Total";"";"";"Karrantza Harana/Valle de Carranza";"%";11,1
2010;"Total";"Total";"";"";"Kortezubi";"%";3,7
2010;"Total";"Total";"";"";"Kripan";"%";3,9
2010;"Total";"Total";"";"";"Kuartango";"%";5,5
2010;"Total";"Total";"";"";"Labastida/Bastida";"%";12,8
2010;"Total";"Total";"";"";"Lagrán";"%";12,2
2010;"Total";"Total";"";"";"Laguardia";"%";9,4
2010;"Total";"Total";"";"";"Lanciego/Lantziego";"%";10,1
2010;"Total";"Total";"";"";"Lanestosa";"%";12,6
2010;"Total";"Total";"";"";"Lantarón";"%";13,6
2010;"Total";"Total";"";"";"Lapuebla de Labarca";"%";13,9
2010;"Total";"Total";"";"";"Larrabetzu";"%";6
2010;"Total";"Total";"";"";"Larraul";"%";4,4
2010;"Total";"Total";"";"";"Lasarte-Oria";"%";9,6
2010;"Total";"Total";"";"";"Laudio/Llodio";"%";8,9
2010;"Total";"Total";"";"";"Laukiz";"%";7,6
2010;"Total";"Total";"";"";"Lazkao";"%";8,4
2010;"Total";"Total";"";"";"Leaburu";"%";7,7
2010;"Total";"Total";"";"";"Legazpi";"%";8,3
2010;"Total";"Total";"";"";"Legorreta";"%";11,1
2010;"Total";"Total";"";"";"Legutio";"%";7,6
2010;"Total";"Total";"";"";"Leintz-Gatzaga";"%";7,4
2010;"Total";"Total";"";"";"Leioa";"%";10
2010;"Total";"Total";"";"";"Lekeitio";"%";10,3
2010;"Total";"Total";"";"";"Lemoa";"%";9,4
2010;"Total";"Total";"";"";"Lemoiz";"%";7
2010;"Total";"Total";"";"";"Leza";"%";9,2
2010;"Total";"Total";"";"";"Lezama";"%";6,3
2010;"Total";"Total";"";"";"Lezo";"%";8,2
2010;"Total";"Total";"";"";"Lizartza";"%";9,6
2010;"Total";"Total";"";"";"Loiu";"%";8,8
2010;"Total";"Total";"";"";"Mallabia";"%";7,6
2010;"Total";"Total";"";"";"Mañaria";"%";9,7
2010;"Total";"Total";"";"";"Markina-Xemein";"%";10,8
2010;"Total";"Total";"";"";"Maruri-Jatabe";"%";8
2010;"Total";"Total";"";"";"Mendaro";"%";6,9
2010;"Total";"Total";"";"";"Mendata";"%";6,9
2010;"Total";"Total";"";"";"Mendexa";"%";8
2010;"Total";"Total";"";"";"Meñaka";"%";5,8
2010;"Total";"Total";"";"";"Moreda de Álava/Moreda Araba";"%";18
2010;"Total";"Total";"";"";"Morga";"%";8,2
2010;"Total";"Total";"";"";"Mundaka";"%";9,4
2010;"Total";"Total";"";"";"Mungia";"%";9,3
2010;"Total";"Total";"";"";"Munitibar-Arbatzegi Gerrikaitz";"%";4,9
2010;"Total";"Total";"";"";"Murueta";"%";7,1
2010;"Total";"Total";"";"";"Muskiz";"%";9,8
2010;"Total";"Total";"";"";"Mutiloa";"%";5,9
2010;"Total";"Total";"";"";"Mutriku";"%";9,3
2010;"Total";"Total";"";"";"Muxika";"%";8,2
2010;"Total";"Total";"";"";"Nabarniz";"%";4,4
2010;"Total";"Total";"";"";"Navaridas";"%";2,2
2010;"Total";"Total";"";"";"Oiartzun";"%";7,2
2010;"Total";"Total";"";"";"Okondo";"%";9,3
2010;"Total";"Total";"";"";"Olaberria";"%";7,7
2010;"Total";"Total";"";"";"Ondarroa";"%";11,5
2010;"Total";"Total";"";"";"Oñati";"%";6,3
2010;"Total";"Total";"";"";"Ordizia";"%";8,9
2010;"Total";"Total";"";"";"Orendain";"%";4,6
2010;"Total";"Total";"";"";"Orexa";"%";7,9
2010;"Total";"Total";"";"";"Orio";"%";8
2010;"Total";"Total";"";"";"Ormaiztegi";"%";7,7
2010;"Total";"Total";"";"";"Orozko";"%";6,3
2010;"Total";"Total";"";"";"Ortuella";"%";9,5
2010;"Total";"Total";"";"";"Otxandio";"%";8,3
2010;"Total";"Total";"";"";"Oyón-Oion";"%";20,8
2010;"Total";"Total";"";"";"Pasaia";"%";10,6
2010;"Total";"Total";"";"";"Peñacerrada-Urizaharra";"%";11,5
2010;"Total";"Total";"";"";"Plentzia";"%";9,6
2010;"Total";"Total";"";"";"Portugalete";"%";10,3
2010;"Total";"Total";"";"";"Ribera Baja/Erriberabeitia";"%";14,6
2010;"Total";"Total";"";"";"Samaniego";"%";2,6
2010;"Total";"Total";"";"";"San Millán/Donemiliaga";"%";7,4
2010;"Total";"Total";"";"";"Santurtzi";"%";11,2
2010;"Total";"Total";"";"";"Segura";"%";8
2010;"Total";"Total";"";"";"Sestao";"%";12,6
2010;"Total";"Total";"";"";"Sondika";"%";7,3
2010;"Total";"Total";"";"";"Sopela";"%";9,5
2010;"Total";"Total";"";"";"Sopuerta";"%";10,3
2010;"Total";"Total";"";"";"Soraluze-Placencia de las Armas";"%";9,6
2010;"Total";"Total";"";"";"Sukarrieta";"%";9
2010;"Total";"Total";"";"";"Tolosa";"%";7,5
2010;"Total";"Total";"";"";"Trucios-Turtzioz";"%";11,6
2010;"Total";"Total";"";"";"Ubide";"%";5,4
2010;"Total";"Total";"";"";"Ugao-Miraballes";"%";7,6
2010;"Total";"Total";"";"";"Urduliz";"%";8,8
2010;"Total";"Total";"";"";"Urduña/Orduña";"%";10,2
2010;"Total";"Total";"";"";"Urkabustaiz";"%";6,4
2010;"Total";"Total";"";"";"Urnieta";"%";7,6
2010;"Total";"Total";"";"";"Urretxu";"%";7
2010;"Total";"Total";"";"";"Usurbil";"%";7,3
2010;"Total";"Total";"";"";"Valdegovía/Gaubea";"%";10
2010;"Total";"Total";"";"";"Valle de Trápaga-Trapagaran";"%";9,6
2010;"Total";"Total";"";"";"Villabona";"%";9,3
2010;"Total";"Total";"";"";"Villabuena de Álava/Eskuernaga";"%";7
2010;"Total";"Total";"";"";"Vitoria-Gasteiz";"%";10
2010;"Total";"Total";"";"";"Yécora/Iekora";"%";12,3
2010;"Total";"Total";"";"";"Zaldibar";"%";8,8
2010;"Total";"Total";"";"";"Zaldibia";"%";6,8
2010;"Total";"Total";"";"";"Zalduondo";"%";5,6
2010;"Total";"Total";"";"";"Zalla";"%";9,9
2010;"Total";"Total";"";"";"Zambrana";"%";13,5
2010;"Total";"Total";"";"";"Zamudio";"%";8,9
2010;"Total";"Total";"";"";"Zaratamo";"%";8,9
2010;"Total";"Total";"";"";"Zarautz";"%";9,1
2010;"Total";"Total";"";"";"Zeanuri";"%";6,7
2010;"Total";"Total";"";"";"Zeberio";"%";4,8
2010;"Total";"Total";"";"";"Zegama";"%";9,9
2010;"Total";"Total";"";"";"Zerain";"%";7
2010;"Total";"Total";"";"";"Zestoa";"%";9,8
2010;"Total";"Total";"";"";"Zierbena";"%";8,4
2010;"Total";"Total";"";"";"Zigoitia";"%";4,8
2010;"Total";"Total";"";"";"Ziortza-Bolibar";"%";11,8
2010;"Total";"Total";"";"";"Zizurkil";"%";9,1
2010;"Total";"Total";"";"";"Zuia";"%";7,6
2010;"Total";"Total";"";"";"Zumaia";"%";8,7
2010;"Total";"Total";"";"";"Zumarraga";"%";10
2010;"Total";"Total";"";"";"Añana (comarca)";"%";10,8
2010;"Total";"Total";"";"";"Arabako Errioxa / Rioja Alavesa";"%";13,3
2010;"Total";"Total";"";"";"Arabako Kantaurialdea / Cantábrica Alavesa";"%";8,9
2010;"Total";"Total";"";"";"Arabako Lautada / Llanada Alavesa";"%";9,9
2010;"Total";"Total";"";"";"Arabako Mendialdea / Montaña Alavesa";"%";7,7
2010;"Total";"Total";"";"";"Arratia-Nerbioi / Arratia-Nervión";"%";8,1
2010;"Total";"Total";"";"";"Bidasoa Beherea / Bajo Bidasoa";"%";10,5
2010;"Total";"Total";"";"";"Bilbo Handia / Gran Bilbao";"%";10,6
2010;"Total";"Total";"";"";"Debabarrena / Bajo Deba";"%";8,7
2010;"Total";"Total";"";"";"Debagoiena / Alto Deba";"%";7,8
2010;"Total";"Total";"";"";"Donostialdea";"%";8,8
2010;"Total";"Total";"";"";"Durangaldea / Duranguesado";"%";9,5
2010;"Total";"Total";"";"";"Enkartazioak / Encartaciones";"%";9,9
2010;"Total";"Total";"";"";"Gernika-Bermeo";"%";9,8
2010;"Total";"Total";"";"";"Goierri";"%";8,5
2010;"Total";"Total";"";"";"Gorbeialdea / Estribaciones del Gorbea";"%";6,5
2010;"Total";"Total";"";"";"Markina-Ondarroa";"%";10,5
2010;"Total";"Total";"";"";"Plentzia-Mungia";"%";9,1
2010;"Total";"Total";"";"";"Tolosaldea";"%";8
2010;"Total";"Total";"";"";"Urola Kosta";"%";8,8
2010;"Total";"Total";"";"";"Araba/Álava";"%";10
2010;"Total";"Total";"";"";"Bizkaia";"%";10
2010;"Total";"Total";"";"";"Gipuzkoa";"%";7,4
2014;"Total";"Total";"";"";"C.A. de Euskadi";"%";16,1
2013;"Total";"Total";"";"";"C.A. de Euskadi";"%";15,1
2024;"Total";"Total";"";"";"C.A. de Euskadi";"%";7,4
2011;"Total";"Total";"";"";"C.A. de Euskadi";"%";10,8
2017;"Total";"Total";"";"";"C.A. de Euskadi";"%";11,6
2012;"Total";"Total";"";"";"C.A. de Euskadi";"%";11,8
2012;"Total";"Total";"";"";"Araba/Álava";"%";9,4
2024;"Total";"Total";"";"";"Araba/ÁlavaAraba/Álava";"%";7,5
2017;"Total";"Total";"";"";"Araba/Álava";"%";11,9
2014;"Total";"Total";"";"";"Araba/Álava";"%";17,1
2011;"Total";"Total";"";"";"Araba/Álava";"%";7,8
2013;"Total";"Total";"";"";"Araba/Álava";"%";15,1
2013;"Total";"Total";"";"";"Bizkaia";"%";16,7
2024;"Total";"Total";"";"";"Bizkaia";"%";8,5
2014;"Total";"Total";"";"";"Bizkaia";"%";17,2
2011;"Total";"Total";"";"";"Bizkaia";"%";13,2
2012;"Total";"Total";"";"";"Bizkaia";"%";14,2
2017;"Total";"Total";"";"";"Bizkaia";"%";12,9
2012;"Total";"Total";"";"";"Gipuzkoa";"%";8,9
2017;"Total";"Total";"";"";"Gipuzkoa";"%";9,3
2013;"Total";"Total";"";"";"Gipuzkoa";"%";12,5
2024;"Total";"Total";"";"";"Gipuzkoa";"%";5,7
2014;"Total";"Total";"";"";"Gipuzkoa";"%";13,9
2011;"Total";"Total";"";"";"Gipuzkoa";"%";8,2
2014;"Mujer";"Total";"";"";"C.A. de Euskadi";"%";15,9
2024;"Mujer";"Total";"";"";"C.A. de Euskadi";"%";7,8
2017;"Mujer";"Total";"";"";"C.A. de Euskadi";"%";12,3
2012;"Mujer";"Total";"";"";"C.A. de Euskadi";"%";11,4
2013;"Mujer";"Total";"";"";"C.A. de Euskadi";"%";14,4
2011;"Mujer";"Total";"";"";"C.A. de Euskadi";"%";10,3
2024;"Mujer";"Total";"";"";"Araba/Álava";"%";7,4
2013;"Mujer";"Total";"";"";"Araba/Álava";"%";16
2014;"Mujer";"Total";"";"";"Araba/Álava";"%";18,5
2011;"Mujer";"Total";"";"";"Araba/Álava";"%";8,5
2017;"Mujer";"Total";"";"";"Araba/Álava";"%";13,8
2012;"Mujer";"Total";"";"";"Araba/Álava";"%";9,6
2017;"Mujer";"Total";"";"";"Bizkaia";"%";13,2
2013;"Mujer";"Total";"";"";"Bizkaia";"%";15,4
2024;"Mujer";"Total";"";"";"Bizkaia";"%";9,2
2012;"Mujer";"Total";"";"";"Bizkaia";"%";14,1
2011;"Mujer";"Total";"";"";"Bizkaia";"%";12,3
2014;"Mujer";"Total";"";"";"Bizkaia";"%";16,3
2013;"Mujer";"Total";"";"";"Gipuzkoa";"%";12,2
2014;"Mujer";"Total";"";"";"Gipuzkoa";"%";14
2011;"Mujer";"Total";"";"";"Gipuzkoa";"%";7,7
2024;"Mujer";"Total";"";"";"Gipuzkoa";"%";5,8
2017;"Mujer";"Total";"";"";"Gipuzkoa";"%";10,1
2012;"Mujer";"Total";"";"";"Gipuzkoa";"%";7,9
2023;"Mujer";"Total";"";"";"C.A. de Euskadi";"%";8
2023;"Mujer";"Total";"";"";"Abadiño";"%";9,7
2023;"Mujer";"Total";"";"";"Abaltzisketa";"%";2,9
2023;"Mujer";"Total";"";"";"Abanto y Ciérvana-Abanto Zierbena";"%";11,7
2023;"Mujer";"Total";"";"";"Aduna";"%";0,8
2023;"Mujer";"Total";"";"";"Agurain/Salvatierra";"%";13,3
2023;"Mujer";"Total";"";"";"Aia";"%";6,9
2023;"Mujer";"Total";"";"";"Aizarnazabal";"%";8,4
2023;"Mujer";"Total";"";"";"Ajangiz";"%";5,5
2023;"Mujer";"Total";"";"";"Albiztur";"%";1,4
2023;"Mujer";"Total";"";"";"Alegia";"%";10,5
2023;"Mujer";"Total";"";"";"Alegría-Dulantzi";"%";9,4
2023;"Mujer";"Total";"";"";"Alkiza";"%";10
2023;"Mujer";"Total";"";"";"Alonsotegi";"%";13,9
2023;"Mujer";"Total";"";"";"Altzaga";"%";2,6
2023;"Mujer";"Total";"";"";"Altzo";"%";4,3
2023;"Mujer";"Total";"";"";"Amezketa";"%";10
2023;"Mujer";"Total";"";"";"Amorebieta-Etxano";"%";7,3
2023;"Mujer";"Total";"";"";"Amoroto";"%";10,2
2023;"Mujer";"Total";"";"";"Amurrio";"%";10,7
2023;"Mujer";"Total";"";"";"Andoain";"%";8,5
2023;"Mujer";"Total";"";"";"Anoeta";"%";9,2
2023;"Mujer";"Total";"";"";"Antzuola";"%";7,3
2023;"Mujer";"Total";"";"";"Añana";"%";2,9
2023;"Mujer";"Total";"";"";"Arakaldo";"%";13,5
2023;"Mujer";"Total";"";"";"Arama";"%";1,9
2023;"Mujer";"Total";"";"";"Aramaio";"%";4,8
2023;"Mujer";"Total";"";"";"Arantzazu";"%";8,2
2023;"Mujer";"Total";"";"";"Areatza";"%";9,3
2023;"Mujer";"Total";"";"";"Aretxabaleta";"%";6,6
2023;"Mujer";"Total";"";"";"Armiñón";"%";7,1
2023;"Mujer";"Total";"";"";"Arraia-Maeztu";"%";1,7
2023;"Mujer";"Total";"";"";"Arrankudiaga-Zollo";"%";4,8
2023;"Mujer";"Total";"";"";"Arrasate/Mondragón";"%";10
2023;"Mujer";"Total";"";"";"Arratzu";"%";6,3
2023;"Mujer";"Total";"";"";"Arratzua-Ubarrundia";"%";4,7
2023;"Mujer";"Total";"";"";"Arrieta";"%";7,2
2023;"Mujer";"Total";"";"";"Arrigorriaga";"%";9,5
2023;"Mujer";"Total";"";"";"Artea";"%";6,6
2023;"Mujer";"Total";"";"";"Artzentales";"%";15,5
2023;"Mujer";"Total";"";"";"Artziniega";"%";10,7
2023;"Mujer";"Total";"";"";"Asparrena";"%";8,1
2023;"Mujer";"Total";"";"";"Asteasu";"%";5,1
2023;"Mujer";"Total";"";"";"Astigarraga";"%";6
2023;"Mujer";"Total";"";"";"Ataun";"%";8,3
2023;"Mujer";"Total";"";"";"Atxondo";"%";6,5
2023;"Mujer";"Total";"";"";"Aulesti";"%";5,6
2023;"Mujer";"Total";"";"";"Ayala/Aiara";"%";6,3
2023;"Mujer";"Total";"";"";"Azkoitia";"%";8,5
2023;"Mujer";"Total";"";"";"Azpeitia";"%";7,3
2023;"Mujer";"Total";"";"";"Bakio";"%";6,9
2023;"Mujer";"Total";"";"";"Baliarrain";"%";5
2023;"Mujer";"Total";"";"";"Balmaseda";"%";14,8
2023;"Mujer";"Total";"";"";"Baños de Ebro/Mañueta";"%";13,8
2023;"Mujer";"Total";"";"";"Barakaldo";"%";11,1
2023;"Mujer";"Total";"";"";"Barrika";"%";8,4
2023;"Mujer";"Total";"";"";"Barrundia";"%";5,4
2023;"Mujer";"Total";"";"";"Basauri";"%";12,5
2023;"Mujer";"Total";"";"";"Beasain";"%";8,7
2023;"Mujer";"Total";"";"";"Bedia";"%";7,6
2023;"Mujer";"Total";"";"";"Beizama";"%";5,9
2023;"Mujer";"Total";"";"";"Belauntza";"%";6,3
2023;"Mujer";"Total";"";"";"Berango";"%";8,1
2023;"Mujer";"Total";"";"";"Berantevilla";"%";11,6
2023;"Mujer";"Total";"";"";"Berastegi";"%";3,6
2023;"Mujer";"Total";"";"";"Bergara";"%";7,5
2023;"Mujer";"Total";"";"";"Bermeo";"%";10,4
2023;"Mujer";"Total";"";"";"Bernedo";"%";4,5
2023;"Mujer";"Total";"";"";"Berriatua";"%";7,4
2023;"Mujer";"Total";"";"";"Berriz";"%";10,8
2023;"Mujer";"Total";"";"";"Berrobi";"%";6,2
2023;"Mujer";"Total";"";"";"Bidania-Goiatz";"%";9,6
2023;"Mujer";"Total";"";"";"Bilbao";"%";11,8
2023;"Mujer";"Total";"";"";"Busturia";"%";8,7
2023;"Mujer";"Total";"";"";"Campezo/Kanpezu";"%";10,2
2023;"Mujer";"Total";"";"";"Deba";"%";6,4
2023;"Mujer";"Total";"";"";"Derio";"%";7,4
2023;"Mujer";"Total";"";"";"Dima";"%";3,8
2023;"Mujer";"Total";"";"";"Donostia / San Sebastián";"%";7,2
2023;"Mujer";"Total";"";"";"Durango";"%";7,8
2023;"Mujer";"Total";"";"";"Ea";"%";10,1
2023;"Mujer";"Total";"";"";"Eibar";"%";11,5
2023;"Mujer";"Total";"";"";"Elantxobe";"%";8,2
2023;"Mujer";"Total";"";"";"Elburgo/Burgelu";"%";5,7
2023;"Mujer";"Total";"";"";"Elciego";"%";12,1
2023;"Mujer";"Total";"";"";"Elduain";"%";7,7
2023;"Mujer";"Total";"";"";"Elgeta";"%";6,2
2023;"Mujer";"Total";"";"";"Elgoibar";"%";9,5
2023;"Mujer";"Total";"";"";"Elorrio";"%";7,1
2023;"Mujer";"Total";"";"";"Elvillar/Bilar";"%";4,9
2023;"Mujer";"Total";"";"";"Erandio";"%";9,6
2023;"Mujer";"Total";"";"";"Ereño";"%";8,3
2023;"Mujer";"Total";"";"";"Ermua";"%";11,8
2023;"Mujer";"Total";"";"";"Errenteria";"%";9
2023;"Mujer";"Total";"";"";"Errezil";"%";8,4
2023;"Mujer";"Total";"";"";"Erriberagoitia/Ribera Alta";"%";4,7
2023;"Mujer";"Total";"";"";"Errigoiti";"%";10,4
2023;"Mujer";"Total";"";"";"Eskoriatza";"%";7,9
2023;"Mujer";"Total";"";"";"Etxebarri";"%";8,6
2023;"Mujer";"Total";"";"";"Etxebarria";"%";6,8
2023;"Mujer";"Total";"";"";"Ezkio-Itsaso";"%";5,1
2023;"Mujer";"Total";"";"";"Forua";"%";9,3
2023;"Mujer";"Total";"";"";"Fruiz";"%";6,4
2023;"Mujer";"Total";"";"";"Gabiria";"%";6,2
2023;"Mujer";"Total";"";"";"Gaintza";"%";3,4
2023;"Mujer";"Total";"";"";"Galdakao";"%";8,7
2023;"Mujer";"Total";"";"";"Galdames";"%";8,4
2023;"Mujer";"Total";"";"";"Gamiz-Fika";"%";7,1
2023;"Mujer";"Total";"";"";"Garai";"%";3,8
2023;"Mujer";"Total";"";"";"Gatika";"%";7,5
2023;"Mujer";"Total";"";"";"Gautegiz Arteaga";"%";3,2
2023;"Mujer";"Total";"";"";"Gaztelu";"%";5
2023;"Mujer";"Total";"";"";"Gernika-Lumo";"%";7,8
2023;"Mujer";"Total";"";"";"Getaria";"%";6
2023;"Mujer";"Total";"";"";"Getxo";"%";7,8
2023;"Mujer";"Total";"";"";"Gizaburuaga";"%";2,1
2023;"Mujer";"Total";"";"";"Gordexola";"%";7,3
2023;"Mujer";"Total";"";"";"Gorliz";"%";9
2023;"Mujer";"Total";"";"";"Güeñes";"%";11,7
2023;"Mujer";"Total";"";"";"Harana/Valle de Arana";"%";10
2023;"Mujer";"Total";"";"";"Hernani";"%";8,1
2023;"Mujer";"Total";"";"";"Hernialde";"%";5,3
2023;"Mujer";"Total";"";"";"Hondarribia";"%";7,1
2023;"Mujer";"Total";"";"";"Ibarra";"%";7,9
2023;"Mujer";"Total";"";"";"Ibarrangelu";"%";12,6
2023;"Mujer";"Total";"";"";"Idiazabal";"%";6,4
2023;"Mujer";"Total";"";"";"Igorre";"%";11,1
2023;"Mujer";"Total";"";"";"Ikaztegieta";"%";19,8
2023;"Mujer";"Total";"";"";"Irun";"%";11
2023;"Mujer";"Total";"";"";"Iruña Oka/Iruña de Oca";"%";8,4
2023;"Mujer";"Total";"";"";"Irura";"%";8,6
2023;"Mujer";"Total";"";"";"Iruraiz-Gauna";"%";2,1
2023;"Mujer";"Total";"";"";"Ispaster";"%";7,9
2023;"Mujer";"Total";"";"";"Itsasondo";"%";10,6
2023;"Mujer";"Total";"";"";"Iurreta";"%";9,3
2023;"Mujer";"Total";"";"";"Izurtza";"%";8,3
2023;"Mujer";"Total";"";"";"Karrantza Harana/Valle de Carranza";"%";9,9
2023;"Mujer";"Total";"";"";"Kortezubi";"%";4,5
2023;"Mujer";"Total";"";"";"Kripan";"%";2,6
2023;"Mujer";"Total";"";"";"Kuartango";"%";9,9
2023;"Mujer";"Total";"";"";"Labastida/Bastida";"%";13,5
2023;"Mujer";"Total";"";"";"Lagrán";"%";6,5
2023;"Mujer";"Total";"";"";"Laguardia";"%";6,7
2023;"Mujer";"Total";"";"";"Lanciego/Lantziego";"%";15,8
2023;"Mujer";"Total";"";"";"Lanestosa";"%";14,8
2023;"Mujer";"Total";"";"";"Lantarón";"%";8,5
2023;"Mujer";"Total";"";"";"Lapuebla de Labarca";"%";14
2023;"Mujer";"Total";"";"";"Larrabetzu";"%";4,5
2023;"Mujer";"Total";"";"";"Larraul";"%";6,9
2023;"Mujer";"Total";"";"";"Lasarte-Oria";"%";7,9
2023;"Mujer";"Total";"";"";"Laudio/Llodio";"%";11,1
2023;"Mujer";"Total";"";"";"Laukiz";"%";5,8
2023;"Mujer";"Total";"";"";"Lazkao";"%";8,8
2023;"Mujer";"Total";"";"";"Leaburu";"%";14,3
2023;"Mujer";"Total";"";"";"Legazpi";"%";8,7
2023;"Mujer";"Total";"";"";"Legorreta";"%";7,2
2023;"Mujer";"Total";"";"";"Legutio";"%";12,6
2023;"Mujer";"Total";"";"";"Leintz-Gatzaga";"%";0
2023;"Mujer";"Total";"";"";"Leioa";"%";8,7
2023;"Mujer";"Total";"";"";"Lekeitio";"%";5,6
2023;"Mujer";"Total";"";"";"Lemoa";"%";8,2
2023;"Mujer";"Total";"";"";"Lemoiz";"%";7,9
2023;"Mujer";"Total";"";"";"Leza";"%";15,8
2023;"Mujer";"Total";"";"";"Lezama";"%";6,7
2023;"Mujer";"Total";"";"";"Lezo";"%";7,9
2023;"Mujer";"Total";"";"";"Lizartza";"%";10,6
2023;"Mujer";"Total";"";"";"Loiu";"%";6
2023;"Mujer";"Total";"";"";"Mallabia";"%";7,8
2023;"Mujer";"Total";"";"";"Mañaria";"%";4,8
2023;"Mujer";"Total";"";"";"Markina-Xemein";"%";6,7
2023;"Mujer";"Total";"";"";"Maruri-Jatabe";"%";4,8
2023;"Mujer";"Total";"";"";"Mendaro";"%";8
2023;"Mujer";"Total";"";"";"Mendata";"%";8,2
2023;"Mujer";"Total";"";"";"Mendexa";"%";4,5
2023;"Mujer";"Total";"";"";"Meñaka";"%";4
2023;"Mujer";"Total";"";"";"Moreda de Álava/Moreda Araba";"%";5,4
2023;"Mujer";"Total";"";"";"Morga";"%";11,9
2023;"Mujer";"Total";"";"";"Mundaka";"%";6,5
2023;"Mujer";"Total";"";"";"Mungia";"%";7,8
2023;"Mujer";"Total";"";"";"Munitibar-Arbatzegi Gerrikaitz";"%";6,4
2023;"Mujer";"Total";"";"";"Murueta";"%";1,2
2023;"Mujer";"Total";"";"";"Muskiz";"%";11,2
2023;"Mujer";"Total";"";"";"Mutiloa";"%";3,5
2023;"Mujer";"Total";"";"";"Mutriku";"%";8,7
2023;"Mujer";"Total";"";"";"Muxika";"%";5,1
2023;"Mujer";"Total";"";"";"Nabarniz";"%";11,6
2023;"Mujer";"Total";"";"";"Navaridas";"%";10,6
2023;"Mujer";"Total";"";"";"Oiartzun";"%";5,9
2023;"Mujer";"Total";"";"";"Okondo";"%";10,7
2023;"Mujer";"Total";"";"";"Olaberria";"%";7,4
2023;"Mujer";"Total";"";"";"Ondarroa";"%";9,1
2023;"Mujer";"Total";"";"";"Oñati";"%";5,9
2023;"Mujer";"Total";"";"";"Ordizia";"%";9,8
2023;"Mujer";"Total";"";"";"Orendain";"%";6,3
2023;"Mujer";"Total";"";"";"Orexa";"%";4,5
2023;"Mujer";"Total";"";"";"Orio";"%";6,8
2023;"Mujer";"Total";"";"";"Ormaiztegi";"%";10,1
2023;"Mujer";"Total";"";"";"Orozko";"%";10,3
2023;"Mujer";"Total";"";"";"Ortuella";"%";14,7
2023;"Mujer";"Total";"";"";"Otxandio";"%";10,4
2023;"Mujer";"Total";"";"";"Oyón-Oion";"%";16,4
2023;"Mujer";"Total";"";"";"Pasaia";"%";9,4
2023;"Mujer";"Total";"";"";"Peñacerrada-Urizaharra";"%";8,7
2023;"Mujer";"Total";"";"";"Plentzia";"%";7,5
2023;"Mujer";"Total";"";"";"Portugalete";"%";12,2
2023;"Mujer";"Total";"";"";"Ribera Baja/Erriberabeitia";"%";11,5
2023;"Mujer";"Total";"";"";"Samaniego";"%";10
2023;"Mujer";"Total";"";"";"San Millán/Donemiliaga";"%";4,8
2023;"Mujer";"Total";"";"";"Santurtzi";"%";13,5
2023;"Mujer";"Total";"";"";"Segura";"%";5
2023;"Mujer";"Total";"";"";"Sestao";"%";13,8
2023;"Mujer";"Total";"";"";"Sondika";"%";7,9
2023;"Mujer";"Total";"";"";"Sopela";"%";7,9
2023;"Mujer";"Total";"";"";"Sopuerta";"%";10
2023;"Mujer";"Total";"";"";"Soraluze-Placencia de las Armas";"%";13,6
2023;"Mujer";"Total";"";"";"Sukarrieta";"%";11,9
2023;"Mujer";"Total";"";"";"Tolosa";"%";7,6
2023;"Mujer";"Total";"";"";"Trucios-Turtzioz";"%";9,6
2023;"Mujer";"Total";"";"";"Ubide";"%";6,5
2023;"Mujer";"Total";"";"";"Ugao-Miraballes";"%";10,8
2023;"Mujer";"Total";"";"";"Urduliz";"%";7,1
2023;"Mujer";"Total";"";"";"Urduña/Orduña";"%";13,5
2023;"Mujer";"Total";"";"";"Urkabustaiz";"%";11,1
2023;"Mujer";"Total";"";"";"Urnieta";"%";8,2
2023;"Mujer";"Total";"";"";"Urretxu";"%";7,9
2023;"Mujer";"Total";"";"";"Usurbil";"%";6,5
2023;"Mujer";"Total";"";"";"Valdegovía/Gaubea";"%";10,5
2023;"Mujer";"Total";"";"";"Valle de Trápaga-Trapagaran";"%";11,4
2023;"Mujer";"Total";"";"";"Villabona";"%";9,9
2023;"Mujer";"Total";"";"";"Villabuena de Álava/Eskuernaga";"%";3,3
2023;"Mujer";"Total";"";"";"Vitoria-Gasteiz";"%";10,7
2023;"Mujer";"Total";"";"";"Yécora/Iekora";"%";9,1
2023;"Mujer";"Total";"";"";"Zaldibar";"%";7,6
2023;"Mujer";"Total";"";"";"Zaldibia";"%";6,6
2023;"Mujer";"Total";"";"";"Zalduondo";"%";1,5
2023;"Mujer";"Total";"";"";"Zalla";"%";12,8
2023;"Mujer";"Total";"";"";"Zambrana";"%";18,1
2023;"Mujer";"Total";"";"";"Zamudio";"%";9,1
2023;"Mujer";"Total";"";"";"Zaratamo";"%";11,8
2023;"Mujer";"Total";"";"";"Zarautz";"%";6,3
2023;"Mujer";"Total";"";"";"Zeanuri";"%";6,8
2023;"Mujer";"Total";"";"";"Zeberio";"%";7,2
2023;"Mujer";"Total";"";"";"Zegama";"%";5,4
2023;"Mujer";"Total";"";"";"Zerain";"%";5,9
2023;"Mujer";"Total";"";"";"Zestoa";"%";8,8
2023;"Mujer";"Total";"";"";"Zierbena";"%";7,4
2023;"Mujer";"Total";"";"";"Zigoitia";"%";4,8
2023;"Mujer";"Total";"";"";"Ziortza-Bolibar";"%";2,2
2023;"Mujer";"Total";"";"";"Zizurkil";"%";6,5
2023;"Mujer";"Total";"";"";"Zuia";"%";5,3
2023;"Mujer";"Total";"";"";"Zumaia";"%";7,3
2023;"Mujer";"Total";"";"";"Zumarraga";"%";9,6
2023;"Mujer";"Total";"";"";"Añana (comarca)";"%";9,8
2023;"Mujer";"Total";"";"";"Arabako Errioxa / Rioja Alavesa";"%";12,4
2023;"Mujer";"Total";"";"";"Arabako Kantaurialdea / Cantábrica Alavesa";"%";10,5
2023;"Mujer";"Total";"";"";"Arabako Lautada / Llanada Alavesa";"%";10,6
2023;"Mujer";"Total";"";"";"Arabako Mendialdea / Montaña Alavesa";"%";6,7
2023;"Mujer";"Total";"";"";"Arratia-Nerbioi / Arratia-Nervión";"%";9,8
2023;"Mujer";"Total";"";"";"Bidasoa Beherea / Bajo Bidasoa";"%";10,1
2023;"Mujer";"Total";"";"";"Bilbo Handia / Gran Bilbao";"%";11,1
2023;"Mujer";"Total";"";"";"Debabarrena / Bajo Deba";"%";10,3
2023;"Mujer";"Total";"";"";"Debagoiena / Alto Deba";"%";7,9
2023;"Mujer";"Total";"";"";"Donostialdea";"%";7,6
2023;"Mujer";"Total";"";"";"Durangaldea / Duranguesado";"%";8,5
2023;"Mujer";"Total";"";"";"Enkartazioak / Encartaciones";"%";12,2
2023;"Mujer";"Total";"";"";"Gernika-Bermeo";"%";8,7
2023;"Mujer";"Total";"";"";"Goierri";"%";8,5
2023;"Mujer";"Total";"";"";"Gorbeialdea / Estribaciones del Gorbea";"%";7,8
2023;"Mujer";"Total";"";"";"Markina-Ondarroa";"%";7,1
2023;"Mujer";"Total";"";"";"Plentzia-Mungia";"%";7,7
2023;"Mujer";"Total";"";"";"Tolosaldea";"%";7,9
2023;"Mujer";"Total";"";"";"Urola Kosta";"%";7,1
2023;"Mujer";"Total";"";"";"Araba/Álava";"%";7,3
2023;"Mujer";"Total";"";"";"Bizkaia";"%";9,1
2023;"Mujer";"Total";"";"";"Gipuzkoa";"%";6,6
2018;"Mujer";"Total";"";"";"C.A. de Euskadi";"%";11,3
2018;"Mujer";"Total";"";"";"Abadiño";"%";12,2
2018;"Mujer";"Total";"";"";"Abaltzisketa";"%";14,1
2018;"Mujer";"Total";"";"";"Abanto y Ciérvana-Abanto Zierbena";"%";15,9
2018;"Mujer";"Total";"";"";"Aduna";"%";5,5
2018;"Mujer";"Total";"";"";"Agurain/Salvatierra";"%";17,3
2018;"Mujer";"Total";"";"";"Aia";"%";9,4
2018;"Mujer";"Total";"";"";"Aizarnazabal";"%";15,3
2018;"Mujer";"Total";"";"";"Ajangiz";"%";2,6
2018;"Mujer";"Total";"";"";"Albiztur";"%";4,5
2018;"Mujer";"Total";"";"";"Alegia";"%";13,7
2018;"Mujer";"Total";"";"";"Alegría-Dulantzi";"%";12,6
2018;"Mujer";"Total";"";"";"Alkiza";"%";8,6
2018;"Mujer";"Total";"";"";"Alonsotegi";"%";18,7
2018;"Mujer";"Total";"";"";"Altzaga";"%";11,8
2018;"Mujer";"Total";"";"";"Altzo";"%";9,1
2018;"Mujer";"Total";"";"";"Amezketa";"%";16,7
2018;"Mujer";"Total";"";"";"Amorebieta-Etxano";"%";10,3
2018;"Mujer";"Total";"";"";"Amoroto";"%";9,4
2018;"Mujer";"Total";"";"";"Amurrio";"%";14,7
2018;"Mujer";"Total";"";"";"Andoain";"%";12,8
2018;"Mujer";"Total";"";"";"Anoeta";"%";10,8
2018;"Mujer";"Total";"";"";"Antzuola";"%";7,2
2018;"Mujer";"Total";"";"";"Añana";"%";13,9
2018;"Mujer";"Total";"";"";"Arakaldo";"%";18,6
2018;"Mujer";"Total";"";"";"Arama";"%";11,3
2018;"Mujer";"Total";"";"";"Aramaio";"%";5,5
2018;"Mujer";"Total";"";"";"Arantzazu";"%";15,7
2018;"Mujer";"Total";"";"";"Areatza";"%";17
2018;"Mujer";"Total";"";"";"Aretxabaleta";"%";9,9
2018;"Mujer";"Total";"";"";"Armiñón";"%";10,3
2018;"Mujer";"Total";"";"";"Arraia-Maeztu";"%";7,2
2018;"Mujer";"Total";"";"";"Arrankudiaga-Zollo";"%";11,9
2018;"Mujer";"Total";"";"";"Arrasate/Mondragón";"%";12,1
2018;"Mujer";"Total";"";"";"Arratzu";"%";9,1
2018;"Mujer";"Total";"";"";"Arratzua-Ubarrundia";"%";7,7
2018;"Mujer";"Total";"";"";"Arrieta";"%";8,5
2018;"Mujer";"Total";"";"";"Arrigorriaga";"%";14,8
2018;"Mujer";"Total";"";"";"Artea";"%";8,7
2018;"Mujer";"Total";"";"";"Artzentales";"%";14,2
2018;"Mujer";"Total";"";"";"Artziniega";"%";15,9
2018;"Mujer";"Total";"";"";"Asparrena";"%";15,3
2018;"Mujer";"Total";"";"";"Asteasu";"%";7
2018;"Mujer";"Total";"";"";"Astigarraga";"%";9,6
2018;"Mujer";"Total";"";"";"Ataun";"%";9
2018;"Mujer";"Total";"";"";"Atxondo";"%";10,4
2018;"Mujer";"Total";"";"";"Aulesti";"%";8,7
2018;"Mujer";"Total";"";"";"Ayala/Aiara";"%";11,3
2018;"Mujer";"Total";"";"";"Azkoitia";"%";13,6
2018;"Mujer";"Total";"";"";"Azpeitia";"%";9,7
2018;"Mujer";"Total";"";"";"Bakio";"%";12,7
2018;"Mujer";"Total";"";"";"Baliarrain";"%";8,6
2018;"Mujer";"Total";"";"";"Balmaseda";"%";20,1
2018;"Mujer";"Total";"";"";"Baños de Ebro/Mañueta";"%";10,5
2018;"Mujer";"Total";"";"";"Barakaldo";"%";15,6
2018;"Mujer";"Total";"";"";"Barrika";"%";14,3
2018;"Mujer";"Total";"";"";"Barrundia";"%";4,3
2018;"Mujer";"Total";"";"";"Basauri";"%";15,7
2018;"Mujer";"Total";"";"";"Beasain";"%";11,5
2018;"Mujer";"Total";"";"";"Bedia";"%";15,5
2018;"Mujer";"Total";"";"";"Beizama";"%";11,1
2018;"Mujer";"Total";"";"";"Belauntza";"%";8,3
2018;"Mujer";"Total";"";"";"Berango";"%";11,2
2018;"Mujer";"Total";"";"";"Berantevilla";"%";14,1
2018;"Mujer";"Total";"";"";"Berastegi";"%";9,6
2018;"Mujer";"Total";"";"";"Bergara";"%";9,4
2018;"Mujer";"Total";"";"";"Bermeo";"%";14,3
2018;"Mujer";"Total";"";"";"Bernedo";"%";8
2018;"Mujer";"Total";"";"";"Berriatua";"%";12,3
2018;"Mujer";"Total";"";"";"Berriz";"%";12,7
2018;"Mujer";"Total";"";"";"Berrobi";"%";10,9
2018;"Mujer";"Total";"";"";"Bidania-Goiatz";"%";6,2
2018;"Mujer";"Total";"";"";"Bilbao";"%";15,2
2018;"Mujer";"Total";"";"";"Busturia";"%";17,5
2018;"Mujer";"Total";"";"";"Campezo/Kanpezu";"%";11,9
2018;"Mujer";"Total";"";"";"Deba";"%";10,9
2018;"Mujer";"Total";"";"";"Derio";"%";11,1
2018;"Mujer";"Total";"";"";"Dima";"%";9
2018;"Mujer";"Total";"";"";"Donostia / San Sebastián";"%";10
2018;"Mujer";"Total";"";"";"Durango";"%";10,9
2018;"Mujer";"Total";"";"";"Ea";"%";14,6
2018;"Mujer";"Total";"";"";"Eibar";"%";14,7
2018;"Mujer";"Total";"";"";"Elantxobe";"%";19,4
2018;"Mujer";"Total";"";"";"Elburgo/Burgelu";"%";6,6
2018;"Mujer";"Total";"";"";"Elciego";"%";15,7
2018;"Mujer";"Total";"";"";"Elduain";"%";1,8
2018;"Mujer";"Total";"";"";"Elgeta";"%";9,3
2018;"Mujer";"Total";"";"";"Elgoibar";"%";12,4
2018;"Mujer";"Total";"";"";"Elorrio";"%";10,6
2018;"Mujer";"Total";"";"";"Elvillar/Bilar";"%";10,7
2018;"Mujer";"Total";"";"";"Erandio";"%";12,6
2018;"Mujer";"Total";"";"";"Ereño";"%";13,1
2018;"Mujer";"Total";"";"";"Ermua";"%";14,6
2018;"Mujer";"Total";"";"";"Errenteria";"%";11,8
2018;"Mujer";"Total";"";"";"Errezil";"%";8,8
2018;"Mujer";"Total";"";"";"Erriberagoitia/Ribera Alta";"%";14
2018;"Mujer";"Total";"";"";"Errigoiti";"%";7,8
2018;"Mujer";"Total";"";"";"Eskoriatza";"%";9,2
2018;"Mujer";"Total";"";"";"Etxebarri";"%";12,3
2018;"Mujer";"Total";"";"";"Etxebarria";"%";5,4
2018;"Mujer";"Total";"";"";"Ezkio-Itsaso";"%";6,4
2018;"Mujer";"Total";"";"";"Forua";"%";13,2
2018;"Mujer";"Total";"";"";"Fruiz";"%";8
2018;"Mujer";"Total";"";"";"Gabiria";"%";5,1
2018;"Mujer";"Total";"";"";"Gaintza";"%";0
2018;"Mujer";"Total";"";"";"Galdakao";"%";12,5
2018;"Mujer";"Total";"";"";"Galdames";"%";12,4
2018;"Mujer";"Total";"";"";"Gamiz-Fika";"%";8,4
2018;"Mujer";"Total";"";"";"Garai";"%";7,5
2018;"Mujer";"Total";"";"";"Gatika";"%";9
2018;"Mujer";"Total";"";"";"Gautegiz Arteaga";"%";8,6
2018;"Mujer";"Total";"";"";"Gaztelu";"%";6,5
2018;"Mujer";"Total";"";"";"Gernika-Lumo";"%";11,8
2018;"Mujer";"Total";"";"";"Getaria";"%";9,8
2018;"Mujer";"Total";"";"";"Getxo";"%";10,9
2018;"Mujer";"Total";"";"";"Gizaburuaga";"%";10,6
2018;"Mujer";"Total";"";"";"Gordexola";"%";10,2
2018;"Mujer";"Total";"";"";"Gorliz";"%";13,7
2018;"Mujer";"Total";"";"";"Güeñes";"%";17,1
2018;"Mujer";"Total";"";"";"Harana/Valle de Arana";"%";2,6
2018;"Mujer";"Total";"";"";"Hernani";"%";9,8
2018;"Mujer";"Total";"";"";"Hernialde";"%";7,3
2018;"Mujer";"Total";"";"";"Hondarribia";"%";10,9
2018;"Mujer";"Total";"";"";"Ibarra";"%";14
2018;"Mujer";"Total";"";"";"Ibarrangelu";"%";10,3
2018;"Mujer";"Total";"";"";"Idiazabal";"%";10,5
2018;"Mujer";"Total";"";"";"Igorre";"%";15,1
2018;"Mujer";"Total";"";"";"Ikaztegieta";"%";14,1
2018;"Mujer";"Total";"";"";"Irun";"%";14,4
2018;"Mujer";"Total";"";"";"Iruña Oka/Iruña de Oca";"%";11,1
2018;"Mujer";"Total";"";"";"Irura";"%";10,4
2018;"Mujer";"Total";"";"";"Iruraiz-Gauna";"%";6,6
2018;"Mujer";"Total";"";"";"Ispaster";"%";7,8
2018;"Mujer";"Total";"";"";"Itsasondo";"%";13,8
2018;"Mujer";"Total";"";"";"Iurreta";"%";15,9
2018;"Mujer";"Total";"";"";"Izurtza";"%";10,9
2018;"Mujer";"Total";"";"";"Karrantza Harana/Valle de Carranza";"%";23,6
2018;"Mujer";"Total";"";"";"Kortezubi";"%";5
2018;"Mujer";"Total";"";"";"Kripan";"%";15,2
2018;"Mujer";"Total";"";"";"Kuartango";"%";12,9
2018;"Mujer";"Total";"";"";"Labastida/Bastida";"%";17,1
2018;"Mujer";"Total";"";"";"Lagrán";"%";14,3
2018;"Mujer";"Total";"";"";"Laguardia";"%";10,7
2018;"Mujer";"Total";"";"";"Lanciego/Lantziego";"%";21
2018;"Mujer";"Total";"";"";"Lanestosa";"%";24,5
2018;"Mujer";"Total";"";"";"Lantarón";"%";10,8
2018;"Mujer";"Total";"";"";"Lapuebla de Labarca";"%";14,3
2018;"Mujer";"Total";"";"";"Larrabetzu";"%";5,8
2018;"Mujer";"Total";"";"";"Larraul";"%";7,3
2018;"Mujer";"Total";"";"";"Lasarte-Oria";"%";11,1
2018;"Mujer";"Total";"";"";"Laudio/Llodio";"%";15,8
2018;"Mujer";"Total";"";"";"Laukiz";"%";8,9
2018;"Mujer";"Total";"";"";"Lazkao";"%";10,7
2018;"Mujer";"Total";"";"";"Leaburu";"%";17,5
2018;"Mujer";"Total";"";"";"Legazpi";"%";10,2
2018;"Mujer";"Total";"";"";"Legorreta";"%";11,6
2018;"Mujer";"Total";"";"";"Legutio";"%";11,1
2018;"Mujer";"Total";"";"";"Leintz-Gatzaga";"%";10,2
2018;"Mujer";"Total";"";"";"Leioa";"%";11,4
2018;"Mujer";"Total";"";"";"Lekeitio";"%";11
2018;"Mujer";"Total";"";"";"Lemoa";"%";14,7
2018;"Mujer";"Total";"";"";"Lemoiz";"%";9,1
2018;"Mujer";"Total";"";"";"Leza";"%";7,9
2018;"Mujer";"Total";"";"";"Lezama";"%";10
2018;"Mujer";"Total";"";"";"Lezo";"%";10,1
2018;"Mujer";"Total";"";"";"Lizartza";"%";14,9
2018;"Mujer";"Total";"";"";"Loiu";"%";10,9
2018;"Mujer";"Total";"";"";"Mallabia";"%";11
2018;"Mujer";"Total";"";"";"Mañaria";"%";10,3
2018;"Mujer";"Total";"";"";"Markina-Xemein";"%";7,3
2018;"Mujer";"Total";"";"";"Maruri-Jatabe";"%";7,3
2018;"Mujer";"Total";"";"";"Mendaro";"%";12
2018;"Mujer";"Total";"";"";"Mendata";"%";5,9
2018;"Mujer";"Total";"";"";"Mendexa";"%";5,6
2018;"Mujer";"Total";"";"";"Meñaka";"%";4,7
2018;"Mujer";"Total";"";"";"Moreda de Álava/Moreda Araba";"%";21,7
2018;"Mujer";"Total";"";"";"Morga";"%";21
2018;"Mujer";"Total";"";"";"Mundaka";"%";9,8
2018;"Mujer";"Total";"";"";"Mungia";"%";12
2018;"Mujer";"Total";"";"";"Munitibar-Arbatzegi Gerrikaitz";"%";4,7
2018;"Mujer";"Total";"";"";"Murueta";"%";12,9
2018;"Mujer";"Total";"";"";"Muskiz";"%";14,6
2018;"Mujer";"Total";"";"";"Mutiloa";"%";4,4
2018;"Mujer";"Total";"";"";"Mutriku";"%";11,8
2018;"Mujer";"Total";"";"";"Muxika";"%";10,7
2018;"Mujer";"Total";"";"";"Nabarniz";"%";6
2018;"Mujer";"Total";"";"";"Navaridas";"%";7,3
2018;"Mujer";"Total";"";"";"Oiartzun";"%";8,5
2018;"Mujer";"Total";"";"";"Okondo";"%";16,2
2018;"Mujer";"Total";"";"";"Olaberria";"%";12,8
2018;"Mujer";"Total";"";"";"Ondarroa";"%";16
2018;"Mujer";"Total";"";"";"Oñati";"%";6,2
2018;"Mujer";"Total";"";"";"Ordizia";"%";12,6
2018;"Mujer";"Total";"";"";"Orendain";"%";4,1
2018;"Mujer";"Total";"";"";"Orexa";"%";0
2018;"Mujer";"Total";"";"";"Orio";"%";10,4
2018;"Mujer";"Total";"";"";"Ormaiztegi";"%";12,6
2018;"Mujer";"Total";"";"";"Orozko";"%";9,7
2018;"Mujer";"Total";"";"";"Ortuella";"%";16,7
2018;"Mujer";"Total";"";"";"Otxandio";"%";9,1
2018;"Mujer";"Total";"";"";"Oyón-Oion";"%";24,6
2018;"Mujer";"Total";"";"";"Pasaia";"%";13,3
2018;"Mujer";"Total";"";"";"Peñacerrada-Urizaharra";"%";11,8
2018;"Mujer";"Total";"";"";"Plentzia";"%";13,6
2018;"Mujer";"Total";"";"";"Portugalete";"%";15,2
2018;"Mujer";"Total";"";"";"Ribera Baja/Erriberabeitia";"%";19,9
2018;"Mujer";"Total";"";"";"Samaniego";"%";2,2
2018;"Mujer";"Total";"";"";"San Millán/Donemiliaga";"%";10,1
2018;"Mujer";"Total";"";"";"Santurtzi";"%";17,4
2018;"Mujer";"Total";"";"";"Segura";"%";7,5
2018;"Mujer";"Total";"";"";"Sestao";"%";19,4
2018;"Mujer";"Total";"";"";"Sondika";"%";9,4
2018;"Mujer";"Total";"";"";"Sopela";"%";11,3
2018;"Mujer";"Total";"";"";"Sopuerta";"%";12,7
2018;"Mujer";"Total";"";"";"Soraluze-Placencia de las Armas";"%";16,6
2018;"Mujer";"Total";"";"";"Sukarrieta";"%";10,1
2018;"Mujer";"Total";"";"";"Tolosa";"%";10,8
2018;"Mujer";"Total";"";"";"Trucios-Turtzioz";"%";24
2018;"Mujer";"Total";"";"";"Ubide";"%";8,3
2018;"Mujer";"Total";"";"";"Ugao-Miraballes";"%";13,3
2018;"Mujer";"Total";"";"";"Urduliz";"%";11,5
2018;"Mujer";"Total";"";"";"Urduña/Orduña";"%";18
2018;"Mujer";"Total";"";"";"Urkabustaiz";"%";9
2018;"Mujer";"Total";"";"";"Urnieta";"%";9,9
2018;"Mujer";"Total";"";"";"Urretxu";"%";11
2018;"Mujer";"Total";"";"";"Usurbil";"%";10,1
2018;"Mujer";"Total";"";"";"Valdegovía/Gaubea";"%";8,7
2018;"Mujer";"Total";"";"";"Valle de Trápaga-Trapagaran";"%";15
2018;"Mujer";"Total";"";"";"Villabona";"%";13,3
2018;"Mujer";"Total";"";"";"Villabuena de Álava/Eskuernaga";"%";6,9
2018;"Mujer";"Total";"";"";"Vitoria-Gasteiz";"%";13,7
2018;"Mujer";"Total";"";"";"Yécora/Iekora";"%";14,3
2018;"Mujer";"Total";"";"";"Zaldibar";"%";12,1
2018;"Mujer";"Total";"";"";"Zaldibia";"%";7,2
2018;"Mujer";"Total";"";"";"Zalduondo";"%";8,9
2018;"Mujer";"Total";"";"";"Zalla";"%";18,1
2018;"Mujer";"Total";"";"";"Zambrana";"%";30,4
2018;"Mujer";"Total";"";"";"Zamudio";"%";11,7
2018;"Mujer";"Total";"";"";"Zaratamo";"%";13,9
2018;"Mujer";"Total";"";"";"Zarautz";"%";9,6
2018;"Mujer";"Total";"";"";"Zeanuri";"%";9
2018;"Mujer";"Total";"";"";"Zeberio";"%";10,4
2018;"Mujer";"Total";"";"";"Zegama";"%";11,9
2018;"Mujer";"Total";"";"";"Zerain";"%";9,7
2018;"Mujer";"Total";"";"";"Zestoa";"%";14,3
2018;"Mujer";"Total";"";"";"Zierbena";"%";13,3
2018;"Mujer";"Total";"";"";"Zigoitia";"%";7,7
2018;"Mujer";"Total";"";"";"Ziortza-Bolibar";"%";15,1
2018;"Mujer";"Total";"";"";"Zizurkil";"%";12,8
2018;"Mujer";"Total";"";"";"Zuia";"%";6
2018;"Mujer";"Total";"";"";"Zumaia";"%";11,4
2018;"Mujer";"Total";"";"";"Zumarraga";"%";14,8
2018;"Mujer";"Total";"";"";"Añana (comarca)";"%";15,1
2018;"Mujer";"Total";"";"";"Arabako Errioxa / Rioja Alavesa";"%";17
2018;"Mujer";"Total";"";"";"Arabako Kantaurialdea / Cantábrica Alavesa";"%";15
2018;"Mujer";"Total";"";"";"Arabako Lautada / Llanada Alavesa";"%";13,6
2018;"Mujer";"Total";"";"";"Arabako Mendialdea / Montaña Alavesa";"%";9,6
2018;"Mujer";"Total";"";"";"Arratia-Nerbioi / Arratia-Nervión";"%";13,1
2018;"Mujer";"Total";"";"";"Bidasoa Beherea / Bajo Bidasoa";"%";13,7
2018;"Mujer";"Total";"";"";"Bilbo Handia / Gran Bilbao";"%";14,6
2018;"Mujer";"Total";"";"";"Debabarrena / Bajo Deba";"%";13,6
2018;"Mujer";"Total";"";"";"Debagoiena / Alto Deba";"%";9,7
2018;"Mujer";"Total";"";"";"Donostialdea";"%";10,5
2018;"Mujer";"Total";"";"";"Durangaldea / Duranguesado";"%";11,9
2018;"Mujer";"Total";"";"";"Enkartazioak / Encartaciones";"%";17,9
2018;"Mujer";"Total";"";"";"Gernika-Bermeo";"%";12,6
2018;"Mujer";"Total";"";"";"Goierri";"%";11,5
2018;"Mujer";"Total";"";"";"Gorbeialdea / Estribaciones del Gorbea";"%";7,8
2018;"Mujer";"Total";"";"";"Markina-Ondarroa";"%";11,5
2018;"Mujer";"Total";"";"";"Plentzia-Mungia";"%";11,7
2018;"Mujer";"Total";"";"";"Tolosaldea";"%";11,3
2018;"Mujer";"Total";"";"";"Urola Kosta";"%";10,8
2018;"Mujer";"Total";"";"";"Araba/Álava";"%";12,4
2018;"Mujer";"Total";"";"";"Bizkaia";"%";12,4
2018;"Mujer";"Total";"";"";"Gipuzkoa";"%";8,9
2020;"Mujer";"Total";"";"";"C.A. de Euskadi";"%";10,7
2020;"Mujer";"Total";"";"";"Abadiño";"%";9,7
2020;"Mujer";"Total";"";"";"Abaltzisketa";"%";4,2
2020;"Mujer";"Total";"";"";"Abanto y Ciérvana-Abanto Zierbena";"%";14
2020;"Mujer";"Total";"";"";"Aduna";"%";4,4
2020;"Mujer";"Total";"";"";"Agurain/Salvatierra";"%";18,4
2020;"Mujer";"Total";"";"";"Aia";"%";6,8
2020;"Mujer";"Total";"";"";"Aizarnazabal";"%";11,4
2020;"Mujer";"Total";"";"";"Ajangiz";"%";7
2020;"Mujer";"Total";"";"";"Albiztur";"%";4,3
2020;"Mujer";"Total";"";"";"Alegia";"%";10,9
2020;"Mujer";"Total";"";"";"Alegría-Dulantzi";"%";10,8
2020;"Mujer";"Total";"";"";"Alkiza";"%";7,5
2020;"Mujer";"Total";"";"";"Alonsotegi";"%";13,7
2020;"Mujer";"Total";"";"";"Altzaga";"%";10,8
2020;"Mujer";"Total";"";"";"Altzo";"%";7,9
2020;"Mujer";"Total";"";"";"Amezketa";"%";8,4
2020;"Mujer";"Total";"";"";"Amorebieta-Etxano";"%";9,1
2020;"Mujer";"Total";"";"";"Amoroto";"%";15,2
2020;"Mujer";"Total";"";"";"Amurrio";"%";13
2020;"Mujer";"Total";"";"";"Andoain";"%";10,1
2020;"Mujer";"Total";"";"";"Anoeta";"%";10
2020;"Mujer";"Total";"";"";"Antzuola";"%";6,2
2020;"Mujer";"Total";"";"";"Añana";"%";2,9
2020;"Mujer";"Total";"";"";"Arakaldo";"%";22
2020;"Mujer";"Total";"";"";"Arama";"%";10,7
2020;"Mujer";"Total";"";"";"Aramaio";"%";5,8
2020;"Mujer";"Total";"";"";"Arantzazu";"%";12
2020;"Mujer";"Total";"";"";"Areatza";"%";11,1
2020;"Mujer";"Total";"";"";"Aretxabaleta";"%";8,1
2020;"Mujer";"Total";"";"";"Armiñón";"%";8,9
2020;"Mujer";"Total";"";"";"Arraia-Maeztu";"%";5,6
2020;"Mujer";"Total";"";"";"Arrankudiaga-Zollo";"%";9,7
2020;"Mujer";"Total";"";"";"Arrasate/Mondragón";"%";10,5
2020;"Mujer";"Total";"";"";"Arratzu";"%";6,2
2020;"Mujer";"Total";"";"";"Arratzua-Ubarrundia";"%";7,9
2020;"Mujer";"Total";"";"";"Arrieta";"%";6,7
2020;"Mujer";"Total";"";"";"Arrigorriaga";"%";11,4
2020;"Mujer";"Total";"";"";"Artea";"%";4,5
2020;"Mujer";"Total";"";"";"Artzentales";"%";8,7
2020;"Mujer";"Total";"";"";"Artziniega";"%";13,5
2020;"Mujer";"Total";"";"";"Asparrena";"%";15,3
2020;"Mujer";"Total";"";"";"Asteasu";"%";7,3
2020;"Mujer";"Total";"";"";"Astigarraga";"%";7,9
2020;"Mujer";"Total";"";"";"Ataun";"%";8,1
2020;"Mujer";"Total";"";"";"Atxondo";"%";11
2020;"Mujer";"Total";"";"";"Aulesti";"%";8,5
2020;"Mujer";"Total";"";"";"Ayala/Aiara";"%";11
2020;"Mujer";"Total";"";"";"Azkoitia";"%";10,9
2020;"Mujer";"Total";"";"";"Azpeitia";"%";9,2
2020;"Mujer";"Total";"";"";"Bakio";"%";10,5
2020;"Mujer";"Total";"";"";"Baliarrain";"%";3
2020;"Mujer";"Total";"";"";"Balmaseda";"%";18
2020;"Mujer";"Total";"";"";"Baños de Ebro/Mañueta";"%";11,1
2020;"Mujer";"Total";"";"";"Barakaldo";"%";12,3
2020;"Mujer";"Total";"";"";"Barrika";"%";11,7
2020;"Mujer";"Total";"";"";"Barrundia";"%";7,5
2020;"Mujer";"Total";"";"";"Basauri";"%";14
2020;"Mujer";"Total";"";"";"Beasain";"%";10,5
2020;"Mujer";"Total";"";"";"Bedia";"%";12,5
2020;"Mujer";"Total";"";"";"Beizama";"%";0
2020;"Mujer";"Total";"";"";"Belauntza";"%";6,3
2020;"Mujer";"Total";"";"";"Berango";"%";8,7
2020;"Mujer";"Total";"";"";"Berantevilla";"%";10,2
2020;"Mujer";"Total";"";"";"Berastegi";"%";7,3
2020;"Mujer";"Total";"";"";"Bergara";"%";8
2020;"Mujer";"Total";"";"";"Bermeo";"%";14,2
2020;"Mujer";"Total";"";"";"Bernedo";"%";8,9
2020;"Mujer";"Total";"";"";"Berriatua";"%";10,3
2020;"Mujer";"Total";"";"";"Berriz";"%";11,6
2020;"Mujer";"Total";"";"";"Berrobi";"%";6,2
2020;"Mujer";"Total";"";"";"Bidania-Goiatz";"%";7,4
2020;"Mujer";"Total";"";"";"Bilbao";"%";12,8
2020;"Mujer";"Total";"";"";"Busturia";"%";12,3
2020;"Mujer";"Total";"";"";"Campezo/Kanpezu";"%";9,9
2020;"Mujer";"Total";"";"";"Deba";"%";8,3
2020;"Mujer";"Total";"";"";"Derio";"%";7,2
2020;"Mujer";"Total";"";"";"Dima";"%";6,3
2020;"Mujer";"Total";"";"";"Donostia / San Sebastián";"%";8,4
2020;"Mujer";"Total";"";"";"Durango";"%";9,6
2020;"Mujer";"Total";"";"";"Ea";"%";7,9
2020;"Mujer";"Total";"";"";"Eibar";"%";13
2020;"Mujer";"Total";"";"";"Elantxobe";"%";11,4
2020;"Mujer";"Total";"";"";"Elburgo/Burgelu";"%";6,2
2020;"Mujer";"Total";"";"";"Elciego";"%";13,7
2020;"Mujer";"Total";"";"";"Elduain";"%";5,1
2020;"Mujer";"Total";"";"";"Elgeta";"%";8,5
2020;"Mujer";"Total";"";"";"Elgoibar";"%";11,1
2020;"Mujer";"Total";"";"";"Elorrio";"%";9
2020;"Mujer";"Total";"";"";"Elvillar/Bilar";"%";10,3
2020;"Mujer";"Total";"";"";"Erandio";"%";11,1
2020;"Mujer";"Total";"";"";"Ereño";"%";10,9
2020;"Mujer";"Total";"";"";"Ermua";"%";13,5
2020;"Mujer";"Total";"";"";"Errenteria";"%";10,4
2020;"Mujer";"Total";"";"";"Errezil";"%";6,6
2020;"Mujer";"Total";"";"";"Erriberagoitia/Ribera Alta";"%";11,4
2020;"Mujer";"Total";"";"";"Errigoiti";"%";10,4
2020;"Mujer";"Total";"";"";"Eskoriatza";"%";8,1
2020;"Mujer";"Total";"";"";"Etxebarri";"%";10,6
2020;"Mujer";"Total";"";"";"Etxebarria";"%";5,2
2020;"Mujer";"Total";"";"";"Ezkio-Itsaso";"%";3,4
2020;"Mujer";"Total";"";"";"Forua";"%";11,3
2020;"Mujer";"Total";"";"";"Fruiz";"%";8,5
2020;"Mujer";"Total";"";"";"Gabiria";"%";8,3
2020;"Mujer";"Total";"";"";"Gaintza";"%";4,8
2020;"Mujer";"Total";"";"";"Galdakao";"%";9,7
2020;"Mujer";"Total";"";"";"Galdames";"%";14
2020;"Mujer";"Total";"";"";"Gamiz-Fika";"%";5
2020;"Mujer";"Total";"";"";"Garai";"%";7,5
2020;"Mujer";"Total";"";"";"Gatika";"%";7,7
2020;"Mujer";"Total";"";"";"Gautegiz Arteaga";"%";7,5
2020;"Mujer";"Total";"";"";"Gaztelu";"%";3,2
2020;"Mujer";"Total";"";"";"Gernika-Lumo";"%";11,1
2020;"Mujer";"Total";"";"";"Getaria";"%";8,9
2020;"Mujer";"Total";"";"";"Getxo";"%";8,9
2020;"Mujer";"Total";"";"";"Gizaburuaga";"%";15,6
2020;"Mujer";"Total";"";"";"Gordexola";"%";10,4
2020;"Mujer";"Total";"";"";"Gorliz";"%";9,7
2020;"Mujer";"Total";"";"";"Güeñes";"%";12,7
2020;"Mujer";"Total";"";"";"Harana/Valle de Arana";"%";10,8
2020;"Mujer";"Total";"";"";"Hernani";"%";8,2
2020;"Mujer";"Total";"";"";"Hernialde";"%";8,5
2020;"Mujer";"Total";"";"";"Hondarribia";"%";8,9
2020;"Mujer";"Total";"";"";"Ibarra";"%";9,6
2020;"Mujer";"Total";"";"";"Ibarrangelu";"%";10,9
2020;"Mujer";"Total";"";"";"Idiazabal";"%";6,3
2020;"Mujer";"Total";"";"";"Igorre";"%";11,4
2020;"Mujer";"Total";"";"";"Ikaztegieta";"%";12,6
2020;"Mujer";"Total";"";"";"Irun";"%";12,5
2020;"Mujer";"Total";"";"";"Iruña Oka/Iruña de Oca";"%";9,3
2020;"Mujer";"Total";"";"";"Irura";"%";7,5
2020;"Mujer";"Total";"";"";"Iruraiz-Gauna";"%";6,3
2020;"Mujer";"Total";"";"";"Ispaster";"%";9,9
2020;"Mujer";"Total";"";"";"Itsasondo";"%";9,4
2020;"Mujer";"Total";"";"";"Iurreta";"%";11,1
2020;"Mujer";"Total";"";"";"Izurtza";"%";8,5
2020;"Mujer";"Total";"";"";"Karrantza Harana/Valle de Carranza";"%";16,1
2020;"Mujer";"Total";"";"";"Kortezubi";"%";3
2020;"Mujer";"Total";"";"";"Kripan";"%";5,7
2020;"Mujer";"Total";"";"";"Kuartango";"%";7,9
2020;"Mujer";"Total";"";"";"Labastida/Bastida";"%";15,4
2020;"Mujer";"Total";"";"";"Lagrán";"%";3,2
2020;"Mujer";"Total";"";"";"Laguardia";"%";9
2020;"Mujer";"Total";"";"";"Lanciego/Lantziego";"%";20,2
2020;"Mujer";"Total";"";"";"Lanestosa";"%";11,4
2020;"Mujer";"Total";"";"";"Lantarón";"%";12,6
2020;"Mujer";"Total";"";"";"Lapuebla de Labarca";"%";13,9
2020;"Mujer";"Total";"";"";"Larrabetzu";"%";5,3
2020;"Mujer";"Total";"";"";"Larraul";"%";7,3
2020;"Mujer";"Total";"";"";"Lasarte-Oria";"%";8,8
2020;"Mujer";"Total";"";"";"Laudio/Llodio";"%";12,9
2020;"Mujer";"Total";"";"";"Laukiz";"%";7,8
2020;"Mujer";"Total";"";"";"Lazkao";"%";9,7
2020;"Mujer";"Total";"";"";"Leaburu";"%";13,6
2020;"Mujer";"Total";"";"";"Legazpi";"%";9,2
2020;"Mujer";"Total";"";"";"Legorreta";"%";7,9
2020;"Mujer";"Total";"";"";"Legutio";"%";11,8
2020;"Mujer";"Total";"";"";"Leintz-Gatzaga";"%";6,4
2020;"Mujer";"Total";"";"";"Leioa";"%";10,5
2020;"Mujer";"Total";"";"";"Lekeitio";"%";9,8
2020;"Mujer";"Total";"";"";"Lemoa";"%";12,6
2020;"Mujer";"Total";"";"";"Lemoiz";"%";8,5
2020;"Mujer";"Total";"";"";"Leza";"%";7,1
2020;"Mujer";"Total";"";"";"Lezama";"%";9,4
2020;"Mujer";"Total";"";"";"Lezo";"%";10,1
2020;"Mujer";"Total";"";"";"Lizartza";"%";10,9
2020;"Mujer";"Total";"";"";"Loiu";"%";8,4
2020;"Mujer";"Total";"";"";"Mallabia";"%";9,9
2020;"Mujer";"Total";"";"";"Mañaria";"%";8,9
2020;"Mujer";"Total";"";"";"Markina-Xemein";"%";7,3
2020;"Mujer";"Total";"";"";"Maruri-Jatabe";"%";5
2020;"Mujer";"Total";"";"";"Mendaro";"%";9,7
2020;"Mujer";"Total";"";"";"Mendata";"%";5,8
2020;"Mujer";"Total";"";"";"Mendexa";"%";6,3
2020;"Mujer";"Total";"";"";"Meñaka";"%";5,6
2020;"Mujer";"Total";"";"";"Moreda de Álava/Moreda Araba";"%";14
2020;"Mujer";"Total";"";"";"Morga";"%";10,9
2020;"Mujer";"Total";"";"";"Mundaka";"%";8,7
2020;"Mujer";"Total";"";"";"Mungia";"%";10,6
2020;"Mujer";"Total";"";"";"Munitibar-Arbatzegi Gerrikaitz";"%";10,3
2020;"Mujer";"Total";"";"";"Murueta";"%";6,1
2020;"Mujer";"Total";"";"";"Muskiz";"%";13,1
2020;"Mujer";"Total";"";"";"Mutiloa";"%";5,8
2020;"Mujer";"Total";"";"";"Mutriku";"%";12,7
2020;"Mujer";"Total";"";"";"Muxika";"%";6,2
2020;"Mujer";"Total";"";"";"Nabarniz";"%";9,2
2020;"Mujer";"Total";"";"";"Navaridas";"%";6,3
2020;"Mujer";"Total";"";"";"Oiartzun";"%";7,1
2020;"Mujer";"Total";"";"";"Okondo";"%";16
2020;"Mujer";"Total";"";"";"Olaberria";"%";12,4
2020;"Mujer";"Total";"";"";"Ondarroa";"%";12,8
2020;"Mujer";"Total";"";"";"Oñati";"%";6,2
2020;"Mujer";"Total";"";"";"Ordizia";"%";9,8
2020;"Mujer";"Total";"";"";"Orendain";"%";2
2020;"Mujer";"Total";"";"";"Orexa";"%";8,3
2020;"Mujer";"Total";"";"";"Orio";"%";11
2020;"Mujer";"Total";"";"";"Ormaiztegi";"%";8,4
2020;"Mujer";"Total";"";"";"Orozko";"%";10,9
2020;"Mujer";"Total";"";"";"Ortuella";"%";14,6
2020;"Mujer";"Total";"";"";"Otxandio";"%";8,5
2020;"Mujer";"Total";"";"";"Oyón-Oion";"%";21,2
2020;"Mujer";"Total";"";"";"Pasaia";"%";10,7
2020;"Mujer";"Total";"";"";"Peñacerrada-Urizaharra";"%";4,7
2020;"Mujer";"Total";"";"";"Plentzia";"%";11,6
2020;"Mujer";"Total";"";"";"Portugalete";"%";13,4
2020;"Mujer";"Total";"";"";"Ribera Baja/Erriberabeitia";"%";11,5
2020;"Mujer";"Total";"";"";"Samaniego";"%";4,7
2020;"Mujer";"Total";"";"";"San Millán/Donemiliaga";"%";8,4
2020;"Mujer";"Total";"";"";"Santurtzi";"%";15,3
2020;"Mujer";"Total";"";"";"Segura";"%";8
2020;"Mujer";"Total";"";"";"Sestao";"%";16
2020;"Mujer";"Total";"";"";"Sondika";"%";8,1
2020;"Mujer";"Total";"";"";"Sopela";"%";9,5
2020;"Mujer";"Total";"";"";"Sopuerta";"%";9,5
2020;"Mujer";"Total";"";"";"Soraluze-Placencia de las Armas";"%";14,1
2020;"Mujer";"Total";"";"";"Sukarrieta";"%";11,8
2020;"Mujer";"Total";"";"";"Tolosa";"%";8,3
2020;"Mujer";"Total";"";"";"Trucios-Turtzioz";"%";12,6
2020;"Mujer";"Total";"";"";"Ubide";"%";10,8
2020;"Mujer";"Total";"";"";"Ugao-Miraballes";"%";10,8
2020;"Mujer";"Total";"";"";"Urduliz";"%";9,3
2020;"Mujer";"Total";"";"";"Urduña/Orduña";"%";14,3
2020;"Mujer";"Total";"";"";"Urkabustaiz";"%";10,3
2020;"Mujer";"Total";"";"";"Urnieta";"%";8
2020;"Mujer";"Total";"";"";"Urretxu";"%";9,2
2020;"Mujer";"Total";"";"";"Usurbil";"%";8,2
2020;"Mujer";"Total";"";"";"Valdegovía/Gaubea";"%";10,6
2020;"Mujer";"Total";"";"";"Valle de Trápaga-Trapagaran";"%";12,7
2020;"Mujer";"Total";"";"";"Villabona";"%";11,5
2020;"Mujer";"Total";"";"";"Villabuena de Álava/Eskuernaga";"%";9,3
2020;"Mujer";"Total";"";"";"Vitoria-Gasteiz";"%";11,9
2020;"Mujer";"Total";"";"";"Yécora/Iekora";"%";14,3
2020;"Mujer";"Total";"";"";"Zaldibar";"%";8,3
2020;"Mujer";"Total";"";"";"Zaldibia";"%";7
2020;"Mujer";"Total";"";"";"Zalduondo";"%";8,2
2020;"Mujer";"Total";"";"";"Zalla";"%";15,1
2020;"Mujer";"Total";"";"";"Zambrana";"%";14
2020;"Mujer";"Total";"";"";"Zamudio";"%";10
2020;"Mujer";"Total";"";"";"Zaratamo";"%";12,9
2020;"Mujer";"Total";"";"";"Zarautz";"%";7,9
2020;"Mujer";"Total";"";"";"Zeanuri";"%";6
2020;"Mujer";"Total";"";"";"Zeberio";"%";8,7
2020;"Mujer";"Total";"";"";"Zegama";"%";7,9
2020;"Mujer";"Total";"";"";"Zerain";"%";8,5
2020;"Mujer";"Total";"";"";"Zestoa";"%";13,3
2020;"Mujer";"Total";"";"";"Zierbena";"%";12,9
2020;"Mujer";"Total";"";"";"Zigoitia";"%";7,7
2020;"Mujer";"Total";"";"";"Ziortza-Bolibar";"%";8,2
2020;"Mujer";"Total";"";"";"Zizurkil";"%";11
2020;"Mujer";"Total";"";"";"Zuia";"%";4,2
2020;"Mujer";"Total";"";"";"Zumaia";"%";9,6
2020;"Mujer";"Total";"";"";"Zumarraga";"%";11,1
2020;"Mujer";"Total";"";"";"Añana (comarca)";"%";11
2020;"Mujer";"Total";"";"";"Arabako Errioxa / Rioja Alavesa";"%";15
2020;"Mujer";"Total";"";"";"Arabako Kantaurialdea / Cantábrica Alavesa";"%";12,9
2020;"Mujer";"Total";"";"";"Arabako Lautada / Llanada Alavesa";"%";11,9
2020;"Mujer";"Total";"";"";"Arabako Mendialdea / Montaña Alavesa";"%";7,8
2020;"Mujer";"Total";"";"";"Arratia-Nerbioi / Arratia-Nervión";"%";10,6
2020;"Mujer";"Total";"";"";"Bidasoa Beherea / Bajo Bidasoa";"%";11,7
2020;"Mujer";"Total";"";"";"Bilbo Handia / Gran Bilbao";"%";12,3
2020;"Mujer";"Total";"";"";"Debabarrena / Bajo Deba";"%";12,1
2020;"Mujer";"Total";"";"";"Debagoiena / Alto Deba";"%";8,4
2020;"Mujer";"Total";"";"";"Donostialdea";"%";8,8
2020;"Mujer";"Total";"";"";"Durangaldea / Duranguesado";"%";10,3
2020;"Mujer";"Total";"";"";"Enkartazioak / Encartaciones";"%";14,4
2020;"Mujer";"Total";"";"";"Gernika-Bermeo";"%";11,6
2020;"Mujer";"Total";"";"";"Goierri";"%";9,6
2020;"Mujer";"Total";"";"";"Gorbeialdea / Estribaciones del Gorbea";"%";7,7
2020;"Mujer";"Total";"";"";"Markina-Ondarroa";"%";10,2
2020;"Mujer";"Total";"";"";"Plentzia-Mungia";"%";9,7
2020;"Mujer";"Total";"";"";"Tolosaldea";"%";8,9
2020;"Mujer";"Total";"";"";"Urola Kosta";"%";9,4
2020;"Mujer";"Total";"";"";"Araba/Álava";"%";14
2020;"Mujer";"Total";"";"";"Bizkaia";"%";11,2
2020;"Mujer";"Total";"";"";"Gipuzkoa";"%";8,4
2015;"Mujer";"Total";"";"";"C.A. de Euskadi";"%";15,5
2015;"Mujer";"Total";"";"";"Abadiño";"%";14,4
2015;"Mujer";"Total";"";"";"Abaltzisketa";"%";7,8
2015;"Mujer";"Total";"";"";"Abanto y Ciérvana-Abanto Zierbena";"%";17,7
2015;"Mujer";"Total";"";"";"Aduna";"%";18,2
2015;"Mujer";"Total";"";"";"Agurain/Salvatierra";"%";18,8
2015;"Mujer";"Total";"";"";"Aia";"%";10,8
2015;"Mujer";"Total";"";"";"Aizarnazabal";"%";16,8
2015;"Mujer";"Total";"";"";"Ajangiz";"%";9,3
2015;"Mujer";"Total";"";"";"Albiztur";"%";1,4
2015;"Mujer";"Total";"";"";"Alegia";"%";14,7
2015;"Mujer";"Total";"";"";"Alegría-Dulantzi";"%";13,5
2015;"Mujer";"Total";"";"";"Alkiza";"%";11
2015;"Mujer";"Total";"";"";"Alonsotegi";"%";18
2015;"Mujer";"Total";"";"";"Altzaga";"%";17,9
2015;"Mujer";"Total";"";"";"Altzo";"%";12,3
2015;"Mujer";"Total";"";"";"Amezketa";"%";14,1
2015;"Mujer";"Total";"";"";"Amorebieta-Etxano";"%";14,8
2015;"Mujer";"Total";"";"";"Amoroto";"%";13,6
2015;"Mujer";"Total";"";"";"Amurrio";"%";15,9
2015;"Mujer";"Total";"";"";"Andoain";"%";14,3
2015;"Mujer";"Total";"";"";"Anoeta";"%";17,9
2015;"Mujer";"Total";"";"";"Antzuola";"%";11,3
2015;"Mujer";"Total";"";"";"Añana";"%";15,4
2015;"Mujer";"Total";"";"";"Arakaldo";"%";20,6
2015;"Mujer";"Total";"";"";"Arama";"%";10
2015;"Mujer";"Total";"";"";"Aramaio";"%";11,6
2015;"Mujer";"Total";"";"";"Arantzazu";"%";14,6
2015;"Mujer";"Total";"";"";"Areatza";"%";15,5
2015;"Mujer";"Total";"";"";"Aretxabaleta";"%";10,1
2015;"Mujer";"Total";"";"";"Armiñón";"%";17,2
2015;"Mujer";"Total";"";"";"Arraia-Maeztu";"%";11,3
2015;"Mujer";"Total";"";"";"Arrankudiaga-Zollo";"%";16
2015;"Mujer";"Total";"";"";"Arrasate/Mondragón";"%";14,3
2015;"Mujer";"Total";"";"";"Arratzu";"%";6,3
2015;"Mujer";"Total";"";"";"Arratzua-Ubarrundia";"%";9
2015;"Mujer";"Total";"";"";"Arrieta";"%";11,8
2015;"Mujer";"Total";"";"";"Arrigorriaga";"%";15,8
2015;"Mujer";"Total";"";"";"Artea";"%";10,5
2015;"Mujer";"Total";"";"";"Artzentales";"%";14,4
2015;"Mujer";"Total";"";"";"Artziniega";"%";15,5
2015;"Mujer";"Total";"";"";"Asparrena";"%";19,3
2015;"Mujer";"Total";"";"";"Asteasu";"%";12,7
2015;"Mujer";"Total";"";"";"Astigarraga";"%";9,9
2015;"Mujer";"Total";"";"";"Ataun";"%";9,4
2015;"Mujer";"Total";"";"";"Atxondo";"%";16
2015;"Mujer";"Total";"";"";"Aulesti";"%";14,4
2015;"Mujer";"Total";"";"";"Ayala/Aiara";"%";13,6
2015;"Mujer";"Total";"";"";"Azkoitia";"%";14,5
2015;"Mujer";"Total";"";"";"Azpeitia";"%";13,6
2015;"Mujer";"Total";"";"";"Bakio";"%";14,8
2015;"Mujer";"Total";"";"";"Baliarrain";"%";15,2
2015;"Mujer";"Total";"";"";"Balmaseda";"%";22,1
2015;"Mujer";"Total";"";"";"Baños de Ebro/Mañueta";"%";9,3
2015;"Mujer";"Total";"";"";"Barakaldo";"%";17,3
2015;"Mujer";"Total";"";"";"Barrika";"%";14,6
2015;"Mujer";"Total";"";"";"Barrundia";"%";12,1
2015;"Mujer";"Total";"";"";"Basauri";"%";18,2
2015;"Mujer";"Total";"";"";"Beasain";"%";15,3
2015;"Mujer";"Total";"";"";"Bedia";"%";12,6
2015;"Mujer";"Total";"";"";"Beizama";"%";13
2015;"Mujer";"Total";"";"";"Belauntza";"%";17,2
2015;"Mujer";"Total";"";"";"Berango";"%";16,2
2015;"Mujer";"Total";"";"";"Berantevilla";"%";26,7
2015;"Mujer";"Total";"";"";"Berastegi";"%";10
2015;"Mujer";"Total";"";"";"Bergara";"%";13,1
2015;"Mujer";"Total";"";"";"Bermeo";"%";17,7
2015;"Mujer";"Total";"";"";"Bernedo";"%";4,1
2015;"Mujer";"Total";"";"";"Berriatua";"%";16,7
2015;"Mujer";"Total";"";"";"Berriz";"%";16,2
2015;"Mujer";"Total";"";"";"Berrobi";"%";13,5
2015;"Mujer";"Total";"";"";"Bidania-Goiatz";"%";9,8
2015;"Mujer";"Total";"";"";"Bilbao";"%";17,3
2015;"Mujer";"Total";"";"";"Busturia";"%";14,4
2015;"Mujer";"Total";"";"";"Campezo/Kanpezu";"%";15,3
2015;"Mujer";"Total";"";"";"Deba";"%";14,3
2015;"Mujer";"Total";"";"";"Derio";"%";14,1
2015;"Mujer";"Total";"";"";"Dima";"%";9,2
2015;"Mujer";"Total";"";"";"Donostia / San Sebastián";"%";12,6
2015;"Mujer";"Total";"";"";"Durango";"%";14,6
2015;"Mujer";"Total";"";"";"Ea";"%";16
2015;"Mujer";"Total";"";"";"Eibar";"%";15,9
2015;"Mujer";"Total";"";"";"Elantxobe";"%";13,9
2015;"Mujer";"Total";"";"";"Elburgo/Burgelu";"%";9,4
2015;"Mujer";"Total";"";"";"Elciego";"%";19,9
2015;"Mujer";"Total";"";"";"Elduain";"%";7,5
2015;"Mujer";"Total";"";"";"Elgeta";"%";12,3
2015;"Mujer";"Total";"";"";"Elgoibar";"%";14,8
2015;"Mujer";"Total";"";"";"Elorrio";"%";14,1
2015;"Mujer";"Total";"";"";"Elvillar/Bilar";"%";19,7
2015;"Mujer";"Total";"";"";"Erandio";"%";17
2015;"Mujer";"Total";"";"";"Ereño";"%";15,9
2015;"Mujer";"Total";"";"";"Ermua";"%";19,2
2015;"Mujer";"Total";"";"";"Errenteria";"%";15,1
2015;"Mujer";"Total";"";"";"Errezil";"%";13,7
2015;"Mujer";"Total";"";"";"Erriberagoitia/Ribera Alta";"%";18,1
2015;"Mujer";"Total";"";"";"Errigoiti";"%";17,5
2015;"Mujer";"Total";"";"";"Eskoriatza";"%";13
2015;"Mujer";"Total";"";"";"Etxebarri";"%";13,8
2015;"Mujer";"Total";"";"";"Etxebarria";"%";7,6
2015;"Mujer";"Total";"";"";"Ezkio-Itsaso";"%";8,2
2015;"Mujer";"Total";"";"";"Forua";"%";14,8
2015;"Mujer";"Total";"";"";"Fruiz";"%";11,3
2015;"Mujer";"Total";"";"";"Gabiria";"%";6,2
2015;"Mujer";"Total";"";"";"Gaintza";"%";8,7
2015;"Mujer";"Total";"";"";"Galdakao";"%";15,2
2015;"Mujer";"Total";"";"";"Galdames";"%";14,6
2015;"Mujer";"Total";"";"";"Gamiz-Fika";"%";13,5
2015;"Mujer";"Total";"";"";"Garai";"%";15,1
2015;"Mujer";"Total";"";"";"Gatika";"%";11,2
2015;"Mujer";"Total";"";"";"Gautegiz Arteaga";"%";11,9
2015;"Mujer";"Total";"";"";"Gaztelu";"%";5,6
2015;"Mujer";"Total";"";"";"Gernika-Lumo";"%";16,2
2015;"Mujer";"Total";"";"";"Getaria";"%";10,6
2015;"Mujer";"Total";"";"";"Getxo";"%";14,3
2015;"Mujer";"Total";"";"";"Gizaburuaga";"%";13,7
2015;"Mujer";"Total";"";"";"Gordexola";"%";13,1
2015;"Mujer";"Total";"";"";"Gorliz";"%";15,1
2015;"Mujer";"Total";"";"";"Güeñes";"%";17,3
2015;"Mujer";"Total";"";"";"Harana/Valle de Arana";"%";2,6
2015;"Mujer";"Total";"";"";"Hernani";"%";13,7
2015;"Mujer";"Total";"";"";"Hernialde";"%";8,6
2015;"Mujer";"Total";"";"";"Hondarribia";"%";14,2
2015;"Mujer";"Total";"";"";"Ibarra";"%";15,8
2015;"Mujer";"Total";"";"";"Ibarrangelu";"%";14,5
2015;"Mujer";"Total";"";"";"Idiazabal";"%";13,8
2015;"Mujer";"Total";"";"";"Igorre";"%";17,1
2015;"Mujer";"Total";"";"";"Ikaztegieta";"%";17,8
2015;"Mujer";"Total";"";"";"Irun";"%";17,4
2015;"Mujer";"Total";"";"";"Iruña Oka/Iruña de Oca";"%";11,8
2015;"Mujer";"Total";"";"";"Irura";"%";13,9
2015;"Mujer";"Total";"";"";"Iruraiz-Gauna";"%";10,6
2015;"Mujer";"Total";"";"";"Ispaster";"%";11
2015;"Mujer";"Total";"";"";"Itsasondo";"%";17
2015;"Mujer";"Total";"";"";"Iurreta";"%";19
2015;"Mujer";"Total";"";"";"Izurtza";"%";17,5
2015;"Mujer";"Total";"";"";"Karrantza Harana/Valle de Carranza";"%";21,7
2015;"Mujer";"Total";"";"";"Kortezubi";"%";14,4
2015;"Mujer";"Total";"";"";"Kripan";"%";8,6
2015;"Mujer";"Total";"";"";"Kuartango";"%";9,3
2015;"Mujer";"Total";"";"";"Labastida/Bastida";"%";20,8
2015;"Mujer";"Total";"";"";"Lagrán";"%";14,7
2015;"Mujer";"Total";"";"";"Laguardia";"%";15,4
2015;"Mujer";"Total";"";"";"Lanciego/Lantziego";"%";21,4
2015;"Mujer";"Total";"";"";"Lanestosa";"%";24,5
2015;"Mujer";"Total";"";"";"Lantarón";"%";20
2015;"Mujer";"Total";"";"";"Lapuebla de Labarca";"%";18,2
2015;"Mujer";"Total";"";"";"Larrabetzu";"%";9,3
2015;"Mujer";"Total";"";"";"Larraul";"%";17,5
2015;"Mujer";"Total";"";"";"Lasarte-Oria";"%";15,3
2015;"Mujer";"Total";"";"";"Laudio/Llodio";"%";17,3
2015;"Mujer";"Total";"";"";"Laukiz";"%";12,5
2015;"Mujer";"Total";"";"";"Lazkao";"%";13,5
2015;"Mujer";"Total";"";"";"Leaburu";"%";16,4
2015;"Mujer";"Total";"";"";"Legazpi";"%";13,3
2015;"Mujer";"Total";"";"";"Legorreta";"%";16,5
2015;"Mujer";"Total";"";"";"Legutio";"%";13,6
2015;"Mujer";"Total";"";"";"Leintz-Gatzaga";"%";16,4
2015;"Mujer";"Total";"";"";"Leioa";"%";14,6
2015;"Mujer";"Total";"";"";"Lekeitio";"%";15,9
2015;"Mujer";"Total";"";"";"Lemoa";"%";16,7
2015;"Mujer";"Total";"";"";"Lemoiz";"%";9,7
2015;"Mujer";"Total";"";"";"Leza";"%";15,2
2015;"Mujer";"Total";"";"";"Lezama";"%";12,2
2015;"Mujer";"Total";"";"";"Lezo";"%";13,4
2015;"Mujer";"Total";"";"";"Lizartza";"%";16,3
2015;"Mujer";"Total";"";"";"Loiu";"%";13
2015;"Mujer";"Total";"";"";"Mallabia";"%";13,3
2015;"Mujer";"Total";"";"";"Mañaria";"%";11,6
2015;"Mujer";"Total";"";"";"Markina-Xemein";"%";12,7
2015;"Mujer";"Total";"";"";"Maruri-Jatabe";"%";11,8
2015;"Mujer";"Total";"";"";"Mendaro";"%";15,6
2015;"Mujer";"Total";"";"";"Mendata";"%";7,1
2015;"Mujer";"Total";"";"";"Mendexa";"%";7,4
2015;"Mujer";"Total";"";"";"Meñaka";"%";7,5
2015;"Mujer";"Total";"";"";"Moreda de Álava/Moreda Araba";"%";19,1
2015;"Mujer";"Total";"";"";"Morga";"%";9,9
2015;"Mujer";"Total";"";"";"Mundaka";"%";14,7
2015;"Mujer";"Total";"";"";"Mungia";"%";14,7
2015;"Mujer";"Total";"";"";"Munitibar-Arbatzegi Gerrikaitz";"%";4,5
2015;"Mujer";"Total";"";"";"Murueta";"%";12,3
2015;"Mujer";"Total";"";"";"Muskiz";"%";19,1
2015;"Mujer";"Total";"";"";"Mutiloa";"%";12
2015;"Mujer";"Total";"";"";"Mutriku";"%";14,9
2015;"Mujer";"Total";"";"";"Muxika";"%";12,3
2015;"Mujer";"Total";"";"";"Nabarniz";"%";6,6
2015;"Mujer";"Total";"";"";"Navaridas";"%";15,8
2015;"Mujer";"Total";"";"";"Oiartzun";"%";11,2
2015;"Mujer";"Total";"";"";"Okondo";"%";14,8
2015;"Mujer";"Total";"";"";"Olaberria";"%";15,8
2015;"Mujer";"Total";"";"";"Ondarroa";"%";20,8
2015;"Mujer";"Total";"";"";"Oñati";"%";8,8
2015;"Mujer";"Total";"";"";"Ordizia";"%";14,3
2015;"Mujer";"Total";"";"";"Orendain";"%";7
2015;"Mujer";"Total";"";"";"Orexa";"%";4
2015;"Mujer";"Total";"";"";"Orio";"%";14,4
2015;"Mujer";"Total";"";"";"Ormaiztegi";"%";11
2015;"Mujer";"Total";"";"";"Orozko";"%";13,8
2015;"Mujer";"Total";"";"";"Ortuella";"%";20
2015;"Mujer";"Total";"";"";"Otxandio";"%";12,4
2015;"Mujer";"Total";"";"";"Oyón-Oion";"%";25
2015;"Mujer";"Total";"";"";"Pasaia";"%";15,4
2015;"Mujer";"Total";"";"";"Peñacerrada-Urizaharra";"%";8,6
2015;"Mujer";"Total";"";"";"Plentzia";"%";16,2
2015;"Mujer";"Total";"";"";"Portugalete";"%";16,4
2015;"Mujer";"Total";"";"";"Ribera Baja/Erriberabeitia";"%";16,9
2015;"Mujer";"Total";"";"";"Samaniego";"%";5,4
2015;"Mujer";"Total";"";"";"San Millán/Donemiliaga";"%";11,5
2015;"Mujer";"Total";"";"";"Santurtzi";"%";18,2
2015;"Mujer";"Total";"";"";"Segura";"%";8,8
2015;"Mujer";"Total";"";"";"Sestao";"%";20,4
2015;"Mujer";"Total";"";"";"Sondika";"%";13,9
2015;"Mujer";"Total";"";"";"Sopela";"%";15,2
2015;"Mujer";"Total";"";"";"Sopuerta";"%";19,1
2015;"Mujer";"Total";"";"";"Soraluze-Placencia de las Armas";"%";17,3
2015;"Mujer";"Total";"";"";"Sukarrieta";"%";14
2015;"Mujer";"Total";"";"";"Tolosa";"%";13,3
2015;"Mujer";"Total";"";"";"Trucios-Turtzioz";"%";16,4
2015;"Mujer";"Total";"";"";"Ubide";"%";15
2015;"Mujer";"Total";"";"";"Ugao-Miraballes";"%";14,2
2015;"Mujer";"Total";"";"";"Urduliz";"%";14,2
2015;"Mujer";"Total";"";"";"Urduña/Orduña";"%";19
2015;"Mujer";"Total";"";"";"Urkabustaiz";"%";12,1
2015;"Mujer";"Total";"";"";"Urnieta";"%";14,1
2015;"Mujer";"Total";"";"";"Urretxu";"%";14,8
2015;"Mujer";"Total";"";"";"Usurbil";"%";12,1
2015;"Mujer";"Total";"";"";"Valdegovía/Gaubea";"%";12,3
2015;"Mujer";"Total";"";"";"Valle de Trápaga-Trapagaran";"%";17,3
2015;"Mujer";"Total";"";"";"Villabona";"%";14
2015;"Mujer";"Total";"";"";"Villabuena de Álava/Eskuernaga";"%";9,4
2015;"Mujer";"Total";"";"";"Vitoria-Gasteiz";"%";14,9
2015;"Mujer";"Total";"";"";"Yécora/Iekora";"%";26,9
2015;"Mujer";"Total";"";"";"Zaldibar";"%";17,1
2015;"Mujer";"Total";"";"";"Zaldibia";"%";12,8
2015;"Mujer";"Total";"";"";"Zalduondo";"%";11,1
2015;"Mujer";"Total";"";"";"Zalla";"%";20,3
2015;"Mujer";"Total";"";"";"Zambrana";"%";30,1
2015;"Mujer";"Total";"";"";"Zamudio";"%";12,5
2015;"Mujer";"Total";"";"";"Zaratamo";"%";17,3
2015;"Mujer";"Total";"";"";"Zarautz";"%";13,8
2015;"Mujer";"Total";"";"";"Zeanuri";"%";10,1
2015;"Mujer";"Total";"";"";"Zeberio";"%";9,7
2015;"Mujer";"Total";"";"";"Zegama";"%";11,4
2015;"Mujer";"Total";"";"";"Zerain";"%";14,3
2015;"Mujer";"Total";"";"";"Zestoa";"%";18,1
2015;"Mujer";"Total";"";"";"Zierbena";"%";17,1
2015;"Mujer";"Total";"";"";"Zigoitia";"%";6,6
2015;"Mujer";"Total";"";"";"Ziortza-Bolibar";"%";10,5
2015;"Mujer";"Total";"";"";"Zizurkil";"%";17,6
2015;"Mujer";"Total";"";"";"Zuia";"%";12,2
2015;"Mujer";"Total";"";"";"Zumaia";"%";13,6
2015;"Mujer";"Total";"";"";"Zumarraga";"%";15,9
2015;"Mujer";"Total";"";"";"Añana (comarca)";"%";18
2015;"Mujer";"Total";"";"";"Arabako Errioxa / Rioja Alavesa";"%";19,8
2015;"Mujer";"Total";"";"";"Arabako Kantaurialdea / Cantábrica Alavesa";"%";16,4
2015;"Mujer";"Total";"";"";"Arabako Lautada / Llanada Alavesa";"%";14,9
2015;"Mujer";"Total";"";"";"Arabako Mendialdea / Montaña Alavesa";"%";10,9
2015;"Mujer";"Total";"";"";"Arratia-Nerbioi / Arratia-Nervión";"%";14,7
2015;"Mujer";"Total";"";"";"Bidasoa Beherea / Bajo Bidasoa";"%";16,7
2015;"Mujer";"Total";"";"";"Bilbo Handia / Gran Bilbao";"%";16,8
2015;"Mujer";"Total";"";"";"Debabarrena / Bajo Deba";"%";15,5
2015;"Mujer";"Total";"";"";"Debagoiena / Alto Deba";"%";12,3
2015;"Mujer";"Total";"";"";"Donostialdea";"%";13,2
2015;"Mujer";"Total";"";"";"Durangaldea / Duranguesado";"%";15,6
2015;"Mujer";"Total";"";"";"Enkartazioak / Encartaciones";"%";19,5
2015;"Mujer";"Total";"";"";"Gernika-Bermeo";"%";15,9
2015;"Mujer";"Total";"";"";"Goierri";"%";14,1
2015;"Mujer";"Total";"";"";"Gorbeialdea / Estribaciones del Gorbea";"%";11,2
2015;"Mujer";"Total";"";"";"Markina-Ondarroa";"%";16
2015;"Mujer";"Total";"";"";"Plentzia-Mungia";"%";14,5
2015;"Mujer";"Total";"";"";"Tolosaldea";"%";14
2015;"Mujer";"Total";"";"";"Urola Kosta";"%";13,9
2015;"Mujer";"Total";"";"";"Araba/Álava";"%";17,5
2015;"Mujer";"Total";"";"";"Bizkaia";"%";16,2
2015;"Mujer";"Total";"";"";"Gipuzkoa";"%";13,3
2010;"Mujer";"Total";"";"";"C.A. de Euskadi";"%";8,6
2010;"Mujer";"Total";"";"";"Abadiño";"%";10
2010;"Mujer";"Total";"";"";"Abaltzisketa";"%";10,9
2010;"Mujer";"Total";"";"";"Abanto y Ciérvana-Abanto Zierbena";"%";8,9
2010;"Mujer";"Total";"";"";"Aduna";"%";6,5
2010;"Mujer";"Total";"";"";"Agurain/Salvatierra";"%";10
2010;"Mujer";"Total";"";"";"Aia";"%";7,2
2010;"Mujer";"Total";"";"";"Aizarnazabal";"%";10,8
2010;"Mujer";"Total";"";"";"Ajangiz";"%";4,6
2010;"Mujer";"Total";"";"";"Albiztur";"%";6,2
2010;"Mujer";"Total";"";"";"Alegia";"%";10,1
2010;"Mujer";"Total";"";"";"Alegría-Dulantzi";"%";9,9
2010;"Mujer";"Total";"";"";"Alkiza";"%";7,1
2010;"Mujer";"Total";"";"";"Alonsotegi";"%";7,9
2010;"Mujer";"Total";"";"";"Altzaga";"%";2,7
2010;"Mujer";"Total";"";"";"Altzo";"%";6,9
2010;"Mujer";"Total";"";"";"Amezketa";"%";10,6
2010;"Mujer";"Total";"";"";"Amorebieta-Etxano";"%";9,2
2010;"Mujer";"Total";"";"";"Amoroto";"%";7,5
2010;"Mujer";"Total";"";"";"Amurrio";"%";9,3
2010;"Mujer";"Total";"";"";"Andoain";"%";8,5
2010;"Mujer";"Total";"";"";"Anoeta";"%";10,6
2010;"Mujer";"Total";"";"";"Antzuola";"%";6,9
2010;"Mujer";"Total";"";"";"Añana";"%";13,3
2010;"Mujer";"Total";"";"";"Arakaldo";"%";9,5
2010;"Mujer";"Total";"";"";"Arama";"%";4,5
2010;"Mujer";"Total";"";"";"Aramaio";"%";6,1
2010;"Mujer";"Total";"";"";"Arantzazu";"%";7,1
2010;"Mujer";"Total";"";"";"Areatza";"%";7,8
2010;"Mujer";"Total";"";"";"Aretxabaleta";"%";8,1
2010;"Mujer";"Total";"";"";"Armiñón";"%";6,7
2010;"Mujer";"Total";"";"";"Arraia-Maeztu";"%";3,4
2010;"Mujer";"Total";"";"";"Arrankudiaga-Zollo";"%";7,4
2010;"Mujer";"Total";"";"";"Arrasate/Mondragón";"%";8
2010;"Mujer";"Total";"";"";"Arratzu";"%";2,4
2010;"Mujer";"Total";"";"";"Arratzua-Ubarrundia";"%";7,5
2010;"Mujer";"Total";"";"";"Arrieta";"%";9
2010;"Mujer";"Total";"";"";"Arrigorriaga";"%";9,6
2010;"Mujer";"Total";"";"";"Artea";"%";8,4
2010;"Mujer";"Total";"";"";"Artzentales";"%";5,8
2010;"Mujer";"Total";"";"";"Artziniega";"%";11,9
2010;"Mujer";"Total";"";"";"Asparrena";"%";6,6
2010;"Mujer";"Total";"";"";"Asteasu";"%";6,2
2010;"Mujer";"Total";"";"";"Astigarraga";"%";6,3
2010;"Mujer";"Total";"";"";"Ataun";"%";6
2010;"Mujer";"Total";"";"";"Atxondo";"%";11,3
2010;"Mujer";"Total";"";"";"Aulesti";"%";9,3
2010;"Mujer";"Total";"";"";"Ayala/Aiara";"%";9,5
2010;"Mujer";"Total";"";"";"Azkoitia";"%";8,8
2010;"Mujer";"Total";"";"";"Azpeitia";"%";8,7
2010;"Mujer";"Total";"";"";"Bakio";"%";7,6
2010;"Mujer";"Total";"";"";"Baliarrain";"%";7,4
2010;"Mujer";"Total";"";"";"Balmaseda";"%";10,9
2010;"Mujer";"Total";"";"";"Baños de Ebro/Mañueta";"%";13,7
2010;"Mujer";"Total";"";"";"Barakaldo";"%";9,8
2010;"Mujer";"Total";"";"";"Barrika";"%";7,5
2010;"Mujer";"Total";"";"";"Barrundia";"%";6,3
2010;"Mujer";"Total";"";"";"Basauri";"%";9,7
2010;"Mujer";"Total";"";"";"Beasain";"%";8,8
2010;"Mujer";"Total";"";"";"Bedia";"%";13,3
2010;"Mujer";"Total";"";"";"Beizama";"%";12
2010;"Mujer";"Total";"";"";"Belauntza";"%";10,6
2010;"Mujer";"Total";"";"";"Berango";"%";8,1
2010;"Mujer";"Total";"";"";"Berantevilla";"%";10,4
2010;"Mujer";"Total";"";"";"Berastegi";"%";7,5
2010;"Mujer";"Total";"";"";"Bergara";"%";7,1
2010;"Mujer";"Total";"";"";"Bermeo";"%";9,1
2010;"Mujer";"Total";"";"";"Bernedo";"%";6,4
2010;"Mujer";"Total";"";"";"Berriatua";"%";9,1
2010;"Mujer";"Total";"";"";"Berriz";"%";9,4
2010;"Mujer";"Total";"";"";"Berrobi";"%";9,5
2010;"Mujer";"Total";"";"";"Bidania-Goiatz";"%";12,6
2010;"Mujer";"Total";"";"";"Bilbao";"%";10
2010;"Mujer";"Total";"";"";"Busturia";"%";4,6
2010;"Mujer";"Total";"";"";"Campezo/Kanpezu";"%";8,7
2010;"Mujer";"Total";"";"";"Deba";"%";8,7
2010;"Mujer";"Total";"";"";"Derio";"%";7,7
2010;"Mujer";"Total";"";"";"Dima";"%";8,2
2010;"Mujer";"Total";"";"";"Donostia / San Sebastián";"%";7,9
2010;"Mujer";"Total";"";"";"Durango";"%";8,6
2010;"Mujer";"Total";"";"";"Ea";"%";11
2010;"Mujer";"Total";"";"";"Eibar";"%";8,4
2010;"Mujer";"Total";"";"";"Elantxobe";"%";6,1
2010;"Mujer";"Total";"";"";"Elburgo/Burgelu";"%";7,3
2010;"Mujer";"Total";"";"";"Elciego";"%";14
2010;"Mujer";"Total";"";"";"Elduain";"%";12,2
2010;"Mujer";"Total";"";"";"Elgeta";"%";8
2010;"Mujer";"Total";"";"";"Elgoibar";"%";8,5
2010;"Mujer";"Total";"";"";"Elorrio";"%";8,9
2010;"Mujer";"Total";"";"";"Elvillar/Bilar";"%";7,1
2010;"Mujer";"Total";"";"";"Erandio";"%";10,2
2010;"Mujer";"Total";"";"";"Ereño";"%";4,9
2010;"Mujer";"Total";"";"";"Ermua";"%";11
2010;"Mujer";"Total";"";"";"Errenteria";"%";8,8
2010;"Mujer";"Total";"";"";"Errezil";"%";8,8
2010;"Mujer";"Total";"";"";"Erriberagoitia/Ribera Alta";"%";5,7
2010;"Mujer";"Total";"";"";"Errigoiti";"%";7,6
2010;"Mujer";"Total";"";"";"Eskoriatza";"%";7,6
2010;"Mujer";"Total";"";"";"Etxebarri";"%";8,4
2010;"Mujer";"Total";"";"";"Etxebarria";"%";3,5
2010;"Mujer";"Total";"";"";"Ezkio-Itsaso";"%";7,1
2010;"Mujer";"Total";"";"";"Forua";"%";6,3
2010;"Mujer";"Total";"";"";"Fruiz";"%";5,5
2010;"Mujer";"Total";"";"";"Gabiria";"%";8,6
2010;"Mujer";"Total";"";"";"Gaintza";"%";12,5
2010;"Mujer";"Total";"";"";"Galdakao";"%";8,2
2010;"Mujer";"Total";"";"";"Galdames";"%";5,8
2010;"Mujer";"Total";"";"";"Gamiz-Fika";"%";9,4
2010;"Mujer";"Total";"";"";"Garai";"%";7,4
2010;"Mujer";"Total";"";"";"Gatika";"%";6,9
2010;"Mujer";"Total";"";"";"Gautegiz Arteaga";"%";6,1
2010;"Mujer";"Total";"";"";"Gaztelu";"%";6,7
2010;"Mujer";"Total";"";"";"Gernika-Lumo";"%";8,7
2010;"Mujer";"Total";"";"";"Getaria";"%";9,7
2010;"Mujer";"Total";"";"";"Getxo";"%";9,3
2010;"Mujer";"Total";"";"";"Gizaburuaga";"%";2,2
2010;"Mujer";"Total";"";"";"Gordexola";"%";7,7
2010;"Mujer";"Total";"";"";"Gorliz";"%";9,4
2010;"Mujer";"Total";"";"";"Güeñes";"%";8,9
2010;"Mujer";"Total";"";"";"Harana/Valle de Arana";"%";14,6
2010;"Mujer";"Total";"";"";"Hernani";"%";7,6
2010;"Mujer";"Total";"";"";"Hernialde";"%";7,1
2010;"Mujer";"Total";"";"";"Hondarribia";"%";8,6
2010;"Mujer";"Total";"";"";"Ibarra";"%";8,3
2010;"Mujer";"Total";"";"";"Ibarrangelu";"%";8,3
2010;"Mujer";"Total";"";"";"Idiazabal";"%";6,3
2010;"Mujer";"Total";"";"";"Igorre";"%";9,8
2010;"Mujer";"Total";"";"";"Ikaztegieta";"%";9,2
2010;"Mujer";"Total";"";"";"Irun";"%";10,2
2010;"Mujer";"Total";"";"";"Iruña Oka/Iruña de Oca";"%";6,6
2010;"Mujer";"Total";"";"";"Irura";"%";7,2
2010;"Mujer";"Total";"";"";"Iruraiz-Gauna";"%";7
2010;"Mujer";"Total";"";"";"Ispaster";"%";6,1
2010;"Mujer";"Total";"";"";"Itsasondo";"%";9,8
2010;"Mujer";"Total";"";"";"Iurreta";"%";10,6
2010;"Mujer";"Total";"";"";"Izurtza";"%";7,3
2010;"Mujer";"Total";"";"";"Karrantza Harana/Valle de Carranza";"%";11,8
2010;"Mujer";"Total";"";"";"Kortezubi";"%";3,3
2010;"Mujer";"Total";"";"";"Kripan";"%";3,3
2010;"Mujer";"Total";"";"";"Kuartango";"%";8,1
2010;"Mujer";"Total";"";"";"Labastida/Bastida";"%";10,5
2010;"Mujer";"Total";"";"";"Lagrán";"%";12,8
2010;"Mujer";"Total";"";"";"Laguardia";"%";10,5
2010;"Mujer";"Total";"";"";"Lanciego/Lantziego";"%";7,2
2010;"Mujer";"Total";"";"";"Lanestosa";"%";6,5
2010;"Mujer";"Total";"";"";"Lantarón";"%";12,3
2010;"Mujer";"Total";"";"";"Lapuebla de Labarca";"%";14,3
2010;"Mujer";"Total";"";"";"Larrabetzu";"%";4,6
2010;"Mujer";"Total";"";"";"Larraul";"%";5,2
2010;"Mujer";"Total";"";"";"Lasarte-Oria";"%";9,8
2010;"Mujer";"Total";"";"";"Laudio/Llodio";"%";9,3
2010;"Mujer";"Total";"";"";"Laukiz";"%";8,3
2010;"Mujer";"Total";"";"";"Lazkao";"%";9,1
2010;"Mujer";"Total";"";"";"Leaburu";"%";10,5
2010;"Mujer";"Total";"";"";"Legazpi";"%";8,8
2010;"Mujer";"Total";"";"";"Legorreta";"%";10,3
2010;"Mujer";"Total";"";"";"Legutio";"%";9,8
2010;"Mujer";"Total";"";"";"Leintz-Gatzaga";"%";6,1
2010;"Mujer";"Total";"";"";"Leioa";"%";9,2
2010;"Mujer";"Total";"";"";"Lekeitio";"%";10,8
2010;"Mujer";"Total";"";"";"Lemoa";"%";9,3
2010;"Mujer";"Total";"";"";"Lemoiz";"%";5,5
2010;"Mujer";"Total";"";"";"Leza";"%";13,6
2010;"Mujer";"Total";"";"";"Lezama";"%";6,1
2010;"Mujer";"Total";"";"";"Lezo";"%";8,5
2010;"Mujer";"Total";"";"";"Lizartza";"%";7,7
2010;"Mujer";"Total";"";"";"Loiu";"%";6,9
2010;"Mujer";"Total";"";"";"Mallabia";"%";10,2
2010;"Mujer";"Total";"";"";"Mañaria";"%";6,9
2010;"Mujer";"Total";"";"";"Markina-Xemein";"%";7,6
2010;"Mujer";"Total";"";"";"Maruri-Jatabe";"%";7,2
2010;"Mujer";"Total";"";"";"Mendaro";"%";9,5
2010;"Mujer";"Total";"";"";"Mendata";"%";3,7
2010;"Mujer";"Total";"";"";"Mendexa";"%";7,5
2010;"Mujer";"Total";"";"";"Meñaka";"%";6,5
2010;"Mujer";"Total";"";"";"Moreda de Álava/Moreda Araba";"%";16
2010;"Mujer";"Total";"";"";"Morga";"%";10,6
2010;"Mujer";"Total";"";"";"Mundaka";"%";7,3
2010;"Mujer";"Total";"";"";"Mungia";"%";8,9
2010;"Mujer";"Total";"";"";"Munitibar-Arbatzegi Gerrikaitz";"%";6,2
2010;"Mujer";"Total";"";"";"Murueta";"%";9,2
2010;"Mujer";"Total";"";"";"Muskiz";"%";9,4
2010;"Mujer";"Total";"";"";"Mutiloa";"%";6
2010;"Mujer";"Total";"";"";"Mutriku";"%";9,2
2010;"Mujer";"Total";"";"";"Muxika";"%";7,9
2010;"Mujer";"Total";"";"";"Nabarniz";"%";5,9
2010;"Mujer";"Total";"";"";"Navaridas";"%";3,3
2010;"Mujer";"Total";"";"";"Oiartzun";"%";7,1
2010;"Mujer";"Total";"";"";"Okondo";"%";9,9
2010;"Mujer";"Total";"";"";"Olaberria";"%";7,3
2010;"Mujer";"Total";"";"";"Ondarroa";"%";10
2010;"Mujer";"Total";"";"";"Oñati";"%";5,5
2010;"Mujer";"Total";"";"";"Ordizia";"%";8,8
2010;"Mujer";"Total";"";"";"Orendain";"%";5,7
2010;"Mujer";"Total";"";"";"Orexa";"%";4
2010;"Mujer";"Total";"";"";"Orio";"%";6,6
2010;"Mujer";"Total";"";"";"Ormaiztegi";"%";8,8
2010;"Mujer";"Total";"";"";"Orozko";"%";6,6
2010;"Mujer";"Total";"";"";"Ortuella";"%";8,8
2010;"Mujer";"Total";"";"";"Otxandio";"%";5,6
2010;"Mujer";"Total";"";"";"Oyón-Oion";"%";18,1
2010;"Mujer";"Total";"";"";"Pasaia";"%";9
2010;"Mujer";"Total";"";"";"Peñacerrada-Urizaharra";"%";10,7
2010;"Mujer";"Total";"";"";"Plentzia";"%";10,1
2010;"Mujer";"Total";"";"";"Portugalete";"%";9,9
2010;"Mujer";"Total";"";"";"Ribera Baja/Erriberabeitia";"%";14,5
2010;"Mujer";"Total";"";"";"Samaniego";"%";4,8
2010;"Mujer";"Total";"";"";"San Millán/Donemiliaga";"%";4,6
2010;"Mujer";"Total";"";"";"Santurtzi";"%";10,3
2010;"Mujer";"Total";"";"";"Segura";"%";8,5
2010;"Mujer";"Total";"";"";"Sestao";"%";11,2
2010;"Mujer";"Total";"";"";"Sondika";"%";7,6
2010;"Mujer";"Total";"";"";"Sopela";"%";9,6
2010;"Mujer";"Total";"";"";"Sopuerta";"%";10,8
2010;"Mujer";"Total";"";"";"Soraluze-Placencia de las Armas";"%";8,9
2010;"Mujer";"Total";"";"";"Sukarrieta";"%";7
2010;"Mujer";"Total";"";"";"Tolosa";"%";7,4
2010;"Mujer";"Total";"";"";"Trucios-Turtzioz";"%";8,9
2010;"Mujer";"Total";"";"";"Ubide";"%";7,3
2010;"Mujer";"Total";"";"";"Ugao-Miraballes";"%";8,3
2010;"Mujer";"Total";"";"";"Urduliz";"%";8,5
2010;"Mujer";"Total";"";"";"Urduña/Orduña";"%";7,5
2010;"Mujer";"Total";"";"";"Urkabustaiz";"%";4,9
2010;"Mujer";"Total";"";"";"Urnieta";"%";8,4
2010;"Mujer";"Total";"";"";"Urretxu";"%";8,9
2010;"Mujer";"Total";"";"";"Usurbil";"%";6,3
2010;"Mujer";"Total";"";"";"Valdegovía/Gaubea";"%";10,3
2010;"Mujer";"Total";"";"";"Valle de Trápaga-Trapagaran";"%";9,1
2010;"Mujer";"Total";"";"";"Villabona";"%";9,8
2010;"Mujer";"Total";"";"";"Villabuena de Álava/Eskuernaga";"%";8,6
2010;"Mujer";"Total";"";"";"Vitoria-Gasteiz";"%";9
2010;"Mujer";"Total";"";"";"Yécora/Iekora";"%";13,2
2010;"Mujer";"Total";"";"";"Zaldibar";"%";8,2
2010;"Mujer";"Total";"";"";"Zaldibia";"%";6,8
2010;"Mujer";"Total";"";"";"Zalduondo";"%";7
2010;"Mujer";"Total";"";"";"Zalla";"%";10,3
2010;"Mujer";"Total";"";"";"Zambrana";"%";13,4
2010;"Mujer";"Total";"";"";"Zamudio";"%";9,7
2010;"Mujer";"Total";"";"";"Zaratamo";"%";8,4
2010;"Mujer";"Total";"";"";"Zarautz";"%";9
2010;"Mujer";"Total";"";"";"Zeanuri";"%";7,5
2010;"Mujer";"Total";"";"";"Zeberio";"%";4,4
2010;"Mujer";"Total";"";"";"Zegama";"%";8,9
2010;"Mujer";"Total";"";"";"Zerain";"%";8,9
2010;"Mujer";"Total";"";"";"Zestoa";"%";9,8
2010;"Mujer";"Total";"";"";"Zierbena";"%";9,1
2010;"Mujer";"Total";"";"";"Zigoitia";"%";4,5
2010;"Mujer";"Total";"";"";"Ziortza-Bolibar";"%";13,2
2010;"Mujer";"Total";"";"";"Zizurkil";"%";10,4
2010;"Mujer";"Total";"";"";"Zuia";"%";6
2010;"Mujer";"Total";"";"";"Zumaia";"%";9,1
2010;"Mujer";"Total";"";"";"Zumarraga";"%";9,6
2010;"Mujer";"Total";"";"";"Añana (comarca)";"%";11
2010;"Mujer";"Total";"";"";"Arabako Errioxa / Rioja Alavesa";"%";13
2010;"Mujer";"Total";"";"";"Arabako Kantaurialdea / Cantábrica Alavesa";"%";9,5
2010;"Mujer";"Total";"";"";"Arabako Lautada / Llanada Alavesa";"%";8,9
2010;"Mujer";"Total";"";"";"Arabako Mendialdea / Montaña Alavesa";"%";7,9
2010;"Mujer";"Total";"";"";"Arratia-Nerbioi / Arratia-Nervión";"%";7,8
2010;"Mujer";"Total";"";"";"Bidasoa Beherea / Bajo Bidasoa";"%";9,8
2010;"Mujer";"Total";"";"";"Bilbo Handia / Gran Bilbao";"%";9,7
2010;"Mujer";"Total";"";"";"Debabarrena / Bajo Deba";"%";8,6
2010;"Mujer";"Total";"";"";"Debagoiena / Alto Deba";"%";7,3
2010;"Mujer";"Total";"";"";"Donostialdea";"%";8,1
2010;"Mujer";"Total";"";"";"Durangaldea / Duranguesado";"%";9,4
2010;"Mujer";"Total";"";"";"Enkartazioak / Encartaciones";"%";9,9
2010;"Mujer";"Total";"";"";"Gernika-Bermeo";"%";8,3
2010;"Mujer";"Total";"";"";"Goierri";"%";8,7
2010;"Mujer";"Total";"";"";"Gorbeialdea / Estribaciones del Gorbea";"%";6,3
2010;"Mujer";"Total";"";"";"Markina-Ondarroa";"%";9,2
2010;"Mujer";"Total";"";"";"Plentzia-Mungia";"%";8,9
2010;"Mujer";"Total";"";"";"Tolosaldea";"%";8,4
2010;"Mujer";"Total";"";"";"Urola Kosta";"%";8,8
2010;"Mujer";"Total";"";"";"Araba/Álava";"%";9,9
2010;"Mujer";"Total";"";"";"Bizkaia";"%";9,1
2010;"Mujer";"Total";"";"";"Gipuzkoa";"%";7
2016;"Mujer";"Total";"";"";"C.A. de Euskadi";"%";13,9
2016;"Mujer";"Total";"";"";"Abadiño";"%";14,6
2016;"Mujer";"Total";"";"";"Abaltzisketa";"%";11,5
2016;"Mujer";"Total";"";"";"Abanto y Ciérvana-Abanto Zierbena";"%";19,2
2016;"Mujer";"Total";"";"";"Aduna";"%";11,1
2016;"Mujer";"Total";"";"";"Agurain/Salvatierra";"%";19,1
2016;"Mujer";"Total";"";"";"Aia";"%";9,5
2016;"Mujer";"Total";"";"";"Aizarnazabal";"%";21,8
2016;"Mujer";"Total";"";"";"Ajangiz";"%";4,5
2016;"Mujer";"Total";"";"";"Albiztur";"%";7,4
2016;"Mujer";"Total";"";"";"Alegia";"%";19,6
2016;"Mujer";"Total";"";"";"Alegría-Dulantzi";"%";14,6
2016;"Mujer";"Total";"";"";"Alkiza";"%";12,3
2016;"Mujer";"Total";"";"";"Alonsotegi";"%";21,4
2016;"Mujer";"Total";"";"";"Altzaga";"%";8,3
2016;"Mujer";"Total";"";"";"Altzo";"%";12,3
2016;"Mujer";"Total";"";"";"Amezketa";"%";16,9
2016;"Mujer";"Total";"";"";"Amorebieta-Etxano";"%";13,9
2016;"Mujer";"Total";"";"";"Amoroto";"%";10,6
2016;"Mujer";"Total";"";"";"Amurrio";"%";18,4
2016;"Mujer";"Total";"";"";"Andoain";"%";15,6
2016;"Mujer";"Total";"";"";"Anoeta";"%";17,9
2016;"Mujer";"Total";"";"";"Antzuola";"%";12,2
2016;"Mujer";"Total";"";"";"Añana";"%";21,2
2016;"Mujer";"Total";"";"";"Arakaldo";"%";20
2016;"Mujer";"Total";"";"";"Arama";"%";8,3
2016;"Mujer";"Total";"";"";"Aramaio";"%";8,7
2016;"Mujer";"Total";"";"";"Arantzazu";"%";13,6
2016;"Mujer";"Total";"";"";"Areatza";"%";17
2016;"Mujer";"Total";"";"";"Aretxabaleta";"%";10,4
2016;"Mujer";"Total";"";"";"Armiñón";"%";10,9
2016;"Mujer";"Total";"";"";"Arraia-Maeztu";"%";10,3
2016;"Mujer";"Total";"";"";"Arrankudiaga-Zollo";"%";14,1
2016;"Mujer";"Total";"";"";"Arrasate/Mondragón";"%";15,9
2016;"Mujer";"Total";"";"";"Arratzu";"%";15,7
2016;"Mujer";"Total";"";"";"Arratzua-Ubarrundia";"%";7,7
2016;"Mujer";"Total";"";"";"Arrieta";"%";10,2
2016;"Mujer";"Total";"";"";"Arrigorriaga";"%";17,2
2016;"Mujer";"Total";"";"";"Artea";"%";10,1
2016;"Mujer";"Total";"";"";"Artzentales";"%";17,4
2016;"Mujer";"Total";"";"";"Artziniega";"%";18,4
2016;"Mujer";"Total";"";"";"Asparrena";"%";18
2016;"Mujer";"Total";"";"";"Asteasu";"%";12,6
2016;"Mujer";"Total";"";"";"Astigarraga";"%";11
2016;"Mujer";"Total";"";"";"Ataun";"%";10,9
2016;"Mujer";"Total";"";"";"Atxondo";"%";15,4
2016;"Mujer";"Total";"";"";"Aulesti";"%";8,5
2016;"Mujer";"Total";"";"";"Ayala/Aiara";"%";14,5
2016;"Mujer";"Total";"";"";"Azkoitia";"%";16,2
2016;"Mujer";"Total";"";"";"Azpeitia";"%";14,6
2016;"Mujer";"Total";"";"";"Bakio";"%";15,8
2016;"Mujer";"Total";"";"";"Baliarrain";"%";8,8
2016;"Mujer";"Total";"";"";"Balmaseda";"%";23,2
2016;"Mujer";"Total";"";"";"Baños de Ebro/Mañueta";"%";19,6
2016;"Mujer";"Total";"";"";"Barakaldo";"%";19
2016;"Mujer";"Total";"";"";"Barrika";"%";12,7
2016;"Mujer";"Total";"";"";"Barrundia";"%";8,7
2016;"Mujer";"Total";"";"";"Basauri";"%";19,3
2016;"Mujer";"Total";"";"";"Beasain";"%";15,4
2016;"Mujer";"Total";"";"";"Bedia";"%";13,4
2016;"Mujer";"Total";"";"";"Beizama";"%";16,7
2016;"Mujer";"Total";"";"";"Belauntza";"%";13
2016;"Mujer";"Total";"";"";"Berango";"%";15,3
2016;"Mujer";"Total";"";"";"Berantevilla";"%";22,7
2016;"Mujer";"Total";"";"";"Berastegi";"%";14,5
2016;"Mujer";"Total";"";"";"Bergara";"%";13,1
2016;"Mujer";"Total";"";"";"Bermeo";"%";17,4
2016;"Mujer";"Total";"";"";"Bernedo";"%";9,3
2016;"Mujer";"Total";"";"";"Berriatua";"%";11
2016;"Mujer";"Total";"";"";"Berriz";"%";16,3
2016;"Mujer";"Total";"";"";"Berrobi";"%";16,9
2016;"Mujer";"Total";"";"";"Bidania-Goiatz";"%";8,5
2016;"Mujer";"Total";"";"";"Bilbao";"%";18,7
2016;"Mujer";"Total";"";"";"Busturia";"%";19,5
2016;"Mujer";"Total";"";"";"Campezo/Kanpezu";"%";13,6
2016;"Mujer";"Total";"";"";"Deba";"%";13,4
2016;"Mujer";"Total";"";"";"Derio";"%";12,3
2016;"Mujer";"Total";"";"";"Dima";"%";11,7
2016;"Mujer";"Total";"";"";"Donostia / San Sebastián";"%";12,6
2016;"Mujer";"Total";"";"";"Durango";"%";14,1
2016;"Mujer";"Total";"";"";"Ea";"%";15,6
2016;"Mujer";"Total";"";"";"Eibar";"%";17,7
2016;"Mujer";"Total";"";"";"Elantxobe";"%";19,4
2016;"Mujer";"Total";"";"";"Elburgo/Burgelu";"%";6,7
2016;"Mujer";"Total";"";"";"Elciego";"%";16,3
2016;"Mujer";"Total";"";"";"Elduain";"%";7,5
2016;"Mujer";"Total";"";"";"Elgeta";"%";12,1
2016;"Mujer";"Total";"";"";"Elgoibar";"%";15,5
2016;"Mujer";"Total";"";"";"Elorrio";"%";13,2
2016;"Mujer";"Total";"";"";"Elvillar/Bilar";"%";13,9
2016;"Mujer";"Total";"";"";"Erandio";"%";17,5
2016;"Mujer";"Total";"";"";"Ereño";"%";10,9
2016;"Mujer";"Total";"";"";"Ermua";"%";19,5
2016;"Mujer";"Total";"";"";"Errenteria";"%";16,1
2016;"Mujer";"Total";"";"";"Errezil";"%";11,5
2016;"Mujer";"Total";"";"";"Erriberagoitia/Ribera Alta";"%";15,3
2016;"Mujer";"Total";"";"";"Errigoiti";"%";15,5
2016;"Mujer";"Total";"";"";"Eskoriatza";"%";13,1
2016;"Mujer";"Total";"";"";"Etxebarri";"%";15
2016;"Mujer";"Total";"";"";"Etxebarria";"%";8
2016;"Mujer";"Total";"";"";"Ezkio-Itsaso";"%";8,9
2016;"Mujer";"Total";"";"";"Forua";"%";13,8
2016;"Mujer";"Total";"";"";"Fruiz";"%";12,1
2016;"Mujer";"Total";"";"";"Gabiria";"%";6,1
2016;"Mujer";"Total";"";"";"Gaintza";"%";0
2016;"Mujer";"Total";"";"";"Galdakao";"%";15,1
2016;"Mujer";"Total";"";"";"Galdames";"%";16,2
2016;"Mujer";"Total";"";"";"Gamiz-Fika";"%";15
2016;"Mujer";"Total";"";"";"Garai";"%";14,3
2016;"Mujer";"Total";"";"";"Gatika";"%";12,6
2016;"Mujer";"Total";"";"";"Gautegiz Arteaga";"%";9,8
2016;"Mujer";"Total";"";"";"Gaztelu";"%";17,6
2016;"Mujer";"Total";"";"";"Gernika-Lumo";"%";15,2
2016;"Mujer";"Total";"";"";"Getaria";"%";12,7
2016;"Mujer";"Total";"";"";"Getxo";"%";14,1
2016;"Mujer";"Total";"";"";"Gizaburuaga";"%";8,9
2016;"Mujer";"Total";"";"";"Gordexola";"%";13,7
2016;"Mujer";"Total";"";"";"Gorliz";"%";16,7
2016;"Mujer";"Total";"";"";"Güeñes";"%";20,2
2016;"Mujer";"Total";"";"";"Harana/Valle de Arana";"%";8,3
2016;"Mujer";"Total";"";"";"Hernani";"%";13
2016;"Mujer";"Total";"";"";"Hernialde";"%";12
2016;"Mujer";"Total";"";"";"Hondarribia";"%";14,4
2016;"Mujer";"Total";"";"";"Ibarra";"%";16,4
2016;"Mujer";"Total";"";"";"Ibarrangelu";"%";12,7
2016;"Mujer";"Total";"";"";"Idiazabal";"%";13,5
2016;"Mujer";"Total";"";"";"Igorre";"%";15,6
2016;"Mujer";"Total";"";"";"Ikaztegieta";"%";21
2016;"Mujer";"Total";"";"";"Irun";"%";18,7
2016;"Mujer";"Total";"";"";"Iruña Oka/Iruña de Oca";"%";13
2016;"Mujer";"Total";"";"";"Irura";"%";11,1
2016;"Mujer";"Total";"";"";"Iruraiz-Gauna";"%";8,7
2016;"Mujer";"Total";"";"";"Ispaster";"%";6,8
2016;"Mujer";"Total";"";"";"Itsasondo";"%";15,4
2016;"Mujer";"Total";"";"";"Iurreta";"%";19,3
2016;"Mujer";"Total";"";"";"Izurtza";"%";16
2016;"Mujer";"Total";"";"";"Karrantza Harana/Valle de Carranza";"%";25,5
2016;"Mujer";"Total";"";"";"Kortezubi";"%";8,7
2016;"Mujer";"Total";"";"";"Kripan";"%";6,1
2016;"Mujer";"Total";"";"";"Kuartango";"%";7,6
2016;"Mujer";"Total";"";"";"Labastida/Bastida";"%";21,9
2016;"Mujer";"Total";"";"";"Lagrán";"%";25,7
2016;"Mujer";"Total";"";"";"Laguardia";"%";14,2
2016;"Mujer";"Total";"";"";"Lanciego/Lantziego";"%";22,9
2016;"Mujer";"Total";"";"";"Lanestosa";"%";26,7
2016;"Mujer";"Total";"";"";"Lantarón";"%";18,2
2016;"Mujer";"Total";"";"";"Lapuebla de Labarca";"%";12,8
2016;"Mujer";"Total";"";"";"Larrabetzu";"%";8,3
2016;"Mujer";"Total";"";"";"Larraul";"%";13
2016;"Mujer";"Total";"";"";"Lasarte-Oria";"%";15,3
2016;"Mujer";"Total";"";"";"Laudio/Llodio";"%";18,8
2016;"Mujer";"Total";"";"";"Laukiz";"%";13,1
2016;"Mujer";"Total";"";"";"Lazkao";"%";12,9
2016;"Mujer";"Total";"";"";"Leaburu";"%";17,8
2016;"Mujer";"Total";"";"";"Legazpi";"%";13,1
2016;"Mujer";"Total";"";"";"Legorreta";"%";14,8
2016;"Mujer";"Total";"";"";"Legutio";"%";13,4
2016;"Mujer";"Total";"";"";"Leintz-Gatzaga";"%";8,3
2016;"Mujer";"Total";"";"";"Leioa";"%";15,4
2016;"Mujer";"Total";"";"";"Lekeitio";"%";15,1
2016;"Mujer";"Total";"";"";"Lemoa";"%";17,2
2016;"Mujer";"Total";"";"";"Lemoiz";"%";11,7
2016;"Mujer";"Total";"";"";"Leza";"%";18,4
2016;"Mujer";"Total";"";"";"Lezama";"%";12,2
2016;"Mujer";"Total";"";"";"Lezo";"%";13,5
2016;"Mujer";"Total";"";"";"Lizartza";"%";9,4
2016;"Mujer";"Total";"";"";"Loiu";"%";12
2016;"Mujer";"Total";"";"";"Mallabia";"%";12,4
2016;"Mujer";"Total";"";"";"Mañaria";"%";11,5
2016;"Mujer";"Total";"";"";"Markina-Xemein";"%";12
2016;"Mujer";"Total";"";"";"Maruri-Jatabe";"%";10,6
2016;"Mujer";"Total";"";"";"Mendaro";"%";14,4
2016;"Mujer";"Total";"";"";"Mendata";"%";12,1
2016;"Mujer";"Total";"";"";"Mendexa";"%";9,1
2016;"Mujer";"Total";"";"";"Meñaka";"%";7,8
2016;"Mujer";"Total";"";"";"Moreda de Álava/Moreda Araba";"%";12,5
2016;"Mujer";"Total";"";"";"Morga";"%";9,8
2016;"Mujer";"Total";"";"";"Mundaka";"%";12,7
2016;"Mujer";"Total";"";"";"Mungia";"%";15,8
2016;"Mujer";"Total";"";"";"Munitibar-Arbatzegi Gerrikaitz";"%";11,9
2016;"Mujer";"Total";"";"";"Murueta";"%";11
2016;"Mujer";"Total";"";"";"Muskiz";"%";19
2016;"Mujer";"Total";"";"";"Mutiloa";"%";8,2
2016;"Mujer";"Total";"";"";"Mutriku";"%";15,4
2016;"Mujer";"Total";"";"";"Muxika";"%";12,9
2016;"Mujer";"Total";"";"";"Nabarniz";"%";8,3
2016;"Mujer";"Total";"";"";"Navaridas";"%";8,3
2016;"Mujer";"Total";"";"";"Oiartzun";"%";11,2
2016;"Mujer";"Total";"";"";"Okondo";"%";19,4
2016;"Mujer";"Total";"";"";"Olaberria";"%";17,1
2016;"Mujer";"Total";"";"";"Ondarroa";"%";17,3
2016;"Mujer";"Total";"";"";"Oñati";"%";9,4
2016;"Mujer";"Total";"";"";"Ordizia";"%";15,1
2016;"Mujer";"Total";"";"";"Orendain";"%";8,5
2016;"Mujer";"Total";"";"";"Orexa";"%";0
2016;"Mujer";"Total";"";"";"Orio";"%";13,9
2016;"Mujer";"Total";"";"";"Ormaiztegi";"%";14,2
2016;"Mujer";"Total";"";"";"Orozko";"%";13,9
2016;"Mujer";"Total";"";"";"Ortuella";"%";22
2016;"Mujer";"Total";"";"";"Otxandio";"%";12,9
2016;"Mujer";"Total";"";"";"Oyón-Oion";"%";29,1
2016;"Mujer";"Total";"";"";"Pasaia";"%";15,7
2016;"Mujer";"Total";"";"";"Peñacerrada-Urizaharra";"%";6,8
2016;"Mujer";"Total";"";"";"Plentzia";"%";16,4
2016;"Mujer";"Total";"";"";"Portugalete";"%";18
2016;"Mujer";"Total";"";"";"Ribera Baja/Erriberabeitia";"%";18,1
2016;"Mujer";"Total";"";"";"Samaniego";"%";6,9
2016;"Mujer";"Total";"";"";"San Millán/Donemiliaga";"%";11,9
2016;"Mujer";"Total";"";"";"Santurtzi";"%";20,4
2016;"Mujer";"Total";"";"";"Segura";"%";9,5
2016;"Mujer";"Total";"";"";"Sestao";"%";23,9
2016;"Mujer";"Total";"";"";"Sondika";"%";14,1
2016;"Mujer";"Total";"";"";"Sopela";"%";13,8
2016;"Mujer";"Total";"";"";"Sopuerta";"%";15,9
2016;"Mujer";"Total";"";"";"Soraluze-Placencia de las Armas";"%";20,2
2016;"Mujer";"Total";"";"";"Sukarrieta";"%";12,5
2016;"Mujer";"Total";"";"";"Tolosa";"%";13
2016;"Mujer";"Total";"";"";"Trucios-Turtzioz";"%";28,1
2016;"Mujer";"Total";"";"";"Ubide";"%";10
2016;"Mujer";"Total";"";"";"Ugao-Miraballes";"%";17,4
2016;"Mujer";"Total";"";"";"Urduliz";"%";12,5
2016;"Mujer";"Total";"";"";"Urduña/Orduña";"%";22,4
2016;"Mujer";"Total";"";"";"Urkabustaiz";"%";11,6
2016;"Mujer";"Total";"";"";"Urnieta";"%";14
2016;"Mujer";"Total";"";"";"Urretxu";"%";14,2
2016;"Mujer";"Total";"";"";"Usurbil";"%";12,3
2016;"Mujer";"Total";"";"";"Valdegovía/Gaubea";"%";14,2
2016;"Mujer";"Total";"";"";"Valle de Trápaga-Trapagaran";"%";18,1
2016;"Mujer";"Total";"";"";"Villabona";"%";16,2
2016;"Mujer";"Total";"";"";"Villabuena de Álava/Eskuernaga";"%";5,6
2016;"Mujer";"Total";"";"";"Vitoria-Gasteiz";"%";16,1
2016;"Mujer";"Total";"";"";"Yécora/Iekora";"%";15,4
2016;"Mujer";"Total";"";"";"Zaldibar";"%";17,3
2016;"Mujer";"Total";"";"";"Zaldibia";"%";12,2
2016;"Mujer";"Total";"";"";"Zalduondo";"%";8,3
2016;"Mujer";"Total";"";"";"Zalla";"%";23,5
2016;"Mujer";"Total";"";"";"Zambrana";"%";22,6
2016;"Mujer";"Total";"";"";"Zamudio";"%";14,2
2016;"Mujer";"Total";"";"";"Zaratamo";"%";15,5
2016;"Mujer";"Total";"";"";"Zarautz";"%";14
2016;"Mujer";"Total";"";"";"Zeanuri";"%";6,3
2016;"Mujer";"Total";"";"";"Zeberio";"%";10,4
2016;"Mujer";"Total";"";"";"Zegama";"%";15,1
2016;"Mujer";"Total";"";"";"Zerain";"%";9,7
2016;"Mujer";"Total";"";"";"Zestoa";"%";19
2016;"Mujer";"Total";"";"";"Zierbena";"%";16
2016;"Mujer";"Total";"";"";"Zigoitia";"%";9
2016;"Mujer";"Total";"";"";"Ziortza-Bolibar";"%";15
2016;"Mujer";"Total";"";"";"Zizurkil";"%";15,1
2016;"Mujer";"Total";"";"";"Zuia";"%";9,8
2016;"Mujer";"Total";"";"";"Zumaia";"%";16,8
2016;"Mujer";"Total";"";"";"Zumarraga";"%";18,5
2016;"Mujer";"Total";"";"";"Añana (comarca)";"%";16,7
2016;"Mujer";"Total";"";"";"Arabako Errioxa / Rioja Alavesa";"%";19,9
2016;"Mujer";"Total";"";"";"Arabako Kantaurialdea / Cantábrica Alavesa";"%";18,3
2016;"Mujer";"Total";"";"";"Arabako Lautada / Llanada Alavesa";"%";16
2016;"Mujer";"Total";"";"";"Arabako Mendialdea / Montaña Alavesa";"%";11,8
2016;"Mujer";"Total";"";"";"Arratia-Nerbioi / Arratia-Nervión";"%";15,5
2016;"Mujer";"Total";"";"";"Bidasoa Beherea / Bajo Bidasoa";"%";17,7
2016;"Mujer";"Total";"";"";"Bilbo Handia / Gran Bilbao";"%";18
2016;"Mujer";"Total";"";"";"Debabarrena / Bajo Deba";"%";16,6
2016;"Mujer";"Total";"";"";"Debagoiena / Alto Deba";"%";13
2016;"Mujer";"Total";"";"";"Donostialdea";"%";13,4
2016;"Mujer";"Total";"";"";"Durangaldea / Duranguesado";"%";15,3
2016;"Mujer";"Total";"";"";"Enkartazioak / Encartaciones";"%";21,5
2016;"Mujer";"Total";"";"";"Gernika-Bermeo";"%";15,4
2016;"Mujer";"Total";"";"";"Goierri";"%";14,6
2016;"Mujer";"Total";"";"";"Gorbeialdea / Estribaciones del Gorbea";"%";10,5
2016;"Mujer";"Total";"";"";"Markina-Ondarroa";"%";14,1
2016;"Mujer";"Total";"";"";"Plentzia-Mungia";"%";14,6
2016;"Mujer";"Total";"";"";"Tolosaldea";"%";14,2
2016;"Mujer";"Total";"";"";"Urola Kosta";"%";14,9
2016;"Mujer";"Total";"";"";"Araba/Álava";"%";13,8
2016;"Mujer";"Total";"";"";"Bizkaia";"%";14,9
2016;"Mujer";"Total";"";"";"Gipuzkoa";"%";12,3
2021;"Mujer";"Total";"";"";"C.A. de Euskadi";"%";10,2
2021;"Mujer";"Total";"";"";"Abadiño";"%";11,9
2021;"Mujer";"Total";"";"";"Abaltzisketa";"%";5,6
2021;"Mujer";"Total";"";"";"Abanto y Ciérvana-Abanto Zierbena";"%";15,7
2021;"Mujer";"Total";"";"";"Aduna";"%";2,6
2021;"Mujer";"Total";"";"";"Agurain/Salvatierra";"%";18,4
2021;"Mujer";"Total";"";"";"Aia";"%";8,5
2021;"Mujer";"Total";"";"";"Aizarnazabal";"%";14,4
2021;"Mujer";"Total";"";"";"Ajangiz";"%";5
2021;"Mujer";"Total";"";"";"Albiztur";"%";4,5
2021;"Mujer";"Total";"";"";"Alegia";"%";13,4
2021;"Mujer";"Total";"";"";"Alegría-Dulantzi";"%";13,4
2021;"Mujer";"Total";"";"";"Alkiza";"%";10,5
2021;"Mujer";"Total";"";"";"Alonsotegi";"%";15,8
2021;"Mujer";"Total";"";"";"Altzaga";"%";5,4
2021;"Mujer";"Total";"";"";"Altzo";"%";7,3
2021;"Mujer";"Total";"";"";"Amezketa";"%";9,9
2021;"Mujer";"Total";"";"";"Amorebieta-Etxano";"%";10,7
2021;"Mujer";"Total";"";"";"Amoroto";"%";8,5
2021;"Mujer";"Total";"";"";"Amurrio";"%";13,5
2021;"Mujer";"Total";"";"";"Andoain";"%";11,7
2021;"Mujer";"Total";"";"";"Anoeta";"%";11,5
2021;"Mujer";"Total";"";"";"Antzuola";"%";8,2
2021;"Mujer";"Total";"";"";"Añana";"%";11,8
2021;"Mujer";"Total";"";"";"Arakaldo";"%";16,3
2021;"Mujer";"Total";"";"";"Arama";"%";5,9
2021;"Mujer";"Total";"";"";"Aramaio";"%";4,3
2021;"Mujer";"Total";"";"";"Arantzazu";"%";9,7
2021;"Mujer";"Total";"";"";"Areatza";"%";13,1
2021;"Mujer";"Total";"";"";"Aretxabaleta";"%";7,6
2021;"Mujer";"Total";"";"";"Armiñón";"%";9,3
2021;"Mujer";"Total";"";"";"Arraia-Maeztu";"%";8,4
2021;"Mujer";"Total";"";"";"Arrankudiaga-Zollo";"%";8
2021;"Mujer";"Total";"";"";"Arrasate/Mondragón";"%";11,4
2021;"Mujer";"Total";"";"";"Arratzu";"%";9,3
2021;"Mujer";"Total";"";"";"Arratzua-Ubarrundia";"%";8,6
2021;"Mujer";"Total";"";"";"Arrieta";"%";7,9
2021;"Mujer";"Total";"";"";"Arrigorriaga";"%";12,7
2021;"Mujer";"Total";"";"";"Artea";"%";9
2021;"Mujer";"Total";"";"";"Artzentales";"%";17,4
2021;"Mujer";"Total";"";"";"Artziniega";"%";15,3
2021;"Mujer";"Total";"";"";"Asparrena";"%";12,9
2021;"Mujer";"Total";"";"";"Asteasu";"%";8,6
2021;"Mujer";"Total";"";"";"Astigarraga";"%";8,9
2021;"Mujer";"Total";"";"";"Ataun";"%";9,4
2021;"Mujer";"Total";"";"";"Atxondo";"%";7,2
2021;"Mujer";"Total";"";"";"Aulesti";"%";8
2021;"Mujer";"Total";"";"";"Ayala/Aiara";"%";13,3
2021;"Mujer";"Total";"";"";"Azkoitia";"%";10,5
2021;"Mujer";"Total";"";"";"Azpeitia";"%";9,5
2021;"Mujer";"Total";"";"";"Bakio";"%";9,6
2021;"Mujer";"Total";"";"";"Baliarrain";"%";5,9
2021;"Mujer";"Total";"";"";"Balmaseda";"%";19,2
2021;"Mujer";"Total";"";"";"Baños de Ebro/Mañueta";"%";9,1
2021;"Mujer";"Total";"";"";"Barakaldo";"%";13,9
2021;"Mujer";"Total";"";"";"Barrika";"%";10,8
2021;"Mujer";"Total";"";"";"Barrundia";"%";7,7
2021;"Mujer";"Total";"";"";"Basauri";"%";15,1
2021;"Mujer";"Total";"";"";"Beasain";"%";11
2021;"Mujer";"Total";"";"";"Bedia";"%";14,6
2021;"Mujer";"Total";"";"";"Beizama";"%";5,3
2021;"Mujer";"Total";"";"";"Belauntza";"%";14
2021;"Mujer";"Total";"";"";"Berango";"%";10
2021;"Mujer";"Total";"";"";"Berantevilla";"%";11
2021;"Mujer";"Total";"";"";"Berastegi";"%";7,7
2021;"Mujer";"Total";"";"";"Bergara";"%";8,9
2021;"Mujer";"Total";"";"";"Bermeo";"%";14,8
2021;"Mujer";"Total";"";"";"Bernedo";"%";6,7
2021;"Mujer";"Total";"";"";"Berriatua";"%";10,5
2021;"Mujer";"Total";"";"";"Berriz";"%";12,1
2021;"Mujer";"Total";"";"";"Berrobi";"%";9
2021;"Mujer";"Total";"";"";"Bidania-Goiatz";"%";5,3
2021;"Mujer";"Total";"";"";"Bilbao";"%";14,5
2021;"Mujer";"Total";"";"";"Busturia";"%";11,5
2021;"Mujer";"Total";"";"";"Campezo/Kanpezu";"%";11,5
2021;"Mujer";"Total";"";"";"Deba";"%";9,4
2021;"Mujer";"Total";"";"";"Derio";"%";9,5
2021;"Mujer";"Total";"";"";"Dima";"%";8,9
2021;"Mujer";"Total";"";"";"Donostia / San Sebastián";"%";9,8
2021;"Mujer";"Total";"";"";"Durango";"%";10,7
2021;"Mujer";"Total";"";"";"Ea";"%";12,6
2021;"Mujer";"Total";"";"";"Eibar";"%";13,3
2021;"Mujer";"Total";"";"";"Elantxobe";"%";14,3
2021;"Mujer";"Total";"";"";"Elburgo/Burgelu";"%";6,5
2021;"Mujer";"Total";"";"";"Elciego";"%";18,3
2021;"Mujer";"Total";"";"";"Elduain";"%";10
2021;"Mujer";"Total";"";"";"Elgeta";"%";6,3
2021;"Mujer";"Total";"";"";"Elgoibar";"%";11,8
2021;"Mujer";"Total";"";"";"Elorrio";"%";8,8
2021;"Mujer";"Total";"";"";"Elvillar/Bilar";"%";12,8
2021;"Mujer";"Total";"";"";"Erandio";"%";12,9
2021;"Mujer";"Total";"";"";"Ereño";"%";8,9
2021;"Mujer";"Total";"";"";"Ermua";"%";14,6
2021;"Mujer";"Total";"";"";"Errenteria";"%";11,3
2021;"Mujer";"Total";"";"";"Errezil";"%";6,6
2021;"Mujer";"Total";"";"";"Erriberagoitia/Ribera Alta";"%";12,1
2021;"Mujer";"Total";"";"";"Errigoiti";"%";11,3
2021;"Mujer";"Total";"";"";"Eskoriatza";"%";9,5
2021;"Mujer";"Total";"";"";"Etxebarri";"%";11,4
2021;"Mujer";"Total";"";"";"Etxebarria";"%";8,4
2021;"Mujer";"Total";"";"";"Ezkio-Itsaso";"%";6,9
2021;"Mujer";"Total";"";"";"Forua";"%";10,2
2021;"Mujer";"Total";"";"";"Fruiz";"%";7,6
2021;"Mujer";"Total";"";"";"Gabiria";"%";5,4
2021;"Mujer";"Total";"";"";"Gaintza";"%";3,6
2021;"Mujer";"Total";"";"";"Galdakao";"%";11,8
2021;"Mujer";"Total";"";"";"Galdames";"%";10,3
2021;"Mujer";"Total";"";"";"Gamiz-Fika";"%";8,8
2021;"Mujer";"Total";"";"";"Garai";"%";2,9
2021;"Mujer";"Total";"";"";"Gatika";"%";8,9
2021;"Mujer";"Total";"";"";"Gautegiz Arteaga";"%";4,5
2021;"Mujer";"Total";"";"";"Gaztelu";"%";8,8
2021;"Mujer";"Total";"";"";"Gernika-Lumo";"%";11,6
2021;"Mujer";"Total";"";"";"Getaria";"%";10
2021;"Mujer";"Total";"";"";"Getxo";"%";10,6
2021;"Mujer";"Total";"";"";"Gizaburuaga";"%";6,7
2021;"Mujer";"Total";"";"";"Gordexola";"%";7,9
2021;"Mujer";"Total";"";"";"Gorliz";"%";10,5
2021;"Mujer";"Total";"";"";"Güeñes";"%";12,3
2021;"Mujer";"Total";"";"";"Harana/Valle de Arana";"%";5,1
2021;"Mujer";"Total";"";"";"Hernani";"%";10,1
2021;"Mujer";"Total";"";"";"Hernialde";"%";11,1
2021;"Mujer";"Total";"";"";"Hondarribia";"%";10,2
2021;"Mujer";"Total";"";"";"Ibarra";"%";12,2
2021;"Mujer";"Total";"";"";"Ibarrangelu";"%";10,7
2021;"Mujer";"Total";"";"";"Idiazabal";"%";7,8
2021;"Mujer";"Total";"";"";"Igorre";"%";12,5
2021;"Mujer";"Total";"";"";"Ikaztegieta";"%";18,2
2021;"Mujer";"Total";"";"";"Irun";"%";13,7
2021;"Mujer";"Total";"";"";"Iruña Oka/Iruña de Oca";"%";12,7
2021;"Mujer";"Total";"";"";"Irura";"%";9,4
2021;"Mujer";"Total";"";"";"Iruraiz-Gauna";"%";7
2021;"Mujer";"Total";"";"";"Ispaster";"%";11,2
2021;"Mujer";"Total";"";"";"Itsasondo";"%";11,8
2021;"Mujer";"Total";"";"";"Iurreta";"%";14
2021;"Mujer";"Total";"";"";"Izurtza";"%";4,2
2021;"Mujer";"Total";"";"";"Karrantza Harana/Valle de Carranza";"%";18,8
2021;"Mujer";"Total";"";"";"Kortezubi";"%";3,7
2021;"Mujer";"Total";"";"";"Kripan";"%";15,4
2021;"Mujer";"Total";"";"";"Kuartango";"%";9,7
2021;"Mujer";"Total";"";"";"Labastida/Bastida";"%";19,4
2021;"Mujer";"Total";"";"";"Lagrán";"%";12,9
2021;"Mujer";"Total";"";"";"Laguardia";"%";11,2
2021;"Mujer";"Total";"";"";"Lanciego/Lantziego";"%";15,9
2021;"Mujer";"Total";"";"";"Lanestosa";"%";14,3
2021;"Mujer";"Total";"";"";"Lantarón";"%";14,8
2021;"Mujer";"Total";"";"";"Lapuebla de Labarca";"%";18,7
2021;"Mujer";"Total";"";"";"Larrabetzu";"%";7,3
2021;"Mujer";"Total";"";"";"Larraul";"%";3,7
2021;"Mujer";"Total";"";"";"Lasarte-Oria";"%";10,4
2021;"Mujer";"Total";"";"";"Laudio/Llodio";"%";15
2021;"Mujer";"Total";"";"";"Laukiz";"%";9,6
2021;"Mujer";"Total";"";"";"Lazkao";"%";9,9
2021;"Mujer";"Total";"";"";"Leaburu";"%";14,3
2021;"Mujer";"Total";"";"";"Legazpi";"%";9,9
2021;"Mujer";"Total";"";"";"Legorreta";"%";8,3
2021;"Mujer";"Total";"";"";"Legutio";"%";16
2021;"Mujer";"Total";"";"";"Leintz-Gatzaga";"%";5,1
2021;"Mujer";"Total";"";"";"Leioa";"%";11,3
2021;"Mujer";"Total";"";"";"Lekeitio";"%";9,2
2021;"Mujer";"Total";"";"";"Lemoa";"%";13,2
2021;"Mujer";"Total";"";"";"Lemoiz";"%";10
2021;"Mujer";"Total";"";"";"Leza";"%";9,5
2021;"Mujer";"Total";"";"";"Lezama";"%";10,4
2021;"Mujer";"Total";"";"";"Lezo";"%";10,3
2021;"Mujer";"Total";"";"";"Lizartza";"%";8,9
2021;"Mujer";"Total";"";"";"Loiu";"%";9,7
2021;"Mujer";"Total";"";"";"Mallabia";"%";14,3
2021;"Mujer";"Total";"";"";"Mañaria";"%";11,8
2021;"Mujer";"Total";"";"";"Markina-Xemein";"%";8,7
2021;"Mujer";"Total";"";"";"Maruri-Jatabe";"%";7,9
2021;"Mujer";"Total";"";"";"Mendaro";"%";10,2
2021;"Mujer";"Total";"";"";"Mendata";"%";7,2
2021;"Mujer";"Total";"";"";"Mendexa";"%";8,7
2021;"Mujer";"Total";"";"";"Meñaka";"%";7,3
2021;"Mujer";"Total";"";"";"Moreda de Álava/Moreda Araba";"%";11,5
2021;"Mujer";"Total";"";"";"Morga";"%";11,2
2021;"Mujer";"Total";"";"";"Mundaka";"%";9,9
2021;"Mujer";"Total";"";"";"Mungia";"%";10,7
2021;"Mujer";"Total";"";"";"Munitibar-Arbatzegi Gerrikaitz";"%";7,8
2021;"Mujer";"Total";"";"";"Murueta";"%";11,1
2021;"Mujer";"Total";"";"";"Muskiz";"%";14
2021;"Mujer";"Total";"";"";"Mutiloa";"%";6,7
2021;"Mujer";"Total";"";"";"Mutriku";"%";14,2
2021;"Mujer";"Total";"";"";"Muxika";"%";6,5
2021;"Mujer";"Total";"";"";"Nabarniz";"%";6
2021;"Mujer";"Total";"";"";"Navaridas";"%";7,1
2021;"Mujer";"Total";"";"";"Oiartzun";"%";7,9
2021;"Mujer";"Total";"";"";"Okondo";"%";11,2
2021;"Mujer";"Total";"";"";"Olaberria";"%";9,1
2021;"Mujer";"Total";"";"";"Ondarroa";"%";15,9
2021;"Mujer";"Total";"";"";"Oñati";"%";7
2021;"Mujer";"Total";"";"";"Ordizia";"%";10,5
2021;"Mujer";"Total";"";"";"Orendain";"%";3,7
2021;"Mujer";"Total";"";"";"Orexa";"%";4,8
2021;"Mujer";"Total";"";"";"Orio";"%";11,2
2021;"Mujer";"Total";"";"";"Ormaiztegi";"%";8,9
2021;"Mujer";"Total";"";"";"Orozko";"%";10,8
2021;"Mujer";"Total";"";"";"Ortuella";"%";18,1
2021;"Mujer";"Total";"";"";"Otxandio";"%";9,2
2021;"Mujer";"Total";"";"";"Oyón-Oion";"%";19,5
2021;"Mujer";"Total";"";"";"Pasaia";"%";12,3
2021;"Mujer";"Total";"";"";"Peñacerrada-Urizaharra";"%";4,2
2021;"Mujer";"Total";"";"";"Plentzia";"%";12
2021;"Mujer";"Total";"";"";"Portugalete";"%";14,7
2021;"Mujer";"Total";"";"";"Ribera Baja/Erriberabeitia";"%";13,3
2021;"Mujer";"Total";"";"";"Samaniego";"%";5,5
2021;"Mujer";"Total";"";"";"San Millán/Donemiliaga";"%";5
2021;"Mujer";"Total";"";"";"Santurtzi";"%";16,9
2021;"Mujer";"Total";"";"";"Segura";"%";5,8
2021;"Mujer";"Total";"";"";"Sestao";"%";17,8
2021;"Mujer";"Total";"";"";"Sondika";"%";10,7
2021;"Mujer";"Total";"";"";"Sopela";"%";11,6
2021;"Mujer";"Total";"";"";"Sopuerta";"%";12,5
2021;"Mujer";"Total";"";"";"Soraluze-Placencia de las Armas";"%";14,5
2021;"Mujer";"Total";"";"";"Sukarrieta";"%";10,3
2021;"Mujer";"Total";"";"";"Tolosa";"%";9
2021;"Mujer";"Total";"";"";"Trucios-Turtzioz";"%";18
2021;"Mujer";"Total";"";"";"Ubide";"%";17,9
2021;"Mujer";"Total";"";"";"Ugao-Miraballes";"%";11,2
2021;"Mujer";"Total";"";"";"Urduliz";"%";9,6
2021;"Mujer";"Total";"";"";"Urduña/Orduña";"%";15,9
2021;"Mujer";"Total";"";"";"Urkabustaiz";"%";10,7
2021;"Mujer";"Total";"";"";"Urnieta";"%";10,9
2021;"Mujer";"Total";"";"";"Urretxu";"%";9,9
2021;"Mujer";"Total";"";"";"Usurbil";"%";9,6
2021;"Mujer";"Total";"";"";"Valdegovía/Gaubea";"%";18,6
2021;"Mujer";"Total";"";"";"Valle de Trápaga-Trapagaran";"%";12,9
2021;"Mujer";"Total";"";"";"Villabona";"%";12,2
2021;"Mujer";"Total";"";"";"Villabuena de Álava/Eskuernaga";"%";13,1
2021;"Mujer";"Total";"";"";"Vitoria-Gasteiz";"%";13,3
2021;"Mujer";"Total";"";"";"Yécora/Iekora";"%";5,3
2021;"Mujer";"Total";"";"";"Zaldibar";"%";11,7
2021;"Mujer";"Total";"";"";"Zaldibia";"%";10,3
2021;"Mujer";"Total";"";"";"Zalduondo";"%";5,6
2021;"Mujer";"Total";"";"";"Zalla";"%";16,6
2021;"Mujer";"Total";"";"";"Zambrana";"%";13,8
2021;"Mujer";"Total";"";"";"Zamudio";"%";10,2
2021;"Mujer";"Total";"";"";"Zaratamo";"%";12,8
2021;"Mujer";"Total";"";"";"Zarautz";"%";9
2021;"Mujer";"Total";"";"";"Zeanuri";"%";9
2021;"Mujer";"Total";"";"";"Zeberio";"%";10,6
2021;"Mujer";"Total";"";"";"Zegama";"%";7,2
2021;"Mujer";"Total";"";"";"Zerain";"%";3,4
2021;"Mujer";"Total";"";"";"Zestoa";"%";13,2
2021;"Mujer";"Total";"";"";"Zierbena";"%";14,4
2021;"Mujer";"Total";"";"";"Zigoitia";"%";6,5
2021;"Mujer";"Total";"";"";"Ziortza-Bolibar";"%";8,4
2021;"Mujer";"Total";"";"";"Zizurkil";"%";12,2
2021;"Mujer";"Total";"";"";"Zuia";"%";6,4
2021;"Mujer";"Total";"";"";"Zumaia";"%";10,2
2021;"Mujer";"Total";"";"";"Zumarraga";"%";12,2
2021;"Mujer";"Total";"";"";"Añana (comarca)";"%";13,7
2021;"Mujer";"Total";"";"";"Arabako Errioxa / Rioja Alavesa";"%";16,1
2021;"Mujer";"Total";"";"";"Arabako Kantaurialdea / Cantábrica Alavesa";"%";14,3
2021;"Mujer";"Total";"";"";"Arabako Lautada / Llanada Alavesa";"%";13,3
2021;"Mujer";"Total";"";"";"Arabako Mendialdea / Montaña Alavesa";"%";8,7
2021;"Mujer";"Total";"";"";"Arratia-Nerbioi / Arratia-Nervión";"%";11,7
2021;"Mujer";"Total";"";"";"Bidasoa Beherea / Bajo Bidasoa";"%";12,9
2021;"Mujer";"Total";"";"";"Bilbo Handia / Gran Bilbao";"%";13,9
2021;"Mujer";"Total";"";"";"Debabarrena / Bajo Deba";"%";12,7
2021;"Mujer";"Total";"";"";"Debagoiena / Alto Deba";"%";9,2
2021;"Mujer";"Total";"";"";"Donostialdea";"%";10,2
2021;"Mujer";"Total";"";"";"Durangaldea / Duranguesado";"%";11,5
2021;"Mujer";"Total";"";"";"Enkartazioak / Encartaciones";"%";15,5
2021;"Mujer";"Total";"";"";"Gernika-Bermeo";"%";12,1
2021;"Mujer";"Total";"";"";"Goierri";"%";10,2
2021;"Mujer";"Total";"";"";"Gorbeialdea / Estribaciones del Gorbea";"%";8,9
2021;"Mujer";"Total";"";"";"Markina-Ondarroa";"%";11,3
2021;"Mujer";"Total";"";"";"Plentzia-Mungia";"%";10,6
2021;"Mujer";"Total";"";"";"Tolosaldea";"%";10
2021;"Mujer";"Total";"";"";"Urola Kosta";"%";9,9
2021;"Mujer";"Total";"";"";"Araba/Álava";"%";12,3
2021;"Mujer";"Total";"";"";"Bizkaia";"%";10,9
2021;"Mujer";"Total";"";"";"Gipuzkoa";"%";8,2
2022;"Mujer";"Total";"";"";"C.A. de Euskadi";"%";9,1
2022;"Mujer";"Total";"";"";"Abadiño";"%";10,3
2022;"Mujer";"Total";"";"";"Abaltzisketa";"%";1,4
2022;"Mujer";"Total";"";"";"Abanto y Ciérvana-Abanto Zierbena";"%";14
2022;"Mujer";"Total";"";"";"Aduna";"%";3,4
2022;"Mujer";"Total";"";"";"Agurain/Salvatierra";"%";15,4
2022;"Mujer";"Total";"";"";"Aia";"%";6,1
2022;"Mujer";"Total";"";"";"Aizarnazabal";"%";12,5
2022;"Mujer";"Total";"";"";"Ajangiz";"%";8,4
2022;"Mujer";"Total";"";"";"Albiztur";"%";4,3
2022;"Mujer";"Total";"";"";"Alegia";"%";9,6
2022;"Mujer";"Total";"";"";"Alegría-Dulantzi";"%";12,4
2022;"Mujer";"Total";"";"";"Alkiza";"%";8,5
2022;"Mujer";"Total";"";"";"Alonsotegi";"%";13,6
2022;"Mujer";"Total";"";"";"Altzaga";"%";0
2022;"Mujer";"Total";"";"";"Altzo";"%";7,8
2022;"Mujer";"Total";"";"";"Amezketa";"%";7,8
2022;"Mujer";"Total";"";"";"Amorebieta-Etxano";"%";9,8
2022;"Mujer";"Total";"";"";"Amoroto";"%";4,9
2022;"Mujer";"Total";"";"";"Amurrio";"%";11,8
2022;"Mujer";"Total";"";"";"Andoain";"%";10
2022;"Mujer";"Total";"";"";"Anoeta";"%";9,9
2022;"Mujer";"Total";"";"";"Antzuola";"%";7,1
2022;"Mujer";"Total";"";"";"Añana";"%";12,1
2022;"Mujer";"Total";"";"";"Arakaldo";"%";10,4
2022;"Mujer";"Total";"";"";"Arama";"%";8
2022;"Mujer";"Total";"";"";"Aramaio";"%";4,5
2022;"Mujer";"Total";"";"";"Arantzazu";"%";10,1
2022;"Mujer";"Total";"";"";"Areatza";"%";8,3
2022;"Mujer";"Total";"";"";"Aretxabaleta";"%";7
2022;"Mujer";"Total";"";"";"Armiñón";"%";3,3
2022;"Mujer";"Total";"";"";"Arraia-Maeztu";"%";5,5
2022;"Mujer";"Total";"";"";"Arrankudiaga-Zollo";"%";7,1
2022;"Mujer";"Total";"";"";"Arrasate/Mondragón";"%";9,7
2022;"Mujer";"Total";"";"";"Arratzu";"%";6,7
2022;"Mujer";"Total";"";"";"Arratzua-Ubarrundia";"%";8,1
2022;"Mujer";"Total";"";"";"Arrieta";"%";6,9
2022;"Mujer";"Total";"";"";"Arrigorriaga";"%";11,7
2022;"Mujer";"Total";"";"";"Artea";"%";8,6
2022;"Mujer";"Total";"";"";"Artzentales";"%";14,2
2022;"Mujer";"Total";"";"";"Artziniega";"%";10,6
2022;"Mujer";"Total";"";"";"Asparrena";"%";13,1
2022;"Mujer";"Total";"";"";"Asteasu";"%";7,6
2022;"Mujer";"Total";"";"";"Astigarraga";"%";7,3
2022;"Mujer";"Total";"";"";"Ataun";"%";4,9
2022;"Mujer";"Total";"";"";"Atxondo";"%";9
2022;"Mujer";"Total";"";"";"Aulesti";"%";9
2022;"Mujer";"Total";"";"";"Ayala/Aiara";"%";8,4
2022;"Mujer";"Total";"";"";"Azkoitia";"%";8,7
2022;"Mujer";"Total";"";"";"Azpeitia";"%";7,9
2022;"Mujer";"Total";"";"";"Bakio";"%";8,1
2022;"Mujer";"Total";"";"";"Baliarrain";"%";11,4
2022;"Mujer";"Total";"";"";"Balmaseda";"%";18,4
2022;"Mujer";"Total";"";"";"Baños de Ebro/Mañueta";"%";11,1
2022;"Mujer";"Total";"";"";"Barakaldo";"%";12,9
2022;"Mujer";"Total";"";"";"Barrika";"%";9,6
2022;"Mujer";"Total";"";"";"Barrundia";"%";6,6
2022;"Mujer";"Total";"";"";"Basauri";"%";15
2022;"Mujer";"Total";"";"";"Beasain";"%";9,4
2022;"Mujer";"Total";"";"";"Bedia";"%";11,9
2022;"Mujer";"Total";"";"";"Beizama";"%";10
2022;"Mujer";"Total";"";"";"Belauntza";"%";9,4
2022;"Mujer";"Total";"";"";"Berango";"%";8,7
2022;"Mujer";"Total";"";"";"Berantevilla";"%";9,6
2022;"Mujer";"Total";"";"";"Berastegi";"%";4,7
2022;"Mujer";"Total";"";"";"Bergara";"%";8,2
2022;"Mujer";"Total";"";"";"Bermeo";"%";11,8
2022;"Mujer";"Total";"";"";"Bernedo";"%";8,3
2022;"Mujer";"Total";"";"";"Berriatua";"%";6
2022;"Mujer";"Total";"";"";"Berriz";"%";10,6
2022;"Mujer";"Total";"";"";"Berrobi";"%";9,2
2022;"Mujer";"Total";"";"";"Bidania-Goiatz";"%";6,5
2022;"Mujer";"Total";"";"";"Bilbao";"%";13,5
2022;"Mujer";"Total";"";"";"Busturia";"%";9,5
2022;"Mujer";"Total";"";"";"Campezo/Kanpezu";"%";10,3
2022;"Mujer";"Total";"";"";"Deba";"%";7,9
2022;"Mujer";"Total";"";"";"Derio";"%";9
2022;"Mujer";"Total";"";"";"Dima";"%";6,9
2022;"Mujer";"Total";"";"";"Donostia / San Sebastián";"%";8,3
2022;"Mujer";"Total";"";"";"Durango";"%";9,3
2022;"Mujer";"Total";"";"";"Ea";"%";8,1
2022;"Mujer";"Total";"";"";"Eibar";"%";12,5
2022;"Mujer";"Total";"";"";"Elantxobe";"%";16,9
2022;"Mujer";"Total";"";"";"Elburgo/Burgelu";"%";6
2022;"Mujer";"Total";"";"";"Elciego";"%";10
2022;"Mujer";"Total";"";"";"Elduain";"%";7,9
2022;"Mujer";"Total";"";"";"Elgeta";"%";5,1
2022;"Mujer";"Total";"";"";"Elgoibar";"%";10,6
2022;"Mujer";"Total";"";"";"Elorrio";"%";9,1
2022;"Mujer";"Total";"";"";"Elvillar/Bilar";"%";7,2
2022;"Mujer";"Total";"";"";"Erandio";"%";10,7
2022;"Mujer";"Total";"";"";"Ereño";"%";8,8
2022;"Mujer";"Total";"";"";"Ermua";"%";14,2
2022;"Mujer";"Total";"";"";"Errenteria";"%";9,9
2022;"Mujer";"Total";"";"";"Errezil";"%";5,9
2022;"Mujer";"Total";"";"";"Erriberagoitia/Ribera Alta";"%";8,7
2022;"Mujer";"Total";"";"";"Errigoiti";"%";10,5
2022;"Mujer";"Total";"";"";"Eskoriatza";"%";8,2
2022;"Mujer";"Total";"";"";"Etxebarri";"%";9,1
2022;"Mujer";"Total";"";"";"Etxebarria";"%";7,9
2022;"Mujer";"Total";"";"";"Ezkio-Itsaso";"%";9,7
2022;"Mujer";"Total";"";"";"Forua";"%";11,8
2022;"Mujer";"Total";"";"";"Fruiz";"%";8,4
2022;"Mujer";"Total";"";"";"Gabiria";"%";4,8
2022;"Mujer";"Total";"";"";"Gaintza";"%";0
2022;"Mujer";"Total";"";"";"Galdakao";"%";10,3
2022;"Mujer";"Total";"";"";"Galdames";"%";12,9
2022;"Mujer";"Total";"";"";"Gamiz-Fika";"%";6,5
2022;"Mujer";"Total";"";"";"Garai";"%";1,3
2022;"Mujer";"Total";"";"";"Gatika";"%";9,9
2022;"Mujer";"Total";"";"";"Gautegiz Arteaga";"%";4,3
2022;"Mujer";"Total";"";"";"Gaztelu";"%";10,5
2022;"Mujer";"Total";"";"";"Gernika-Lumo";"%";9,8
2022;"Mujer";"Total";"";"";"Getaria";"%";7,2
2022;"Mujer";"Total";"";"";"Getxo";"%";9,2
2022;"Mujer";"Total";"";"";"Gizaburuaga";"%";6,3
2022;"Mujer";"Total";"";"";"Gordexola";"%";10,3
2022;"Mujer";"Total";"";"";"Gorliz";"%";9,8
2022;"Mujer";"Total";"";"";"Güeñes";"%";13,1
2022;"Mujer";"Total";"";"";"Harana/Valle de Arana";"%";14,3
2022;"Mujer";"Total";"";"";"Hernani";"%";9
2022;"Mujer";"Total";"";"";"Hernialde";"%";11,7
2022;"Mujer";"Total";"";"";"Hondarribia";"%";8,8
2022;"Mujer";"Total";"";"";"Ibarra";"%";9,6
2022;"Mujer";"Total";"";"";"Ibarrangelu";"%";9
2022;"Mujer";"Total";"";"";"Idiazabal";"%";6,8
2022;"Mujer";"Total";"";"";"Igorre";"%";11
2022;"Mujer";"Total";"";"";"Ikaztegieta";"%";12,9
2022;"Mujer";"Total";"";"";"Irun";"%";12,8
2022;"Mujer";"Total";"";"";"Iruña Oka/Iruña de Oca";"%";9,1
2022;"Mujer";"Total";"";"";"Irura";"%";10,2
2022;"Mujer";"Total";"";"";"Iruraiz-Gauna";"%";4
2022;"Mujer";"Total";"";"";"Ispaster";"%";5,9
2022;"Mujer";"Total";"";"";"Itsasondo";"%";9
2022;"Mujer";"Total";"";"";"Iurreta";"%";10,2
2022;"Mujer";"Total";"";"";"Izurtza";"%";4,5
2022;"Mujer";"Total";"";"";"Karrantza Harana/Valle de Carranza";"%";15,2
2022;"Mujer";"Total";"";"";"Kortezubi";"%";3,7
2022;"Mujer";"Total";"";"";"Kripan";"%";0
2022;"Mujer";"Total";"";"";"Kuartango";"%";8
2022;"Mujer";"Total";"";"";"Labastida/Bastida";"%";15,7
2022;"Mujer";"Total";"";"";"Lagrán";"%";9,1
2022;"Mujer";"Total";"";"";"Laguardia";"%";8
2022;"Mujer";"Total";"";"";"Lanciego/Lantziego";"%";19,6
2022;"Mujer";"Total";"";"";"Lanestosa";"%";12,3
2022;"Mujer";"Total";"";"";"Lantarón";"%";10,7
2022;"Mujer";"Total";"";"";"Lapuebla de Labarca";"%";15,3
2022;"Mujer";"Total";"";"";"Larrabetzu";"%";5,7
2022;"Mujer";"Total";"";"";"Larraul";"%";5,1
2022;"Mujer";"Total";"";"";"Lasarte-Oria";"%";8,7
2022;"Mujer";"Total";"";"";"Laudio/Llodio";"%";12,4
2022;"Mujer";"Total";"";"";"Laukiz";"%";9,4
2022;"Mujer";"Total";"";"";"Lazkao";"%";9,4
2022;"Mujer";"Total";"";"";"Leaburu";"%";11,8
2022;"Mujer";"Total";"";"";"Legazpi";"%";9,6
2022;"Mujer";"Total";"";"";"Legorreta";"%";6,5
2022;"Mujer";"Total";"";"";"Legutio";"%";11,4
2022;"Mujer";"Total";"";"";"Leintz-Gatzaga";"%";10,3
2022;"Mujer";"Total";"";"";"Leioa";"%";10,1
2022;"Mujer";"Total";"";"";"Lekeitio";"%";8,5
2022;"Mujer";"Total";"";"";"Lemoa";"%";11,7
2022;"Mujer";"Total";"";"";"Lemoiz";"%";8,6
2022;"Mujer";"Total";"";"";"Leza";"%";7,9
2022;"Mujer";"Total";"";"";"Lezama";"%";8,6
2022;"Mujer";"Total";"";"";"Lezo";"%";8,1
2022;"Mujer";"Total";"";"";"Lizartza";"%";9,5
2022;"Mujer";"Total";"";"";"Loiu";"%";8,2
2022;"Mujer";"Total";"";"";"Mallabia";"%";10,7
2022;"Mujer";"Total";"";"";"Mañaria";"%";7,9
2022;"Mujer";"Total";"";"";"Markina-Xemein";"%";7,7
2022;"Mujer";"Total";"";"";"Maruri-Jatabe";"%";6,9
2022;"Mujer";"Total";"";"";"Mendaro";"%";9,7
2022;"Mujer";"Total";"";"";"Mendata";"%";4,9
2022;"Mujer";"Total";"";"";"Mendexa";"%";5,1
2022;"Mujer";"Total";"";"";"Meñaka";"%";3,6
2022;"Mujer";"Total";"";"";"Moreda de Álava/Moreda Araba";"%";5,1
2022;"Mujer";"Total";"";"";"Morga";"%";8,4
2022;"Mujer";"Total";"";"";"Mundaka";"%";8,1
2022;"Mujer";"Total";"";"";"Mungia";"%";9,3
2022;"Mujer";"Total";"";"";"Munitibar-Arbatzegi Gerrikaitz";"%";6,4
2022;"Mujer";"Total";"";"";"Murueta";"%";8,4
2022;"Mujer";"Total";"";"";"Muskiz";"%";13,1
2022;"Mujer";"Total";"";"";"Mutiloa";"%";11,3
2022;"Mujer";"Total";"";"";"Mutriku";"%";9,5
2022;"Mujer";"Total";"";"";"Muxika";"%";6,6
2022;"Mujer";"Total";"";"";"Nabarniz";"%";9,9
2022;"Mujer";"Total";"";"";"Navaridas";"%";6,5
2022;"Mujer";"Total";"";"";"Oiartzun";"%";7,1
2022;"Mujer";"Total";"";"";"Okondo";"%";9,2
2022;"Mujer";"Total";"";"";"Olaberria";"%";10,9
2022;"Mujer";"Total";"";"";"Ondarroa";"%";10,8
2022;"Mujer";"Total";"";"";"Oñati";"%";6,2
2022;"Mujer";"Total";"";"";"Ordizia";"%";10,7
2022;"Mujer";"Total";"";"";"Orendain";"%";6,5
2022;"Mujer";"Total";"";"";"Orexa";"%";9,1
2022;"Mujer";"Total";"";"";"Orio";"%";8,4
2022;"Mujer";"Total";"";"";"Ormaiztegi";"%";8,8
2022;"Mujer";"Total";"";"";"Orozko";"%";11,2
2022;"Mujer";"Total";"";"";"Ortuella";"%";15,8
2022;"Mujer";"Total";"";"";"Otxandio";"%";10,7
2022;"Mujer";"Total";"";"";"Oyón-Oion";"%";18
2022;"Mujer";"Total";"";"";"Pasaia";"%";10,2
2022;"Mujer";"Total";"";"";"Peñacerrada-Urizaharra";"%";2,8
2022;"Mujer";"Total";"";"";"Plentzia";"%";10,3
2022;"Mujer";"Total";"";"";"Portugalete";"%";13,4
2022;"Mujer";"Total";"";"";"Ribera Baja/Erriberabeitia";"%";10,9
2022;"Mujer";"Total";"";"";"Samaniego";"%";3,8
2022;"Mujer";"Total";"";"";"San Millán/Donemiliaga";"%";5,6
2022;"Mujer";"Total";"";"";"Santurtzi";"%";15,5
2022;"Mujer";"Total";"";"";"Segura";"%";4,3
2022;"Mujer";"Total";"";"";"Sestao";"%";16,2
2022;"Mujer";"Total";"";"";"Sondika";"%";10
2022;"Mujer";"Total";"";"";"Sopela";"%";9,8
2022;"Mujer";"Total";"";"";"Sopuerta";"%";10,2
2022;"Mujer";"Total";"";"";"Soraluze-Placencia de las Armas";"%";16
2022;"Mujer";"Total";"";"";"Sukarrieta";"%";15,8
2022;"Mujer";"Total";"";"";"Tolosa";"%";7,8
2022;"Mujer";"Total";"";"";"Trucios-Turtzioz";"%";9,5
2022;"Mujer";"Total";"";"";"Ubide";"%";5,1
2022;"Mujer";"Total";"";"";"Ugao-Miraballes";"%";12,5
2022;"Mujer";"Total";"";"";"Urduliz";"%";8,3
2022;"Mujer";"Total";"";"";"Urduña/Orduña";"%";13,5
2022;"Mujer";"Total";"";"";"Urkabustaiz";"%";10
2022;"Mujer";"Total";"";"";"Urnieta";"%";9,1
2022;"Mujer";"Total";"";"";"Urretxu";"%";8
2022;"Mujer";"Total";"";"";"Usurbil";"%";7,3
2022;"Mujer";"Total";"";"";"Valdegovía/Gaubea";"%";11,9
2022;"Mujer";"Total";"";"";"Valle de Trápaga-Trapagaran";"%";12
2022;"Mujer";"Total";"";"";"Villabona";"%";10,9
2022;"Mujer";"Total";"";"";"Villabuena de Álava/Eskuernaga";"%";4,9
2022;"Mujer";"Total";"";"";"Vitoria-Gasteiz";"%";11,7
2022;"Mujer";"Total";"";"";"Yécora/Iekora";"%";8,8
2022;"Mujer";"Total";"";"";"Zaldibar";"%";9,3
2022;"Mujer";"Total";"";"";"Zaldibia";"%";9,2
2022;"Mujer";"Total";"";"";"Zalduondo";"%";6,8
2022;"Mujer";"Total";"";"";"Zalla";"%";14,3
2022;"Mujer";"Total";"";"";"Zambrana";"%";14,1
2022;"Mujer";"Total";"";"";"Zamudio";"%";9,9
2022;"Mujer";"Total";"";"";"Zaratamo";"%";14,7
2022;"Mujer";"Total";"";"";"Zarautz";"%";7,5
2022;"Mujer";"Total";"";"";"Zeanuri";"%";7,1
2022;"Mujer";"Total";"";"";"Zeberio";"%";7,5
2022;"Mujer";"Total";"";"";"Zegama";"%";8,2
2022;"Mujer";"Total";"";"";"Zerain";"%";1,4
2022;"Mujer";"Total";"";"";"Zestoa";"%";9,7
2022;"Mujer";"Total";"";"";"Zierbena";"%";10,5
2022;"Mujer";"Total";"";"";"Zigoitia";"%";6,6
2022;"Mujer";"Total";"";"";"Ziortza-Bolibar";"%";5,5
2022;"Mujer";"Total";"";"";"Zizurkil";"%";8,2
2022;"Mujer";"Total";"";"";"Zuia";"%";6,4
2022;"Mujer";"Total";"";"";"Zumaia";"%";9,1
2022;"Mujer";"Total";"";"";"Zumarraga";"%";11,1
2022;"Mujer";"Total";"";"";"Añana (comarca)";"%";10,3
2022;"Mujer";"Total";"";"";"Arabako Errioxa / Rioja Alavesa";"%";13,2
2022;"Mujer";"Total";"";"";"Arabako Kantaurialdea / Cantábrica Alavesa";"%";11,7
2022;"Mujer";"Total";"";"";"Arabako Lautada / Llanada Alavesa";"%";11,7
2022;"Mujer";"Total";"";"";"Arabako Mendialdea / Montaña Alavesa";"%";8,1
2022;"Mujer";"Total";"";"";"Arratia-Nerbioi / Arratia-Nervión";"%";10,5
2022;"Mujer";"Total";"";"";"Bidasoa Beherea / Bajo Bidasoa";"%";11,9
2022;"Mujer";"Total";"";"";"Bilbo Handia / Gran Bilbao";"%";12,7
2022;"Mujer";"Total";"";"";"Debabarrena / Bajo Deba";"%";11,4
2022;"Mujer";"Total";"";"";"Debagoiena / Alto Deba";"%";8,1
2022;"Mujer";"Total";"";"";"Donostialdea";"%";8,6
2022;"Mujer";"Total";"";"";"Durangaldea / Duranguesado";"%";10,4
2022;"Mujer";"Total";"";"";"Enkartazioak / Encartaciones";"%";14,4
2022;"Mujer";"Total";"";"";"Gernika-Bermeo";"%";10,1
2022;"Mujer";"Total";"";"";"Goierri";"%";9,3
2022;"Mujer";"Total";"";"";"Gorbeialdea / Estribaciones del Gorbea";"%";7,9
2022;"Mujer";"Total";"";"";"Markina-Ondarroa";"%";8,7
2022;"Mujer";"Total";"";"";"Plentzia-Mungia";"%";9,2
2022;"Mujer";"Total";"";"";"Tolosaldea";"%";8,5
2022;"Mujer";"Total";"";"";"Urola Kosta";"%";8,1
2022;"Mujer";"Total";"";"";"Araba/Álava";"%";9,5
2022;"Mujer";"Total";"";"";"Bizkaia";"%";10,1
2022;"Mujer";"Total";"";"";"Gipuzkoa";"%";7,3
2019;"Mujer";"Total";"";"";"C.A. de Euskadi";"%";10,7
2019;"Mujer";"Total";"";"";"Abadiño";"%";10,2
2019;"Mujer";"Total";"";"";"Abaltzisketa";"%";6
2019;"Mujer";"Total";"";"";"Abanto y Ciérvana-Abanto Zierbena";"%";14,7
2019;"Mujer";"Total";"";"";"Aduna";"%";3,6
2019;"Mujer";"Total";"";"";"Agurain/Salvatierra";"%";17,6
2019;"Mujer";"Total";"";"";"Aia";"%";7
2019;"Mujer";"Total";"";"";"Aizarnazabal";"%";12,7
2019;"Mujer";"Total";"";"";"Ajangiz";"%";3,4
2019;"Mujer";"Total";"";"";"Albiztur";"%";4,4
2019;"Mujer";"Total";"";"";"Alegia";"%";11,9
2019;"Mujer";"Total";"";"";"Alegría-Dulantzi";"%";12,8
2019;"Mujer";"Total";"";"";"Alkiza";"%";12,8
2019;"Mujer";"Total";"";"";"Alonsotegi";"%";17,3
2019;"Mujer";"Total";"";"";"Altzaga";"%";8,1
2019;"Mujer";"Total";"";"";"Altzo";"%";3,5
2019;"Mujer";"Total";"";"";"Amezketa";"%";12
2019;"Mujer";"Total";"";"";"Amorebieta-Etxano";"%";10,2
2019;"Mujer";"Total";"";"";"Amoroto";"%";11,4
2019;"Mujer";"Total";"";"";"Amurrio";"%";12,9
2019;"Mujer";"Total";"";"";"Andoain";"%";11,2
2019;"Mujer";"Total";"";"";"Anoeta";"%";11,6
2019;"Mujer";"Total";"";"";"Antzuola";"%";6,8
2019;"Mujer";"Total";"";"";"Añana";"%";0
2019;"Mujer";"Total";"";"";"Arakaldo";"%";14,6
2019;"Mujer";"Total";"";"";"Arama";"%";4,3
2019;"Mujer";"Total";"";"";"Aramaio";"%";4,4
2019;"Mujer";"Total";"";"";"Arantzazu";"%";10,5
2019;"Mujer";"Total";"";"";"Areatza";"%";14
2019;"Mujer";"Total";"";"";"Aretxabaleta";"%";9
2019;"Mujer";"Total";"";"";"Armiñón";"%";11,5
2019;"Mujer";"Total";"";"";"Arraia-Maeztu";"%";6,2
2019;"Mujer";"Total";"";"";"Arrankudiaga-Zollo";"%";9,3
2019;"Mujer";"Total";"";"";"Arrasate/Mondragón";"%";11,4
2019;"Mujer";"Total";"";"";"Arratzu";"%";7,4
2019;"Mujer";"Total";"";"";"Arratzua-Ubarrundia";"%";8,3
2019;"Mujer";"Total";"";"";"Arrieta";"%";9
2019;"Mujer";"Total";"";"";"Arrigorriaga";"%";12,8
2019;"Mujer";"Total";"";"";"Artea";"%";7,3
2019;"Mujer";"Total";"";"";"Artzentales";"%";16,7
2019;"Mujer";"Total";"";"";"Artziniega";"%";12,4
2019;"Mujer";"Total";"";"";"Asparrena";"%";15,4
2019;"Mujer";"Total";"";"";"Asteasu";"%";7
2019;"Mujer";"Total";"";"";"Astigarraga";"%";8,8
2019;"Mujer";"Total";"";"";"Ataun";"%";8,9
2019;"Mujer";"Total";"";"";"Atxondo";"%";7,5
2019;"Mujer";"Total";"";"";"Aulesti";"%";8,4
2019;"Mujer";"Total";"";"";"Ayala/Aiara";"%";11,4
2019;"Mujer";"Total";"";"";"Azkoitia";"%";11,3
2019;"Mujer";"Total";"";"";"Azpeitia";"%";9,4
2019;"Mujer";"Total";"";"";"Bakio";"%";9,6
2019;"Mujer";"Total";"";"";"Baliarrain";"%";6,1
2019;"Mujer";"Total";"";"";"Balmaseda";"%";20,1
2019;"Mujer";"Total";"";"";"Baños de Ebro/Mañueta";"%";9,8
2019;"Mujer";"Total";"";"";"Barakaldo";"%";13,8
2019;"Mujer";"Total";"";"";"Barrika";"%";12,6
2019;"Mujer";"Total";"";"";"Barrundia";"%";3,8
2019;"Mujer";"Total";"";"";"Basauri";"%";15
2019;"Mujer";"Total";"";"";"Beasain";"%";10,7
2019;"Mujer";"Total";"";"";"Bedia";"%";10,9
2019;"Mujer";"Total";"";"";"Beizama";"%";15,4
2019;"Mujer";"Total";"";"";"Belauntza";"%";13
2019;"Mujer";"Total";"";"";"Berango";"%";11,1
2019;"Mujer";"Total";"";"";"Berantevilla";"%";13,8
2019;"Mujer";"Total";"";"";"Berastegi";"%";8,9
2019;"Mujer";"Total";"";"";"Bergara";"%";8,6
2019;"Mujer";"Total";"";"";"Bermeo";"%";15,1
2019;"Mujer";"Total";"";"";"Bernedo";"%";4,2
2019;"Mujer";"Total";"";"";"Berriatua";"%";10,8
2019;"Mujer";"Total";"";"";"Berriz";"%";11,9
2019;"Mujer";"Total";"";"";"Berrobi";"%";11,4
2019;"Mujer";"Total";"";"";"Bidania-Goiatz";"%";6,7
2019;"Mujer";"Total";"";"";"Bilbao";"%";13,9
2019;"Mujer";"Total";"";"";"Busturia";"%";11,2
2019;"Mujer";"Total";"";"";"Campezo/Kanpezu";"%";9,7
2019;"Mujer";"Total";"";"";"Deba";"%";7,9
2019;"Mujer";"Total";"";"";"Derio";"%";9,5
2019;"Mujer";"Total";"";"";"Dima";"%";7
2019;"Mujer";"Total";"";"";"Donostia / San Sebastián";"%";8,9
2019;"Mujer";"Total";"";"";"Durango";"%";9,7
2019;"Mujer";"Total";"";"";"Ea";"%";9,8
2019;"Mujer";"Total";"";"";"Eibar";"%";13,4
2019;"Mujer";"Total";"";"";"Elantxobe";"%";17,5
2019;"Mujer";"Total";"";"";"Elburgo/Burgelu";"%";7,4
2019;"Mujer";"Total";"";"";"Elciego";"%";14,5
2019;"Mujer";"Total";"";"";"Elduain";"%";6,8
2019;"Mujer";"Total";"";"";"Elgeta";"%";7,6
2019;"Mujer";"Total";"";"";"Elgoibar";"%";11,4
2019;"Mujer";"Total";"";"";"Elorrio";"%";10,4
2019;"Mujer";"Total";"";"";"Elvillar/Bilar";"%";9
2019;"Mujer";"Total";"";"";"Erandio";"%";12
2019;"Mujer";"Total";"";"";"Ereño";"%";8,6
2019;"Mujer";"Total";"";"";"Ermua";"%";13,5
2019;"Mujer";"Total";"";"";"Errenteria";"%";11,1
2019;"Mujer";"Total";"";"";"Errezil";"%";9,6
2019;"Mujer";"Total";"";"";"Erriberagoitia/Ribera Alta";"%";12,8
2019;"Mujer";"Total";"";"";"Errigoiti";"%";8,2
2019;"Mujer";"Total";"";"";"Eskoriatza";"%";8
2019;"Mujer";"Total";"";"";"Etxebarri";"%";11,7
2019;"Mujer";"Total";"";"";"Etxebarria";"%";7
2019;"Mujer";"Total";"";"";"Ezkio-Itsaso";"%";2,1
2019;"Mujer";"Total";"";"";"Forua";"%";12,3
2019;"Mujer";"Total";"";"";"Fruiz";"%";12,3
2019;"Mujer";"Total";"";"";"Gabiria";"%";4,8
2019;"Mujer";"Total";"";"";"Gaintza";"%";4,2
2019;"Mujer";"Total";"";"";"Galdakao";"%";11,2
2019;"Mujer";"Total";"";"";"Galdames";"%";16,6
2019;"Mujer";"Total";"";"";"Gamiz-Fika";"%";8
2019;"Mujer";"Total";"";"";"Garai";"%";3,8
2019;"Mujer";"Total";"";"";"Gatika";"%";8,9
2019;"Mujer";"Total";"";"";"Gautegiz Arteaga";"%";8,7
2019;"Mujer";"Total";"";"";"Gaztelu";"%";6,3
2019;"Mujer";"Total";"";"";"Gernika-Lumo";"%";10,8
2019;"Mujer";"Total";"";"";"Getaria";"%";8,8
2019;"Mujer";"Total";"";"";"Getxo";"%";10,2
2019;"Mujer";"Total";"";"";"Gizaburuaga";"%";14,9
2019;"Mujer";"Total";"";"";"Gordexola";"%";10,8
2019;"Mujer";"Total";"";"";"Gorliz";"%";11,9
2019;"Mujer";"Total";"";"";"Güeñes";"%";14,8
2019;"Mujer";"Total";"";"";"Harana/Valle de Arana";"%";5,7
2019;"Mujer";"Total";"";"";"Hernani";"%";9,4
2019;"Mujer";"Total";"";"";"Hernialde";"%";7,8
2019;"Mujer";"Total";"";"";"Hondarribia";"%";9,9
2019;"Mujer";"Total";"";"";"Ibarra";"%";13,1
2019;"Mujer";"Total";"";"";"Ibarrangelu";"%";12,7
2019;"Mujer";"Total";"";"";"Idiazabal";"%";7,2
2019;"Mujer";"Total";"";"";"Igorre";"%";14
2019;"Mujer";"Total";"";"";"Ikaztegieta";"%";15,8
2019;"Mujer";"Total";"";"";"Irun";"%";13,1
2019;"Mujer";"Total";"";"";"Iruña Oka/Iruña de Oca";"%";10,7
2019;"Mujer";"Total";"";"";"Irura";"%";11
2019;"Mujer";"Total";"";"";"Iruraiz-Gauna";"%";4,9
2019;"Mujer";"Total";"";"";"Ispaster";"%";10,7
2019;"Mujer";"Total";"";"";"Itsasondo";"%";12
2019;"Mujer";"Total";"";"";"Iurreta";"%";13
2019;"Mujer";"Total";"";"";"Izurtza";"%";13,2
2019;"Mujer";"Total";"";"";"Karrantza Harana/Valle de Carranza";"%";19,8
2019;"Mujer";"Total";"";"";"Kortezubi";"%";5
2019;"Mujer";"Total";"";"";"Kripan";"%";6,5
2019;"Mujer";"Total";"";"";"Kuartango";"%";12,7
2019;"Mujer";"Total";"";"";"Labastida/Bastida";"%";16,4
2019;"Mujer";"Total";"";"";"Lagrán";"%";6,9
2019;"Mujer";"Total";"";"";"Laguardia";"%";10,3
2019;"Mujer";"Total";"";"";"Lanciego/Lantziego";"%";20,3
2019;"Mujer";"Total";"";"";"Lanestosa";"%";22,9
2019;"Mujer";"Total";"";"";"Lantarón";"%";6,3
2019;"Mujer";"Total";"";"";"Lapuebla de Labarca";"%";18,8
2019;"Mujer";"Total";"";"";"Larrabetzu";"%";5,6
2019;"Mujer";"Total";"";"";"Larraul";"%";11,1
2019;"Mujer";"Total";"";"";"Lasarte-Oria";"%";9,6
2019;"Mujer";"Total";"";"";"Laudio/Llodio";"%";14,1
2019;"Mujer";"Total";"";"";"Laukiz";"%";8,1
2019;"Mujer";"Total";"";"";"Lazkao";"%";9,4
2019;"Mujer";"Total";"";"";"Leaburu";"%";16
2019;"Mujer";"Total";"";"";"Legazpi";"%";9,5
2019;"Mujer";"Total";"";"";"Legorreta";"%";8,6
2019;"Mujer";"Total";"";"";"Legutio";"%";13
2019;"Mujer";"Total";"";"";"Leintz-Gatzaga";"%";5,9
2019;"Mujer";"Total";"";"";"Leioa";"%";10,6
2019;"Mujer";"Total";"";"";"Lekeitio";"%";10,7
2019;"Mujer";"Total";"";"";"Lemoa";"%";13,3
2019;"Mujer";"Total";"";"";"Lemoiz";"%";8
2019;"Mujer";"Total";"";"";"Leza";"%";7,3
2019;"Mujer";"Total";"";"";"Lezama";"%";8,9
2019;"Mujer";"Total";"";"";"Lezo";"%";10,2
2019;"Mujer";"Total";"";"";"Lizartza";"%";14
2019;"Mujer";"Total";"";"";"Loiu";"%";9,6
2019;"Mujer";"Total";"";"";"Mallabia";"%";9,6
2019;"Mujer";"Total";"";"";"Mañaria";"%";7,4
2019;"Mujer";"Total";"";"";"Markina-Xemein";"%";7,4
2019;"Mujer";"Total";"";"";"Maruri-Jatabe";"%";8
2019;"Mujer";"Total";"";"";"Mendaro";"%";9,9
2019;"Mujer";"Total";"";"";"Mendata";"%";7,2
2019;"Mujer";"Total";"";"";"Mendexa";"%";4,5
2019;"Mujer";"Total";"";"";"Meñaka";"%";8,7
2019;"Mujer";"Total";"";"";"Moreda de Álava/Moreda Araba";"%";11,7
2019;"Mujer";"Total";"";"";"Morga";"%";13
2019;"Mujer";"Total";"";"";"Mundaka";"%";8,7
2019;"Mujer";"Total";"";"";"Mungia";"%";11,5
2019;"Mujer";"Total";"";"";"Munitibar-Arbatzegi Gerrikaitz";"%";6,4
2019;"Mujer";"Total";"";"";"Murueta";"%";7,1
2019;"Mujer";"Total";"";"";"Muskiz";"%";14,1
2019;"Mujer";"Total";"";"";"Mutiloa";"%";4,2
2019;"Mujer";"Total";"";"";"Mutriku";"%";12,5
2019;"Mujer";"Total";"";"";"Muxika";"%";9,3
2019;"Mujer";"Total";"";"";"Nabarniz";"%";9,9
2019;"Mujer";"Total";"";"";"Navaridas";"%";13,9
2019;"Mujer";"Total";"";"";"Oiartzun";"%";7,7
2019;"Mujer";"Total";"";"";"Okondo";"%";13,5
2019;"Mujer";"Total";"";"";"Olaberria";"%";13,3
2019;"Mujer";"Total";"";"";"Ondarroa";"%";14,6
2019;"Mujer";"Total";"";"";"Oñati";"%";6,6
2019;"Mujer";"Total";"";"";"Ordizia";"%";10,5
2019;"Mujer";"Total";"";"";"Orendain";"%";4,2
2019;"Mujer";"Total";"";"";"Orexa";"%";8,3
2019;"Mujer";"Total";"";"";"Orio";"%";9,3
2019;"Mujer";"Total";"";"";"Ormaiztegi";"%";10,2
2019;"Mujer";"Total";"";"";"Orozko";"%";9,8
2019;"Mujer";"Total";"";"";"Ortuella";"%";16,2
2019;"Mujer";"Total";"";"";"Otxandio";"%";8
2019;"Mujer";"Total";"";"";"Oyón-Oion";"%";24,7
2019;"Mujer";"Total";"";"";"Pasaia";"%";11,7
2019;"Mujer";"Total";"";"";"Peñacerrada-Urizaharra";"%";6,3
2019;"Mujer";"Total";"";"";"Plentzia";"%";11,5
2019;"Mujer";"Total";"";"";"Portugalete";"%";14,3
2019;"Mujer";"Total";"";"";"Ribera Baja/Erriberabeitia";"%";16,7
2019;"Mujer";"Total";"";"";"Samaniego";"%";2,5
2019;"Mujer";"Total";"";"";"San Millán/Donemiliaga";"%";7,1
2019;"Mujer";"Total";"";"";"Santurtzi";"%";16,2
2019;"Mujer";"Total";"";"";"Segura";"%";7,2
2019;"Mujer";"Total";"";"";"Sestao";"%";18,4
2019;"Mujer";"Total";"";"";"Sondika";"%";9,9
2019;"Mujer";"Total";"";"";"Sopela";"%";10,5
2019;"Mujer";"Total";"";"";"Sopuerta";"%";11,5
2019;"Mujer";"Total";"";"";"Soraluze-Placencia de las Armas";"%";14,6
2019;"Mujer";"Total";"";"";"Sukarrieta";"%";17,1
2019;"Mujer";"Total";"";"";"Tolosa";"%";9,3
2019;"Mujer";"Total";"";"";"Trucios-Turtzioz";"%";16,3
2019;"Mujer";"Total";"";"";"Ubide";"%";8,1
2019;"Mujer";"Total";"";"";"Ugao-Miraballes";"%";11,8
2019;"Mujer";"Total";"";"";"Urduliz";"%";8,8
2019;"Mujer";"Total";"";"";"Urduña/Orduña";"%";15,6
2019;"Mujer";"Total";"";"";"Urkabustaiz";"%";11,1
2019;"Mujer";"Total";"";"";"Urnieta";"%";9,2
2019;"Mujer";"Total";"";"";"Urretxu";"%";10,1
2019;"Mujer";"Total";"";"";"Usurbil";"%";8,2
2019;"Mujer";"Total";"";"";"Valdegovía/Gaubea";"%";13,7
2019;"Mujer";"Total";"";"";"Valle de Trápaga-Trapagaran";"%";13,5
2019;"Mujer";"Total";"";"";"Villabona";"%";11,7
2019;"Mujer";"Total";"";"";"Villabuena de Álava/Eskuernaga";"%";1,8
2019;"Mujer";"Total";"";"";"Vitoria-Gasteiz";"%";12,8
2019;"Mujer";"Total";"";"";"Yécora/Iekora";"%";8,3
2019;"Mujer";"Total";"";"";"Zaldibar";"%";11,2
2019;"Mujer";"Total";"";"";"Zaldibia";"%";9,1
2019;"Mujer";"Total";"";"";"Zalduondo";"%";0
2019;"Mujer";"Total";"";"";"Zalla";"%";16,1
2019;"Mujer";"Total";"";"";"Zambrana";"%";20,9
2019;"Mujer";"Total";"";"";"Zamudio";"%";10,1
2019;"Mujer";"Total";"";"";"Zaratamo";"%";13,1
2019;"Mujer";"Total";"";"";"Zarautz";"%";8,5
2019;"Mujer";"Total";"";"";"Zeanuri";"%";7,7
2019;"Mujer";"Total";"";"";"Zeberio";"%";8,3
2019;"Mujer";"Total";"";"";"Zegama";"%";7,1
2019;"Mujer";"Total";"";"";"Zerain";"%";5,4
2019;"Mujer";"Total";"";"";"Zestoa";"%";14
2019;"Mujer";"Total";"";"";"Zierbena";"%";12,1
2019;"Mujer";"Total";"";"";"Zigoitia";"%";7,7
2019;"Mujer";"Total";"";"";"Ziortza-Bolibar";"%";7,8
2019;"Mujer";"Total";"";"";"Zizurkil";"%";11
2019;"Mujer";"Total";"";"";"Zuia";"%";6,4
2019;"Mujer";"Total";"";"";"Zumaia";"%";9,1
2019;"Mujer";"Total";"";"";"Zumarraga";"%";12,5
2019;"Mujer";"Total";"";"";"Añana (comarca)";"%";13,3
2019;"Mujer";"Total";"";"";"Arabako Errioxa / Rioja Alavesa";"%";16,6
2019;"Mujer";"Total";"";"";"Arabako Kantaurialdea / Cantábrica Alavesa";"%";13,4
2019;"Mujer";"Total";"";"";"Arabako Lautada / Llanada Alavesa";"%";12,8
2019;"Mujer";"Total";"";"";"Arabako Mendialdea / Montaña Alavesa";"%";7,2
2019;"Mujer";"Total";"";"";"Arratia-Nerbioi / Arratia-Nervión";"%";11,5
2019;"Mujer";"Total";"";"";"Bidasoa Beherea / Bajo Bidasoa";"%";12,4
2019;"Mujer";"Total";"";"";"Bilbo Handia / Gran Bilbao";"%";13,5
2019;"Mujer";"Total";"";"";"Debabarrena / Bajo Deba";"%";12,3
2019;"Mujer";"Total";"";"";"Debagoiena / Alto Deba";"%";9,1
2019;"Mujer";"Total";"";"";"Donostialdea";"%";9,4
2019;"Mujer";"Total";"";"";"Durangaldea / Duranguesado";"%";10,8
2019;"Mujer";"Total";"";"";"Enkartazioak / Encartaciones";"%";16,5
2019;"Mujer";"Total";"";"";"Gernika-Bermeo";"%";12,1
2019;"Mujer";"Total";"";"";"Goierri";"%";10,1
2019;"Mujer";"Total";"";"";"Gorbeialdea / Estribaciones del Gorbea";"%";8,5
2019;"Mujer";"Total";"";"";"Markina-Ondarroa";"%";10,9
2019;"Mujer";"Total";"";"";"Plentzia-Mungia";"%";10,6
2019;"Mujer";"Total";"";"";"Tolosaldea";"%";10,2
2019;"Mujer";"Total";"";"";"Urola Kosta";"%";9,5
2019;"Mujer";"Total";"";"";"Araba/Álava";"%";11,7
2019;"Mujer";"Total";"";"";"Bizkaia";"%";12,1
2019;"Mujer";"Total";"";"";"Gipuzkoa";"%";7,9
2021;"Hombre";"Total";"";"";"C.A. de Euskadi";"%";9,8
2021;"Hombre";"Total";"";"";"Abadiño";"%";9,5
2021;"Hombre";"Total";"";"";"Abaltzisketa";"%";1,1
2021;"Hombre";"Total";"";"";"Abanto y Ciérvana-Abanto Zierbena";"%";12,9
2021;"Hombre";"Total";"";"";"Aduna";"%";0
2021;"Hombre";"Total";"";"";"Agurain/Salvatierra";"%";12
2021;"Hombre";"Total";"";"";"Aia";"%";4,7
2021;"Hombre";"Total";"";"";"Aizarnazabal";"%";9
2021;"Hombre";"Total";"";"";"Ajangiz";"%";7,4
2021;"Hombre";"Total";"";"";"Albiztur";"%";5,5
2021;"Hombre";"Total";"";"";"Alegia";"%";8,8
2021;"Hombre";"Total";"";"";"Alegría-Dulantzi";"%";10,4
2021;"Hombre";"Total";"";"";"Alkiza";"%";3,7
2021;"Hombre";"Total";"";"";"Alonsotegi";"%";12,2
2021;"Hombre";"Total";"";"";"Altzaga";"%";3,2
2021;"Hombre";"Total";"";"";"Altzo";"%";4,8
2021;"Hombre";"Total";"";"";"Amezketa";"%";8,7
2021;"Hombre";"Total";"";"";"Amorebieta-Etxano";"%";7,8
2021;"Hombre";"Total";"";"";"Amoroto";"%";5,8
2021;"Hombre";"Total";"";"";"Amurrio";"%";9,4
2021;"Hombre";"Total";"";"";"Andoain";"%";8,2
2021;"Hombre";"Total";"";"";"Anoeta";"%";6,2
2021;"Hombre";"Total";"";"";"Antzuola";"%";6,2
2021;"Hombre";"Total";"";"";"Añana";"%";6,3
2021;"Hombre";"Total";"";"";"Arakaldo";"%";15,4
2021;"Hombre";"Total";"";"";"Arama";"%";4,5
2021;"Hombre";"Total";"";"";"Aramaio";"%";6,9
2021;"Hombre";"Total";"";"";"Arantzazu";"%";10,3
2021;"Hombre";"Total";"";"";"Areatza";"%";9,2
2021;"Hombre";"Total";"";"";"Aretxabaleta";"%";5,7
2021;"Hombre";"Total";"";"";"Armiñón";"%";10,4
2021;"Hombre";"Total";"";"";"Arraia-Maeztu";"%";5,4
2021;"Hombre";"Total";"";"";"Arrankudiaga-Zollo";"%";8,7
2021;"Hombre";"Total";"";"";"Arrasate/Mondragón";"%";9,7
2021;"Hombre";"Total";"";"";"Arratzu";"%";3,5
2021;"Hombre";"Total";"";"";"Arratzua-Ubarrundia";"%";5,3
2021;"Hombre";"Total";"";"";"Arrieta";"%";5,7
2021;"Hombre";"Total";"";"";"Arrigorriaga";"%";10,1
2021;"Hombre";"Total";"";"";"Artea";"%";12,7
2021;"Hombre";"Total";"";"";"Artzentales";"%";11,9
2021;"Hombre";"Total";"";"";"Artziniega";"%";9,2
2021;"Hombre";"Total";"";"";"Asparrena";"%";13,1
2021;"Hombre";"Total";"";"";"Asteasu";"%";5,5
2021;"Hombre";"Total";"";"";"Astigarraga";"%";4,9
2021;"Hombre";"Total";"";"";"Ataun";"%";4,6
2021;"Hombre";"Total";"";"";"Atxondo";"%";11,1
2021;"Hombre";"Total";"";"";"Aulesti";"%";6,3
2021;"Hombre";"Total";"";"";"Ayala/Aiara";"%";6,1
2021;"Hombre";"Total";"";"";"Azkoitia";"%";7,6
2021;"Hombre";"Total";"";"";"Azpeitia";"%";6,9
2021;"Hombre";"Total";"";"";"Bakio";"%";11,1
2021;"Hombre";"Total";"";"";"Baliarrain";"%";7,5
2021;"Hombre";"Total";"";"";"Balmaseda";"%";12,3
2021;"Hombre";"Total";"";"";"Baños de Ebro/Mañueta";"%";11,1
2021;"Hombre";"Total";"";"";"Barakaldo";"%";11,9
2021;"Hombre";"Total";"";"";"Barrika";"%";14,6
2021;"Hombre";"Total";"";"";"Barrundia";"%";5
2021;"Hombre";"Total";"";"";"Basauri";"%";11,9
2021;"Hombre";"Total";"";"";"Beasain";"%";7,2
2021;"Hombre";"Total";"";"";"Bedia";"%";6,3
2021;"Hombre";"Total";"";"";"Beizama";"%";5
2021;"Hombre";"Total";"";"";"Belauntza";"%";0
2021;"Hombre";"Total";"";"";"Berango";"%";8,8
2021;"Hombre";"Total";"";"";"Berantevilla";"%";6,6
2021;"Hombre";"Total";"";"";"Berastegi";"%";1,7
2021;"Hombre";"Total";"";"";"Bergara";"%";7,4
2021;"Hombre";"Total";"";"";"Bermeo";"%";14,6
2021;"Hombre";"Total";"";"";"Bernedo";"%";8,1
2021;"Hombre";"Total";"";"";"Berriatua";"%";8,1
2021;"Hombre";"Total";"";"";"Berriz";"%";8,3
2021;"Hombre";"Total";"";"";"Berrobi";"%";10,1
2021;"Hombre";"Total";"";"";"Bidania-Goiatz";"%";8,6
2021;"Hombre";"Total";"";"";"Bilbao";"%";13
2021;"Hombre";"Total";"";"";"Busturia";"%";9,3
2021;"Hombre";"Total";"";"";"Campezo/Kanpezu";"%";9,7
2021;"Hombre";"Total";"";"";"Deba";"%";7,2
2021;"Hombre";"Total";"";"";"Derio";"%";6,7
2021;"Hombre";"Total";"";"";"Dima";"%";6,2
2021;"Hombre";"Total";"";"";"Donostia / San Sebastián";"%";9,1
2021;"Hombre";"Total";"";"";"Durango";"%";9,2
2021;"Hombre";"Total";"";"";"Ea";"%";12,4
2021;"Hombre";"Total";"";"";"Eibar";"%";10
2021;"Hombre";"Total";"";"";"Elantxobe";"%";14,1
2021;"Hombre";"Total";"";"";"Elburgo/Burgelu";"%";7,9
2021;"Hombre";"Total";"";"";"Elciego";"%";8,6
2021;"Hombre";"Total";"";"";"Elduain";"%";6,8
2021;"Hombre";"Total";"";"";"Elgeta";"%";4,1
2021;"Hombre";"Total";"";"";"Elgoibar";"%";6,3
2021;"Hombre";"Total";"";"";"Elorrio";"%";8
2021;"Hombre";"Total";"";"";"Elvillar/Bilar";"%";10,4
2021;"Hombre";"Total";"";"";"Erandio";"%";11,4
2021;"Hombre";"Total";"";"";"Ereño";"%";7,8
2021;"Hombre";"Total";"";"";"Ermua";"%";9,5
2021;"Hombre";"Total";"";"";"Errenteria";"%";9,5
2021;"Hombre";"Total";"";"";"Errezil";"%";1,3
2021;"Hombre";"Total";"";"";"Erriberagoitia/Ribera Alta";"%";6,3
2021;"Hombre";"Total";"";"";"Errigoiti";"%";9,2
2021;"Hombre";"Total";"";"";"Eskoriatza";"%";7,2
2021;"Hombre";"Total";"";"";"Etxebarri";"%";8,1
2021;"Hombre";"Total";"";"";"Etxebarria";"%";9,8
2021;"Hombre";"Total";"";"";"Ezkio-Itsaso";"%";10,7
2021;"Hombre";"Total";"";"";"Forua";"%";9,4
2021;"Hombre";"Total";"";"";"Fruiz";"%";5,3
2021;"Hombre";"Total";"";"";"Gabiria";"%";5,4
2021;"Hombre";"Total";"";"";"Gaintza";"%";2,7
2021;"Hombre";"Total";"";"";"Galdakao";"%";8,4
2021;"Hombre";"Total";"";"";"Galdames";"%";11,1
2021;"Hombre";"Total";"";"";"Gamiz-Fika";"%";8,4
2021;"Hombre";"Total";"";"";"Garai";"%";0
2021;"Hombre";"Total";"";"";"Gatika";"%";8,3
2021;"Hombre";"Total";"";"";"Gautegiz Arteaga";"%";5,6
2021;"Hombre";"Total";"";"";"Gaztelu";"%";6
2021;"Hombre";"Total";"";"";"Gernika-Lumo";"%";9,4
2021;"Hombre";"Total";"";"";"Getaria";"%";9,8
2021;"Hombre";"Total";"";"";"Getxo";"%";10,3
2021;"Hombre";"Total";"";"";"Gizaburuaga";"%";6,6
2021;"Hombre";"Total";"";"";"Gordexola";"%";8,6
2021;"Hombre";"Total";"";"";"Gorliz";"%";10,3
2021;"Hombre";"Total";"";"";"Güeñes";"%";10
2021;"Hombre";"Total";"";"";"Harana/Valle de Arana";"%";13,6
2021;"Hombre";"Total";"";"";"Hernani";"%";8,4
2021;"Hombre";"Total";"";"";"Hernialde";"%";11,5
2021;"Hombre";"Total";"";"";"Hondarribia";"%";9,9
2021;"Hombre";"Total";"";"";"Ibarra";"%";7,8
2021;"Hombre";"Total";"";"";"Ibarrangelu";"%";11,7
2021;"Hombre";"Total";"";"";"Idiazabal";"%";6,9
2021;"Hombre";"Total";"";"";"Igorre";"%";9,9
2021;"Hombre";"Total";"";"";"Ikaztegieta";"%";7,1
2021;"Hombre";"Total";"";"";"Irun";"%";10,8
2021;"Hombre";"Total";"";"";"Iruña Oka/Iruña de Oca";"%";9
2021;"Hombre";"Total";"";"";"Irura";"%";5,9
2021;"Hombre";"Total";"";"";"Iruraiz-Gauna";"%";4,9
2021;"Hombre";"Total";"";"";"Ispaster";"%";9,4
2021;"Hombre";"Total";"";"";"Itsasondo";"%";9,9
2021;"Hombre";"Total";"";"";"Iurreta";"%";10,6
2021;"Hombre";"Total";"";"";"Izurtza";"%";1,5
2021;"Hombre";"Total";"";"";"Karrantza Harana/Valle de Carranza";"%";12,5
2021;"Hombre";"Total";"";"";"Kortezubi";"%";5,2
2021;"Hombre";"Total";"";"";"Kripan";"%";13,3
2021;"Hombre";"Total";"";"";"Kuartango";"%";8,3
2021;"Hombre";"Total";"";"";"Labastida/Bastida";"%";12,8
2021;"Hombre";"Total";"";"";"Lagrán";"%";16
2021;"Hombre";"Total";"";"";"Laguardia";"%";10,4
2021;"Hombre";"Total";"";"";"Lanciego/Lantziego";"%";7
2021;"Hombre";"Total";"";"";"Lanestosa";"%";15,1
2021;"Hombre";"Total";"";"";"Lantarón";"%";8,5
2021;"Hombre";"Total";"";"";"Lapuebla de Labarca";"%";9
2021;"Hombre";"Total";"";"";"Larrabetzu";"%";9,1
2021;"Hombre";"Total";"";"";"Larraul";"%";5,1
2021;"Hombre";"Total";"";"";"Lasarte-Oria";"%";8,3
2021;"Hombre";"Total";"";"";"Laudio/Llodio";"%";11
2021;"Hombre";"Total";"";"";"Laukiz";"%";8,2
2021;"Hombre";"Total";"";"";"Lazkao";"%";5,6
2021;"Hombre";"Total";"";"";"Leaburu";"%";3,1
2021;"Hombre";"Total";"";"";"Legazpi";"%";6,5
2021;"Hombre";"Total";"";"";"Legorreta";"%";8,5
2021;"Hombre";"Total";"";"";"Legutio";"%";10,1
2021;"Hombre";"Total";"";"";"Leintz-Gatzaga";"%";5,7
2021;"Hombre";"Total";"";"";"Leioa";"%";9,5
2021;"Hombre";"Total";"";"";"Lekeitio";"%";11,3
2021;"Hombre";"Total";"";"";"Lemoa";"%";8
2021;"Hombre";"Total";"";"";"Lemoiz";"%";12,3
2021;"Hombre";"Total";"";"";"Leza";"%";7,3
2021;"Hombre";"Total";"";"";"Lezama";"%";6,9
2021;"Hombre";"Total";"";"";"Lezo";"%";7,6
2021;"Hombre";"Total";"";"";"Lizartza";"%";8
2021;"Hombre";"Total";"";"";"Loiu";"%";6,5
2021;"Hombre";"Total";"";"";"Mallabia";"%";5,4
2021;"Hombre";"Total";"";"";"Mañaria";"%";9,7
2021;"Hombre";"Total";"";"";"Markina-Xemein";"%";8,9
2021;"Hombre";"Total";"";"";"Maruri-Jatabe";"%";8,9
2021;"Hombre";"Total";"";"";"Mendaro";"%";6,2
2021;"Hombre";"Total";"";"";"Mendata";"%";8,3
2021;"Hombre";"Total";"";"";"Mendexa";"%";9,1
2021;"Hombre";"Total";"";"";"Meñaka";"%";5,9
2021;"Hombre";"Total";"";"";"Moreda de Álava/Moreda Araba";"%";11,5
2021;"Hombre";"Total";"";"";"Morga";"%";7,4
2021;"Hombre";"Total";"";"";"Mundaka";"%";8,1
2021;"Hombre";"Total";"";"";"Mungia";"%";9,5
2021;"Hombre";"Total";"";"";"Munitibar-Arbatzegi Gerrikaitz";"%";12,8
2021;"Hombre";"Total";"";"";"Murueta";"%";2,6
2021;"Hombre";"Total";"";"";"Muskiz";"%";10,6
2021;"Hombre";"Total";"";"";"Mutiloa";"%";2,9
2021;"Hombre";"Total";"";"";"Mutriku";"%";10
2021;"Hombre";"Total";"";"";"Muxika";"%";9,6
2021;"Hombre";"Total";"";"";"Nabarniz";"%";7,9
2021;"Hombre";"Total";"";"";"Navaridas";"%";15,3
2021;"Hombre";"Total";"";"";"Oiartzun";"%";7,1
2021;"Hombre";"Total";"";"";"Okondo";"%";7,7
2021;"Hombre";"Total";"";"";"Olaberria";"%";8,1
2021;"Hombre";"Total";"";"";"Ondarroa";"%";13,6
2021;"Hombre";"Total";"";"";"Oñati";"%";6,5
2021;"Hombre";"Total";"";"";"Ordizia";"%";8,1
2021;"Hombre";"Total";"";"";"Orendain";"%";1,5
2021;"Hombre";"Total";"";"";"Orexa";"%";0
2021;"Hombre";"Total";"";"";"Orio";"%";9,8
2021;"Hombre";"Total";"";"";"Ormaiztegi";"%";6,4
2021;"Hombre";"Total";"";"";"Orozko";"%";10,2
2021;"Hombre";"Total";"";"";"Ortuella";"%";12,6
2021;"Hombre";"Total";"";"";"Otxandio";"%";8,9
2021;"Hombre";"Total";"";"";"Oyón-Oion";"%";14
2021;"Hombre";"Total";"";"";"Pasaia";"%";11,3
2021;"Hombre";"Total";"";"";"Peñacerrada-Urizaharra";"%";4,5
2021;"Hombre";"Total";"";"";"Plentzia";"%";9,8
2021;"Hombre";"Total";"";"";"Portugalete";"%";13,2
2021;"Hombre";"Total";"";"";"Ribera Baja/Erriberabeitia";"%";8,6
2021;"Hombre";"Total";"";"";"Samaniego";"%";10,4
2021;"Hombre";"Total";"";"";"San Millán/Donemiliaga";"%";5,8
2021;"Hombre";"Total";"";"";"Santurtzi";"%";13,3
2021;"Hombre";"Total";"";"";"Segura";"%";6,3
2021;"Hombre";"Total";"";"";"Sestao";"%";16
2021;"Hombre";"Total";"";"";"Sondika";"%";7,5
2021;"Hombre";"Total";"";"";"Sopela";"%";10,3
2021;"Hombre";"Total";"";"";"Sopuerta";"%";9,9
2021;"Hombre";"Total";"";"";"Soraluze-Placencia de las Armas";"%";11,7
2021;"Hombre";"Total";"";"";"Sukarrieta";"%";11
2021;"Hombre";"Total";"";"";"Tolosa";"%";7
2021;"Hombre";"Total";"";"";"Trucios-Turtzioz";"%";14,2
2021;"Hombre";"Total";"";"";"Ubide";"%";13
2021;"Hombre";"Total";"";"";"Ugao-Miraballes";"%";10,3
2021;"Hombre";"Total";"";"";"Urduliz";"%";10,5
2021;"Hombre";"Total";"";"";"Urduña/Orduña";"%";12,8
2021;"Hombre";"Total";"";"";"Urkabustaiz";"%";11
2021;"Hombre";"Total";"";"";"Urnieta";"%";7
2021;"Hombre";"Total";"";"";"Urretxu";"%";7,3
2021;"Hombre";"Total";"";"";"Usurbil";"%";6,9
2021;"Hombre";"Total";"";"";"Valdegovía/Gaubea";"%";14,1
2021;"Hombre";"Total";"";"";"Valle de Trápaga-Trapagaran";"%";11,7
2021;"Hombre";"Total";"";"";"Villabona";"%";8,6
2021;"Hombre";"Total";"";"";"Villabuena de Álava/Eskuernaga";"%";8,3
2021;"Hombre";"Total";"";"";"Vitoria-Gasteiz";"%";10,9
2021;"Hombre";"Total";"";"";"Yécora/Iekora";"%";12,5
2021;"Hombre";"Total";"";"";"Zaldibar";"%";7,6
2021;"Hombre";"Total";"";"";"Zaldibia";"%";8
2021;"Hombre";"Total";"";"";"Zalduondo";"%";10,4
2021;"Hombre";"Total";"";"";"Zalla";"%";10,2
2021;"Hombre";"Total";"";"";"Zambrana";"%";14,3
2021;"Hombre";"Total";"";"";"Zamudio";"%";9,4
2021;"Hombre";"Total";"";"";"Zaratamo";"%";13,3
2021;"Hombre";"Total";"";"";"Zarautz";"%";7,8
2021;"Hombre";"Total";"";"";"Zeanuri";"%";7,9
2021;"Hombre";"Total";"";"";"Zeberio";"%";7,6
2021;"Hombre";"Total";"";"";"Zegama";"%";6,9
2021;"Hombre";"Total";"";"";"Zerain";"%";1,6
2021;"Hombre";"Total";"";"";"Zestoa";"%";9,7
2021;"Hombre";"Total";"";"";"Zierbena";"%";10,5
2021;"Hombre";"Total";"";"";"Zigoitia";"%";4,6
2021;"Hombre";"Total";"";"";"Ziortza-Bolibar";"%";4,5
2021;"Hombre";"Total";"";"";"Zizurkil";"%";8,2
2021;"Hombre";"Total";"";"";"Zuia";"%";6,6
2021;"Hombre";"Total";"";"";"Zumaia";"%";7,9
2021;"Hombre";"Total";"";"";"Zumarraga";"%";9,9
2021;"Hombre";"Total";"";"";"Añana (comarca)";"%";9,4
2021;"Hombre";"Total";"";"";"Arabako Errioxa / Rioja Alavesa";"%";11,4
2021;"Hombre";"Total";"";"";"Arabako Kantaurialdea / Cantábrica Alavesa";"%";9,9
2021;"Hombre";"Total";"";"";"Arabako Lautada / Llanada Alavesa";"%";10,8
2021;"Hombre";"Total";"";"";"Arabako Mendialdea / Montaña Alavesa";"%";8,4
2021;"Hombre";"Total";"";"";"Arratia-Nerbioi / Arratia-Nervión";"%";10,1
2021;"Hombre";"Total";"";"";"Bidasoa Beherea / Bajo Bidasoa";"%";10,6
2021;"Hombre";"Total";"";"";"Bilbo Handia / Gran Bilbao";"%";12
2021;"Hombre";"Total";"";"";"Debabarrena / Bajo Deba";"%";8,9
2021;"Hombre";"Total";"";"";"Debagoiena / Alto Deba";"%";7,7
2021;"Hombre";"Total";"";"";"Donostialdea";"%";8,8
2021;"Hombre";"Total";"";"";"Durangaldea / Duranguesado";"%";8,7
2021;"Hombre";"Total";"";"";"Enkartazioak / Encartaciones";"%";10,9
2021;"Hombre";"Total";"";"";"Gernika-Bermeo";"%";11,1
2021;"Hombre";"Total";"";"";"Goierri";"%";7,4
2021;"Hombre";"Total";"";"";"Gorbeialdea / Estribaciones del Gorbea";"%";7,8
2021;"Hombre";"Total";"";"";"Markina-Ondarroa";"%";10,9
2021;"Hombre";"Total";"";"";"Plentzia-Mungia";"%";9,9
2021;"Hombre";"Total";"";"";"olosaldea";"%";7
2021;"Hombre";"Total";"";"";"Urola Kosta";"%";7,8
2021;"Hombre";"Total";"";"";"Araba/Álava";"%";9,1
2021;"Hombre";"Total";"";"";"Bizkaia";"%";11,4
2021;"Hombre";"Total";"";"";"Gipuzkoa";"%";7,7
2015;"Hombre";"Total";"";"";"C.A. de Euskadi";"%";15,9
2015;"Hombre";"Total";"";"";"Abadiño";"%";13,5
2015;"Hombre";"Total";"";"";"Abaltzisketa";"%";5,7
2015;"Hombre";"Total";"";"";"Abanto y Ciérvana-Abanto Zierbena";"%";17,9
2015;"Hombre";"Total";"";"";"Aduna";"%";5,9
2015;"Hombre";"Total";"";"";"Agurain/Salvatierra";"%";18,4
2015;"Hombre";"Total";"";"";"Aia";"%";11,4
2015;"Hombre";"Total";"";"";"Aizarnazabal";"%";17,2
2015;"Hombre";"Total";"";"";"Ajangiz";"%";7,1
2015;"Hombre";"Total";"";"";"Albiztur";"%";5,1
2015;"Hombre";"Total";"";"";"Alegia";"%";14,4
2015;"Hombre";"Total";"";"";"Alegría-Dulantzi";"%";11,9
2015;"Hombre";"Total";"";"";"Alkiza";"%";9,6
2015;"Hombre";"Total";"";"";"Alonsotegi";"%";20,4
2015;"Hombre";"Total";"";"";"Altzaga";"%";9,5
2015;"Hombre";"Total";"";"";"Altzo";"%";9,6
2015;"Hombre";"Total";"";"";"Amezketa";"%";8,9
2015;"Hombre";"Total";"";"";"Amorebieta-Etxano";"%";14,1
2015;"Hombre";"Total";"";"";"Amoroto";"%";8,9
2015;"Hombre";"Total";"";"";"Amurrio";"%";16,2
2015;"Hombre";"Total";"";"";"Andoain";"%";13,4
2015;"Hombre";"Total";"";"";"Anoeta";"%";10,9
2015;"Hombre";"Total";"";"";"Antzuola";"%";9,2
2015;"Hombre";"Total";"";"";"Añana";"%";19
2015;"Hombre";"Total";"";"";"Arakaldo";"%";13
2015;"Hombre";"Total";"";"";"Arama";"%";12,7
2015;"Hombre";"Total";"";"";"Aramaio";"%";10,2
2015;"Hombre";"Total";"";"";"Arantzazu";"%";12
2015;"Hombre";"Total";"";"";"Areatza";"%";14,9
2015;"Hombre";"Total";"";"";"Aretxabaleta";"%";13,2
2015;"Hombre";"Total";"";"";"Armiñón";"%";13,2
2015;"Hombre";"Total";"";"";"Arraia-Maeztu";"%";9,8
2015;"Hombre";"Total";"";"";"Arrankudiaga-Zollo";"%";13,1
2015;"Hombre";"Total";"";"";"Arrasate/Mondragón";"%";16,8
2015;"Hombre";"Total";"";"";"Arratzu";"%";9,3
2015;"Hombre";"Total";"";"";"Arratzua-Ubarrundia";"%";9,5
2015;"Hombre";"Total";"";"";"Arrieta";"%";8,6
2015;"Hombre";"Total";"";"";"Arrigorriaga";"%";17,2
2015;"Hombre";"Total";"";"";"Artea";"%";15,6
2015;"Hombre";"Total";"";"";"Artzentales";"%";13,8
2015;"Hombre";"Total";"";"";"Artziniega";"%";15,2
2015;"Hombre";"Total";"";"";"Asparrena";"%";18,9
2015;"Hombre";"Total";"";"";"Asteasu";"%";7,5
2015;"Hombre";"Total";"";"";"Astigarraga";"%";11,9
2015;"Hombre";"Total";"";"";"Ataun";"%";8,2
2015;"Hombre";"Total";"";"";"Atxondo";"%";13,2
2015;"Hombre";"Total";"";"";"Aulesti";"%";7,5
2015;"Hombre";"Total";"";"";"Ayala/Aiara";"%";10,3
2015;"Hombre";"Total";"";"";"Azkoitia";"%";15,2
2015;"Hombre";"Total";"";"";"Azpeitia";"%";16,8
2015;"Hombre";"Total";"";"";"Bakio";"%";14,8
2015;"Hombre";"Total";"";"";"Baliarrain";"%";4,4
2015;"Hombre";"Total";"";"";"Balmaseda";"%";20,9
2015;"Hombre";"Total";"";"";"Baños de Ebro/Mañueta";"%";8,6
2015;"Hombre";"Total";"";"";"Barakaldo";"%";20
2015;"Hombre";"Total";"";"";"Barrika";"%";17,3
2015;"Hombre";"Total";"";"";"Barrundia";"%";7,6
2015;"Hombre";"Total";"";"";"Basauri";"%";18,8
2015;"Hombre";"Total";"";"";"Beasain";"%";12,9
2015;"Hombre";"Total";"";"";"Bedia";"%";12,4
2015;"Hombre";"Total";"";"";"Beizama";"%";10,9
2015;"Hombre";"Total";"";"";"Belauntza";"%";12,5
2015;"Hombre";"Total";"";"";"Berango";"%";14,3
2015;"Hombre";"Total";"";"";"Berantevilla";"%";19,2
2015;"Hombre";"Total";"";"";"Berastegi";"%";8
2015;"Hombre";"Total";"";"";"Bergara";"%";13,6
2015;"Hombre";"Total";"";"";"Bermeo";"%";22,9
2015;"Hombre";"Total";"";"";"Bernedo";"%";8,5
2015;"Hombre";"Total";"";"";"Berriatua";"%";17,8
2015;"Hombre";"Total";"";"";"Berriz";"%";15,5
2015;"Hombre";"Total";"";"";"Berrobi";"%";15,1
2015;"Hombre";"Total";"";"";"Bidania-Goiatz";"%";13
2015;"Hombre";"Total";"";"";"Bilbao";"%";20,1
2015;"Hombre";"Total";"";"";"Busturia";"%";15,5
2015;"Hombre";"Total";"";"";"Campezo/Kanpezu";"%";12,7
2015;"Hombre";"Total";"";"";"Deba";"%";13,2
2015;"Hombre";"Total";"";"";"Derio";"%";13,2
2015;"Hombre";"Total";"";"";"Dima";"%";9,2
2015;"Hombre";"Total";"";"";"Donostia / San Sebastián";"%";15,1
2015;"Hombre";"Total";"";"";"Durango";"%";14,2
2015;"Hombre";"Total";"";"";"Ea";"%";11,1
2015;"Hombre";"Total";"";"";"Eibar";"%";16,8
2015;"Hombre";"Total";"";"";"Elantxobe";"%";15,7
2015;"Hombre";"Total";"";"";"Elburgo/Burgelu";"%";7,2
2015;"Hombre";"Total";"";"";"Elciego";"%";22,2
2015;"Hombre";"Total";"";"";"Elduain";"%";4,6
2015;"Hombre";"Total";"";"";"Elgeta";"%";12,3
2015;"Hombre";"Total";"";"";"Elgoibar";"%";12,5
2015;"Hombre";"Total";"";"";"Elorrio";"%";12,4
2015;"Hombre";"Total";"";"";"Elvillar/Bilar";"%";8,9
2015;"Hombre";"Total";"";"";"Erandio";"%";19,2
2015;"Hombre";"Total";"";"";"Ereño";"%";9,1
2015;"Hombre";"Total";"";"";"Ermua";"%";16,7
2015;"Hombre";"Total";"";"";"Errenteria";"%";16,4
2015;"Hombre";"Total";"";"";"Errezil";"%";16,2
2015;"Hombre";"Total";"";"";"Erriberagoitia/Ribera Alta";"%";9,9
2015;"Hombre";"Total";"";"";"Errigoiti";"%";10,2
2015;"Hombre";"Total";"";"";"Eskoriatza";"%";13,7
2015;"Hombre";"Total";"";"";"Etxebarri";"%";14,1
2015;"Hombre";"Total";"";"";"Etxebarria";"%";8,7
2015;"Hombre";"Total";"";"";"Ezkio-Itsaso";"%";8,4
2015;"Hombre";"Total";"";"";"Forua";"%";16,5
2015;"Hombre";"Total";"";"";"Fruiz";"%";12
2015;"Hombre";"Total";"";"";"Gabiria";"%";5,2
2015;"Hombre";"Total";"";"";"Gaintza";"%";9,1
2015;"Hombre";"Total";"";"";"Galdakao";"%";14,5
2015;"Hombre";"Total";"";"";"Galdames";"%";13,8
2015;"Hombre";"Total";"";"";"Gamiz-Fika";"%";11,5
2015;"Hombre";"Total";"";"";"Garai";"%";9,5
2015;"Hombre";"Total";"";"";"Gatika";"%";12,9
2015;"Hombre";"Total";"";"";"Gautegiz Arteaga";"%";14,5
2015;"Hombre";"Total";"";"";"Gaztelu";"%";18,8
2015;"Hombre";"Total";"";"";"Gernika-Lumo";"%";17
2015;"Hombre";"Total";"";"";"Getaria";"%";16,6
2015;"Hombre";"Total";"";"";"Getxo";"%";16,5
2015;"Hombre";"Total";"";"";"Gizaburuaga";"%";13,3
2015;"Hombre";"Total";"";"";"Gordexola";"%";14,2
2015;"Hombre";"Total";"";"";"Gorliz";"%";14,9
2015;"Hombre";"Total";"";"";"Güeñes";"%";17,3
2015;"Hombre";"Total";"";"";"Harana/Valle de Arana";"%";7,8
2015;"Hombre";"Total";"";"";"Hernani";"%";14,8
2015;"Hombre";"Total";"";"";"Hernialde";"%";11
2015;"Hombre";"Total";"";"";"Hondarribia";"%";16
2015;"Hombre";"Total";"";"";"Ibarra";"%";12,9
2015;"Hombre";"Total";"";"";"Ibarrangelu";"%";13,3
2015;"Hombre";"Total";"";"";"Idiazabal";"%";8,4
2015;"Hombre";"Total";"";"";"Igorre";"%";14,6
2015;"Hombre";"Total";"";"";"Ikaztegieta";"%";10,5
2015;"Hombre";"Total";"";"";"Irun";"%";18,4
2015;"Hombre";"Total";"";"";"Iruña Oka/Iruña de Oca";"%";14,5
2015;"Hombre";"Total";"";"";"Irura";"%";11,5
2015;"Hombre";"Total";"";"";"Iruraiz-Gauna";"%";11,4
2015;"Hombre";"Total";"";"";"Ispaster";"%";9
2015;"Hombre";"Total";"";"";"Itsasondo";"%";14
2015;"Hombre";"Total";"";"";"Iurreta";"%";16
2015;"Hombre";"Total";"";"";"Izurtza";"%";14
2015;"Hombre";"Total";"";"";"Karrantza Harana/Valle de Carranza";"%";19,1
2015;"Hombre";"Total";"";"";"Kortezubi";"%";8,3
2015;"Hombre";"Total";"";"";"Kripan";"%";10,9
2015;"Hombre";"Total";"";"";"Kuartango";"%";11,3
2015;"Hombre";"Total";"";"";"Labastida/Bastida";"%";18,8
2015;"Hombre";"Total";"";"";"Lagrán";"%";8,9
2015;"Hombre";"Total";"";"";"Laguardia";"%";14,3
2015;"Hombre";"Total";"";"";"Lanciego/Lantziego";"%";15,6
2015;"Hombre";"Total";"";"";"Lanestosa";"%";21,4
2015;"Hombre";"Total";"";"";"Lantarón";"%";19,2
2015;"Hombre";"Total";"";"";"Lapuebla de Labarca";"%";19,6
2015;"Hombre";"Total";"";"";"Larrabetzu";"%";13,3
2015;"Hombre";"Total";"";"";"Larraul";"%";11
2015;"Hombre";"Total";"";"";"Lasarte-Oria";"%";15,3
2015;"Hombre";"Total";"";"";"Laudio/Llodio";"%";17
2015;"Hombre";"Total";"";"";"Laukiz";"%";11,5
2015;"Hombre";"Total";"";"";"Lazkao";"%";10,3
2015;"Hombre";"Total";"";"";"Leaburu";"%";7,2
2015;"Hombre";"Total";"";"";"Legazpi";"%";10,8
2015;"Hombre";"Total";"";"";"Legorreta";"%";14
2015;"Hombre";"Total";"";"";"Legutio";"%";12,5
2015;"Hombre";"Total";"";"";"Leintz-Gatzaga";"%";9,6
2015;"Hombre";"Total";"";"";"Leioa";"%";15,5
2015;"Hombre";"Total";"";"";"Lekeitio";"%";16,4
2015;"Hombre";"Total";"";"";"Lemoa";"%";15,8
2015;"Hombre";"Total";"";"";"Lemoiz";"%";15,3
2015;"Hombre";"Total";"";"";"Leza";"%";10,6
2015;"Hombre";"Total";"";"";"Lezama";"%";11,5
2015;"Hombre";"Total";"";"";"Lezo";"%";14,1
2015;"Hombre";"Total";"";"";"Lizartza";"%";16,6
2015;"Hombre";"Total";"";"";"Loiu";"%";11,9
2015;"Hombre";"Total";"";"";"Mallabia";"%";10,2
2015;"Hombre";"Total";"";"";"Mañaria";"%";17,2
2015;"Hombre";"Total";"";"";"Markina-Xemein";"%";16,8
2015;"Hombre";"Total";"";"";"Maruri-Jatabe";"%";11,7
2015;"Hombre";"Total";"";"";"Mendaro";"%";10,6
2015;"Hombre";"Total";"";"";"Mendata";"%";3,8
2015;"Hombre";"Total";"";"";"Mendexa";"%";14,1
2015;"Hombre";"Total";"";"";"Meñaka";"%";14,7
2015;"Hombre";"Total";"";"";"Moreda de Álava/Moreda Araba";"%";26,8
2015;"Hombre";"Total";"";"";"Morga";"%";9,8
2015;"Hombre";"Total";"";"";"Mundaka";"%";17,5
2015;"Hombre";"Total";"";"";"Mungia";"%";14,8
2015;"Hombre";"Total";"";"";"Munitibar-Arbatzegi Gerrikaitz";"%";18,2
2015;"Hombre";"Total";"";"";"Murueta";"%";2,4
2015;"Hombre";"Total";"";"";"Muskiz";"%";18,4
2015;"Hombre";"Total";"";"";"Mutiloa";"%";14,7
2015;"Hombre";"Total";"";"";"Mutriku";"%";14,5
2015;"Hombre";"Total";"";"";"Muxika";"%";11,8
2015;"Hombre";"Total";"";"";"Nabarniz";"%";11,5
2015;"Hombre";"Total";"";"";"Navaridas";"%";16,3
2015;"Hombre";"Total";"";"";"Oiartzun";"%";11,7
2015;"Hombre";"Total";"";"";"Okondo";"%";13,3
2015;"Hombre";"Total";"";"";"Olaberria";"%";11,3
2015;"Hombre";"Total";"";"";"Ondarroa";"%";20,5
2015;"Hombre";"Total";"";"";"Oñati";"%";8,9
2015;"Hombre";"Total";"";"";"Ordizia";"%";15,3
2015;"Hombre";"Total";"";"";"Orendain";"%";8,8
2015;"Hombre";"Total";"";"";"Orexa";"%";6,5
2015;"Hombre";"Total";"";"";"Orio";"%";17,2
2015;"Hombre";"Total";"";"";"Ormaiztegi";"%";11,4
2015;"Hombre";"Total";"";"";"Orozko";"%";11,5
2015;"Hombre";"Total";"";"";"Ortuella";"%";19,4
2015;"Hombre";"Total";"";"";"Otxandio";"%";11,4
2015;"Hombre";"Total";"";"";"Oyón-Oion";"%";24,5
2015;"Hombre";"Total";"";"";"Pasaia";"%";18,9
2015;"Hombre";"Total";"";"";"Peñacerrada-Urizaharra";"%";8,6
2015;"Hombre";"Total";"";"";"Plentzia";"%";17,8
2015;"Hombre";"Total";"";"";"Portugalete";"%";18,2
2015;"Hombre";"Total";"";"";"Ribera Baja/Erriberabeitia";"%";20,2
2015;"Hombre";"Total";"";"";"Samaniego";"%";10,8
2015;"Hombre";"Total";"";"";"San Millán/Donemiliaga";"%";11,2
2015;"Hombre";"Total";"";"";"Santurtzi";"%";20,8
2015;"Hombre";"Total";"";"";"Segura";"%";9,4
2015;"Hombre";"Total";"";"";"Sestao";"%";24,3
2015;"Hombre";"Total";"";"";"Sondika";"%";12,3
2015;"Hombre";"Total";"";"";"Sopela";"%";14,4
2015;"Hombre";"Total";"";"";"Sopuerta";"%";16,4
2015;"Hombre";"Total";"";"";"Soraluze-Placencia de las Armas";"%";17,9
2015;"Hombre";"Total";"";"";"Sukarrieta";"%";16,3
2015;"Hombre";"Total";"";"";"Tolosa";"%";13,6
2015;"Hombre";"Total";"";"";"Trucios-Turtzioz";"%";18,4
2015;"Hombre";"Total";"";"";"Ubide";"%";7,4
2015;"Hombre";"Total";"";"";"Ugao-Miraballes";"%";16,6
2015;"Hombre";"Total";"";"";"Urduliz";"%";14,2
2015;"Hombre";"Total";"";"";"Urduña/Orduña";"%";19,1
2015;"Hombre";"Total";"";"";"Urkabustaiz";"%";14,1
2015;"Hombre";"Total";"";"";"Urnieta";"%";10
2015;"Hombre";"Total";"";"";"Urretxu";"%";11,6
2015;"Hombre";"Total";"";"";"Usurbil";"%";12,4
2015;"Hombre";"Total";"";"";"Valdegovía/Gaubea";"%";16,2
2015;"Hombre";"Total";"";"";"Valle de Trápaga-Trapagaran";"%";17,6
2015;"Hombre";"Total";"";"";"Villabona";"%";15,4
2015;"Hombre";"Total";"";"";"Villabuena de Álava/Eskuernaga";"%";9,8
2015;"Hombre";"Total";"";"";"Vitoria-Gasteiz";"%";16,6
2015;"Hombre";"Total";"";"";"Yécora/Iekora";"%";15,6
2015;"Hombre";"Total";"";"";"Zaldibar";"%";11,2
2015;"Hombre";"Total";"";"";"Zaldibia";"%";12,6
2015;"Hombre";"Total";"";"";"Zalduondo";"%";11,6
2015;"Hombre";"Total";"";"";"Zalla";"%";20,8
2015;"Hombre";"Total";"";"";"Zambrana";"%";20,3
2015;"Hombre";"Total";"";"";"Zamudio";"%";16,6
2015;"Hombre";"Total";"";"";"Zaratamo";"%";17,3
2015;"Hombre";"Total";"";"";"Zarautz";"%";13,8
2015;"Hombre";"Total";"";"";"Zeanuri";"%";8,7
2015;"Hombre";"Total";"";"";"Zeberio";"%";14,2
2015;"Hombre";"Total";"";"";"Zegama";"%";11,4
2015;"Hombre";"Total";"";"";"Zerain";"%";10,9
2015;"Hombre";"Total";"";"";"Zestoa";"%";17,4
2015;"Hombre";"Total";"";"";"Zierbena";"%";17,8
2015;"Hombre";"Total";"";"";"Zigoitia";"%";9,5
2015;"Hombre";"Total";"";"";"Ziortza-Bolibar";"%";8,7
2015;"Hombre";"Total";"";"";"Zizurkil";"%";12,3
2015;"Hombre";"Total";"";"";"Zuia";"%";10,7
2015;"Hombre";"Total";"";"";"Zumaia";"%";12,3
2015;"Hombre";"Total";"";"";"Zumarraga";"%";14,2
2015;"Hombre";"Total";"";"";"Añana (comarca)";"%";16,8
2015;"Hombre";"Total";"";"";"Arabako Errioxa / Rioja Alavesa";"%";18,7
2015;"Hombre";"Total";"";"";"Arabako Kantaurialdea / Cantábrica Alavesa";"%";15,9
2015;"Hombre";"Total";"";"";"Arabako Lautada / Llanada Alavesa";"%";16,5
2015;"Hombre";"Total";"";"";"Arabako Mendialdea / Montaña Alavesa";"%";10,2
2015;"Hombre";"Total";"";"";"Arratia-Nerbioi / Arratia-Nervión";"%";14,4
2015;"Hombre";"Total";"";"";"Bidasoa Beherea / Bajo Bidasoa";"%";17,8
2015;"Hombre";"Total";"";"";"Bilbo Handia / Gran Bilbao";"%";18,9
2015;"Hombre";"Total";"";"";"Debabarrena / Bajo Deba";"%";15,2
2015;"Hombre";"Total";"";"";"Debagoiena / Alto Deba";"%";13,6
2015;"Hombre";"Total";"";"";"Donostialdea";"%";15
2015;"Hombre";"Total";"";"";"Durangaldea / Duranguesado";"%";14,4
2015;"Hombre";"Total";"";"";"Enkartazioak / Encartaciones";"%";18,8
2015;"Hombre";"Total";"";"";"Gernika-Bermeo";"%";17,9
2015;"Hombre";"Total";"";"";"Goierri";"%";12,3
2015;"Hombre";"Total";"";"";"Gorbeialdea / Estribaciones del Gorbea";"%";11,3
2015;"Hombre";"Total";"";"";"Markina-Ondarroa";"%";17
2015;"Hombre";"Total";"";"";"Plentzia-Mungia";"%";14,7
2015;"Hombre";"Total";"";"";"olosaldea";"%";12,7
2015;"Hombre";"Total";"";"";"Urola Kosta";"%";15
2015;"Hombre";"Total";"";"";"Araba/Álava";"%";15,3
2015;"Hombre";"Total";"";"";"Bizkaia";"%";17,7
2015;"Hombre";"Total";"";"";"Gipuzkoa";"%";13,3
2023;"Hombre";"Total";"";"";"C.A. de Euskadi";"%";7,6
2023;"Hombre";"Total";"";"";"Abadiño";"%";6
2023;"Hombre";"Total";"";"";"Abaltzisketa";"%";6,7
2023;"Hombre";"Total";"";"";"Abanto y Ciérvana-Abanto Zierbena";"%";7,9
2023;"Hombre";"Total";"";"";"Aduna";"%";2,8
2023;"Hombre";"Total";"";"";"Agurain/Salvatierra";"%";7,7
2023;"Hombre";"Total";"";"";"Aia";"%";3,1
2023;"Hombre";"Total";"";"";"Aizarnazabal";"%";6,3
2023;"Hombre";"Total";"";"";"Ajangiz";"%";3,3
2023;"Hombre";"Total";"";"";"Albiztur";"%";1,2
2023;"Hombre";"Total";"";"";"Alegia";"%";6,2
2023;"Hombre";"Total";"";"";"Alegría-Dulantzi";"%";5,8
2023;"Hombre";"Total";"";"";"Alkiza";"%";6,5
2023;"Hombre";"Total";"";"";"Alonsotegi";"%";12,6
2023;"Hombre";"Total";"";"";"Altzaga";"%";5,6
2023;"Hombre";"Total";"";"";"Altzo";"%";5,5
2023;"Hombre";"Total";"";"";"Amezketa";"%";5,3
2023;"Hombre";"Total";"";"";"Amorebieta-Etxano";"%";5,1
2023;"Hombre";"Total";"";"";"Amoroto";"%";5,9
2023;"Hombre";"Total";"";"";"Amurrio";"%";6,2
2023;"Hombre";"Total";"";"";"Andoain";"%";6,9
2023;"Hombre";"Total";"";"";"Anoeta";"%";5,1
2023;"Hombre";"Total";"";"";"Antzuola";"%";4,6
2023;"Hombre";"Total";"";"";"Añana";"%";9,8
2023;"Hombre";"Total";"";"";"Arakaldo";"%";10,7
2023;"Hombre";"Total";"";"";"Arama";"%";2,3
2023;"Hombre";"Total";"";"";"Aramaio";"%";4,6
2023;"Hombre";"Total";"";"";"Arantzazu";"%";6,2
2023;"Hombre";"Total";"";"";"Areatza";"%";3,6
2023;"Hombre";"Total";"";"";"Aretxabaleta";"%";3,8
2023;"Hombre";"Total";"";"";"Armiñón";"%";3
2023;"Hombre";"Total";"";"";"Arraia-Maeztu";"%";3,9
2023;"Hombre";"Total";"";"";"Arrankudiaga-Zollo";"%";6,5
2023;"Hombre";"Total";"";"";"Arrasate/Mondragón";"%";7
2023;"Hombre";"Total";"";"";"Arratzu";"%";4,2
2023;"Hombre";"Total";"";"";"Arratzua-Ubarrundia";"%";5
2023;"Hombre";"Total";"";"";"Arrieta";"%";4,3
2023;"Hombre";"Total";"";"";"Arrigorriaga";"%";6,5
2023;"Hombre";"Total";"";"";"Artea";"%";7,6
2023;"Hombre";"Total";"";"";"Artzentales";"%";9,2
2023;"Hombre";"Total";"";"";"Artziniega";"%";6,2
2023;"Hombre";"Total";"";"";"Asparrena";"%";7,4
2023;"Hombre";"Total";"";"";"Asteasu";"%";5,3
2023;"Hombre";"Total";"";"";"Astigarraga";"%";4
2023;"Hombre";"Total";"";"";"Ataun";"%";5,1
2023;"Hombre";"Total";"";"";"Atxondo";"%";4,8
2023;"Hombre";"Total";"";"";"Aulesti";"%";6,4
2023;"Hombre";"Total";"";"";"Ayala/Aiara";"%";4,8
2023;"Hombre";"Total";"";"";"Azkoitia";"%";5,6
2023;"Hombre";"Total";"";"";"Azpeitia";"%";4,9
2023;"Hombre";"Total";"";"";"Bakio";"%";6,4
2023;"Hombre";"Total";"";"";"Baliarrain";"%";0
2023;"Hombre";"Total";"";"";"Balmaseda";"%";10,5
2023;"Hombre";"Total";"";"";"Baños de Ebro/Mañueta";"%";3,6
2023;"Hombre";"Total";"";"";"Barakaldo";"%";8,4
2023;"Hombre";"Total";"";"";"Barrika";"%";6,6
2023;"Hombre";"Total";"";"";"Barrundia";"%";5,5
2023;"Hombre";"Total";"";"";"Basauri";"%";8,6
2023;"Hombre";"Total";"";"";"Beasain";"%";5,5
2023;"Hombre";"Total";"";"";"Bedia";"%";9,1
2023;"Hombre";"Total";"";"";"Beizama";"%";5
2023;"Hombre";"Total";"";"";"Belauntza";"%";4,3
2023;"Hombre";"Total";"";"";"Berango";"%";5,8
2023;"Hombre";"Total";"";"";"Berantevilla";"%";5,8
2023;"Hombre";"Total";"";"";"Berastegi";"%";2,4
2023;"Hombre";"Total";"";"";"Bergara";"%";5,6
2023;"Hombre";"Total";"";"";"Bermeo";"%";9,7
2023;"Hombre";"Total";"";"";"Bernedo";"%";10,1
2023;"Hombre";"Total";"";"";"Berriatua";"%";5,9
2023;"Hombre";"Total";"";"";"Berriz";"%";5
2023;"Hombre";"Total";"";"";"Berrobi";"%";3,6
2023;"Hombre";"Total";"";"";"Bidania-Goiatz";"%";2,1
2023;"Hombre";"Total";"";"";"Bilbao";"%";9,9
2023;"Hombre";"Total";"";"";"Busturia";"%";8,3
2023;"Hombre";"Total";"";"";"Campezo/Kanpezu";"%";4,2
2023;"Hombre";"Total";"";"";"Deba";"%";4,4
2023;"Hombre";"Total";"";"";"Derio";"%";4,3
2023;"Hombre";"Total";"";"";"Dima";"%";6,3
2023;"Hombre";"Total";"";"";"Donostia / San Sebastián";"%";6,6
2023;"Hombre";"Total";"";"";"Durango";"%";5,3
2023;"Hombre";"Total";"";"";"Ea";"%";8,2
2023;"Hombre";"Total";"";"";"Eibar";"%";7,5
2023;"Hombre";"Total";"";"";"Elantxobe";"%";6,9
2023;"Hombre";"Total";"";"";"Elburgo/Burgelu";"%";3,2
2023;"Hombre";"Total";"";"";"Elciego";"%";7,6
2023;"Hombre";"Total";"";"";"Elduain";"%";0
2023;"Hombre";"Total";"";"";"Elgeta";"%";3,4
2023;"Hombre";"Total";"";"";"Elgoibar";"%";5,3
2023;"Hombre";"Total";"";"";"Elorrio";"%";4,5
2023;"Hombre";"Total";"";"";"Elvillar/Bilar";"%";5,9
2023;"Hombre";"Total";"";"";"Erandio";"%";7,2
2023;"Hombre";"Total";"";"";"Ereño";"%";5,1
2023;"Hombre";"Total";"";"";"Ermua";"%";6
2023;"Hombre";"Total";"";"";"Errenteria";"%";7,2
2023;"Hombre";"Total";"";"";"Errezil";"%";2,4
2023;"Hombre";"Total";"";"";"Erriberagoitia/Ribera Alta";"%";2,4
2023;"Hombre";"Total";"";"";"Errigoiti";"%";8,1
2023;"Hombre";"Total";"";"";"Eskoriatza";"%";4,5
2023;"Hombre";"Total";"";"";"Etxebarri";"%";4,8
2023;"Hombre";"Total";"";"";"Etxebarria";"%";5,1
2023;"Hombre";"Total";"";"";"Ezkio-Itsaso";"%";4,9
2023;"Hombre";"Total";"";"";"Forua";"%";4,7
2023;"Hombre";"Total";"";"";"Fruiz";"%";6,5
2023;"Hombre";"Total";"";"";"Gabiria";"%";2
2023;"Hombre";"Total";"";"";"Gaintza";"%";5,6
2023;"Hombre";"Total";"";"";"Galdakao";"%";6
2023;"Hombre";"Total";"";"";"Galdames";"%";5,2
2023;"Hombre";"Total";"";"";"Gamiz-Fika";"%";7,1
2023;"Hombre";"Total";"";"";"Garai";"%";2,1
2023;"Hombre";"Total";"";"";"Gatika";"%";4,8
2023;"Hombre";"Total";"";"";"Gautegiz Arteaga";"%";2,9
2023;"Hombre";"Total";"";"";"Gaztelu";"%";6,5
2023;"Hombre";"Total";"";"";"Gernika-Lumo";"%";6,7
2023;"Hombre";"Total";"";"";"Getaria";"%";2,1
2023;"Hombre";"Total";"";"";"Getxo";"%";7
2023;"Hombre";"Total";"";"";"Gizaburuaga";"%";1,7
2023;"Hombre";"Total";"";"";"Gordexola";"%";6,7
2023;"Hombre";"Total";"";"";"Gorliz";"%";6,9
2023;"Hombre";"Total";"";"";"Güeñes";"%";8,8
2023;"Hombre";"Total";"";"";"Harana/Valle de Arana";"%";6,7
2023;"Hombre";"Total";"";"";"Hernani";"%";6,7
2023;"Hombre";"Total";"";"";"Hernialde";"%";1,4
2023;"Hombre";"Total";"";"";"Hondarribia";"%";5,7
2023;"Hombre";"Total";"";"";"Ibarra";"%";6,3
2023;"Hombre";"Total";"";"";"Ibarrangelu";"%";8,6
2023;"Hombre";"Total";"";"";"Idiazabal";"%";3,1
2023;"Hombre";"Total";"";"";"Igorre";"%";6,7
2023;"Hombre";"Total";"";"";"Ikaztegieta";"%";7,2
2023;"Hombre";"Total";"";"";"Irun";"%";8,1
2023;"Hombre";"Total";"";"";"Iruña Oka/Iruña de Oca";"%";7,2
2023;"Hombre";"Total";"";"";"Irura";"%";3,7
2023;"Hombre";"Total";"";"";"Iruraiz-Gauna";"%";4,5
2023;"Hombre";"Total";"";"";"Ispaster";"%";3,8
2023;"Hombre";"Total";"";"";"Itsasondo";"%";7,7
2023;"Hombre";"Total";"";"";"Iurreta";"%";7,2
2023;"Hombre";"Total";"";"";"Izurtza";"%";5,9
2023;"Hombre";"Total";"";"";"Karrantza Harana/Valle de Carranza";"%";10,2
2023;"Hombre";"Total";"";"";"Kortezubi";"%";7,6
2023;"Hombre";"Total";"";"";"Kripan";"%";0
2023;"Hombre";"Total";"";"";"Kuartango";"%";4,3
2023;"Hombre";"Total";"";"";"Labastida/Bastida";"%";8,5
2023;"Hombre";"Total";"";"";"Lagrán";"%";4,4
2023;"Hombre";"Total";"";"";"Laguardia";"%";7,1
2023;"Hombre";"Total";"";"";"Lanciego/Lantziego";"%";6
2023;"Hombre";"Total";"";"";"Lanestosa";"%";16,4
2023;"Hombre";"Total";"";"";"Lantarón";"%";8,2
2023;"Hombre";"Total";"";"";"Lapuebla de Labarca";"%";8,5
2023;"Hombre";"Total";"";"";"Larrabetzu";"%";5,9
2023;"Hombre";"Total";"";"";"Larraul";"%";5
2023;"Hombre";"Total";"";"";"Lasarte-Oria";"%";5,8
2023;"Hombre";"Total";"";"";"Laudio/Llodio";"%";6,9
2023;"Hombre";"Total";"";"";"Laukiz";"%";6,2
2023;"Hombre";"Total";"";"";"Lazkao";"%";4,5
2023;"Hombre";"Total";"";"";"Leaburu";"%";7,5
2023;"Hombre";"Total";"";"";"Legazpi";"%";5,6
2023;"Hombre";"Total";"";"";"Legorreta";"%";5,5
2023;"Hombre";"Total";"";"";"Legutio";"%";6,2
2023;"Hombre";"Total";"";"";"Leintz-Gatzaga";"%";1,5
2023;"Hombre";"Total";"";"";"Leioa";"%";7
2023;"Hombre";"Total";"";"";"Lekeitio";"%";7,1
2023;"Hombre";"Total";"";"";"Lemoa";"%";5,6
2023;"Hombre";"Total";"";"";"Lemoiz";"%";8,3
2023;"Hombre";"Total";"";"";"Leza";"%";1,6
2023;"Hombre";"Total";"";"";"Lezama";"%";3,8
2023;"Hombre";"Total";"";"";"Lezo";"%";5,7
2023;"Hombre";"Total";"";"";"Lizartza";"%";9,4
2023;"Hombre";"Total";"";"";"Loiu";"%";5
2023;"Hombre";"Total";"";"";"Mallabia";"%";2
2023;"Hombre";"Total";"";"";"Mañaria";"%";4
2023;"Hombre";"Total";"";"";"Markina-Xemein";"%";5,6
2023;"Hombre";"Total";"";"";"Maruri-Jatabe";"%";6,4
2023;"Hombre";"Total";"";"";"Mendaro";"%";6,1
2023;"Hombre";"Total";"";"";"Mendata";"%";3,8
2023;"Hombre";"Total";"";"";"Mendexa";"%";4,2
2023;"Hombre";"Total";"";"";"Meñaka";"%";6,7
2023;"Hombre";"Total";"";"";"Moreda de Álava/Moreda Araba";"%";4
2023;"Hombre";"Total";"";"";"Morga";"%";4,3
2023;"Hombre";"Total";"";"";"Mundaka";"%";8,4
2023;"Hombre";"Total";"";"";"Mungia";"%";6,4
2023;"Hombre";"Total";"";"";"Munitibar-Arbatzegi Gerrikaitz";"%";7,6
2023;"Hombre";"Total";"";"";"Murueta";"%";4,5
2023;"Hombre";"Total";"";"";"Muskiz";"%";6
2023;"Hombre";"Total";"";"";"Mutiloa";"%";1,4
2023;"Hombre";"Total";"";"";"Mutriku";"%";6,1
2023;"Hombre";"Total";"";"";"Muxika";"%";5,9
2023;"Hombre";"Total";"";"";"Nabarniz";"%";0
2023;"Hombre";"Total";"";"";"Navaridas";"%";10,7
2023;"Hombre";"Total";"";"";"Oiartzun";"%";5
2023;"Hombre";"Total";"";"";"Okondo";"%";4,5
2023;"Hombre";"Total";"";"";"Olaberria";"%";8
2023;"Hombre";"Total";"";"";"Ondarroa";"%";8
2023;"Hombre";"Total";"";"";"Oñati";"%";5,1
2023;"Hombre";"Total";"";"";"Ordizia";"%";7,2
2023;"Hombre";"Total";"";"";"Orendain";"%";1,5
2023;"Hombre";"Total";"";"";"Orexa";"%";3,3
2023;"Hombre";"Total";"";"";"Orio";"%";4,6
2023;"Hombre";"Total";"";"";"Ormaiztegi";"%";5,7
2023;"Hombre";"Total";"";"";"Orozko";"%";8
2023;"Hombre";"Total";"";"";"Ortuella";"%";9,2
2023;"Hombre";"Total";"";"";"Otxandio";"%";6,7
2023;"Hombre";"Total";"";"";"Oyón-Oion";"%";9,2
2023;"Hombre";"Total";"";"";"Pasaia";"%";7,7
2023;"Hombre";"Total";"";"";"Peñacerrada-Urizaharra";"%";2,7
2023;"Hombre";"Total";"";"";"Plentzia";"%";8,3
2023;"Hombre";"Total";"";"";"Portugalete";"%";8,9
2023;"Hombre";"Total";"";"";"Ribera Baja/Erriberabeitia";"%";4,8
2023;"Hombre";"Total";"";"";"Samaniego";"%";3,6
2023;"Hombre";"Total";"";"";"San Millán/Donemiliaga";"%";5,8
2023;"Hombre";"Total";"";"";"Santurtzi";"%";9,9
2023;"Hombre";"Total";"";"";"Segura";"%";3,4
2023;"Hombre";"Total";"";"";"Sestao";"%";11
2023;"Hombre";"Total";"";"";"Sondika";"%";6,3
2023;"Hombre";"Total";"";"";"Sopela";"%";6,4
2023;"Hombre";"Total";"";"";"Sopuerta";"%";5,2
2023;"Hombre";"Total";"";"";"Soraluze-Placencia de las Armas";"%";8,4
2023;"Hombre";"Total";"";"";"Sukarrieta";"%";11
2023;"Hombre";"Total";"";"";"Tolosa";"%";5,9
2023;"Hombre";"Total";"";"";"Trucios-Turtzioz";"%";9,8
2023;"Hombre";"Total";"";"";"Ubide";"%";3,6
2023;"Hombre";"Total";"";"";"Ugao-Miraballes";"%";6,7
2023;"Hombre";"Total";"";"";"Urduliz";"%";6,8
2023;"Hombre";"Total";"";"";"Urduña/Orduña";"%";8,3
2023;"Hombre";"Total";"";"";"Urkabustaiz";"%";5,7
2023;"Hombre";"Total";"";"";"Urnieta";"%";4,5
2023;"Hombre";"Total";"";"";"Urretxu";"%";5,5
2023;"Hombre";"Total";"";"";"Usurbil";"%";4,6
2023;"Hombre";"Total";"";"";"Valdegovía/Gaubea";"%";11,1
2023;"Hombre";"Total";"";"";"Valle de Trápaga-Trapagaran";"%";7,9
2023;"Hombre";"Total";"";"";"Villabona";"%";5,7
2023;"Hombre";"Total";"";"";"Villabuena de Álava/Eskuernaga";"%";3,7
2023;"Hombre";"Total";"";"";"Vitoria-Gasteiz";"%";7,5
2023;"Hombre";"Total";"";"";"Yécora/Iekora";"%";6,3
2023;"Hombre";"Total";"";"";"Zaldibar";"%";7,2
2023;"Hombre";"Total";"";"";"Zaldibia";"%";5,1
2023;"Hombre";"Total";"";"";"Zalduondo";"%";9,1
2023;"Hombre";"Total";"";"";"Zalla";"%";8,3
2023;"Hombre";"Total";"";"";"Zambrana";"%";5,9
2023;"Hombre";"Total";"";"";"Zamudio";"%";5,6
2023;"Hombre";"Total";"";"";"Zaratamo";"%";8,4
2023;"Hombre";"Total";"";"";"Zarautz";"%";4,9
2023;"Hombre";"Total";"";"";"Zeanuri";"%";4,5
2023;"Hombre";"Total";"";"";"Zeberio";"%";6,2
2023;"Hombre";"Total";"";"";"Zegama";"%";3,5
2023;"Hombre";"Total";"";"";"Zerain";"%";1,6
2023;"Hombre";"Total";"";"";"Zestoa";"%";6
2023;"Hombre";"Total";"";"";"Zierbena";"%";4,7
2023;"Hombre";"Total";"";"";"Zigoitia";"%";3,1
2023;"Hombre";"Total";"";"";"Ziortza-Bolibar";"%";11,4
2023;"Hombre";"Total";"";"";"Zizurkil";"%";5,6
2023;"Hombre";"Total";"";"";"Zuia";"%";4,7
2023;"Hombre";"Total";"";"";"Zumaia";"%";4,5
2023;"Hombre";"Total";"";"";"Zumarraga";"%";7,4
2023;"Hombre";"Total";"";"";"Añana (comarca)";"%";6,3
2023;"Hombre";"Total";"";"";"Arabako Errioxa / Rioja Alavesa";"%";7,4
2023;"Hombre";"Total";"";"";"Arabako Kantaurialdea / Cantábrica Alavesa";"%";6,4
2023;"Hombre";"Total";"";"";"Arabako Lautada / Llanada Alavesa";"%";7,4
2023;"Hombre";"Total";"";"";"Arabako Mendialdea / Montaña Alavesa";"%";5,2
2023;"Hombre";"Total";"";"";"Arratia-Nerbioi / Arratia-Nervión";"%";6,8
2023;"Hombre";"Total";"";"";"Bidasoa Beherea / Bajo Bidasoa";"%";7,6
2023;"Hombre";"Total";"";"";"Bilbo Handia / Gran Bilbao";"%";8,7
2023;"Hombre";"Total";"";"";"Debabarrena / Bajo Deba";"%";6,6
2023;"Hombre";"Total";"";"";"Debagoiena / Alto Deba";"%";5,6
2023;"Hombre";"Total";"";"";"Donostialdea";"%";6,5
2023;"Hombre";"Total";"";"";"Durangaldea / Duranguesado";"%";5,5
2023;"Hombre";"Total";"";"";"Enkartazioak / Encartaciones";"%";8,7
2023;"Hombre";"Total";"";"";"Gernika-Bermeo";"%";7,7
2023;"Hombre";"Total";"";"";"Goierri";"%";5,7
2023;"Hombre";"Total";"";"";"Gorbeialdea / Estribaciones del Gorbea";"%";4,9
2023;"Hombre";"Total";"";"";"Markina-Ondarroa";"%";6,8
2023;"Hombre";"Total";"";"";"Plentzia-Mungia";"%";6,6
2023;"Hombre";"Total";"";"";"Tolosaldea";"%";5,5
2023;"Hombre";"Total";"";"";"Urola Kosta";"%";4,8
2023;"Hombre";"Total";"";"";"Araba/Álava";"%";8,1
2023;"Hombre";"Total";"";"";"Bizkaia";"%";8,3
2023;"Hombre";"Total";"";"";"Gipuzkoa";"%";6,4
2016;"Hombre";"Total";"";"";"C.A. de Euskadi";"%";13,7
2016;"Hombre";"Total";"";"";"Abadiño";"%";9,7
2016;"Hombre";"Total";"";"";"Abaltzisketa";"%";4,7
2016;"Hombre";"Total";"";"";"Abanto y Ciérvana-Abanto Zierbena";"%";18,3
2016;"Hombre";"Total";"";"";"Aduna";"%";6,5
2016;"Hombre";"Total";"";"";"Agurain/Salvatierra";"%";14,4
2016;"Hombre";"Total";"";"";"Aia";"%";10,8
2016;"Hombre";"Total";"";"";"Aizarnazabal";"%";9,5
2016;"Hombre";"Total";"";"";"Ajangiz";"%";6,3
2016;"Hombre";"Total";"";"";"Albiztur";"%";2,6
2016;"Hombre";"Total";"";"";"Alegia";"%";13,5
2016;"Hombre";"Total";"";"";"Alegría-Dulantzi";"%";11,3
2016;"Hombre";"Total";"";"";"Alkiza";"%";7,4
2016;"Hombre";"Total";"";"";"Alonsotegi";"%";18,7
2016;"Hombre";"Total";"";"";"Altzaga";"%";5,3
2016;"Hombre";"Total";"";"";"Altzo";"%";11,8
2016;"Hombre";"Total";"";"";"Amezketa";"%";6,1
2016;"Hombre";"Total";"";"";"Amorebieta-Etxano";"%";11,5
2016;"Hombre";"Total";"";"";"Amoroto";"%";6,3
2016;"Hombre";"Total";"";"";"Amurrio";"%";13,3
2016;"Hombre";"Total";"";"";"Andoain";"%";12
2016;"Hombre";"Total";"";"";"Anoeta";"%";10,3
2016;"Hombre";"Total";"";"";"Antzuola";"%";5,3
2016;"Hombre";"Total";"";"";"Añana";"%";12,7
2016;"Hombre";"Total";"";"";"Arakaldo";"%";4,1
2016;"Hombre";"Total";"";"";"Arama";"%";3,8
2016;"Hombre";"Total";"";"";"Aramaio";"%";8,6
2016;"Hombre";"Total";"";"";"Arantzazu";"%";6,4
2016;"Hombre";"Total";"";"";"Areatza";"%";15,6
2016;"Hombre";"Total";"";"";"Aretxabaleta";"%";8,8
2016;"Hombre";"Total";"";"";"Armiñón";"%";13
2016;"Hombre";"Total";"";"";"Arraia-Maeztu";"%";7,9
2016;"Hombre";"Total";"";"";"Arrankudiaga-Zollo";"%";11,3
2016;"Hombre";"Total";"";"";"Arrasate/Mondragón";"%";13,3
2016;"Hombre";"Total";"";"";"Arratzu";"%";8,9
2016;"Hombre";"Total";"";"";"Arratzua-Ubarrundia";"%";7,1
2016;"Hombre";"Total";"";"";"Arrieta";"%";10,2
2016;"Hombre";"Total";"";"";"Arrigorriaga";"%";16,5
2016;"Hombre";"Total";"";"";"Artea";"%";12,3
2016;"Hombre";"Total";"";"";"Artzentales";"%";17,9
2016;"Hombre";"Total";"";"";"Artziniega";"%";14,6
2016;"Hombre";"Total";"";"";"Asparrena";"%";15,6
2016;"Hombre";"Total";"";"";"Asteasu";"%";6,4
2016;"Hombre";"Total";"";"";"Astigarraga";"%";9,3
2016;"Hombre";"Total";"";"";"Ataun";"%";8,2
2016;"Hombre";"Total";"";"";"Atxondo";"%";7,5
2016;"Hombre";"Total";"";"";"Aulesti";"%";5,9
2016;"Hombre";"Total";"";"";"Ayala/Aiara";"%";8,5
2016;"Hombre";"Total";"";"";"Azkoitia";"%";12
2016;"Hombre";"Total";"";"";"Azpeitia";"%";12
2016;"Hombre";"Total";"";"";"Bakio";"%";14,5
2016;"Hombre";"Total";"";"";"Baliarrain";"%";7,7
2016;"Hombre";"Total";"";"";"Balmaseda";"%";19,6
2016;"Hombre";"Total";"";"";"Baños de Ebro/Mañueta";"%";2,3
2016;"Hombre";"Total";"";"";"Barakaldo";"%";18,3
2016;"Hombre";"Total";"";"";"Barrika";"%";16,6
2016;"Hombre";"Total";"";"";"Barrundia";"%";6,6
2016;"Hombre";"Total";"";"";"Basauri";"%";17,2
2016;"Hombre";"Total";"";"";"Beasain";"%";9,9
2016;"Hombre";"Total";"";"";"Bedia";"%";15,7
2016;"Hombre";"Total";"";"";"Beizama";"%";13,6
2016;"Hombre";"Total";"";"";"Belauntza";"%";7,1
2016;"Hombre";"Total";"";"";"Berango";"%";10,8
2016;"Hombre";"Total";"";"";"Berantevilla";"%";13,3
2016;"Hombre";"Total";"";"";"Berastegi";"%";6,6
2016;"Hombre";"Total";"";"";"Bergara";"%";11,1
2016;"Hombre";"Total";"";"";"Bermeo";"%";19,2
2016;"Hombre";"Total";"";"";"Bernedo";"%";7,6
2016;"Hombre";"Total";"";"";"Berriatua";"%";14,5
2016;"Hombre";"Total";"";"";"Berriz";"%";10,8
2016;"Hombre";"Total";"";"";"Berrobi";"%";16,2
2016;"Hombre";"Total";"";"";"Bidania-Goiatz";"%";6,6
2016;"Hombre";"Total";"";"";"Bilbao";"%";18,6
2016;"Hombre";"Total";"";"";"Busturia";"%";18,4
2016;"Hombre";"Total";"";"";"Campezo/Kanpezu";"%";11,8
2016;"Hombre";"Total";"";"";"Deba";"%";10,3
2016;"Hombre";"Total";"";"";"Derio";"%";10,5
2016;"Hombre";"Total";"";"";"Dima";"%";8,3
2016;"Hombre";"Total";"";"";"Donostia / San Sebastián";"%";12,3
2016;"Hombre";"Total";"";"";"Durango";"%";11,3
2016;"Hombre";"Total";"";"";"Ea";"%";12,7
2016;"Hombre";"Total";"";"";"Eibar";"%";14,3
2016;"Hombre";"Total";"";"";"Elantxobe";"%";17,5
2016;"Hombre";"Total";"";"";"Elburgo/Burgelu";"%";7
2016;"Hombre";"Total";"";"";"Elciego";"%";9,5
2016;"Hombre";"Total";"";"";"Elduain";"%";9,1
2016;"Hombre";"Total";"";"";"Elgeta";"%";9,7
2016;"Hombre";"Total";"";"";"Elgoibar";"%";10,9
2016;"Hombre";"Total";"";"";"Elorrio";"%";9,5
2016;"Hombre";"Total";"";"";"Elvillar/Bilar";"%";9,2
2016;"Hombre";"Total";"";"";"Erandio";"%";17
2016;"Hombre";"Total";"";"";"Ereño";"%";7,2
2016;"Hombre";"Total";"";"";"Ermua";"%";13,9
2016;"Hombre";"Total";"";"";"Errenteria";"%";14,3
2016;"Hombre";"Total";"";"";"Errezil";"%";13,9
2016;"Hombre";"Total";"";"";"Erriberagoitia/Ribera Alta";"%";5,1
2016;"Hombre";"Total";"";"";"Errigoiti";"%";13,6
2016;"Hombre";"Total";"";"";"Eskoriatza";"%";11,5
2016;"Hombre";"Total";"";"";"Etxebarri";"%";12,8
2016;"Hombre";"Total";"";"";"Etxebarria";"%";11,3
2016;"Hombre";"Total";"";"";"Ezkio-Itsaso";"%";4,7
2016;"Hombre";"Total";"";"";"Forua";"%";17,1
2016;"Hombre";"Total";"";"";"Fruiz";"%";11,4
2016;"Hombre";"Total";"";"";"Gabiria";"%";4
2016;"Hombre";"Total";"";"";"Gaintza";"%";6,7
2016;"Hombre";"Total";"";"";"Galdakao";"%";12,1
2016;"Hombre";"Total";"";"";"Galdames";"%";13,6
2016;"Hombre";"Total";"";"";"Gamiz-Fika";"%";9,9
2016;"Hombre";"Total";"";"";"Garai";"%";5,4
2016;"Hombre";"Total";"";"";"Gatika";"%";11
2016;"Hombre";"Total";"";"";"Gautegiz Arteaga";"%";13,7
2016;"Hombre";"Total";"";"";"Gaztelu";"%";5,1
2016;"Hombre";"Total";"";"";"Gernika-Lumo";"%";14,1
2016;"Hombre";"Total";"";"";"Getaria";"%";12,8
2016;"Hombre";"Total";"";"";"Getxo";"%";13,6
2016;"Hombre";"Total";"";"";"Gizaburuaga";"%";10
2016;"Hombre";"Total";"";"";"Gordexola";"%";12,2
2016;"Hombre";"Total";"";"";"Gorliz";"%";14,3
2016;"Hombre";"Total";"";"";"Güeñes";"%";18,1
2016;"Hombre";"Total";"";"";"Harana/Valle de Arana";"%";16,9
2016;"Hombre";"Total";"";"";"Hernani";"%";12,9
2016;"Hombre";"Total";"";"";"Hernialde";"%";10,3
2016;"Hombre";"Total";"";"";"Hondarribia";"%";13,8
2016;"Hombre";"Total";"";"";"Ibarra";"%";12,2
2016;"Hombre";"Total";"";"";"Ibarrangelu";"%";12,6
2016;"Hombre";"Total";"";"";"Idiazabal";"%";5,5
2016;"Hombre";"Total";"";"";"Igorre";"%";12,3
2016;"Hombre";"Total";"";"";"Ikaztegieta";"%";14,5
2016;"Hombre";"Total";"";"";"Irun";"%";15,3
2016;"Hombre";"Total";"";"";"Iruña Oka/Iruña de Oca";"%";11,4
2016;"Hombre";"Total";"";"";"Irura";"%";9,6
2016;"Hombre";"Total";"";"";"Iruraiz-Gauna";"%";3,1
2016;"Hombre";"Total";"";"";"Ispaster";"%";7,8
2016;"Hombre";"Total";"";"";"Itsasondo";"%";9,1
2016;"Hombre";"Total";"";"";"Iurreta";"%";13,4
2016;"Hombre";"Total";"";"";"Izurtza";"%";16,3
2016;"Hombre";"Total";"";"";"Karrantza Harana/Valle de Carranza";"%";21,4
2016;"Hombre";"Total";"";"";"Kortezubi";"%";5,9
2016;"Hombre";"Total";"";"";"Kripan";"%";9,3
2016;"Hombre";"Total";"";"";"Kuartango";"%";7,8
2016;"Hombre";"Total";"";"";"Labastida/Bastida";"%";14,2
2016;"Hombre";"Total";"";"";"Lagrán";"%";10,6
2016;"Hombre";"Total";"";"";"Laguardia";"%";11,2
2016;"Hombre";"Total";"";"";"Lanciego/Lantziego";"%";11,6
2016;"Hombre";"Total";"";"";"Lanestosa";"%";26,2
2016;"Hombre";"Total";"";"";"Lantarón";"%";18,7
2016;"Hombre";"Total";"";"";"Lapuebla de Labarca";"%";13,5
2016;"Hombre";"Total";"";"";"Larrabetzu";"%";11,2
2016;"Hombre";"Total";"";"";"Larraul";"%";6,8
2016;"Hombre";"Total";"";"";"Lasarte-Oria";"%";13
2016;"Hombre";"Total";"";"";"Laudio/Llodio";"%";13,8
2016;"Hombre";"Total";"";"";"Laukiz";"%";7,7
2016;"Hombre";"Total";"";"";"Lazkao";"%";7
2016;"Hombre";"Total";"";"";"Leaburu";"%";11,5
2016;"Hombre";"Total";"";"";"Legazpi";"%";8,6
2016;"Hombre";"Total";"";"";"Legorreta";"%";9,3
2016;"Hombre";"Total";"";"";"Legutio";"%";13,1
2016;"Hombre";"Total";"";"";"Leintz-Gatzaga";"%";9,8
2016;"Hombre";"Total";"";"";"Leioa";"%";13,3
2016;"Hombre";"Total";"";"";"Lekeitio";"%";14,4
2016;"Hombre";"Total";"";"";"Lemoa";"%";13,1
2016;"Hombre";"Total";"";"";"Lemoiz";"%";14,4
2016;"Hombre";"Total";"";"";"Leza";"%";5,2
2016;"Hombre";"Total";"";"";"Lezama";"%";8,1
2016;"Hombre";"Total";"";"";"Lezo";"%";11,3
2016;"Hombre";"Total";"";"";"Lizartza";"%";11,3
2016;"Hombre";"Total";"";"";"Loiu";"%";8,9
2016;"Hombre";"Total";"";"";"Mallabia";"%";8,3
2016;"Hombre";"Total";"";"";"Mañaria";"%";12,6
2016;"Hombre";"Total";"";"";"Markina-Xemein";"%";13,2
2016;"Hombre";"Total";"";"";"Maruri-Jatabe";"%";7,8
2016;"Hombre";"Total";"";"";"Mendaro";"%";10,3
2016;"Hombre";"Total";"";"";"Mendata";"%";5,8
2016;"Hombre";"Total";"";"";"Mendexa";"%";14,6
2016;"Hombre";"Total";"";"";"Meñaka";"%";9,5
2016;"Hombre";"Total";"";"";"Moreda de Álava/Moreda Araba";"%";25,4
2016;"Hombre";"Total";"";"";"Morga";"%";8,7
2016;"Hombre";"Total";"";"";"Mundaka";"%";14
2016;"Hombre";"Total";"";"";"Mungia";"%";12,5
2016;"Hombre";"Total";"";"";"Munitibar-Arbatzegi Gerrikaitz";"%";10,6
2016;"Hombre";"Total";"";"";"Murueta";"%";7,1
2016;"Hombre";"Total";"";"";"Muskiz";"%";16,5
2016;"Hombre";"Total";"";"";"Mutiloa";"%";4,5
2016;"Hombre";"Total";"";"";"Mutriku";"%";14,3
2016;"Hombre";"Total";"";"";"Muxika";"%";10,7
2016;"Hombre";"Total";"";"";"Nabarniz";"%";8,5
2016;"Hombre";"Total";"";"";"Navaridas";"%";9,7
2016;"Hombre";"Total";"";"";"Oiartzun";"%";9,8
2016;"Hombre";"Total";"";"";"Okondo";"%";13,9
2016;"Hombre";"Total";"";"";"Olaberria";"%";9,2
2016;"Hombre";"Total";"";"";"Ondarroa";"%";16,3
2016;"Hombre";"Total";"";"";"Oñati";"%";7
2016;"Hombre";"Total";"";"";"Ordizia";"%";11,4
2016;"Hombre";"Total";"";"";"Orendain";"%";3,4
2016;"Hombre";"Total";"";"";"Orexa";"%";3,1
2016;"Hombre";"Total";"";"";"Orio";"%";13,6
2016;"Hombre";"Total";"";"";"Ormaiztegi";"%";7,6
2016;"Hombre";"Total";"";"";"Orozko";"%";11,2
2016;"Hombre";"Total";"";"";"Ortuella";"%";18,1
2016;"Hombre";"Total";"";"";"Otxandio";"%";11,7
2016;"Hombre";"Total";"";"";"Oyón-Oion";"%";21,8
2016;"Hombre";"Total";"";"";"Pasaia";"%";15,7
2016;"Hombre";"Total";"";"";"Peñacerrada-Urizaharra";"%";2,2
2016;"Hombre";"Total";"";"";"Plentzia";"%";13,5
2016;"Hombre";"Total";"";"";"Portugalete";"%";17,2
2016;"Hombre";"Total";"";"";"Ribera Baja/Erriberabeitia";"%";13,5
2016;"Hombre";"Total";"";"";"Samaniego";"%";5,2
2016;"Hombre";"Total";"";"";"San Millán/Donemiliaga";"%";6,9
2016;"Hombre";"Total";"";"";"Santurtzi";"%";19,7
2016;"Hombre";"Total";"";"";"Segura";"%";8,1
2016;"Hombre";"Total";"";"";"Sestao";"%";23,9
2016;"Hombre";"Total";"";"";"Sondika";"%";10,5
2016;"Hombre";"Total";"";"";"Sopela";"%";12,7
2016;"Hombre";"Total";"";"";"Sopuerta";"%";14,3
2016;"Hombre";"Total";"";"";"Soraluze-Placencia de las Armas";"%";16,2
2016;"Hombre";"Total";"";"";"Sukarrieta";"%";19,6
2016;"Hombre";"Total";"";"";"Tolosa";"%";11,5
2016;"Hombre";"Total";"";"";"Trucios-Turtzioz";"%";18,4
2016;"Hombre";"Total";"";"";"Ubide";"%";9,8
2016;"Hombre";"Total";"";"";"Ugao-Miraballes";"%";17,1
2016;"Hombre";"Total";"";"";"Urduliz";"%";11,6
2016;"Hombre";"Total";"";"";"Urduña/Orduña";"%";16,8
2016;"Hombre";"Total";"";"";"Urkabustaiz";"%";10,9
2016;"Hombre";"Total";"";"";"Urnieta";"%";9,6
2016;"Hombre";"Total";"";"";"Urretxu";"%";8,3
2016;"Hombre";"Total";"";"";"Usurbil";"%";9,7
2016;"Hombre";"Total";"";"";"Valdegovía/Gaubea";"%";14,6
2016;"Hombre";"Total";"";"";"Valle de Trápaga-Trapagaran";"%";16,4
2016;"Hombre";"Total";"";"";"Villabona";"%";12,5
2016;"Hombre";"Total";"";"";"Villabuena de Álava/Eskuernaga";"%";7,3
2016;"Hombre";"Total";"";"";"Vitoria-Gasteiz";"%";14
2016;"Hombre";"Total";"";"";"Yécora/Iekora";"%";18,7
2016;"Hombre";"Total";"";"";"Zaldibar";"%";9,3
2016;"Hombre";"Total";"";"";"Zaldibia";"%";8,4
2016;"Hombre";"Total";"";"";"Zalduondo";"%";12,3
2016;"Hombre";"Total";"";"";"Zalla";"%";17,6
2016;"Hombre";"Total";"";"";"Zambrana";"%";16,7
2016;"Hombre";"Total";"";"";"Zamudio";"%";11,7
2016;"Hombre";"Total";"";"";"Zaratamo";"%";17,2
2016;"Hombre";"Total";"";"";"Zarautz";"%";11,2
2016;"Hombre";"Total";"";"";"Zeanuri";"%";7,9
2016;"Hombre";"Total";"";"";"Zeberio";"%";11,5
2016;"Hombre";"Total";"";"";"Zegama";"%";10
2016;"Hombre";"Total";"";"";"Zerain";"%";8,5
2016;"Hombre";"Total";"";"";"Zestoa";"%";13,3
2016;"Hombre";"Total";"";"";"Zierbena";"%";15,3
2016;"Hombre";"Total";"";"";"Zigoitia";"%";7,1
2016;"Hombre";"Total";"";"";"Ziortza-Bolibar";"%";12,1
2016;"Hombre";"Total";"";"";"Zizurkil";"%";11,6
2016;"Hombre";"Total";"";"";"Zuia";"%";9
2016;"Hombre";"Total";"";"";"Zumaia";"%";11,3
2016;"Hombre";"Total";"";"";"Zumarraga";"%";11
2016;"Hombre";"Total";"";"";"Añana (comarca)";"%";12,9
2016;"Hombre";"Total";"";"";"Arabako Errioxa / Rioja Alavesa";"%";14,4
2016;"Hombre";"Total";"";"";"Arabako Kantaurialdea / Cantábrica Alavesa";"%";13,3
2016;"Hombre";"Total";"";"";"Arabako Lautada / Llanada Alavesa";"%";13,8
2016;"Hombre";"Total";"";"";"Arabako Mendialdea / Montaña Alavesa";"%";9,4
2016;"Hombre";"Total";"";"";"Arratia-Nerbioi / Arratia-Nervión";"%";13,2
2016;"Hombre";"Total";"";"";"Bidasoa Beherea / Bajo Bidasoa";"%";15
2016;"Hombre";"Total";"";"";"Bilbo Handia / Gran Bilbao";"%";17,3
2016;"Hombre";"Total";"";"";"Debabarrena / Bajo Deba";"%";13,2
2016;"Hombre";"Total";"";"";"Debagoiena / Alto Deba";"%";10,6
2016;"Hombre";"Total";"";"";"Donostialdea";"%";12,5
2016;"Hombre";"Total";"";"";"Durangaldea / Duranguesado";"%";11,5
2016;"Hombre";"Total";"";"";"Enkartazioak / Encartaciones";"%";17,9
2016;"Hombre";"Total";"";"";"Gernika-Bermeo";"%";15,5
2016;"Hombre";"Total";"";"";"Goierri";"%";9,2
2016;"Hombre";"Total";"";"";"Gorbeialdea / Estribaciones del Gorbea";"%";9,7
2016;"Hombre";"Total";"";"";"Markina-Ondarroa";"%";14
2016;"Hombre";"Total";"";"";"Plentzia-Mungia";"%";12,7
2016;"Hombre";"Total";"";"";"Tolosaldea";"%";10,9
2016;"Hombre";"Total";"";"";"Urola Kosta";"%";11,9
2016;"Hombre";"Total";"";"";"Araba/Álava";"%";14,3
2016;"Hombre";"Total";"";"";"Bizkaia";"%";15,6
2016;"Hombre";"Total";"";"";"Gipuzkoa";"%";10,5
2020;"Hombre";"Total";"";"";"C.A. de Euskadi";"%";10,5
2020;"Hombre";"Total";"";"";"Abadiño";"%";7,9
2020;"Hombre";"Total";"";"";"Abaltzisketa";"%";2
2020;"Hombre";"Total";"";"";"Abanto y Ciérvana-Abanto Zierbena";"%";12,1
2020;"Hombre";"Total";"";"";"Aduna";"%";2,9
2020;"Hombre";"Total";"";"";"Agurain/Salvatierra";"%";11,3
2020;"Hombre";"Total";"";"";"Aia";"%";4,9
2020;"Hombre";"Total";"";"";"Aizarnazabal";"%";8,1
2020;"Hombre";"Total";"";"";"Ajangiz";"%";7,6
2020;"Hombre";"Total";"";"";"Albiztur";"%";2,6
2020;"Hombre";"Total";"";"";"Alegia";"%";8,2
2020;"Hombre";"Total";"";"";"Alegría-Dulantzi";"%";8,1
2020;"Hombre";"Total";"";"";"Alkiza";"%";3,5
2020;"Hombre";"Total";"";"";"Alonsotegi";"%";11,1
2020;"Hombre";"Total";"";"";"Altzaga";"%";7,5
2020;"Hombre";"Total";"";"";"Altzo";"%";4,2
2020;"Hombre";"Total";"";"";"Amezketa";"%";7,3
2020;"Hombre";"Total";"";"";"Amorebieta-Etxano";"%";7,3
2020;"Hombre";"Total";"";"";"Amoroto";"%";6
2020;"Hombre";"Total";"";"";"Amurrio";"%";9,4
2020;"Hombre";"Total";"";"";"Andoain";"%";6,9
2020;"Hombre";"Total";"";"";"Anoeta";"%";6,3
2020;"Hombre";"Total";"";"";"Antzuola";"%";6
2020;"Hombre";"Total";"";"";"Añana";"%";12,9
2020;"Hombre";"Total";"";"";"Arakaldo";"%";7,8
2020;"Hombre";"Total";"";"";"Arama";"%";4,1
2020;"Hombre";"Total";"";"";"Aramaio";"%";3
2020;"Hombre";"Total";"";"";"Arantzazu";"%";3,9
2020;"Hombre";"Total";"";"";"Areatza";"%";6,6
2020;"Hombre";"Total";"";"";"Aretxabaleta";"%";5,8
2020;"Hombre";"Total";"";"";"Armiñón";"%";4,7
2020;"Hombre";"Total";"";"";"Arraia-Maeztu";"%";3,3
2020;"Hombre";"Total";"";"";"Arrankudiaga-Zollo";"%";9
2020;"Hombre";"Total";"";"";"Arrasate/Mondragón";"%";7,8
2020;"Hombre";"Total";"";"";"Arratzu";"%";4,3
2020;"Hombre";"Total";"";"";"Arratzua-Ubarrundia";"%";5,8
2020;"Hombre";"Total";"";"";"Arrieta";"%";9,3
2020;"Hombre";"Total";"";"";"Arrigorriaga";"%";9,7
2020;"Hombre";"Total";"";"";"Artea";"%";10,8
2020;"Hombre";"Total";"";"";"Artzentales";"%";11,8
2020;"Hombre";"Total";"";"";"Artziniega";"%";9,2
2020;"Hombre";"Total";"";"";"Asparrena";"%";13
2020;"Hombre";"Total";"";"";"Asteasu";"%";4,9
2020;"Hombre";"Total";"";"";"Astigarraga";"%";5,3
2020;"Hombre";"Total";"";"";"Ataun";"%";6,1
2020;"Hombre";"Total";"";"";"Atxondo";"%";6,6
2020;"Hombre";"Total";"";"";"Aulesti";"%";4,1
2020;"Hombre";"Total";"";"";"Ayala/Aiara";"%";5,8
2020;"Hombre";"Total";"";"";"Azkoitia";"%";6,7
2020;"Hombre";"Total";"";"";"Azpeitia";"%";6
2020;"Hombre";"Total";"";"";"Bakio";"%";9,8
2020;"Hombre";"Total";"";"";"Baliarrain";"%";7,1
2020;"Hombre";"Total";"";"";"Balmaseda";"%";11,5
2020;"Hombre";"Total";"";"";"Baños de Ebro/Mañueta";"%";3,2
2020;"Hombre";"Total";"";"";"Barakaldo";"%";10,9
2020;"Hombre";"Total";"";"";"Barrika";"%";7,4
2020;"Hombre";"Total";"";"";"Barrundia";"%";5,6
2020;"Hombre";"Total";"";"";"Basauri";"%";11
2020;"Hombre";"Total";"";"";"Beasain";"%";6
2020;"Hombre";"Total";"";"";"Bedia";"%";7,3
2020;"Hombre";"Total";"";"";"Beizama";"%";5
2020;"Hombre";"Total";"";"";"Belauntza";"%";6
2020;"Hombre";"Total";"";"";"Berango";"%";8,2
2020;"Hombre";"Total";"";"";"Berantevilla";"%";8,2
2020;"Hombre";"Total";"";"";"Berastegi";"%";3,5
2020;"Hombre";"Total";"";"";"Bergara";"%";7,1
2020;"Hombre";"Total";"";"";"Bermeo";"%";13,4
2020;"Hombre";"Total";"";"";"Bernedo";"%";7,7
2020;"Hombre";"Total";"";"";"Berriatua";"%";9,1
2020;"Hombre";"Total";"";"";"Berriz";"%";7,1
2020;"Hombre";"Total";"";"";"Berrobi";"%";5,3
2020;"Hombre";"Total";"";"";"Bidania-Goiatz";"%";7,9
2020;"Hombre";"Total";"";"";"Bilbao";"%";11,9
2020;"Hombre";"Total";"";"";"Busturia";"%";9,7
2020;"Hombre";"Total";"";"";"Campezo/Kanpezu";"%";7,4
2020;"Hombre";"Total";"";"";"Deba";"%";5,6
2020;"Hombre";"Total";"";"";"Derio";"%";5
2020;"Hombre";"Total";"";"";"Dima";"%";6
2020;"Hombre";"Total";"";"";"Donostia / San Sebastián";"%";7,6
2020;"Hombre";"Total";"";"";"Durango";"%";8,3
2020;"Hombre";"Total";"";"";"Ea";"%";8,1
2020;"Hombre";"Total";"";"";"Eibar";"%";9,5
2020;"Hombre";"Total";"";"";"Elantxobe";"%";12
2020;"Hombre";"Total";"";"";"Elburgo/Burgelu";"%";3,6
2020;"Hombre";"Total";"";"";"Elciego";"%";6
2020;"Hombre";"Total";"";"";"Elduain";"%";6,3
2020;"Hombre";"Total";"";"";"Elgeta";"%";4,7
2020;"Hombre";"Total";"";"";"Elgoibar";"%";5,6
2020;"Hombre";"Total";"";"";"Elorrio";"%";6,4
2020;"Hombre";"Total";"";"";"Elvillar/Bilar";"%";3,3
2020;"Hombre";"Total";"";"";"Erandio";"%";9,7
2020;"Hombre";"Total";"";"";"Ereño";"%";9,5
2020;"Hombre";"Total";"";"";"Ermua";"%";9,1
2020;"Hombre";"Total";"";"";"Errenteria";"%";8,6
2020;"Hombre";"Total";"";"";"Errezil";"%";5,3
2020;"Hombre";"Total";"";"";"Erriberagoitia/Ribera Alta";"%";4,3
2020;"Hombre";"Total";"";"";"Errigoiti";"%";8,4
2020;"Hombre";"Total";"";"";"Eskoriatza";"%";5,5
2020;"Hombre";"Total";"";"";"Etxebarri";"%";6,4
2020;"Hombre";"Total";"";"";"Etxebarria";"%";8,7
2020;"Hombre";"Total";"";"";"Ezkio-Itsaso";"%";4,6
2020;"Hombre";"Total";"";"";"Forua";"%";8,9
2020;"Hombre";"Total";"";"";"Fruiz";"%";4,1
2020;"Hombre";"Total";"";"";"Gabiria";"%";4,6
2020;"Hombre";"Total";"";"";"Gaintza";"%";0
2020;"Hombre";"Total";"";"";"Galdakao";"%";8
2020;"Hombre";"Total";"";"";"Galdames";"%";9,1
2020;"Hombre";"Total";"";"";"Gamiz-Fika";"%";7,4
2020;"Hombre";"Total";"";"";"Garai";"%";1
2020;"Hombre";"Total";"";"";"Gatika";"%";6,1
2020;"Hombre";"Total";"";"";"Gautegiz Arteaga";"%";6,6
2020;"Hombre";"Total";"";"";"Gaztelu";"%";4,4
2020;"Hombre";"Total";"";"";"Gernika-Lumo";"%";8,9
2020;"Hombre";"Total";"";"";"Getaria";"%";9,3
2020;"Hombre";"Total";"";"";"Getxo";"%";8,5
2020;"Hombre";"Total";"";"";"Gizaburuaga";"%";1,8
2020;"Hombre";"Total";"";"";"Gordexola";"%";9,4
2020;"Hombre";"Total";"";"";"Gorliz";"%";8,7
2020;"Hombre";"Total";"";"";"Güeñes";"%";9,8
2020;"Hombre";"Total";"";"";"Harana/Valle de Arana";"%";5
2020;"Hombre";"Total";"";"";"Hernani";"%";6,5
2020;"Hombre";"Total";"";"";"Hernialde";"%";6,8
2020;"Hombre";"Total";"";"";"Hondarribia";"%";9,7
2020;"Hombre";"Total";"";"";"Ibarra";"%";7
2020;"Hombre";"Total";"";"";"Ibarrangelu";"%";12,8
2020;"Hombre";"Total";"";"";"Idiazabal";"%";4,4
2020;"Hombre";"Total";"";"";"Igorre";"%";7,4
2020;"Hombre";"Total";"";"";"Ikaztegieta";"%";6,3
2020;"Hombre";"Total";"";"";"Irun";"%";9,8
2020;"Hombre";"Total";"";"";"Iruña Oka/Iruña de Oca";"%";7,2
2020;"Hombre";"Total";"";"";"Irura";"%";3,8
2020;"Hombre";"Total";"";"";"Iruraiz-Gauna";"%";4,7
2020;"Hombre";"Total";"";"";"Ispaster";"%";5,4
2020;"Hombre";"Total";"";"";"Itsasondo";"%";6
2020;"Hombre";"Total";"";"";"Iurreta";"%";10,2
2020;"Hombre";"Total";"";"";"Izurtza";"%";11,3
2020;"Hombre";"Total";"";"";"Karrantza Harana/Valle de Carranza";"%";13,1
2020;"Hombre";"Total";"";"";"Kortezubi";"%";6,1
2020;"Hombre";"Total";"";"";"Kripan";"%";4,3
2020;"Hombre";"Total";"";"";"Kuartango";"%";8,2
2020;"Hombre";"Total";"";"";"Labastida/Bastida";"%";12,7
2020;"Hombre";"Total";"";"";"Lagrán";"%";9,8
2020;"Hombre";"Total";"";"";"Laguardia";"%";7,5
2020;"Hombre";"Total";"";"";"Lanciego/Lantziego";"%";10,4
2020;"Hombre";"Total";"";"";"Lanestosa";"%";10,4
2020;"Hombre";"Total";"";"";"Lantarón";"%";9,8
2020;"Hombre";"Total";"";"";"Lapuebla de Labarca";"%";8,3
2020;"Hombre";"Total";"";"";"Larrabetzu";"%";6,9
2020;"Hombre";"Total";"";"";"Larraul";"%";6
2020;"Hombre";"Total";"";"";"Lasarte-Oria";"%";7,5
2020;"Hombre";"Total";"";"";"Laudio/Llodio";"%";9,3
2020;"Hombre";"Total";"";"";"Laukiz";"%";8,3
2020;"Hombre";"Total";"";"";"Lazkao";"%";4,6
2020;"Hombre";"Total";"";"";"Leaburu";"%";6,8
2020;"Hombre";"Total";"";"";"Legazpi";"%";6,2
2020;"Hombre";"Total";"";"";"Legorreta";"%";6,5
2020;"Hombre";"Total";"";"";"Legutio";"%";7,4
2020;"Hombre";"Total";"";"";"Leintz-Gatzaga";"%";0
2020;"Hombre";"Total";"";"";"Leioa";"%";8,4
2020;"Hombre";"Total";"";"";"Lekeitio";"%";10,9
2020;"Hombre";"Total";"";"";"Lemoa";"%";8,2
2020;"Hombre";"Total";"";"";"Lemoiz";"%";6,3
2020;"Hombre";"Total";"";"";"Leza";"%";5,6
2020;"Hombre";"Total";"";"";"Lezama";"%";5,6
2020;"Hombre";"Total";"";"";"Lezo";"%";7,4
2020;"Hombre";"Total";"";"";"Lizartza";"%";4,7
2020;"Hombre";"Total";"";"";"Loiu";"%";6,1
2020;"Hombre";"Total";"";"";"Mallabia";"%";4,4
2020;"Hombre";"Total";"";"";"Mañaria";"%";4,9
2020;"Hombre";"Total";"";"";"Markina-Xemein";"%";9
2020;"Hombre";"Total";"";"";"Maruri-Jatabe";"%";4,7
2020;"Hombre";"Total";"";"";"Mendaro";"%";7
2020;"Hombre";"Total";"";"";"Mendata";"%";6
2020;"Hombre";"Total";"";"";"Mendexa";"%";8,4
2020;"Hombre";"Total";"";"";"Meñaka";"%";4,4
2020;"Hombre";"Total";"";"";"Moreda de Álava/Moreda Araba";"%";6,1
2020;"Hombre";"Total";"";"";"Morga";"%";5,8
2020;"Hombre";"Total";"";"";"Mundaka";"%";7,9
2020;"Hombre";"Total";"";"";"Mungia";"%";7,3
2020;"Hombre";"Total";"";"";"Munitibar-Arbatzegi Gerrikaitz";"%";7,4
2020;"Hombre";"Total";"";"";"Murueta";"%";7,5
2020;"Hombre";"Total";"";"";"Muskiz";"%";10,5
2020;"Hombre";"Total";"";"";"Mutiloa";"%";9,2
2020;"Hombre";"Total";"";"";"Mutriku";"%";9,2
2020;"Hombre";"Total";"";"";"Muxika";"%";8,8
2020;"Hombre";"Total";"";"";"Nabarniz";"%";4,9
2020;"Hombre";"Total";"";"";"Navaridas";"%";1,6
2020;"Hombre";"Total";"";"";"Oiartzun";"%";6,2
2020;"Hombre";"Total";"";"";"Okondo";"%";6,6
2020;"Hombre";"Total";"";"";"Olaberria";"%";6,3
2020;"Hombre";"Total";"";"";"Ondarroa";"%";11,2
2020;"Hombre";"Total";"";"";"Oñati";"%";4,8
2020;"Hombre";"Total";"";"";"Ordizia";"%";7,1
2020;"Hombre";"Total";"";"";"Orendain";"%";3,6
2020;"Hombre";"Total";"";"";"Orexa";"%";3,3
2020;"Hombre";"Total";"";"";"Orio";"%";9,2
2020;"Hombre";"Total";"";"";"Ormaiztegi";"%";5,8
2020;"Hombre";"Total";"";"";"Orozko";"%";8,3
2020;"Hombre";"Total";"";"";"Ortuella";"%";10,8
2020;"Hombre";"Total";"";"";"Otxandio";"%";7,2
2020;"Hombre";"Total";"";"";"Oyón-Oion";"%";14,1
2020;"Hombre";"Total";"";"";"Pasaia";"%";10,2
2020;"Hombre";"Total";"";"";"Peñacerrada-Urizaharra";"%";7,8
2020;"Hombre";"Total";"";"";"Plentzia";"%";10,2
2020;"Hombre";"Total";"";"";"Portugalete";"%";12,6
2020;"Hombre";"Total";"";"";"Ribera Baja/Erriberabeitia";"%";7,2
2020;"Hombre";"Total";"";"";"Samaniego";"%";1,7
2020;"Hombre";"Total";"";"";"San Millán/Donemiliaga";"%";6,3
2020;"Hombre";"Total";"";"";"Santurtzi";"%";12,4
2020;"Hombre";"Total";"";"";"Segura";"%";5,5
2020;"Hombre";"Total";"";"";"Sestao";"%";15,2
2020;"Hombre";"Total";"";"";"Sondika";"%";7,5
2020;"Hombre";"Total";"";"";"Sopela";"%";8,6
2020;"Hombre";"Total";"";"";"Sopuerta";"%";7,4
2020;"Hombre";"Total";"";"";"Soraluze-Placencia de las Armas";"%";10,5
2020;"Hombre";"Total";"";"";"Sukarrieta";"%";11,8
2020;"Hombre";"Total";"";"";"Tolosa";"%";6,2
2020;"Hombre";"Total";"";"";"Trucios-Turtzioz";"%";10,9
2020;"Hombre";"Total";"";"";"Ubide";"%";6,5
2020;"Hombre";"Total";"";"";"Ugao-Miraballes";"%";8,5
2020;"Hombre";"Total";"";"";"Urduliz";"%";9,8
2020;"Hombre";"Total";"";"";"Urduña/Orduña";"%";12,5
2020;"Hombre";"Total";"";"";"Urkabustaiz";"%";8,4
2020;"Hombre";"Total";"";"";"Urnieta";"%";5,5
2020;"Hombre";"Total";"";"";"Urretxu";"%";6,3
2020;"Hombre";"Total";"";"";"Usurbil";"%";5,9
2020;"Hombre";"Total";"";"";"Valdegovía/Gaubea";"%";12,2
2020;"Hombre";"Total";"";"";"Valle de Trápaga-Trapagaran";"%";10
2020;"Hombre";"Total";"";"";"Villabona";"%";7,1
2020;"Hombre";"Total";"";"";"Villabuena de Álava/Eskuernaga";"%";4,9
2020;"Hombre";"Total";"";"";"Vitoria-Gasteiz";"%";9,2
2020;"Hombre";"Total";"";"";"Yécora/Iekora";"%";9,5
2020;"Hombre";"Total";"";"";"Zaldibar";"%";6,4
2020;"Hombre";"Total";"";"";"Zaldibia";"%";4,5
2020;"Hombre";"Total";"";"";"Zalduondo";"%";4,9
2020;"Hombre";"Total";"";"";"Zalla";"%";10,9
2020;"Hombre";"Total";"";"";"Zambrana";"%";8,1
2020;"Hombre";"Total";"";"";"Zamudio";"%";7,3
2020;"Hombre";"Total";"";"";"Zaratamo";"%";10
2020;"Hombre";"Total";"";"";"Zarautz";"%";6,6
2020;"Hombre";"Total";"";"";"Zeanuri";"%";6,5
2020;"Hombre";"Total";"";"";"Zeberio";"%";7,2
2020;"Hombre";"Total";"";"";"Zegama";"%";3,9
2020;"Hombre";"Total";"";"";"Zerain";"%";1,7
2020;"Hombre";"Total";"";"";"Zestoa";"%";7,2
2020;"Hombre";"Total";"";"";"Zierbena";"%";9,2
2020;"Hombre";"Total";"";"";"Zigoitia";"%";4,3
2020;"Hombre";"Total";"";"";"Ziortza-Bolibar";"%";2,6
2020;"Hombre";"Total";"";"";"Zizurkil";"%";7,2
2020;"Hombre";"Total";"";"";"Zuia";"%";4,8
2020;"Hombre";"Total";"";"";"Zumaia";"%";5,8
2020;"Hombre";"Total";"";"";"Zumarraga";"%";8
2020;"Hombre";"Total";"";"";"Añana (comarca)";"%";8,3
2020;"Hombre";"Total";"";"";"Arabako Errioxa / Rioja Alavesa";"%";9,6
2020;"Hombre";"Total";"";"";"Arabako Kantaurialdea / Cantábrica Alavesa";"%";8,9
2020;"Hombre";"Total";"";"";"Arabako Lautada / Llanada Alavesa";"%";9,2
2020;"Hombre";"Total";"";"";"Arabako Mendialdea / Montaña Alavesa";"%";6,5
2020;"Hombre";"Total";"";"";"Arratia-Nerbioi / Arratia-Nervión";"%";8,5
2020;"Hombre";"Total";"";"";"Bidasoa Beherea / Bajo Bidasoa";"%";9,8
2020;"Hombre";"Total";"";"";"Bilbo Handia / Gran Bilbao";"%";10,9
2020;"Hombre";"Total";"";"";"Debabarrena / Bajo Deba";"%";8,2
2020;"Hombre";"Total";"";"";"Debagoiena / Alto Deba";"%";6,6
2020;"Hombre";"Total";"";"";"Donostialdea";"%";7,6
2020;"Hombre";"Total";"";"";"Durangaldea / Duranguesado";"%";7,9
2020;"Hombre";"Total";"";"";"Enkartazioak / Encartaciones";"%";10,6
2020;"Hombre";"Total";"";"";"Gernika-Bermeo";"%";10,3
2020;"Hombre";"Total";"";"";"Goierri";"%";6,2
2020;"Hombre";"Total";"";"";"Gorbeialdea / Estribaciones del Gorbea";"%";5,6
2020;"Hombre";"Total";"";"";"Markina-Ondarroa";"%";9,7
2020;"Hombre";"Total";"";"";"Plentzia-Mungia";"%";8,2
2020;"Hombre";"Total";"";"";"Tolosaldea";"%";6,2
2020;"Hombre";"Total";"";"";"Urola Kosta";"%";6,7
2020;"Hombre";"Total";"";"";"Araba/Álava";"%";8,4
2020;"Hombre";"Total";"";"";"Bizkaia";"%";12,6
2020;"Hombre";"Total";"";"";"Gipuzkoa";"%";8,1
2022;"Hombre";"Total";"";"";"C.A. de Euskadi";"%";8,1
2022;"Hombre";"Total";"";"";"Abadiño";"%";6,8
2022;"Hombre";"Total";"";"";"Abaltzisketa";"%";4,1
2022;"Hombre";"Total";"";"";"Abanto y Ciérvana-Abanto Zierbena";"%";10,7
2022;"Hombre";"Total";"";"";"Aduna";"%";0,8
2022;"Hombre";"Total";"";"";"Agurain/Salvatierra";"%";7,9
2022;"Hombre";"Total";"";"";"Aia";"%";4,4
2022;"Hombre";"Total";"";"";"Aizarnazabal";"%";6
2022;"Hombre";"Total";"";"";"Ajangiz";"%";4
2022;"Hombre";"Total";"";"";"Albiztur";"%";0
2022;"Hombre";"Total";"";"";"Alegia";"%";6,1
2022;"Hombre";"Total";"";"";"Alegría-Dulantzi";"%";9,2
2022;"Hombre";"Total";"";"";"Alkiza";"%";2,3
2022;"Hombre";"Total";"";"";"Alonsotegi";"%";11,6
2022;"Hombre";"Total";"";"";"Altzaga";"%";5,3
2022;"Hombre";"Total";"";"";"Altzo";"%";3,9
2022;"Hombre";"Total";"";"";"Amezketa";"%";5,2
2022;"Hombre";"Total";"";"";"Amorebieta-Etxano";"%";6,5
2022;"Hombre";"Total";"";"";"Amoroto";"%";5,2
2022;"Hombre";"Total";"";"";"Amurrio";"%";7
2022;"Hombre";"Total";"";"";"Andoain";"%";7,3
2022;"Hombre";"Total";"";"";"Anoeta";"%";5,7
2022;"Hombre";"Total";"";"";"Antzuola";"%";4
2022;"Hombre";"Total";"";"";"Añana";"%";6,3
2022;"Hombre";"Total";"";"";"Arakaldo";"%";8
2022;"Hombre";"Total";"";"";"Arama";"%";2,3
2022;"Hombre";"Total";"";"";"Aramaio";"%";4,4
2022;"Hombre";"Total";"";"";"Arantzazu";"%";5,7
2022;"Hombre";"Total";"";"";"Areatza";"%";7,5
2022;"Hombre";"Total";"";"";"Aretxabaleta";"%";4,8
2022;"Hombre";"Total";"";"";"Armiñón";"%";3
2022;"Hombre";"Total";"";"";"Arraia-Maeztu";"%";4,3
2022;"Hombre";"Total";"";"";"Arrankudiaga-Zollo";"%";7,4
2022;"Hombre";"Total";"";"";"Arrasate/Mondragón";"%";7,3
2022;"Hombre";"Total";"";"";"Arratzu";"%";4,4
2022;"Hombre";"Total";"";"";"Arratzua-Ubarrundia";"%";4,5
2022;"Hombre";"Total";"";"";"Arrieta";"%";7,2
2022;"Hombre";"Total";"";"";"Arrigorriaga";"%";8,6
2022;"Hombre";"Total";"";"";"Artea";"%";10,3
2022;"Hombre";"Total";"";"";"Artzentales";"%";10,2
2022;"Hombre";"Total";"";"";"Artziniega";"%";9,5
2022;"Hombre";"Total";"";"";"Asparrena";"%";11,5
2022;"Hombre";"Total";"";"";"Asteasu";"%";4,9
2022;"Hombre";"Total";"";"";"Astigarraga";"%";4,3
2022;"Hombre";"Total";"";"";"Ataun";"%";3,4
2022;"Hombre";"Total";"";"";"Atxondo";"%";5,4
2022;"Hombre";"Total";"";"";"Aulesti";"%";2,9
2022;"Hombre";"Total";"";"";"Ayala/Aiara";"%";6
2022;"Hombre";"Total";"";"";"Azkoitia";"%";6,1
2022;"Hombre";"Total";"";"";"Azpeitia";"%";5,1
2022;"Hombre";"Total";"";"";"Bakio";"%";8,6
2022;"Hombre";"Total";"";"";"Baliarrain";"%";2,4
2022;"Hombre";"Total";"";"";"Balmaseda";"%";10,9
2022;"Hombre";"Total";"";"";"Baños de Ebro/Mañueta";"%";4,5
2022;"Hombre";"Total";"";"";"Barakaldo";"%";10
2022;"Hombre";"Total";"";"";"Barrika";"%";9,9
2022;"Hombre";"Total";"";"";"Barrundia";"%";4,2
2022;"Hombre";"Total";"";"";"Basauri";"%";9,7
2022;"Hombre";"Total";"";"";"Beasain";"%";5,7
2022;"Hombre";"Total";"";"";"Bedia";"%";8,5
2022;"Hombre";"Total";"";"";"Beizama";"%";2,6
2022;"Hombre";"Total";"";"";"Belauntza";"%";5,7
2022;"Hombre";"Total";"";"";"Berango";"%";7,1
2022;"Hombre";"Total";"";"";"Berantevilla";"%";7,6
2022;"Hombre";"Total";"";"";"Berastegi";"%";2,7
2022;"Hombre";"Total";"";"";"Bergara";"%";6
2022;"Hombre";"Total";"";"";"Bermeo";"%";11,3
2022;"Hombre";"Total";"";"";"Bernedo";"%";9,4
2022;"Hombre";"Total";"";"";"Berriatua";"%";5,2
2022;"Hombre";"Total";"";"";"Berriz";"%";6,1
2022;"Hombre";"Total";"";"";"Berrobi";"%";6,5
2022;"Hombre";"Total";"";"";"Bidania-Goiatz";"%";5,7
2022;"Hombre";"Total";"";"";"Bilbao";"%";11,4
2022;"Hombre";"Total";"";"";"Busturia";"%";11,1
2022;"Hombre";"Total";"";"";"Campezo/Kanpezu";"%";5,4
2022;"Hombre";"Total";"";"";"Deba";"%";5,6
2022;"Hombre";"Total";"";"";"Derio";"%";5,9
2022;"Hombre";"Total";"";"";"Dima";"%";6,8
2022;"Hombre";"Total";"";"";"Donostia / San Sebastián";"%";7,2
2022;"Hombre";"Total";"";"";"Durango";"%";6,5
2022;"Hombre";"Total";"";"";"Ea";"%";9,5
2022;"Hombre";"Total";"";"";"Eibar";"%";8,3
2022;"Hombre";"Total";"";"";"Elantxobe";"%";9,6
2022;"Hombre";"Total";"";"";"Elburgo/Burgelu";"%";6
2022;"Hombre";"Total";"";"";"Elciego";"%";6,2
2022;"Hombre";"Total";"";"";"Elduain";"%";1,6
2022;"Hombre";"Total";"";"";"Elgeta";"%";2,1
2022;"Hombre";"Total";"";"";"Elgoibar";"%";5,7
2022;"Hombre";"Total";"";"";"Elorrio";"%";4,9
2022;"Hombre";"Total";"";"";"Elvillar/Bilar";"%";3,4
2022;"Hombre";"Total";"";"";"Erandio";"%";9,6
2022;"Hombre";"Total";"";"";"Ereño";"%";4,9
2022;"Hombre";"Total";"";"";"Ermua";"%";7,8
2022;"Hombre";"Total";"";"";"Errenteria";"%";7,6
2022;"Hombre";"Total";"";"";"Errezil";"%";7,8
2022;"Hombre";"Total";"";"";"Erriberagoitia/Ribera Alta";"%";3,6
2022;"Hombre";"Total";"";"";"Errigoiti";"%";4,3
2022;"Hombre";"Total";"";"";"Eskoriatza";"%";6,3
2022;"Hombre";"Total";"";"";"Etxebarri";"%";6
2022;"Hombre";"Total";"";"";"Etxebarria";"%";7,2
2022;"Hombre";"Total";"";"";"Ezkio-Itsaso";"%";4,6
2022;"Hombre";"Total";"";"";"Forua";"%";7,1
2022;"Hombre";"Total";"";"";"Fruiz";"%";7,4
2022;"Hombre";"Total";"";"";"Gabiria";"%";3,8
2022;"Hombre";"Total";"";"";"Gaintza";"%";2,5
2022;"Hombre";"Total";"";"";"Galdakao";"%";6,7
2022;"Hombre";"Total";"";"";"Galdames";"%";8
2022;"Hombre";"Total";"";"";"Gamiz-Fika";"%";6,3
2022;"Hombre";"Total";"";"";"Garai";"%";3,2
2022;"Hombre";"Total";"";"";"Gatika";"%";7
2022;"Hombre";"Total";"";"";"Gautegiz Arteaga";"%";5,9
2022;"Hombre";"Total";"";"";"Gaztelu";"%";2
2022;"Hombre";"Total";"";"";"Gernika-Lumo";"%";7,6
2022;"Hombre";"Total";"";"";"Getaria";"%";3,7
2022;"Hombre";"Total";"";"";"Getxo";"%";8,4
2022;"Hombre";"Total";"";"";"Gizaburuaga";"%";7,3
2022;"Hombre";"Total";"";"";"Gordexola";"%";8,6
2022;"Hombre";"Total";"";"";"Gorliz";"%";8,8
2022;"Hombre";"Total";"";"";"Güeñes";"%";9,7
2022;"Hombre";"Total";"";"";"Harana/Valle de Arana";"%";7,9
2022;"Hombre";"Total";"";"";"Hernani";"%";6,8
2022;"Hombre";"Total";"";"";"Hernialde";"%";11,5
2022;"Hombre";"Total";"";"";"Hondarribia";"%";6,3
2022;"Hombre";"Total";"";"";"Ibarra";"%";6,7
2022;"Hombre";"Total";"";"";"Ibarrangelu";"%";10,8
2022;"Hombre";"Total";"";"";"Idiazabal";"%";3,2
2022;"Hombre";"Total";"";"";"Igorre";"%";7,9
2022;"Hombre";"Total";"";"";"Ikaztegieta";"%";7,8
2022;"Hombre";"Total";"";"";"Irun";"%";8,6
2022;"Hombre";"Total";"";"";"Iruña Oka/Iruña de Oca";"%";6
2022;"Hombre";"Total";"";"";"Irura";"%";3,4
2022;"Hombre";"Total";"";"";"Iruraiz-Gauna";"%";5,1
2022;"Hombre";"Total";"";"";"Ispaster";"%";7,7
2022;"Hombre";"Total";"";"";"Itsasondo";"%";4,2
2022;"Hombre";"Total";"";"";"Iurreta";"%";7,6
2022;"Hombre";"Total";"";"";"Izurtza";"%";3,2
2022;"Hombre";"Total";"";"";"Karrantza Harana/Valle de Carranza";"%";10,5
2022;"Hombre";"Total";"";"";"Kortezubi";"%";5,2
2022;"Hombre";"Total";"";"";"Kripan";"%";4,1
2022;"Hombre";"Total";"";"";"Kuartango";"%";6
2022;"Hombre";"Total";"";"";"Labastida/Bastida";"%";6,1
2022;"Hombre";"Total";"";"";"Lagrán";"%";10,4
2022;"Hombre";"Total";"";"";"Laguardia";"%";7,7
2022;"Hombre";"Total";"";"";"Lanciego/Lantziego";"%";6,1
2022;"Hombre";"Total";"";"";"Lanestosa";"%";15,9
2022;"Hombre";"Total";"";"";"Lantarón";"%";8,8
2022;"Hombre";"Total";"";"";"Lapuebla de Labarca";"%";10,8
2022;"Hombre";"Total";"";"";"Larrabetzu";"%";8,1
2022;"Hombre";"Total";"";"";"Larraul";"%";5,2
2022;"Hombre";"Total";"";"";"Lasarte-Oria";"%";5,8
2022;"Hombre";"Total";"";"";"Laudio/Llodio";"%";7,8
2022;"Hombre";"Total";"";"";"Laukiz";"%";5,6
2022;"Hombre";"Total";"";"";"Lazkao";"%";4,2
2022;"Hombre";"Total";"";"";"Leaburu";"%";3,3
2022;"Hombre";"Total";"";"";"Legazpi";"%";5,2
2022;"Hombre";"Total";"";"";"Legorreta";"%";5,2
2022;"Hombre";"Total";"";"";"Legutio";"%";8
2022;"Hombre";"Total";"";"";"Leintz-Gatzaga";"%";2,9
2022;"Hombre";"Total";"";"";"Leioa";"%";8,5
2022;"Hombre";"Total";"";"";"Lekeitio";"%";8,7
2022;"Hombre";"Total";"";"";"Lemoa";"%";7,4
2022;"Hombre";"Total";"";"";"Lemoiz";"%";8,5
2022;"Hombre";"Total";"";"";"Leza";"%";5
2022;"Hombre";"Total";"";"";"Lezama";"%";4,6
2022;"Hombre";"Total";"";"";"Lezo";"%";6,7
2022;"Hombre";"Total";"";"";"Lizartza";"%";4,8
2022;"Hombre";"Total";"";"";"Loiu";"%";5,6
2022;"Hombre";"Total";"";"";"Mallabia";"%";3,4
2022;"Hombre";"Total";"";"";"Mañaria";"%";5,5
2022;"Hombre";"Total";"";"";"Markina-Xemein";"%";7
2022;"Hombre";"Total";"";"";"Maruri-Jatabe";"%";8,6
2022;"Hombre";"Total";"";"";"Mendaro";"%";4,4
2022;"Hombre";"Total";"";"";"Mendata";"%";7,4
2022;"Hombre";"Total";"";"";"Mendexa";"%";3,2
2022;"Hombre";"Total";"";"";"Meñaka";"%";4,9
2022;"Hombre";"Total";"";"";"Moreda de Álava/Moreda Araba";"%";8
2022;"Hombre";"Total";"";"";"Morga";"%";4,4
2022;"Hombre";"Total";"";"";"Mundaka";"%";10,3
2022;"Hombre";"Total";"";"";"Mungia";"%";7,3
2022;"Hombre";"Total";"";"";"Munitibar-Arbatzegi Gerrikaitz";"%";6,9
2022;"Hombre";"Total";"";"";"Murueta";"%";12,5
2022;"Hombre";"Total";"";"";"Muskiz";"%";8
2022;"Hombre";"Total";"";"";"Mutiloa";"%";1,4
2022;"Hombre";"Total";"";"";"Mutriku";"%";5,2
2022;"Hombre";"Total";"";"";"Muxika";"%";8
2022;"Hombre";"Total";"";"";"Nabarniz";"%";8,8
2022;"Hombre";"Total";"";"";"Navaridas";"%";3,9
2022;"Hombre";"Total";"";"";"Oiartzun";"%";5,3
2022;"Hombre";"Total";"";"";"Okondo";"%";6,4
2022;"Hombre";"Total";"";"";"Olaberria";"%";5,6
2022;"Hombre";"Total";"";"";"Ondarroa";"%";8,8
2022;"Hombre";"Total";"";"";"Oñati";"%";5,4
2022;"Hombre";"Total";"";"";"Ordizia";"%";6,7
2022;"Hombre";"Total";"";"";"Orendain";"%";0
2022;"Hombre";"Total";"";"";"Orexa";"%";0
2022;"Hombre";"Total";"";"";"Orio";"%";5
2022;"Hombre";"Total";"";"";"Ormaiztegi";"%";3,8
2022;"Hombre";"Total";"";"";"Orozko";"%";9,5
2022;"Hombre";"Total";"";"";"Ortuella";"%";10,6
2022;"Hombre";"Total";"";"";"Otxandio";"%";6,3
2022;"Hombre";"Total";"";"";"Oyón-Oion";"%";10,3
2022;"Hombre";"Total";"";"";"Pasaia";"%";8,5
2022;"Hombre";"Total";"";"";"Peñacerrada-Urizaharra";"%";4,6
2022;"Hombre";"Total";"";"";"Plentzia";"%";9
2022;"Hombre";"Total";"";"";"Portugalete";"%";11,2
2022;"Hombre";"Total";"";"";"Ribera Baja/Erriberabeitia";"%";6,5
2022;"Hombre";"Total";"";"";"Samaniego";"%";7,4
2022;"Hombre";"Total";"";"";"San Millán/Donemiliaga";"%";6,3
2022;"Hombre";"Total";"";"";"Santurtzi";"%";11,5
2022;"Hombre";"Total";"";"";"Segura";"%";2,8
2022;"Hombre";"Total";"";"";"Sestao";"%";13,5
2022;"Hombre";"Total";"";"";"Sondika";"%";7,5
2022;"Hombre";"Total";"";"";"Sopela";"%";8,1
2022;"Hombre";"Total";"";"";"Sopuerta";"%";7,8
2022;"Hombre";"Total";"";"";"Soraluze-Placencia de las Armas";"%";8,7
2022;"Hombre";"Total";"";"";"Sukarrieta";"%";12
2022;"Hombre";"Total";"";"";"Tolosa";"%";6,5
2022;"Hombre";"Total";"";"";"Trucios-Turtzioz";"%";12,9
2022;"Hombre";"Total";"";"";"Ubide";"%";7
2022;"Hombre";"Total";"";"";"Ugao-Miraballes";"%";7,9
2022;"Hombre";"Total";"";"";"Urduliz";"%";7,6
2022;"Hombre";"Total";"";"";"Urduña/Orduña";"%";12,4
2022;"Hombre";"Total";"";"";"Urkabustaiz";"%";8
2022;"Hombre";"Total";"";"";"Urnieta";"%";5,3
2022;"Hombre";"Total";"";"";"Urretxu";"%";5,5
2022;"Hombre";"Total";"";"";"Usurbil";"%";5,8
2022;"Hombre";"Total";"";"";"Valdegovía/Gaubea";"%";12,1
2022;"Hombre";"Total";"";"";"Valle de Trápaga-Trapagaran";"%";9,8
2022;"Hombre";"Total";"";"";"Villabona";"%";6,9
2022;"Hombre";"Total";"";"";"Villabuena de Álava/Eskuernaga";"%";2,3
2022;"Hombre";"Total";"";"";"Vitoria-Gasteiz";"%";8,4
2022;"Hombre";"Total";"";"";"Yécora/Iekora";"%";3,1
2022;"Hombre";"Total";"";"";"Zaldibar";"%";6,3
2022;"Hombre";"Total";"";"";"Zaldibia";"%";5,8
2022;"Hombre";"Total";"";"";"Zalduondo";"%";7,9
2022;"Hombre";"Total";"";"";"Zalla";"%";8,5
2022;"Hombre";"Total";"";"";"Zambrana";"%";9,5
2022;"Hombre";"Total";"";"";"Zamudio";"%";7
2022;"Hombre";"Total";"";"";"Zaratamo";"%";8,4
2022;"Hombre";"Total";"";"";"Zarautz";"%";5,7
2022;"Hombre";"Total";"";"";"Zeanuri";"%";5,8
2022;"Hombre";"Total";"";"";"Zeberio";"%";6,4
2022;"Hombre";"Total";"";"";"Zegama";"%";3,2
2022;"Hombre";"Total";"";"";"Zerain";"%";1,6
2022;"Hombre";"Total";"";"";"Zestoa";"%";6,5
2022;"Hombre";"Total";"";"";"Zierbena";"%";7,1
2022;"Hombre";"Total";"";"";"Zigoitia";"%";3,7
2022;"Hombre";"Total";"";"";"Ziortza-Bolibar";"%";8,7
2022;"Hombre";"Total";"";"";"Zizurkil";"%";6,4
2022;"Hombre";"Total";"";"";"Zuia";"%";5,9
2022;"Hombre";"Total";"";"";"Zumaia";"%";5,3
2022;"Hombre";"Total";"";"";"Zumarraga";"%";7,9
2022;"Hombre";"Total";"";"";"Añana (comarca)";"%";7,5
2022;"Hombre";"Total";"";"";"Arabako Errioxa / Rioja Alavesa";"%";7,6
2022;"Hombre";"Total";"";"";"Arabako Kantaurialdea / Cantábrica Alavesa";"%";7,4
2022;"Hombre";"Total";"";"";"Arabako Lautada / Llanada Alavesa";"%";8,3
2022;"Hombre";"Total";"";"";"Arabako Mendialdea / Montaña Alavesa";"%";6,2
2022;"Hombre";"Total";"";"";"Arratia-Nerbioi / Arratia-Nervión";"%";8,5
2022;"Hombre";"Total";"";"";"Bidasoa Beherea / Bajo Bidasoa";"%";8,1
2022;"Hombre";"Total";"";"";"Bilbo Handia / Gran Bilbao";"%";10,3
2022;"Hombre";"Total";"";"";"Debabarrena / Bajo Deba";"%";7
2022;"Hombre";"Total";"";"";"Debagoiena / Alto Deba";"%";6
2022;"Hombre";"Total";"";"";"Donostialdea";"%";7
2022;"Hombre";"Total";"";"";"Durangaldea / Duranguesado";"%";6,6
2022;"Hombre";"Total";"";"";"Enkartazioak / Encartaciones";"%";9,6
2022;"Hombre";"Total";"";"";"Gernika-Bermeo";"%";9,1
2022;"Hombre";"Total";"";"";"Goierri";"%";5,6
2022;"Hombre";"Total";"";"";"Gorbeialdea / Estribaciones del Gorbea";"%";6,1
2022;"Hombre";"Total";"";"";"Markina-Ondarroa";"%";7,8
2022;"Hombre";"Total";"";"";"Plentzia-Mungia";"%";7,9
2022;"Hombre";"Total";"";"";"Tolosaldea";"%";5,9
2022;"Hombre";"Total";"";"";"Urola Kosta";"%";5,5
2022;"Hombre";"Total";"";"";"Araba/Álava";"%";9,5
2022;"Hombre";"Total";"";"";"Bizkaia";"%";8,5
2022;"Hombre";"Total";"";"";"Gipuzkoa";"%";6,6
2010;"Hombre";"Total";"";"";"C.A. de Euskadi";"%";9,6
2010;"Hombre";"Total";"";"";"Abadiño";"%";8,5
2010;"Hombre";"Total";"";"";"Abaltzisketa";"%";4,4
2010;"Hombre";"Total";"";"";"Abanto y Ciérvana-Abanto Zierbena";"%";10,5
2010;"Hombre";"Total";"";"";"Aduna";"%";4,6
2010;"Hombre";"Total";"";"";"Agurain/Salvatierra";"%";10,6
2010;"Hombre";"Total";"";"";"Aia";"%";8,6
2010;"Hombre";"Total";"";"";"Aizarnazabal";"%";11,3
2010;"Hombre";"Total";"";"";"Ajangiz";"%";10,6
2010;"Hombre";"Total";"";"";"Albiztur";"%";4,4
2010;"Hombre";"Total";"";"";"Alegia";"%";6,6
2010;"Hombre";"Total";"";"";"Alegría-Dulantzi";"%";5,6
2010;"Hombre";"Total";"";"";"Alkiza";"%";2,9
2010;"Hombre";"Total";"";"";"Alonsotegi";"%";10,7
2010;"Hombre";"Total";"";"";"Altzaga";"%";2,2
2010;"Hombre";"Total";"";"";"Altzo";"%";5,8
2010;"Hombre";"Total";"";"";"Amezketa";"%";5,3
2010;"Hombre";"Total";"";"";"Amorebieta-Etxano";"%";9,1
2010;"Hombre";"Total";"";"";"Amoroto";"%";9,5
2010;"Hombre";"Total";"";"";"Amurrio";"%";9,2
2010;"Hombre";"Total";"";"";"Andoain";"%";8,4
2010;"Hombre";"Total";"";"";"Anoeta";"%";6,1
2010;"Hombre";"Total";"";"";"Antzuola";"%";6,9
2010;"Hombre";"Total";"";"";"Añana";"%";2
2010;"Hombre";"Total";"";"";"Arakaldo";"%";5,7
2010;"Hombre";"Total";"";"";"Arama";"%";7,4
2010;"Hombre";"Total";"";"";"Aramaio";"%";5,1
2010;"Hombre";"Total";"";"";"Arantzazu";"%";8,8
2010;"Hombre";"Total";"";"";"Areatza";"%";7,2
2010;"Hombre";"Total";"";"";"Aretxabaleta";"%";7,4
2010;"Hombre";"Total";"";"";"Armiñón";"%";9,3
2010;"Hombre";"Total";"";"";"Arraia-Maeztu";"%";6,6
2010;"Hombre";"Total";"";"";"Arrankudiaga-Zollo";"%";7,8
2010;"Hombre";"Total";"";"";"Arrasate/Mondragón";"%";9,6
2010;"Hombre";"Total";"";"";"Arratzu";"%";7,2
2010;"Hombre";"Total";"";"";"Arratzua-Ubarrundia";"%";4,4
2010;"Hombre";"Total";"";"";"Arrieta";"%";6,6
2010;"Hombre";"Total";"";"";"Arrigorriaga";"%";9,3
2010;"Hombre";"Total";"";"";"Artea";"%";6,5
2010;"Hombre";"Total";"";"";"Artzentales";"%";8,1
2010;"Hombre";"Total";"";"";"Artziniega";"%";6,9
2010;"Hombre";"Total";"";"";"Asparrena";"%";10
2010;"Hombre";"Total";"";"";"Asteasu";"%";4,6
2010;"Hombre";"Total";"";"";"Astigarraga";"%";6,9
2010;"Hombre";"Total";"";"";"Ataun";"%";4,6
2010;"Hombre";"Total";"";"";"Atxondo";"%";7,3
2010;"Hombre";"Total";"";"";"Aulesti";"%";8,2
2010;"Hombre";"Total";"";"";"Ayala/Aiara";"%";6,6
2010;"Hombre";"Total";"";"";"Azkoitia";"%";8,7
2010;"Hombre";"Total";"";"";"Azpeitia";"%";8
2010;"Hombre";"Total";"";"";"Bakio";"%";8,3
2010;"Hombre";"Total";"";"";"Baliarrain";"%";2,8
2010;"Hombre";"Total";"";"";"Balmaseda";"%";11,1
2010;"Hombre";"Total";"";"";"Baños de Ebro/Mañueta";"%";1
2010;"Hombre";"Total";"";"";"Barakaldo";"%";11,2
2010;"Hombre";"Total";"";"";"Barrika";"%";14,9
2010;"Hombre";"Total";"";"";"Barrundia";"%";5,7
2010;"Hombre";"Total";"";"";"Basauri";"%";10,6
2010;"Hombre";"Total";"";"";"Beasain";"%";9,1
2010;"Hombre";"Total";"";"";"Bedia";"%";8,3
2010;"Hombre";"Total";"";"";"Beizama";"%";6,4
2010;"Hombre";"Total";"";"";"Belauntza";"%";11,4
2010;"Hombre";"Total";"";"";"Berango";"%";9,7
2010;"Hombre";"Total";"";"";"Berantevilla";"%";12
2010;"Hombre";"Total";"";"";"Berastegi";"%";7,9
2010;"Hombre";"Total";"";"";"Bergara";"%";8,2
2010;"Hombre";"Total";"";"";"Bermeo";"%";13,9
2010;"Hombre";"Total";"";"";"Bernedo";"%";4,8
2010;"Hombre";"Total";"";"";"Berriatua";"%";16,1
2010;"Hombre";"Total";"";"";"Berriz";"%";10,1
2010;"Hombre";"Total";"";"";"Berrobi";"%";4,9
2010;"Hombre";"Total";"";"";"Bidania-Goiatz";"%";11,4
2010;"Hombre";"Total";"";"";"Bilbao";"%";12,2
2010;"Hombre";"Total";"";"";"Busturia";"%";9,9
2010;"Hombre";"Total";"";"";"Campezo/Kanpezu";"%";7,6
2010;"Hombre";"Total";"";"";"Deba";"%";8,1
2010;"Hombre";"Total";"";"";"Derio";"%";7,9
2010;"Hombre";"Total";"";"";"Dima";"%";8,1
2010;"Hombre";"Total";"";"";"Donostia / San Sebastián";"%";9,9
2010;"Hombre";"Total";"";"";"Durango";"%";9,8
2010;"Hombre";"Total";"";"";"Ea";"%";11,2
2010;"Hombre";"Total";"";"";"Eibar";"%";9
2010;"Hombre";"Total";"";"";"Elantxobe";"%";13
2010;"Hombre";"Total";"";"";"Elburgo/Burgelu";"%";4
2010;"Hombre";"Total";"";"";"Elciego";"%";11,3
2010;"Hombre";"Total";"";"";"Elduain";"%";5,8
2010;"Hombre";"Total";"";"";"Elgeta";"%";7,9
2010;"Hombre";"Total";"";"";"Elgoibar";"%";8,3
2010;"Hombre";"Total";"";"";"Elorrio";"%";8,5
2010;"Hombre";"Total";"";"";"Elvillar/Bilar";"%";6,5
2010;"Hombre";"Total";"";"";"Erandio";"%";10,5
2010;"Hombre";"Total";"";"";"Ereño";"%";4,2
2010;"Hombre";"Total";"";"";"Ermua";"%";10,5
2010;"Hombre";"Total";"";"";"Errenteria";"%";8,9
2010;"Hombre";"Total";"";"";"Errezil";"%";5,7
2010;"Hombre";"Total";"";"";"Erriberagoitia/Ribera Alta";"%";5,3
2010;"Hombre";"Total";"";"";"Errigoiti";"%";6,7
2010;"Hombre";"Total";"";"";"Eskoriatza";"%";7,9
2010;"Hombre";"Total";"";"";"Etxebarri";"%";8,4
2010;"Hombre";"Total";"";"";"Etxebarria";"%";8,3
2010;"Hombre";"Total";"";"";"Ezkio-Itsaso";"%";10,1
2010;"Hombre";"Total";"";"";"Forua";"%";13,4
2010;"Hombre";"Total";"";"";"Fruiz";"%";7,1
2010;"Hombre";"Total";"";"";"Gabiria";"%";7,7
2010;"Hombre";"Total";"";"";"Gaintza";"%";5,7
2010;"Hombre";"Total";"";"";"Galdakao";"%";8,3
2010;"Hombre";"Total";"";"";"Galdames";"%";6,3
2010;"Hombre";"Total";"";"";"Gamiz-Fika";"%";5,5
2010;"Hombre";"Total";"";"";"Garai";"%";5,2
2010;"Hombre";"Total";"";"";"Gatika";"%";7,7
2010;"Hombre";"Total";"";"";"Gautegiz Arteaga";"%";11
2010;"Hombre";"Total";"";"";"Gaztelu";"%";5,5
2010;"Hombre";"Total";"";"";"Gernika-Lumo";"%";9,6
2010;"Hombre";"Total";"";"";"Getaria";"%";10,1
2010;"Hombre";"Total";"";"";"Getxo";"%";11,1
2010;"Hombre";"Total";"";"";"Gizaburuaga";"%";1,7
2010;"Hombre";"Total";"";"";"Gordexola";"%";8,7
2010;"Hombre";"Total";"";"";"Gorliz";"%";9,5
2010;"Hombre";"Total";"";"";"Güeñes";"%";9
2010;"Hombre";"Total";"";"";"Harana/Valle de Arana";"%";8,2
2010;"Hombre";"Total";"";"";"Hernani";"%";8,8
2010;"Hombre";"Total";"";"";"Hernialde";"%";3,3
2010;"Hombre";"Total";"";"";"Hondarribia";"%";10,4
2010;"Hombre";"Total";"";"";"Ibarra";"%";8,9
2010;"Hombre";"Total";"";"";"Ibarrangelu";"%";8
2010;"Hombre";"Total";"";"";"Idiazabal";"%";7,5
2010;"Hombre";"Total";"";"";"Igorre";"%";8,6
2010;"Hombre";"Total";"";"";"Ikaztegieta";"%";8,3
2010;"Hombre";"Total";"";"";"Irun";"%";11,3
2010;"Hombre";"Total";"";"";"Iruña Oka/Iruña de Oca";"%";6,9
2010;"Hombre";"Total";"";"";"Irura";"%";7,1
2010;"Hombre";"Total";"";"";"Iruraiz-Gauna";"%";4
2010;"Hombre";"Total";"";"";"Ispaster";"%";7,3
2010;"Hombre";"Total";"";"";"Itsasondo";"%";9
2010;"Hombre";"Total";"";"";"Iurreta";"%";9,8
2010;"Hombre";"Total";"";"";"Izurtza";"%";8,4
2010;"Hombre";"Total";"";"";"Karrantza Harana/Valle de Carranza";"%";10,6
2010;"Hombre";"Total";"";"";"Kortezubi";"%";4,1
2010;"Hombre";"Total";"";"";"Kripan";"%";4,3
2010;"Hombre";"Total";"";"";"Kuartango";"%";4,2
2010;"Hombre";"Total";"";"";"Labastida/Bastida";"%";14,3
2010;"Hombre";"Total";"";"";"Lagrán";"%";11,6
2010;"Hombre";"Total";"";"";"Laguardia";"%";8,6
2010;"Hombre";"Total";"";"";"Lanciego/Lantziego";"%";11,4
2010;"Hombre";"Total";"";"";"Lanestosa";"%";17,5
2010;"Hombre";"Total";"";"";"Lantarón";"%";14,3
2010;"Hombre";"Total";"";"";"Lapuebla de Labarca";"%";13,5
2010;"Hombre";"Total";"";"";"Larrabetzu";"%";7,3
2010;"Hombre";"Total";"";"";"Larraul";"%";3,9
2010;"Hombre";"Total";"";"";"Lasarte-Oria";"%";9,5
2010;"Hombre";"Total";"";"";"Laudio/Llodio";"%";8,6
2010;"Hombre";"Total";"";"";"Laukiz";"%";6,9
2010;"Hombre";"Total";"";"";"Lazkao";"%";7,9
2010;"Hombre";"Total";"";"";"Leaburu";"%";5,7
2010;"Hombre";"Total";"";"";"Legazpi";"%";7,8
2010;"Hombre";"Total";"";"";"Legorreta";"%";11,6
2010;"Hombre";"Total";"";"";"Legutio";"%";6,1
2010;"Hombre";"Total";"";"";"Leintz-Gatzaga";"%";8,1
2010;"Hombre";"Total";"";"";"Leioa";"%";10,6
2010;"Hombre";"Total";"";"";"Lekeitio";"%";10
2010;"Hombre";"Total";"";"";"Lemoa";"%";9,5
2010;"Hombre";"Total";"";"";"Lemoiz";"%";8,2
2010;"Hombre";"Total";"";"";"Leza";"%";6,7
2010;"Hombre";"Total";"";"";"Lezama";"%";6,5
2010;"Hombre";"Total";"";"";"Lezo";"%";7,9
2010;"Hombre";"Total";"";"";"Lizartza";"%";10,9
2010;"Hombre";"Total";"";"";"Loiu";"%";10,2
2010;"Hombre";"Total";"";"";"Mallabia";"%";5,3
2010;"Hombre";"Total";"";"";"Mañaria";"%";11,5
2010;"Hombre";"Total";"";"";"Markina-Xemein";"%";13,2
2010;"Hombre";"Total";"";"";"Maruri-Jatabe";"%";8,6
2010;"Hombre";"Total";"";"";"Mendaro";"%";5,1
2010;"Hombre";"Total";"";"";"Mendata";"%";9,3
2010;"Hombre";"Total";"";"";"Mendexa";"%";8,3
2010;"Hombre";"Total";"";"";"Meñaka";"%";5,3
2010;"Hombre";"Total";"";"";"Moreda de Álava/Moreda Araba";"%";19,2
2010;"Hombre";"Total";"";"";"Morga";"%";6,7
2010;"Hombre";"Total";"";"";"Mundaka";"%";11,1
2010;"Hombre";"Total";"";"";"Mungia";"%";9,6
2010;"Hombre";"Total";"";"";"Munitibar-Arbatzegi Gerrikaitz";"%";4,1
2010;"Hombre";"Total";"";"";"Murueta";"%";5,6
2010;"Hombre";"Total";"";"";"Muskiz";"%";10
2010;"Hombre";"Total";"";"";"Mutiloa";"%";5,9
2010;"Hombre";"Total";"";"";"Mutriku";"%";9,5
2010;"Hombre";"Total";"";"";"Muxika";"%";8,4
2010;"Hombre";"Total";"";"";"Nabarniz";"%";3,2
2010;"Hombre";"Total";"";"";"Navaridas";"%";1,7
2010;"Hombre";"Total";"";"";"Oiartzun";"%";7,2
2010;"Hombre";"Total";"";"";"Okondo";"%";8,8
2010;"Hombre";"Total";"";"";"Olaberria";"%";8,1
2010;"Hombre";"Total";"";"";"Ondarroa";"%";12,7
2010;"Hombre";"Total";"";"";"Oñati";"%";7
2010;"Hombre";"Total";"";"";"Ordizia";"%";9
2010;"Hombre";"Total";"";"";"Orendain";"%";3,8
2010;"Hombre";"Total";"";"";"Orexa";"%";10,5
2010;"Hombre";"Total";"";"";"Orio";"%";9,2
2010;"Hombre";"Total";"";"";"Ormaiztegi";"%";7
2010;"Hombre";"Total";"";"";"Orozko";"%";6
2010;"Hombre";"Total";"";"";"Ortuella";"%";10,1
2010;"Hombre";"Total";"";"";"Otxandio";"%";10,2
2010;"Hombre";"Total";"";"";"Oyón-Oion";"%";22,7
2010;"Hombre";"Total";"";"";"Pasaia";"%";11,9
2010;"Hombre";"Total";"";"";"Peñacerrada-Urizaharra";"%";11,9
2010;"Hombre";"Total";"";"";"Plentzia";"%";9,1
2010;"Hombre";"Total";"";"";"Portugalete";"%";10,6
2010;"Hombre";"Total";"";"";"Ribera Baja/Erriberabeitia";"%";14,6
2010;"Hombre";"Total";"";"";"Samaniego";"%";1,1
2010;"Hombre";"Total";"";"";"San Millán/Donemiliaga";"%";9,3
2010;"Hombre";"Total";"";"";"Santurtzi";"%";12
2010;"Hombre";"Total";"";"";"Segura";"%";7,6
2010;"Hombre";"Total";"";"";"Sestao";"%";13,7
2010;"Hombre";"Total";"";"";"Sondika";"%";7,1
2010;"Hombre";"Total";"";"";"Sopela";"%";9,5
2010;"Hombre";"Total";"";"";"Sopuerta";"%";9,8
2010;"Hombre";"Total";"";"";"Soraluze-Placencia de las Armas";"%";10,1
2010;"Hombre";"Total";"";"";"Sukarrieta";"%";10,7
2010;"Hombre";"Total";"";"";"Tolosa";"%";7,6
2010;"Hombre";"Total";"";"";"Trucios-Turtzioz";"%";13,3
2010;"Hombre";"Total";"";"";"Ubide";"%";3,9
2010;"Hombre";"Total";"";"";"Ugao-Miraballes";"%";7,1
2010;"Hombre";"Total";"";"";"Urduliz";"%";9
2010;"Hombre";"Total";"";"";"Urduña/Orduña";"%";12,1
2010;"Hombre";"Total";"";"";"Urkabustaiz";"%";7,3
2010;"Hombre";"Total";"";"";"Urnieta";"%";6,9
2010;"Hombre";"Total";"";"";"Urretxu";"%";5,5
2010;"Hombre";"Total";"";"";"Usurbil";"%";8
2010;"Hombre";"Total";"";"";"Valdegovía/Gaubea";"%";9,8
2010;"Hombre";"Total";"";"";"Valle de Trápaga-Trapagaran";"%";10
2010;"Hombre";"Total";"";"";"Villabona";"%";9
2010;"Hombre";"Total";"";"";"Villabuena de Álava/Eskuernaga";"%";6
2010;"Hombre";"Total";"";"";"Vitoria-Gasteiz";"%";10,9
2010;"Hombre";"Total";"";"";"Yécora/Iekora";"%";11,8
2010;"Hombre";"Total";"";"";"Zaldibar";"%";9,4
2010;"Hombre";"Total";"";"";"Zaldibia";"%";6,8
2010;"Hombre";"Total";"";"";"Zalduondo";"%";4,7
2010;"Hombre";"Total";"";"";"Zalla";"%";9,6
2010;"Hombre";"Total";"";"";"Zambrana";"%";13,5
2010;"Hombre";"Total";"";"";"Zamudio";"%";8,3
2010;"Hombre";"Total";"";"";"Zaratamo";"%";9,2
2010;"Hombre";"Total";"";"";"Zarautz";"%";9,1
2010;"Hombre";"Total";"";"";"Zeanuri";"%";6,1
2010;"Hombre";"Total";"";"";"Zeberio";"%";5,2
2010;"Hombre";"Total";"";"";"Zegama";"%";10,6
2010;"Hombre";"Total";"";"";"Zerain";"%";5,2
2010;"Hombre";"Total";"";"";"Zestoa";"%";9,8
2010;"Hombre";"Total";"";"";"Zierbena";"%";8
2010;"Hombre";"Total";"";"";"Zigoitia";"%";4,9
2010;"Hombre";"Total";"";"";"Ziortza-Bolibar";"%";10,8
2010;"Hombre";"Total";"";"";"Zizurkil";"%";8,1
2010;"Hombre";"Total";"";"";"Zuia";"%";8,9
2010;"Hombre";"Total";"";"";"Zumaia";"%";8,4
2010;"Hombre";"Total";"";"";"Zumarraga";"%";10,3
2010;"Hombre";"Total";"";"";"Añana (comarca)";"%";10,7
2010;"Hombre";"Total";"";"";"Arabako Errioxa / Rioja Alavesa";"%";13,6
2010;"Hombre";"Total";"";"";"Arabako Kantaurialdea / Cantábrica Alavesa";"%";8,5
2010;"Hombre";"Total";"";"";"Arabako Lautada / Llanada Alavesa";"%";10,7
2010;"Hombre";"Total";"";"";"Arabako Mendialdea / Montaña Alavesa";"%";7,5
2010;"Hombre";"Total";"";"";"Arratia-Nerbioi / Arratia-Nervión";"%";8,3
2010;"Hombre";"Total";"";"";"Bidasoa Beherea / Bajo Bidasoa";"%";11,1
2010;"Hombre";"Total";"";"";"Bilbo Handia / Gran Bilbao";"%";11,3
2010;"Hombre";"Total";"";"";"Debabarrena / Bajo Deba";"%";8,7
2010;"Hombre";"Total";"";"";"Debagoiena / Alto Deba";"%";8,3
2010;"Hombre";"Total";"";"";"Donostialdea";"%";9,4
2010;"Hombre";"Total";"";"";"Durangaldea / Duranguesado";"%";9,5
2010;"Hombre";"Total";"";"";"Enkartazioak / Encartaciones";"%";9,9
2010;"Hombre";"Total";"";"";"Gernika-Bermeo";"%";11,1
2010;"Hombre";"Total";"";"";"Goierri";"%";8,3
2010;"Hombre";"Total";"";"";"Gorbeialdea / Estribaciones del Gorbea";"%";6,7
2010;"Hombre";"Total";"";"";"Markina-Ondarroa";"%";11,5
2010;"Hombre";"Total";"";"";"Plentzia-Mungia";"%";9,2
2010;"Hombre";"Total";"";"";"olosaldea";"%";7,7
2010;"Hombre";"Total";"";"";"Urola Kosta";"%";8,8
2010;"Hombre";"Total";"";"";"Araba/Álava";"%";10
2010;"Hombre";"Total";"";"";"Bizkaia";"%";10,7
2010;"Hombre";"Total";"";"";"Gipuzkoa";"%";7,7
2019;"Hombre";"Total";"";"";"C.A. de Euskadi";"%";9,1
2019;"Hombre";"Total";"";"";"Abadiño";"%";8,1
2019;"Hombre";"Total";"";"";"Abaltzisketa";"%";4,3
2019;"Hombre";"Total";"";"";"Abanto y Ciérvana-Abanto Zierbena";"%";10,7
2019;"Hombre";"Total";"";"";"Aduna";"%";2,1
2019;"Hombre";"Total";"";"";"Agurain/Salvatierra";"%";9,2
2019;"Hombre";"Total";"";"";"Aia";"%";6,1
2019;"Hombre";"Total";"";"";"Aizarnazabal";"%";10,8
2019;"Hombre";"Total";"";"";"Ajangiz";"%";5,1
2019;"Hombre";"Total";"";"";"Albiztur";"%";0
2019;"Hombre";"Total";"";"";"Alegia";"%";6,9
2019;"Hombre";"Total";"";"";"Alegría-Dulantzi";"%";8,7
2019;"Hombre";"Total";"";"";"Alkiza";"%";4,6
2019;"Hombre";"Total";"";"";"Alonsotegi";"%";13,6
2019;"Hombre";"Total";"";"";"Altzaga";"%";4,7
2019;"Hombre";"Total";"";"";"Altzo";"%";4,5
2019;"Hombre";"Total";"";"";"Amezketa";"%";5,6
2019;"Hombre";"Total";"";"";"Amorebieta-Etxano";"%";7,7
2019;"Hombre";"Total";"";"";"Amoroto";"%";5,8
2019;"Hombre";"Total";"";"";"Amurrio";"%";8,7
2019;"Hombre";"Total";"";"";"Andoain";"%";7,4
2019;"Hombre";"Total";"";"";"Anoeta";"%";5,7
2019;"Hombre";"Total";"";"";"Antzuola";"%";3,5
2019;"Hombre";"Total";"";"";"Añana";"%";10,1
2019;"Hombre";"Total";"";"";"Arakaldo";"%";7,7
2019;"Hombre";"Total";"";"";"Arama";"%";7,7
2019;"Hombre";"Total";"";"";"Aramaio";"%";4,1
2019;"Hombre";"Total";"";"";"Arantzazu";"%";4,3
2019;"Hombre";"Total";"";"";"Areatza";"%";6,8
2019;"Hombre";"Total";"";"";"Aretxabaleta";"%";6,7
2019;"Hombre";"Total";"";"";"Armiñón";"%";4,5
2019;"Hombre";"Total";"";"";"Arraia-Maeztu";"%";4,3
2019;"Hombre";"Total";"";"";"Arrankudiaga-Zollo";"%";9,3
2019;"Hombre";"Total";"";"";"Arrasate/Mondragón";"%";9,2
2019;"Hombre";"Total";"";"";"Arratzu";"%";5,3
2019;"Hombre";"Total";"";"";"Arratzua-Ubarrundia";"%";6,1
2019;"Hombre";"Total";"";"";"Arrieta";"%";5,2
2019;"Hombre";"Total";"";"";"Arrigorriaga";"%";8,9
2019;"Hombre";"Total";"";"";"Artea";"%";8,3
2019;"Hombre";"Total";"";"";"Artzentales";"%";12,6
2019;"Hombre";"Total";"";"";"Artziniega";"%";10,2
2019;"Hombre";"Total";"";"";"Asparrena";"%";12,5
2019;"Hombre";"Total";"";"";"Asteasu";"%";4,4
2019;"Hombre";"Total";"";"";"Astigarraga";"%";4,8
2019;"Hombre";"Total";"";"";"Ataun";"%";5
2019;"Hombre";"Total";"";"";"Atxondo";"%";6,6
2019;"Hombre";"Total";"";"";"Aulesti";"%";4
2019;"Hombre";"Total";"";"";"Ayala/Aiara";"%";5,5
2019;"Hombre";"Total";"";"";"Azkoitia";"%";6,6
2019;"Hombre";"Total";"";"";"Azpeitia";"%";6
2019;"Hombre";"Total";"";"";"Bakio";"%";10,3
2019;"Hombre";"Total";"";"";"Baliarrain";"%";0
2019;"Hombre";"Total";"";"";"Balmaseda";"%";12,6
2019;"Hombre";"Total";"";"";"Baños de Ebro/Mañueta";"%";4,1
2019;"Hombre";"Total";"";"";"Barakaldo";"%";11,4
2019;"Hombre";"Total";"";"";"Barrika";"%";11,7
2019;"Hombre";"Total";"";"";"Barrundia";"%";4,2
2019;"Hombre";"Total";"";"";"Basauri";"%";11,1
2019;"Hombre";"Total";"";"";"Beasain";"%";5,9
2019;"Hombre";"Total";"";"";"Bedia";"%";7
2019;"Hombre";"Total";"";"";"Beizama";"%";5
2019;"Hombre";"Total";"";"";"Belauntza";"%";1,6
2019;"Hombre";"Total";"";"";"Berango";"%";7,2
2019;"Hombre";"Total";"";"";"Berantevilla";"%";8
2019;"Hombre";"Total";"";"";"Berastegi";"%";4,5
2019;"Hombre";"Total";"";"";"Bergara";"%";7,4
2019;"Hombre";"Total";"";"";"Bermeo";"%";13,7
2019;"Hombre";"Total";"";"";"Bernedo";"%";6,4
2019;"Hombre";"Total";"";"";"Berriatua";"%";8,2
2019;"Hombre";"Total";"";"";"Berriz";"%";6,5
2019;"Hombre";"Total";"";"";"Berrobi";"%";7,3
2019;"Hombre";"Total";"";"";"Bidania-Goiatz";"%";7,1
2019;"Hombre";"Total";"";"";"Bilbao";"%";12,5
2019;"Hombre";"Total";"";"";"Busturia";"%";10,5
2019;"Hombre";"Total";"";"";"Campezo/Kanpezu";"%";8,6
2019;"Hombre";"Total";"";"";"Deba";"%";6,6
2019;"Hombre";"Total";"";"";"Derio";"%";6,3
2019;"Hombre";"Total";"";"";"Dima";"%";5,6
2019;"Hombre";"Total";"";"";"Donostia / San Sebastián";"%";8,2
2019;"Hombre";"Total";"";"";"Durango";"%";8
2019;"Hombre";"Total";"";"";"Ea";"%";6
2019;"Hombre";"Total";"";"";"Eibar";"%";9,8
2019;"Hombre";"Total";"";"";"Elantxobe";"%";13,8
2019;"Hombre";"Total";"";"";"Elburgo/Burgelu";"%";4,9
2019;"Hombre";"Total";"";"";"Elciego";"%";7,5
2019;"Hombre";"Total";"";"";"Elduain";"%";4,8
2019;"Hombre";"Total";"";"";"Elgeta";"%";6,5
2019;"Hombre";"Total";"";"";"Elgoibar";"%";6,2
2019;"Hombre";"Total";"";"";"Elorrio";"%";7,6
2019;"Hombre";"Total";"";"";"Elvillar/Bilar";"%";3,1
2019;"Hombre";"Total";"";"";"Erandio";"%";10,6
2019;"Hombre";"Total";"";"";"Ereño";"%";7,1
2019;"Hombre";"Total";"";"";"Ermua";"%";9,1
2019;"Hombre";"Total";"";"";"Errenteria";"%";8,6
2019;"Hombre";"Total";"";"";"Errezil";"%";5,2
2019;"Hombre";"Total";"";"";"Erriberagoitia/Ribera Alta";"%";4,1
2019;"Hombre";"Total";"";"";"Errigoiti";"%";6,2
2019;"Hombre";"Total";"";"";"Eskoriatza";"%";6
2019;"Hombre";"Total";"";"";"Etxebarri";"%";6,4
2019;"Hombre";"Total";"";"";"Etxebarria";"%";7,1
2019;"Hombre";"Total";"";"";"Ezkio-Itsaso";"%";5,5
2019;"Hombre";"Total";"";"";"Forua";"%";9,8
2019;"Hombre";"Total";"";"";"Fruiz";"%";7,1
2019;"Hombre";"Total";"";"";"Gabiria";"%";4,1
2019;"Hombre";"Total";"";"";"Gaintza";"%";0
2019;"Hombre";"Total";"";"";"Galdakao";"%";8,3
2019;"Hombre";"Total";"";"";"Galdames";"%";12,7
2019;"Hombre";"Total";"";"";"Gamiz-Fika";"%";7,3
2019;"Hombre";"Total";"";"";"Garai";"%";3,2
2019;"Hombre";"Total";"";"";"Gatika";"%";6,8
2019;"Hombre";"Total";"";"";"Gautegiz Arteaga";"%";10
2019;"Hombre";"Total";"";"";"Gaztelu";"%";2,3
2019;"Hombre";"Total";"";"";"Gernika-Lumo";"%";8,5
2019;"Hombre";"Total";"";"";"Getaria";"%";11,1
2019;"Hombre";"Total";"";"";"Getxo";"%";8,9
2019;"Hombre";"Total";"";"";"Gizaburuaga";"%";5,8
2019;"Hombre";"Total";"";"";"Gordexola";"%";8,2
2019;"Hombre";"Total";"";"";"Gorliz";"%";8,9
2019;"Hombre";"Total";"";"";"Güeñes";"%";9,8
2019;"Hombre";"Total";"";"";"Harana/Valle de Arana";"%";6,3
2019;"Hombre";"Total";"";"";"Hernani";"%";7,4
2019;"Hombre";"Total";"";"";"Hernialde";"%";12
2019;"Hombre";"Total";"";"";"Hondarribia";"%";8,9
2019;"Hombre";"Total";"";"";"Ibarra";"%";7,3
2019;"Hombre";"Total";"";"";"Ibarrangelu";"%";7,4
2019;"Hombre";"Total";"";"";"Idiazabal";"%";5,2
2019;"Hombre";"Total";"";"";"Igorre";"%";6,2
2019;"Hombre";"Total";"";"";"Ikaztegieta";"%";5,4
2019;"Hombre";"Total";"";"";"Irun";"%";9,4
2019;"Hombre";"Total";"";"";"Iruña Oka/Iruña de Oca";"%";7,9
2019;"Hombre";"Total";"";"";"Irura";"%";6,1
2019;"Hombre";"Total";"";"";"Iruraiz-Gauna";"%";2,4
2019;"Hombre";"Total";"";"";"Ispaster";"%";8
2019;"Hombre";"Total";"";"";"Itsasondo";"%";7,8
2019;"Hombre";"Total";"";"";"Iurreta";"%";8,7
2019;"Hombre";"Total";"";"";"Izurtza";"%";4,7
2019;"Hombre";"Total";"";"";"Karrantza Harana/Valle de Carranza";"%";15,4
2019;"Hombre";"Total";"";"";"Kortezubi";"%";5,2
2019;"Hombre";"Total";"";"";"Kripan";"%";2,1
2019;"Hombre";"Total";"";"";"Kuartango";"%";7,3
2019;"Hombre";"Total";"";"";"Labastida/Bastida";"%";14,4
2019;"Hombre";"Total";"";"";"Lagrán";"%";8,1
2019;"Hombre";"Total";"";"";"Laguardia";"%";6,7
2019;"Hombre";"Total";"";"";"Lanciego/Lantziego";"%";6,8
2019;"Hombre";"Total";"";"";"Lanestosa";"%";10,3
2019;"Hombre";"Total";"";"";"Lantarón";"%";8,4
2019;"Hombre";"Total";"";"";"Lapuebla de Labarca";"%";8,5
2019;"Hombre";"Total";"";"";"Larrabetzu";"%";6,2
2019;"Hombre";"Total";"";"";"Larraul";"%";5,3
2019;"Hombre";"Total";"";"";"Lasarte-Oria";"%";7,3
2019;"Hombre";"Total";"";"";"Laudio/Llodio";"%";10,3
2019;"Hombre";"Total";"";"";"Laukiz";"%";6,8
2019;"Hombre";"Total";"";"";"Lazkao";"%";4,1
2019;"Hombre";"Total";"";"";"Leaburu";"%";4,3
2019;"Hombre";"Total";"";"";"Legazpi";"%";5,3
2019;"Hombre";"Total";"";"";"Legorreta";"%";8,8
2019;"Hombre";"Total";"";"";"Legutio";"%";8,4
2019;"Hombre";"Total";"";"";"Leintz-Gatzaga";"%";1,3
2019;"Hombre";"Total";"";"";"Leioa";"%";8,5
2019;"Hombre";"Total";"";"";"Lekeitio";"%";11,1
2019;"Hombre";"Total";"";"";"Lemoa";"%";9,3
2019;"Hombre";"Total";"";"";"Lemoiz";"%";7
2019;"Hombre";"Total";"";"";"Leza";"%";7,3
2019;"Hombre";"Total";"";"";"Lezama";"%";6,6
2019;"Hombre";"Total";"";"";"Lezo";"%";7
2019;"Hombre";"Total";"";"";"Lizartza";"%";9,5
2019;"Hombre";"Total";"";"";"Loiu";"%";6,1
2019;"Hombre";"Total";"";"";"Mallabia";"%";5,5
2019;"Hombre";"Total";"";"";"Mañaria";"%";4,9
2019;"Hombre";"Total";"";"";"Markina-Xemein";"%";8,3
2019;"Hombre";"Total";"";"";"Maruri-Jatabe";"%";6,8
2019;"Hombre";"Total";"";"";"Mendaro";"%";5,9
2019;"Hombre";"Total";"";"";"Mendata";"%";4,6
2019;"Hombre";"Total";"";"";"Mendexa";"%";13
2019;"Hombre";"Total";"";"";"Meñaka";"%";2,8
2019;"Hombre";"Total";"";"";"Moreda de Álava/Moreda Araba";"%";10,8
2019;"Hombre";"Total";"";"";"Morga";"%";3,8
2019;"Hombre";"Total";"";"";"Mundaka";"%";8,7
2019;"Hombre";"Total";"";"";"Mungia";"%";7,6
2019;"Hombre";"Total";"";"";"Munitibar-Arbatzegi Gerrikaitz";"%";8,2
2019;"Hombre";"Total";"";"";"Murueta";"%";7,4
2019;"Hombre";"Total";"";"";"Muskiz";"%";9,9
2019;"Hombre";"Total";"";"";"Mutiloa";"%";2,7
2019;"Hombre";"Total";"";"";"Mutriku";"%";10,2
2019;"Hombre";"Total";"";"";"Muxika";"%";11,1
2019;"Hombre";"Total";"";"";"Nabarniz";"%";3,6
2019;"Hombre";"Total";"";"";"Navaridas";"%";4,3
2019;"Hombre";"Total";"";"";"Oiartzun";"%";5,2
2019;"Hombre";"Total";"";"";"Okondo";"%";7,5
2019;"Hombre";"Total";"";"";"Olaberria";"%";5,3
2019;"Hombre";"Total";"";"";"Ondarroa";"%";11,9
2019;"Hombre";"Total";"";"";"Oñati";"%";4,4
2019;"Hombre";"Total";"";"";"Ordizia";"%";6,8
2019;"Hombre";"Total";"";"";"Orendain";"%";3,6
2019;"Hombre";"Total";"";"";"Orexa";"%";0
2019;"Hombre";"Total";"";"";"Orio";"%";9,7
2019;"Hombre";"Total";"";"";"Ormaiztegi";"%";4,1
2019;"Hombre";"Total";"";"";"Orozko";"%";8
2019;"Hombre";"Total";"";"";"Ortuella";"%";12,1
2019;"Hombre";"Total";"";"";"Otxandio";"%";8,2
2019;"Hombre";"Total";"";"";"Oyón-Oion";"%";14,8
2019;"Hombre";"Total";"";"";"Pasaia";"%";10,9
2019;"Hombre";"Total";"";"";"Peñacerrada-Urizaharra";"%";7,1
2019;"Hombre";"Total";"";"";"Plentzia";"%";10,1
2019;"Hombre";"Total";"";"";"Portugalete";"%";11,9
2019;"Hombre";"Total";"";"";"Ribera Baja/Erriberabeitia";"%";6,8
2019;"Hombre";"Total";"";"";"Samaniego";"%";7,5
2019;"Hombre";"Total";"";"";"San Millán/Donemiliaga";"%";7,5
2019;"Hombre";"Total";"";"";"Santurtzi";"%";13,7
2019;"Hombre";"Total";"";"";"Segura";"%";6,2
2019;"Hombre";"Total";"";"";"Sestao";"%";16,3
2019;"Hombre";"Total";"";"";"Sondika";"%";8,1
2019;"Hombre";"Total";"";"";"Sopela";"%";8,6
2019;"Hombre";"Total";"";"";"Sopuerta";"%";9,2
2019;"Hombre";"Total";"";"";"Soraluze-Placencia de las Armas";"%";11,3
2019;"Hombre";"Total";"";"";"Sukarrieta";"%";12,3
2019;"Hombre";"Total";"";"";"Tolosa";"%";6,6
2019;"Hombre";"Total";"";"";"Trucios-Turtzioz";"%";14,1
2019;"Hombre";"Total";"";"";"Ubide";"%";13
2019;"Hombre";"Total";"";"";"Ugao-Miraballes";"%";9,8
2019;"Hombre";"Total";"";"";"Urduliz";"%";9,5
2019;"Hombre";"Total";"";"";"Urduña/Orduña";"%";14,3
2019;"Hombre";"Total";"";"";"Urkabustaiz";"%";9
2019;"Hombre";"Total";"";"";"Urnieta";"%";5,5
2019;"Hombre";"Total";"";"";"Urretxu";"%";6,3
2019;"Hombre";"Total";"";"";"Usurbil";"%";6,7
2019;"Hombre";"Total";"";"";"Valdegovía/Gaubea";"%";6,9
2019;"Hombre";"Total";"";"";"Valle de Trápaga-Trapagaran";"%";11,4
2019;"Hombre";"Total";"";"";"Villabona";"%";6,1
2019;"Hombre";"Total";"";"";"Villabuena de Álava/Eskuernaga";"%";3,6
2019;"Hombre";"Total";"";"";"Vitoria-Gasteiz";"%";9,7
2019;"Hombre";"Total";"";"";"Yécora/Iekora";"%";8,2
2019;"Hombre";"Total";"";"";"Zaldibar";"%";8,4
2019;"Hombre";"Total";"";"";"Zaldibia";"%";3,9
2019;"Hombre";"Total";"";"";"Zalduondo";"%";6,9
2019;"Hombre";"Total";"";"";"Zalla";"%";11,4
2019;"Hombre";"Total";"";"";"Zambrana";"%";10,1
2019;"Hombre";"Total";"";"";"Zamudio";"%";9
2019;"Hombre";"Total";"";"";"Zaratamo";"%";13,3
2019;"Hombre";"Total";"";"";"Zarautz";"%";6,7
2019;"Hombre";"Total";"";"";"Zeanuri";"%";6,1
2019;"Hombre";"Total";"";"";"Zeberio";"%";8,3
2019;"Hombre";"Total";"";"";"Zegama";"%";7,1
2019;"Hombre";"Total";"";"";"Zerain";"%";0
2019;"Hombre";"Total";"";"";"Zestoa";"%";8,2
2019;"Hombre";"Total";"";"";"Zierbena";"%";6,8
2019;"Hombre";"Total";"";"";"Zigoitia";"%";2,9
2019;"Hombre";"Total";"";"";"Ziortza-Bolibar";"%";7,4
2019;"Hombre";"Total";"";"";"Zizurkil";"%";6,3
2019;"Hombre";"Total";"";"";"Zuia";"%";4,8
2019;"Hombre";"Total";"";"";"Zumaia";"%";7,3
2019;"Hombre";"Total";"";"";"Zumarraga";"%";8,2
2019;"Hombre";"Total";"";"";"Añana (comarca)";"%";7
2019;"Hombre";"Total";"";"";"Arabako Errioxa / Rioja Alavesa";"%";10
2019;"Hombre";"Total";"";"";"Arabako Kantaurialdea / Cantábrica Alavesa";"%";9,3
2019;"Hombre";"Total";"";"";"Arabako Lautada / Llanada Alavesa";"%";9,6
2019;"Hombre";"Total";"";"";"Arabako Mendialdea / Montaña Alavesa";"%";6,8
2019;"Hombre";"Total";"";"";"Arratia-Nerbioi / Arratia-Nervión";"%";8,9
2019;"Hombre";"Total";"";"";"Bidasoa Beherea / Bajo Bidasoa";"%";9,3
2019;"Hombre";"Total";"";"";"Bilbo Handia / Gran Bilbao";"%";11,4
2019;"Hombre";"Total";"";"";"Debabarrena / Bajo Deba";"%";8,7
2019;"Hombre";"Total";"";"";"Debagoiena / Alto Deba";"%";7,1
2019;"Hombre";"Total";"";"";"Donostialdea";"%";7,9
2019;"Hombre";"Total";"";"";"Durangaldea / Duranguesado";"%";8
2019;"Hombre";"Total";"";"";"Enkartazioak / Encartaciones";"%";11,4
2019;"Hombre";"Total";"";"";"Gernika-Bermeo";"%";10,3
2019;"Hombre";"Total";"";"";"Goierri";"%";6
2019;"Hombre";"Total";"";"";"Gorbeialdea / Estribaciones del Gorbea";"%";5,8
2019;"Hombre";"Total";"";"";"Markina-Ondarroa";"%";10,1
2019;"Hombre";"Total";"";"";"Plentzia-Mungia";"%";8,4
2019;"Hombre";"Total";"";"";"Tolosaldea";"%";6,3
2019;"Hombre";"Total";"";"";"Urola Kosta";"%";7,1
2019;"Hombre";"Total";"";"";"Araba/Álava";"%";10
2019;"Hombre";"Total";"";"";"Bizkaia";"%";10,2
2019;"Hombre";"Total";"";"";"Gipuzkoa";"%";6,9
2018;"Hombre";"Total";"";"";"C.A. de Euskadi";"%";9,8
2018;"Hombre";"Total";"";"";"Abadiño";"%";7,4
2018;"Hombre";"Total";"";"";"Abaltzisketa";"%";7,4
2018;"Hombre";"Total";"";"";"Abanto y Ciérvana-Abanto Zierbena";"%";12,6
2018;"Hombre";"Total";"";"";"Aduna";"%";2,9
2018;"Hombre";"Total";"";"";"Agurain/Salvatierra";"%";11,9
2018;"Hombre";"Total";"";"";"Aia";"%";7,4
2018;"Hombre";"Total";"";"";"Aizarnazabal";"%";9,3
2018;"Hombre";"Total";"";"";"Ajangiz";"%";9,5
2018;"Hombre";"Total";"";"";"Albiztur";"%";2,7
2018;"Hombre";"Total";"";"";"Alegia";"%";9,2
2018;"Hombre";"Total";"";"";"Alegría-Dulantzi";"%";7
2018;"Hombre";"Total";"";"";"Alkiza";"%";3,3
2018;"Hombre";"Total";"";"";"Alonsotegi";"%";13,1
2018;"Hombre";"Total";"";"";"Altzaga";"%";4,9
2018;"Hombre";"Total";"";"";"Altzo";"%";4,4
2018;"Hombre";"Total";"";"";"Amezketa";"%";6,2
2018;"Hombre";"Total";"";"";"Amorebieta-Etxano";"%";7,7
2018;"Hombre";"Total";"";"";"Amoroto";"%";4,6
2018;"Hombre";"Total";"";"";"Amurrio";"%";9,6
2018;"Hombre";"Total";"";"";"Andoain";"%";8,2
2018;"Hombre";"Total";"";"";"Anoeta";"%";8,4
2018;"Hombre";"Total";"";"";"Antzuola";"%";2,9
2018;"Hombre";"Total";"";"";"Añana";"%";4,9
2018;"Hombre";"Total";"";"";"Arakaldo";"%";14,3
2018;"Hombre";"Total";"";"";"Arama";"%";1,8
2018;"Hombre";"Total";"";"";"Aramaio";"%";3,9
2018;"Hombre";"Total";"";"";"Arantzazu";"%";3,2
2018;"Hombre";"Total";"";"";"Areatza";"%";8,4
2018;"Hombre";"Total";"";"";"Aretxabaleta";"%";5,5
2018;"Hombre";"Total";"";"";"Armiñón";"%";5
2018;"Hombre";"Total";"";"";"Arraia-Maeztu";"%";7,1
2018;"Hombre";"Total";"";"";"Arrankudiaga-Zollo";"%";6,5
2018;"Hombre";"Total";"";"";"Arrasate/Mondragón";"%";8,5
2018;"Hombre";"Total";"";"";"Arratzu";"%";7
2018;"Hombre";"Total";"";"";"Arratzua-Ubarrundia";"%";6,2
2018;"Hombre";"Total";"";"";"Arrieta";"%";6
2018;"Hombre";"Total";"";"";"Arrigorriaga";"%";11
2018;"Hombre";"Total";"";"";"Artea";"%";10
2018;"Hombre";"Total";"";"";"Artzentales";"%";7,8
2018;"Hombre";"Total";"";"";"Artziniega";"%";8
2018;"Hombre";"Total";"";"";"Asparrena";"%";12,1
2018;"Hombre";"Total";"";"";"Asteasu";"%";4
2018;"Hombre";"Total";"";"";"Astigarraga";"%";6,4
2018;"Hombre";"Total";"";"";"Ataun";"%";4,5
2018;"Hombre";"Total";"";"";"Atxondo";"%";7
2018;"Hombre";"Total";"";"";"Aulesti";"%";4,7
2018;"Hombre";"Total";"";"";"Ayala/Aiara";"%";6
2018;"Hombre";"Total";"";"";"Azkoitia";"%";7,8
2018;"Hombre";"Total";"";"";"Azpeitia";"%";6,5
2018;"Hombre";"Total";"";"";"Bakio";"%";10,8
2018;"Hombre";"Total";"";"";"Baliarrain";"%";2,6
2018;"Hombre";"Total";"";"";"Balmaseda";"%";14,1
2018;"Hombre";"Total";"";"";"Baños de Ebro/Mañueta";"%";5,4
2018;"Hombre";"Total";"";"";"Barakaldo";"%";13
2018;"Hombre";"Total";"";"";"Barrika";"%";11
2018;"Hombre";"Total";"";"";"Barrundia";"%";4,8
2018;"Hombre";"Total";"";"";"Basauri";"%";11,7
2018;"Hombre";"Total";"";"";"Beasain";"%";6,8
2018;"Hombre";"Total";"";"";"Bedia";"%";9,3
2018;"Hombre";"Total";"";"";"Beizama";"%";2,3
2018;"Hombre";"Total";"";"";"Belauntza";"%";5
2018;"Hombre";"Total";"";"";"Berango";"%";7,8
2018;"Hombre";"Total";"";"";"Berantevilla";"%";11,9
2018;"Hombre";"Total";"";"";"Berastegi";"%";4,9
2018;"Hombre";"Total";"";"";"Bergara";"%";7,5
2018;"Hombre";"Total";"";"";"Bermeo";"%";14,5
2018;"Hombre";"Total";"";"";"Bernedo";"%";11,5
2018;"Hombre";"Total";"";"";"Berriatua";"%";9,4
2018;"Hombre";"Total";"";"";"Berriz";"%";8,5
2018;"Hombre";"Total";"";"";"Berrobi";"%";10,7
2018;"Hombre";"Total";"";"";"Bidania-Goiatz";"%";6,4
2018;"Hombre";"Total";"";"";"Bilbao";"%";13,9
2018;"Hombre";"Total";"";"";"Busturia";"%";14,7
2018;"Hombre";"Total";"";"";"Campezo/Kanpezu";"%";9,9
2018;"Hombre";"Total";"";"";"Deba";"%";7
2018;"Hombre";"Total";"";"";"Derio";"%";6,7
2018;"Hombre";"Total";"";"";"Dima";"%";6,8
2018;"Hombre";"Total";"";"";"Donostia / San Sebastián";"%";9
2018;"Hombre";"Total";"";"";"Durango";"%";8,7
2018;"Hombre";"Total";"";"";"Ea";"%";6,4
2018;"Hombre";"Total";"";"";"Eibar";"%";10,2
2018;"Hombre";"Total";"";"";"Elantxobe";"%";13,3
2018;"Hombre";"Total";"";"";"Elburgo/Burgelu";"%";6,4
2018;"Hombre";"Total";"";"";"Elciego";"%";6,8
2018;"Hombre";"Total";"";"";"Elduain";"%";11,1
2018;"Hombre";"Total";"";"";"Elgeta";"%";7
2018;"Hombre";"Total";"";"";"Elgoibar";"%";7,5
2018;"Hombre";"Total";"";"";"Elorrio";"%";7,6
2018;"Hombre";"Total";"";"";"Elvillar/Bilar";"%";3,2
2018;"Hombre";"Total";"";"";"Erandio";"%";11,9
2018;"Hombre";"Total";"";"";"Ereño";"%";5,8
2018;"Hombre";"Total";"";"";"Ermua";"%";9,2
2018;"Hombre";"Total";"";"";"Errenteria";"%";9,9
2018;"Hombre";"Total";"";"";"Errezil";"%";6,3
2018;"Hombre";"Total";"";"";"Erriberagoitia/Ribera Alta";"%";4,2
2018;"Hombre";"Total";"";"";"Errigoiti";"%";9
2018;"Hombre";"Total";"";"";"Eskoriatza";"%";6,1
2018;"Hombre";"Total";"";"";"Etxebarri";"%";8,4
2018;"Hombre";"Total";"";"";"Etxebarria";"%";5,1
2018;"Hombre";"Total";"";"";"Ezkio-Itsaso";"%";4,5
2018;"Hombre";"Total";"";"";"Forua";"%";9,4
2018;"Hombre";"Total";"";"";"Fruiz";"%";5,3
2018;"Hombre";"Total";"";"";"Gabiria";"%";3,3
2018;"Hombre";"Total";"";"";"Gaintza";"%";12,1
2018;"Hombre";"Total";"";"";"Galdakao";"%";8,9
2018;"Hombre";"Total";"";"";"Galdames";"%";10,3
2018;"Hombre";"Total";"";"";"Gamiz-Fika";"%";9,3
2018;"Hombre";"Total";"";"";"Garai";"%";2,2
2018;"Hombre";"Total";"";"";"Gatika";"%";6,6
2018;"Hombre";"Total";"";"";"Gautegiz Arteaga";"%";10,4
2018;"Hombre";"Total";"";"";"Gaztelu";"%";6,5
2018;"Hombre";"Total";"";"";"Gernika-Lumo";"%";8,9
2018;"Hombre";"Total";"";"";"Getaria";"%";9,5
2018;"Hombre";"Total";"";"";"Getxo";"%";10,4
2018;"Hombre";"Total";"";"";"Gizaburuaga";"%";11,7
2018;"Hombre";"Total";"";"";"Gordexola";"%";9,2
2018;"Hombre";"Total";"";"";"Gorliz";"%";10
2018;"Hombre";"Total";"";"";"Güeñes";"%";11
2018;"Hombre";"Total";"";"";"Harana/Valle de Arana";"%";4,7
2018;"Hombre";"Total";"";"";"Hernani";"%";8,5
2018;"Hombre";"Total";"";"";"Hernialde";"%";8,2
2018;"Hombre";"Total";"";"";"Hondarribia";"%";9,8
2018;"Hombre";"Total";"";"";"Ibarra";"%";10,1
2018;"Hombre";"Total";"";"";"Ibarrangelu";"%";9,3
2018;"Hombre";"Total";"";"";"Idiazabal";"%";4,2
2018;"Hombre";"Total";"";"";"Igorre";"%";7,8
2018;"Hombre";"Total";"";"";"Ikaztegieta";"%";10,1
2018;"Hombre";"Total";"";"";"Irun";"%";10,5
2018;"Hombre";"Total";"";"";"Iruña Oka/Iruña de Oca";"%";7,1
2018;"Hombre";"Total";"";"";"Irura";"%";6
2018;"Hombre";"Total";"";"";"Iruraiz-Gauna";"%";4,2
2018;"Hombre";"Total";"";"";"Ispaster";"%";8
2018;"Hombre";"Total";"";"";"Itsasondo";"%";6,7
2018;"Hombre";"Total";"";"";"Iurreta";"%";9,1
2018;"Hombre";"Total";"";"";"Izurtza";"%";4,9
2018;"Hombre";"Total";"";"";"Karrantza Harana/Valle de Carranza";"%";19
2018;"Hombre";"Total";"";"";"Kortezubi";"%";4,2
2018;"Hombre";"Total";"";"";"Kripan";"%";0
2018;"Hombre";"Total";"";"";"Kuartango";"%";8,5
2018;"Hombre";"Total";"";"";"Labastida/Bastida";"%";13,8
2018;"Hombre";"Total";"";"";"Lagrán";"%";12,5
2018;"Hombre";"Total";"";"";"Laguardia";"%";6,8
2018;"Hombre";"Total";"";"";"Lanciego/Lantziego";"%";12,1
2018;"Hombre";"Total";"";"";"Lanestosa";"%";18,8
2018;"Hombre";"Total";"";"";"Lantarón";"%";10,6
2018;"Hombre";"Total";"";"";"Lapuebla de Labarca";"%";9,7
2018;"Hombre";"Total";"";"";"Larrabetzu";"%";8,8
2018;"Hombre";"Total";"";"";"Larraul";"%";8,6
2018;"Hombre";"Total";"";"";"Lasarte-Oria";"%";8,7
2018;"Hombre";"Total";"";"";"Laudio/Llodio";"%";10,2
2018;"Hombre";"Total";"";"";"Laukiz";"%";8,8
2018;"Hombre";"Total";"";"";"Lazkao";"%";4,8
2018;"Hombre";"Total";"";"";"Leaburu";"%";7,3
2018;"Hombre";"Total";"";"";"Legazpi";"%";6,9
2018;"Hombre";"Total";"";"";"Legorreta";"%";9,5
2018;"Hombre";"Total";"";"";"Legutio";"%";6
2018;"Hombre";"Total";"";"";"Leintz-Gatzaga";"%";3,9
2018;"Hombre";"Total";"";"";"Leioa";"%";10,1
2018;"Hombre";"Total";"";"";"Lekeitio";"%";11,9
2018;"Hombre";"Total";"";"";"Lemoa";"%";9,5
2018;"Hombre";"Total";"";"";"Lemoiz";"%";7,7
2018;"Hombre";"Total";"";"";"Leza";"%";5,7
2018;"Hombre";"Total";"";"";"Lezama";"%";5,9
2018;"Hombre";"Total";"";"";"Lezo";"%";6,9
2018;"Hombre";"Total";"";"";"Lizartza";"%";11,2
2018;"Hombre";"Total";"";"";"Loiu";"%";7,3
2018;"Hombre";"Total";"";"";"Mallabia";"%";4,9
2018;"Hombre";"Total";"";"";"Mañaria";"%";13,1
2018;"Hombre";"Total";"";"";"Markina-Xemein";"%";6,6
2018;"Hombre";"Total";"";"";"Maruri-Jatabe";"%";7,9
2018;"Hombre";"Total";"";"";"Mendaro";"%";6,2
2018;"Hombre";"Total";"";"";"Mendata";"%";4,6
2018;"Hombre";"Total";"";"";"Mendexa";"%";6,7
2018;"Hombre";"Total";"";"";"Meñaka";"%";7,8
2018;"Hombre";"Total";"";"";"Moreda de Álava/Moreda Araba";"%";12,7
2018;"Hombre";"Total";"";"";"Morga";"%";9,1
2018;"Hombre";"Total";"";"";"Mundaka";"%";10,1
2018;"Hombre";"Total";"";"";"Mungia";"%";8,7
2018;"Hombre";"Total";"";"";"Munitibar-Arbatzegi Gerrikaitz";"%";11,3
2018;"Hombre";"Total";"";"";"Murueta";"%";3,6
2018;"Hombre";"Total";"";"";"Muskiz";"%";9,9
2018;"Hombre";"Total";"";"";"Mutiloa";"%";2,7
2018;"Hombre";"Total";"";"";"Mutriku";"%";10,8
2018;"Hombre";"Total";"";"";"Muxika";"%";10,4
2018;"Hombre";"Total";"";"";"Nabarniz";"%";4,5
2018;"Hombre";"Total";"";"";"Navaridas";"%";7,5
2018;"Hombre";"Total";"";"";"Oiartzun";"%";6,7
2018;"Hombre";"Total";"";"";"Okondo";"%";7,9
2018;"Hombre";"Total";"";"";"Olaberria";"%";8
2018;"Hombre";"Total";"";"";"Ondarroa";"%";12
2018;"Hombre";"Total";"";"";"Oñati";"%";5,4
2018;"Hombre";"Total";"";"";"Ordizia";"%";6,7
2018;"Hombre";"Total";"";"";"Orendain";"%";3,6
2018;"Hombre";"Total";"";"";"Orexa";"%";3,8
2018;"Hombre";"Total";"";"";"Orio";"%";11,3
2018;"Hombre";"Total";"";"";"Ormaiztegi";"%";8,2
2018;"Hombre";"Total";"";"";"Orozko";"%";10,4
2018;"Hombre";"Total";"";"";"Ortuella";"%";13,4
2018;"Hombre";"Total";"";"";"Otxandio";"%";8,9
2018;"Hombre";"Total";"";"";"Oyón-Oion";"%";16,4
2018;"Hombre";"Total";"";"";"Pasaia";"%";11,4
2018;"Hombre";"Total";"";"";"Peñacerrada-Urizaharra";"%";3,1
2018;"Hombre";"Total";"";"";"Plentzia";"%";8,9
2018;"Hombre";"Total";"";"";"Portugalete";"%";13,3
2018;"Hombre";"Total";"";"";"Ribera Baja/Erriberabeitia";"%";8,7
2018;"Hombre";"Total";"";"";"Samaniego";"%";1,6
2018;"Hombre";"Total";"";"";"San Millán/Donemiliaga";"%";6,2
2018;"Hombre";"Total";"";"";"Santurtzi";"%";15
2018;"Hombre";"Total";"";"";"Segura";"%";7,8
2018;"Hombre";"Total";"";"";"Sestao";"%";18,2
2018;"Hombre";"Total";"";"";"Sondika";"%";7,9
2018;"Hombre";"Total";"";"";"Sopela";"%";9,4
2018;"Hombre";"Total";"";"";"Sopuerta";"%";10,7
2018;"Hombre";"Total";"";"";"Soraluze-Placencia de las Armas";"%";12,5
2018;"Hombre";"Total";"";"";"Sukarrieta";"%";14,9
2018;"Hombre";"Total";"";"";"Tolosa";"%";8,2
2018;"Hombre";"Total";"";"";"Trucios-Turtzioz";"%";19,7
2018;"Hombre";"Total";"";"";"Ubide";"%";9,1
2018;"Hombre";"Total";"";"";"Ugao-Miraballes";"%";11
2018;"Hombre";"Total";"";"";"Urduliz";"%";8,6
2018;"Hombre";"Total";"";"";"Urduña/Orduña";"%";11,7
2018;"Hombre";"Total";"";"";"Urkabustaiz";"%";9,1
2018;"Hombre";"Total";"";"";"Urnieta";"%";6,3
2018;"Hombre";"Total";"";"";"Urretxu";"%";7,5
2018;"Hombre";"Total";"";"";"Usurbil";"%";7,3
2018;"Hombre";"Total";"";"";"Valdegovía/Gaubea";"%";9,6
2018;"Hombre";"Total";"";"";"Valle de Trápaga-Trapagaran";"%";12,5
2018;"Hombre";"Total";"";"";"Villabona";"%";9,2
2018;"Hombre";"Total";"";"";"Villabuena de Álava/Eskuernaga";"%";2,5
2018;"Hombre";"Total";"";"";"Vitoria-Gasteiz";"%";10,2
2018;"Hombre";"Total";"";"";"Yécora/Iekora";"%";6
2018;"Hombre";"Total";"";"";"Zaldibar";"%";8,1
2018;"Hombre";"Total";"";"";"Zaldibia";"%";4
2018;"Hombre";"Total";"";"";"Zalduondo";"%";5,2
2018;"Hombre";"Total";"";"";"Zalla";"%";11,9
2018;"Hombre";"Total";"";"";"Zambrana";"%";12,2
2018;"Hombre";"Total";"";"";"Zamudio";"%";8,1
2018;"Hombre";"Total";"";"";"Zaratamo";"%";12
2018;"Hombre";"Total";"";"";"Zarautz";"%";7,6
2018;"Hombre";"Total";"";"";"Zeanuri";"%";4,2
2018;"Hombre";"Total";"";"";"Zeberio";"%";9
2018;"Hombre";"Total";"";"";"Zegama";"%";6,1
2018;"Hombre";"Total";"";"";"Zerain";"%";5
2018;"Hombre";"Total";"";"";"Zestoa";"%";9,7
2018;"Hombre";"Total";"";"";"Zierbena";"%";11
2018;"Hombre";"Total";"";"";"Zigoitia";"%";2,2
2018;"Hombre";"Total";"";"";"Ziortza-Bolibar";"%";3,5
2018;"Hombre";"Total";"";"";"Zizurkil";"%";8,4
2018;"Hombre";"Total";"";"";"Zuia";"%";5
2018;"Hombre";"Total";"";"";"Zumaia";"%";7,3
2018;"Hombre";"Total";"";"";"Zumarraga";"%";8,7
2018;"Hombre";"Total";"";"";"Añana (comarca)";"%";8,7
2018;"Hombre";"Total";"";"";"Arabako Errioxa / Rioja Alavesa";"%";10,7
2018;"Hombre";"Total";"";"";"Arabako Kantaurialdea / Cantábrica Alavesa";"%";9,5
2018;"Hombre";"Total";"";"";"Arabako Lautada / Llanada Alavesa";"%";10,1
2018;"Hombre";"Total";"";"";"Arabako Mendialdea / Montaña Alavesa";"%";8,5
2018;"Hombre";"Total";"";"";"Arratia-Nerbioi / Arratia-Nervión";"%";9,2
2018;"Hombre";"Total";"";"";"Bidasoa Beherea / Bajo Bidasoa";"%";10,3
2018;"Hombre";"Total";"";"";"Bilbo Handia / Gran Bilbao";"%";12,7
2018;"Hombre";"Total";"";"";"Debabarrena / Bajo Deba";"%";9,4
2018;"Hombre";"Total";"";"";"Debagoiena / Alto Deba";"%";6,9
2018;"Hombre";"Total";"";"";"Donostialdea";"%";8,9
2018;"Hombre";"Total";"";"";"Durangaldea / Duranguesado";"%";8,3
2018;"Hombre";"Total";"";"";"Enkartazioak / Encartaciones";"%";12,6
2018;"Hombre";"Total";"";"";"Gernika-Bermeo";"%";11,1
2018;"Hombre";"Total";"";"";"Goierri";"%";6,7
2018;"Hombre";"Total";"";"";"Gorbeialdea / Estribaciones del Gorbea";"%";5,2
2018;"Hombre";"Total";"";"";"Markina-Ondarroa";"%";9,9
2018;"Hombre";"Total";"";"";"Plentzia-Mungia";"%";9
2018;"Hombre";"Total";"";"";"Tolosaldea";"%";8,1
2018;"Hombre";"Total";"";"";"Urola Kosta";"%";7,9
2018;"Hombre";"Total";"";"";"Araba/Álava";"%";10,1
2018;"Hombre";"Total";"";"";"BizkaiaBizkaia";"%";11,3
2018;"Hombre";"Total";"";"";"Gipuzkoa";"%";7,3
2024;"Hombre";"Total";"";"";"C.A. de Euskadi";"%";7,1
2013;"Hombre";"Total";"";"";"C.A. de Euskadi";"%";15,7
2011;"Hombre";"Total";"";"";"C.A. de Euskadi";"%";11,2
2014;"Hombre";"Total";"";"";"C.A. de Euskadi";"%";16,3
2017;"Hombre";"Total";"";"";"C.A. de Euskadi";"%";11
2012;"Hombre";"Total";"";"";"C.A. de Euskadi";"%";12,1
2017;"Hombre";"Total";"";"";"Araba/Álava";"%";10,2
2012;"Hombre";"Total";"";"";"Araba/Álava";"%";9,2
2014;"Hombre";"Total";"";"";"Araba/Álava";"%";15,9
2013;"Hombre";"Total";"";"";"Araba/Álava";"%";14,4
2011;"Hombre";"Total";"";"";"Araba/Álava";"%";7,3
2024;"Hombre";"Total";"";"";"Araba/Álava";"%";7,6
2013;"Hombre";"Total";"";"";"Bizkaia";"%";17,9
2014;"Hombre";"Total";"";"";"Bizkaia";"%";18
2012;"Hombre";"Total";"";"";"Bizkaia";"%";14,3
2024;"Hombre";"Total";"";"";"Bizkaia";"%";7,8
2017;"Hombre";"Total";"";"";"Bizkaia";"%";12,7
2011;"Hombre";"Total";"";"";"Bizkaia";"%";13,9
2024;"Hombre";"Total";"";"";"Gipuzkoa";"%";5,6
2012;"Hombre";"Total";"";"";"Gipuzkoa";"%";9,8
2013;"Hombre";"Total";"";"";"Gipuzkoa";"%";12,7
2017;"Hombre";"Total";"";"";"Gipuzkoa";"%";8,6
2011;"Hombre";"Total";"";"";"Gipuzkoa";"%";8,6
2014;"Hombre";"Total";"";"";"Gipuzkoa";"%";13,9
2017;"Total";"Total";"Nacionalidad española";"";"C.A. de Euskadi";"%";9,8
2016;"Total";"Total";"Nacionalidad española";"";"C.A. de Euskadi";"%";11,8
2023;"Total";"Total";"Nacionalidad española";"";"C.A. de Euskadi";"%";6,2
2024;"Total";"Total";"Nacionalidad española";"";"C.A. de Euskadi";"%";6
2015;"Total";"Total";"Nacionalidad española";"";"C.A. de Euskadi";"%";13,2
2019;"Total";"Total";"Nacionalidad española";"";"C.A. de Euskadi";"%";8,3
2021;"Total";"Total";"Nacionalidad española";"";"C.A. de Euskadi";"%";8,3
2020;"Total";"Total";"Nacionalidad española";"";"C.A. de Euskadi";"%";8,5
2018;"Total";"Total";"Nacionalidad española";"";"C.A. de Euskadi";"%";8,9
2022;"Total";"Total";"Nacionalidad española";"";"C.A. de Euskadi";"%";7,2
2020;"Total";"Total";"Nacionalidad española";"";"Araba/Álava";"%";8,2
2018;"Total";"Total";"Nacionalidad española";"";"Araba/Álava";"%";8,2
2021;"Total";"Total";"Nacionalidad española";"";"Araba/Álava";"%";7,6
2024;"Total";"Total";"Nacionalidad española";"";"Araba/Álava";"%";5,8
2015;"Total";"Total";"Nacionalidad española";"";"Araba/Álava";"%";13,3
2016;"Total";"Total";"Nacionalidad española";"";"Araba/Álava";"%";11
2017;"Total";"Total";"Nacionalidad española";"";"Araba/Álava";"%";9
2022;"Total";"Total";"Nacionalidad española";"";"Araba/Álava";"%";7,4
2023;"Total";"Total";"Nacionalidad española";"";"Araba/Álava";"%";6
2019;"Total";"Total";"Nacionalidad española";"";"Araba/Álava";"%";8
2020;"Total";"Total";"Nacionalidad española";"";"Bizkaia";"%";9,9
2016;"Total";"Total";"Nacionalidad española";"";"Bizkaia";"%";13,7
2024;"Total";"Total";"Nacionalidad española";"";"Bizkaia";"%";6,8
2023;"Total";"Total";"Nacionalidad española";"";"Bizkaia";"%";7,1
2018;"Total";"Total";"Nacionalidad española";"";"Bizkaia";"%";10,4
2015;"Total";"Total";"Nacionalidad española";"";"Bizkaia";"%";14,7
2017;"Total";"Total";"Nacionalidad española";"";"Bizkaia";"%";11,7
2022;"Total";"Total";"Nacionalidad española";"";"Bizkaia";"%";8,1
2021;"Total";"Total";"Nacionalidad española";"";"Bizkaia";"%";9,6
2019;"Total";"Total";"Nacionalidad española";"";"Bizkaia";"%";9,9
2021;"Total";"Total";"Nacionalidad española";"";"Gipuzkoa";"%";6,5
2016;"Total";"Total";"Nacionalidad española";"";"Gipuzkoa";"%";8,9
2024;"Total";"Total";"Nacionalidad española";"";"Gipuzkoa";"%";4,7
2023;"Total";"Total";"Nacionalidad española";"";"Gipuzkoa";"%";4,8
2017;"Total";"Total";"Nacionalidad española";"";"Gipuzkoa";"%";7,2
2019;"Total";"Total";"Nacionalidad española";"";"Gipuzkoa";"%";5,8
2018;"Total";"Total";"Nacionalidad española";"";"Gipuzkoa";"%";6,7
2020;"Total";"Total";"Nacionalidad española";"";"Gipuzkoa";"%";6,5
2015;"Total";"Total";"Nacionalidad española";"";"Gipuzkoa";"%";10,6
2022;"Total";"Total";"Nacionalidad española";"";"Gipuzkoa";"%";5,6
2018;"Total";"Total";"Nacionalidad extranjera";"";"C.A. de Euskadi";"%";27,6
2022;"Total";"Total";"Nacionalidad extranjera";"";"C.A. de Euskadi";"%";20,8
2024;"Total";"Total";"Nacionalidad extranjera";"";"C.A. de Euskadi";"%";18,9
2016;"Total";"Total";"Nacionalidad extranjera";"";"C.A. de Euskadi";"%";35,9
2023;"Total";"Total";"Nacionalidad extranjera";"";"C.A. de Euskadi";"%";20,7
2017;"Total";"Total";"Nacionalidad extranjera";"";"C.A. de Euskadi";"%";30,9
2015;"Total";"Total";"Nacionalidad extranjera";"";"C.A. de Euskadi";"%";42,1
2020;"Total";"Total";"Nacionalidad extranjera";"";"C.A. de Euskadi";"%";29,2
2019;"Total";"Total";"Nacionalidad extranjera";"";"C.A. de Euskadi";"%";24,8
2021;"Total";"Total";"Nacionalidad extranjera";"";"C.A. de Euskadi";"%";26,1
2020;"Total";"Total";"Nacionalidad extranjera";"";"Araba/Álava";"%";29,9
2016;"Total";"Total";"Nacionalidad extranjera";"";"Araba/Álava";"%";46,6
2023;"Total";"Total";"Nacionalidad extranjera";"";"Araba/Álava";"%";20,6
2017;"Total";"Total";"Nacionalidad extranjera";"";"Araba/Álava";"%";36,2
2021;"Total";"Total";"Nacionalidad extranjera";"";"Araba/Álava";"%";31,6
2024;"Total";"Total";"Nacionalidad extranjera";"";"Araba/Álava";"%";21,9
2019;"Total";"Total";"Nacionalidad extranjera";"";"Araba/Álava";"%";29,8
2018;"Total";"Total";"Nacionalidad extranjera";"";"Araba/Álava";"%";32,8
2015;"Total";"Total";"Nacionalidad extranjera";"";"Araba/Álava";"%";49,2
2022;"Total";"Total";"Nacionalidad extranjera";"";"Araba/Álava";"%";24,4
2020;"Total";"Total";"Nacionalidad extranjera";"";"Bizkaia";"%";30,4
2017;"Total";"Total";"Nacionalidad extranjera";"";"Bizkaia";"%";27,6
2023;"Total";"Total";"Nacionalidad extranjera";"";"Bizkaia";"%";21,6
2016;"Total";"Total";"Nacionalidad extranjera";"";"Bizkaia";"%";33,2
2022;"Total";"Total";"Nacionalidad extranjera";"";"Bizkaia";"%";20,2
2019;"Total";"Total";"Nacionalidad extranjera";"";"Bizkaia";"%";23,6
2018;"Total";"Total";"Nacionalidad extranjera";"";"Bizkaia";"%";28,7
2015;"Total";"Total";"Nacionalidad extranjera";"";"Bizkaia";"%";44,3
2024;"Total";"Total";"Nacionalidad extranjera";"";"Bizkaia";"%";22,5
2021;"Total";"Total";"Nacionalidad extranjera";"";"Bizkaia";"%";26,6
2021;"Total";"Total";"Nacionalidad extranjera";"";"Gipuzkoa";"%";21,8
2020;"Total";"Total";"Nacionalidad extranjera";"";"Gipuzkoa";"%";26,6
2023;"Total";"Total";"Nacionalidad extranjera";"";"Gipuzkoa";"%";19,4
2022;"Total";"Total";"Nacionalidad extranjera";"";"Gipuzkoa";"%";19,6
2017;"Total";"Total";"Nacionalidad extranjera";"";"Gipuzkoa";"%";32,8
2024;"Total";"Total";"Nacionalidad extranjera";"";"Gipuzkoa";"%";13
2019;"Total";"Total";"Nacionalidad extranjera";"";"Gipuzkoa";"%";23,3
2015;"Total";"Total";"Nacionalidad extranjera";"";"Gipuzkoa";"%";36,7
2016;"Total";"Total";"Nacionalidad extranjera";"";"Gipuzkoa";"%";35,1
2018;"Total";"Total";"Nacionalidad extranjera";"";"Gipuzkoa";"%";22,6
2014;"Total";"Total";"";"Sin discapacidad";"C.A. de Euskadi";"%";16,2
2015;"Total";"Total";"";"Sin discapacidad";"C.A. de Euskadi";"%";14,8
2016;"Total";"Total";"";"Sin discapacidad";"C.A. de Euskadi";"%";12,4
2017;"Total";"Total";"";"Sin discapacidad";"C.A. de Euskadi";"%";11,2
2018;"Total";"Total";"";"Sin discapacidad";"C.A. de Euskadi";"%";9,7
2014;"Total";"Total";"";"Con discapacidad";"C.A. de Euskadi";"%";21,5
2011;"Total";"16-24";"";"";"C.A. de Euskadi";"%";23,9
2014;"Total";"16-24";"";"";"C.A. de Euskadi";"%";38,2
2018;"Total";"16-24";"";"";"C.A. de Euskadi";"%";20,2
2015;"Total";"16-24";"";"";"C.A. de Euskadi";"%";35,7
2022;"Total";"16-24";"";"";"C.A. de Euskadi";"%";19,9
2016;"Total";"16-24";"";"";"C.A. de Euskadi";"%";29,5
2019;"Total";"16-24";"";"";"C.A. de Euskadi";"%";20,9
2021;"Total";"16-24";"";"";"C.A. de Euskadi";"%";21,9
2010;"Total";"16-24";"";"";"C.A. de Euskadi";"%";25
2013;"Total";"16-24";"";"";"C.A. de Euskadi";"%";38,3
2017;"Total";"16-24";"";"";"C.A. de Euskadi";"%";20,4
2023;"Total";"16-24";"";"";"C.A. de Euskadi";"%";17,4
2020;"Total";"16-24";"";"";"C.A. de Euskadi";"%";25,3
2024;"Total";"16-24";"";"";"C.A. de Euskadi";"%";13,2
2012;"Total";"16-24";"";"";"C.A. de Euskadi";"%";30,7
2022;"Total";"16-24";"";"";"Araba/Álava";"%";14,8
2011;"Total";"16-24";"";"";"Araba/Álava";"%";23,2
2014;"Total";"16-24";"";"";"Araba/Álava";"%";41,5
2019;"Total";"16-24";"";"";"Araba/Álava";"%";25,2
2012;"Total";"16-24";"";"";"Araba/Álava";"%";24,7
2023;"Total";"16-24";"";"";"Araba/Álava";"%";16,4
2016;"Total";"16-24";"";"";"Araba/Álava";"%";35
2017;"Total";"16-24";"";"";"Araba/Álava";"%";24,9
2015;"Total";"16-24";"";"";"Araba/Álava";"%";41
2021;"Total";"16-24";"";"";"Araba/Álava";"%";18,3
2024;"Total";"16-24";"";"";"Araba/Álava";"%";12,1
2013;"Total";"16-24";"";"";"Araba/Álava";"%";43,8
2010;"Total";"16-24";"";"";"Araba/Álava";"%";27,8
2018;"Total";"16-24";"";"";"Araba/Álava";"%";14,8
2020;"Total";"16-24";"";"";"Araba/Álava";"%";32,9
2020;"Total";"16-24";"";"";"Bizkaia";"%";24,9
2014;"Total";"16-24";"";"";"Bizkaia";"%";40,8
2021;"Total";"16-24";"";"";"Bizkaia";"%";22,5
2018;"Total";"16-24";"";"";"Bizkaia";"%";25,8
2017;"Total";"16-24";"";"";"Bizkaia";"%";24,4
2024;"Total";"16-24";"";"";"Bizkaia";"%";16,7
2016;"Total";"16-24";"";"";"Bizkaia";"%";31,5
2012;"Total";"16-24";"";"";"Bizkaia";"%";33,5
2022;"Total";"16-24";"";"";"Bizkaia";"%";26,2
2019;"Total";"16-24";"";"";"Bizkaia";"%";24,3
2011;"Total";"16-24";"";"";"Bizkaia";"%";26,5
2013;"Total";"16-24";"";"";"Bizkaia";"%";40,6
2010;"Total";"16-24";"";"";"Bizkaia";"%";27,7
2015;"Total";"16-24";"";"";"Bizkaia";"%";38,1
2023;"Total";"16-24";"";"";"Bizkaia";"%";23,2
2024;"Total";"16-24";"";"";"Gipuzkoa";"%";8,8
2015;"Total";"16-24";"";"";"Gipuzkoa";"%";30,4
2010;"Total";"16-24";"";"";"Gipuzkoa";"%";18,5
2011;"Total";"16-24";"";"";"Gipuzkoa";"%";20,1
2020;"Total";"16-24";"";"";"Gipuzkoa";"%";21,7
2018;"Total";"16-24";"";"";"Gipuzkoa";"%";14,9
2023;"Total";"16-24";"";"";"Gipuzkoa";"%";10,3
2021;"Total";"16-24";"";"";"Gipuzkoa";"%";22,9
2014;"Total";"16-24";"";"";"Gipuzkoa";"%";34,2
2013;"Total";"16-24";"";"";"Gipuzkoa";"%";33,1
2012;"Total";"16-24";"";"";"Gipuzkoa";"%";30,1
2022;"Total";"16-24";"";"";"Gipuzkoa";"%";14,1
2017;"Total";"16-24";"";"";"Gipuzkoa";"%";13,5
2016;"Total";"16-24";"";"";"Gipuzkoa";"%";24,9
2019;"Total";"16-24";"";"";"Gipuzkoa";"%";14,9
2022;"Total";"16-29";"";"";"C.A. de Euskadi";"%";15,1
2011;"Total";"16-29";"";"";"C.A. de Euskadi";"%";19,1
2019;"Total";"16-29";"";"";"C.A. de Euskadi";"%";18,1
2012;"Total";"16-29";"";"";"C.A. de Euskadi";"%";23
2016;"Total";"16-29";"";"";"C.A. de Euskadi";"%";24,3
2015;"Total";"16-29";"";"";"C.A. de Euskadi";"%";28,4
2014;"Total";"16-29";"";"";"C.A. de Euskadi";"%";29,5
2017;"Total";"16-29";"";"";"C.A. de Euskadi";"%";17
2021;"Total";"16-29";"";"";"C.A. de Euskadi";"%";17,4
2013;"Total";"16-29";"";"";"C.A. de Euskadi";"%";29
2024;"Total";"16-29";"";"";"C.A. de Euskadi";"%";10,8
2020;"Total";"16-29";"";"";"C.A. de Euskadi";"%";21,8
2023;"Total";"16-29";"";"";"C.A. de Euskadi";"%";12,6
2010;"Total";"16-29";"";"";"C.A. de Euskadi";"%";18,4
2018;"Total";"16-29";"";"";"C.A. de Euskadi";"%";15,6
2015;"Total";"25-34";"";"";"C.A. de Euskadi";"%";17,4
2017;"Total";"25-34";"";"";"C.A. de Euskadi";"%";12,4
2021;"Total";"25-34";"";"";"C.A. de Euskadi";"%";11,5
2019;"Total";"25-34";"";"";"C.A. de Euskadi";"%";10,5
2024;"Total";"25-34";"";"";"C.A. de Euskadi";"%";8
2012;"Total";"25-34";"";"";"C.A. de Euskadi";"%";13
2022;"Total";"25-34";"";"";"C.A. de Euskadi";"%";8,6
2013;"Total";"25-34";"";"";"C.A. de Euskadi";"%";16,4
2018;"Total";"25-34";"";"";"C.A. de Euskadi";"%";11
2020;"Total";"25-34";"";"";"C.A. de Euskadi";"%";12,2
2023;"Total";"25-34";"";"";"C.A. de Euskadi";"%";8,7
2014;"Total";"25-34";"";"";"C.A. de Euskadi";"%";17,9
2016;"Total";"25-34";"";"";"C.A. de Euskadi";"%";15,4
2010;"Total";"25-34";"";"";"C.A. de Euskadi";"%";9,5
2011;"Total";"25-34";"";"";"C.A. de Euskadi";"%";12
2019;"Total";"25-34";"";"";"Araba/Álava";"%";11,5
2016;"Total";"25-34";"";"";"Araba/Álava";"%";15
2021;"Total";"25-34";"";"";"Araba/Álava";"%";12
2015;"Total";"25-34";"";"";"Araba/Álava";"%";16
2012;"Total";"25-34";"";"";"Araba/Álava";"%";10,6
2018;"Total";"25-34";"";"";"Araba/Álava";"%";12,7
2013;"Total";"25-34";"";"";"Araba/Álava";"%";16,4
2023;"Total";"25-34";"";"";"Araba/Álava";"%";9,4
2011;"Total";"25-34";"";"";"Araba/Álava";"%";8,1
2024;"Total";"25-34";"";"";"Araba/Álava";"%";8,7
2014;"Total";"25-34";"";"";"Araba/Álava";"%";18,8
2017;"Total";"25-34";"";"";"Araba/Álava";"%";11,6
2020;"Total";"25-34";"";"";"Araba/Álava";"%";12,2
2022;"Total";"25-34";"";"";"Araba/Álava";"%";9,5
2010;"Total";"25-34";"";"";"Araba/Álava";"%";11
2013;"Total";"25-34";"";"";"Bizkaia";"%";18,2
2014;"Total";"25-34";"";"";"Bizkaia";"%";19,3
2016;"Total";"25-34";"";"";"Bizkaia";"%";17
2019;"Total";"25-34";"";"";"Bizkaia";"%";11,5
2012;"Total";"25-34";"";"";"Bizkaia";"%";16,2
2010;"Total";"25-34";"";"";"Bizkaia";"%";10,2
2022;"Total";"25-34";"";"";"Bizkaia";"%";8,9
2023;"Total";"25-34";"";"";"Bizkaia";"%";8,4
2015;"Total";"25-34";"";"";"Bizkaia";"%";19,1
2021;"Total";"25-34";"";"";"Bizkaia";"%";13,4
2018;"Total";"25-34";"";"";"Bizkaia";"%";11,9
2011;"Total";"25-34";"";"";"Bizkaia";"%";15,1
2017;"Total";"25-34";"";"";"Bizkaia";"%";13,7
2020;"Total";"25-34";"";"";"Bizkaia";"%";14
2024;"Total";"25-34";"";"";"Bizkaia";"%";8,4
2024;"Total";"25-34";"";"";"Gipuzkoa";"%";7
2019;"Total";"25-34";"";"";"Gipuzkoa";"%";8,2
2017;"Total";"25-34";"";"";"Gipuzkoa";"%";10,6
2014;"Total";"25-34";"";"";"Gipuzkoa";"%";15,4
2018;"Total";"25-34";"";"";"Gipuzkoa";"%";8,9
2012;"Total";"25-34";"";"";"Gipuzkoa";"%";8,6
2011;"Total";"25-34";"";"";"Gipuzkoa";"%";8,8
2020;"Total";"25-34";"";"";"Gipuzkoa";"%";9,2
2021;"Total";"25-34";"";"";"Gipuzkoa";"%";8,2
2013;"Total";"25-34";"";"";"Gipuzkoa";"%";13,5
2015;"Total";"25-34";"";"";"Gipuzkoa";"%";15,3
2023;"Total";"25-34";"";"";"Gipuzkoa";"%";8,9
2016;"Total";"25-34";"";"";"Gipuzkoa";"%";13
2010;"Total";"25-34";"";"";"Gipuzkoa";"%";7,8
2022;"Total";"25-34";"";"";"Gipuzkoa";"%";7,8
2023;"Total";">=35";"";"";"C.A. de Euskadi";"%";6,1
2024;"Total";">=35";"";"";"C.A. de Euskadi";"%";6,3
2010;"Total";">=35";"";"";"C.A. de Euskadi";"%";6,4
2018;"Total";">=35";"";"";"C.A. de Euskadi";"%";9,1
2011;"Total";">=35";"";"";"C.A. de Euskadi";"%";7,5
2022;"Total";">=35";"";"";"C.A. de Euskadi";"%";7,3
2013;"Total";">=35";"";"";"C.A. de Euskadi";"%";11
2017;"Total";">=35";"";"";"C.A. de Euskadi";"%";10
2020;"Total";">=35";"";"";"C.A. de Euskadi";"%";7,6
2014;"Total";">=35";"";"";"C.A. de Euskadi";"%";11,5
2016;"Total";">=35";"";"";"C.A. de Euskadi";"%";10,6
2021;"Total";">=35";"";"";"C.A. de Euskadi";"%";7,6
2015;"Total";">=35";"";"";"C.A. de Euskadi";"%";11,8
2012;"Total";">=35";"";"";"C.A. de Euskadi";"%";8,3
2014;"Total";">=35";"";"";"Araba/Álava";"%";12,1
2021;"Total";">=35";"";"";"Araba/Álava";"%";8,6
2010;"Total";">=35";"";"";"Araba/Álava";"%";5,7
2016;"Total";">=35";"";"";"Araba/Álava";"%";10,9
2017;"Total";">=35";"";"";"Araba/Álava";"%";11,1
2018;"Total";">=35";"";"";"Araba/Álava";"%";9,3
2019;"Total";">=35";"";"";"Araba/Álava";"%";8,7
2023;"Total";">=35";"";"";"Araba/Álava";"%";5,6
2011;"Total";">=35";"";"";"Araba/Álava";"%";5,3
2020;"Total";">=35";"";"";"Araba/Álava";"%";7,2
2024;"Total";">=35";"";"";"Araba/Álava";"%";
2012;"Total";">=35";"";"";"Araba/Álava";"%";6,2
2022;"Total";">=35";"";"";"Araba/Álava";"%";9
2015;"Total";">=35";"";"";"Araba/Álava";"%";13,8
2013;"Total";">=35";"";"";"Araba/Álava";"%";10
2016;"Total";">=35";"";"";"Bizkaia";"%";12
2013;"Total";">=35";"";"";"Bizkaia";"%";12,6
2015;"Total";">=35";"";"";"Bizkaia";"%";12,8
2020;"Total";">=35";"";"";"Bizkaia";"%";8,9
2022;"Total";">=35";"";"";"Bizkaia";"%";8
2010;"Total";">=35";"";"";"Bizkaia";"%";7,2
2014;"Total";">=35";"";"";"Bizkaia";"%";12,6
2021;"Total";">=35";"";"";"Bizkaia";"%";8,3
2024;"Total";">=35";"";"";"Bizkaia";"%";7,6
2019;"Total";">=35";"";"";"Bizkaia";"%";9,6
2023;"Total";">=35";"";"";"Bizkaia";"%";7,5
2018;"Total";">=35";"";"";"Bizkaia";"%";10,6
2011;"Total";">=35";"";"";"Bizkaia";"%";9
2017;"Total";">=35";"";"";"Bizkaia";"%";11,3
2012;"Total";">=35";"";"";"Bizkaia";"%";9,8
2015;"Total";">=35";"";"";"Gipuzkoa";"%";9,1
2010;"Total";">=35";"";"";"Gipuzkoa";"%";5,5
2011;"Total";">=35";"";"";"Gipuzkoa";"%";6
2020;"Total";">=35";"";"";"Gipuzkoa";"%";5,9
2024;"Total";">=35";"";"";"Gipuzkoa";"%";4,4
2014;"Total";">=35";"";"";"Gipuzkoa";"%";9,6
2017;"Total";">=35";"";"";"Gipuzkoa";"%";7,6
2016;"Total";">=35";"";"";"Gipuzkoa";"%";8,1
2023;"Total";">=35";"";"";"Gipuzkoa";"%";4,2
2021;"Total";">=35";"";"";"Gipuzkoa";"%";6
2019;"Total";">=35";"";"";"Gipuzkoa";"%";5,8
2022;"Total";">=35";"";"";"Gipuzkoa";"%";5,4
2012;"Total";">=35";"";"";"Gipuzkoa";"%";6,9
2018;"Total";">=35";"";"";"Gipuzkoa";"%";6,5
2013;"Total";">=35";"";"";"Gipuzkoa";"%";8,8
