Año;Nacionalidad;Motivo Nivel 1;Motivo Nivel 2;Motivo Nivel 3;Motivo Nivel 4;Magnitud;Valor
2024;"Total C.A de Euskadi + Otras C.C.A.A.";"Homicidio y sus formas";"";"";"";"Personas";0
2025;"Total C.A de Euskadi + Otras C.C.A.A.";"Homicidio y sus formas";"";"";"";"Personas";0
2024;"C.A. de Euskadi";"Homicidio y sus formas";"";"";"";"Personas";0
2025;"C.A. de Euskadi";"Homicidio y sus formas";"";"";"";"Personas";0
2024;"Otras C.C.A.A.";"Homicidio y sus formas";"";"";"";"Personas";0
2025;"Otras C.C.A.A.";"Homicidio y sus formas";"";"";"";"Personas";0
2024;"Nacionalidad Extranjera";"Homicidio y sus formas";"";"";"";"Personas";0
2025;"Nacionalidad Extranjera";"Homicidio y sus formas";"";"";"";"Personas";0
2024;"Total Europa";"Homicidio y sus formas";"";"";"";"Personas";0
2025;"Total Europa";"Homicidio y sus formas";"";"";"";"Personas";0
2024;"U.E. 27";"Homicidio y sus formas";"";"";"";"Personas";0
2025;"U.E. 27";"Homicidio y sus formas";"";"";"";"Personas";0
2024;"Resto Europa";"Homicidio y sus formas";"";"";"";"Personas";0
2025;"Resto Europa";"Homicidio y sus formas";"";"";"";"Personas";0
2024;"Total África";"Homicidio y sus formas";"";"";"";"Personas";0
2025;"Total África";"Homicidio y sus formas";"";"";"";"Personas";0
2024;"Magreb";"Homicidio y sus formas";"";"";"";"Personas";0
2025;"Magreb";"Homicidio y sus formas";"";"";"";"Personas";0
2024;"Resto África";"Homicidio y sus formas";"";"";"";"Personas";0
2025;"Resto África";"Homicidio y sus formas";"";"";"";"Personas";0
2024;"Total América";"Homicidio y sus formas";"";"";"";"Personas";0
2025;"Total América";"Homicidio y sus formas";"";"";"";"Personas";0
2024;"Latinoamérica";"Homicidio y sus formas";"";"";"";"Personas";0
2025;"Latinoamérica";"Homicidio y sus formas";"";"";"";"Personas";0
2024;"EE.U.U. y Canadá";"Homicidio y sus formas";"";"";"";"Personas";0
2025;"EE.U.U. y Canadá";"Homicidio y sus formas";"";"";"";"Personas";0
2024;"Total Asia";"Homicidio y sus formas";"";"";"";"Personas";0
2025;"Total Asia";"Homicidio y sus formas";"";"";"";"Personas";0
2024;"Total Oceanía";"Homicidio y sus formas";"";"";"";"Personas";0
2025;"Total Oceanía";"Homicidio y sus formas";"";"";"";"Personas";0
2024;"Nacionalidad Extranjera SIN ESPECIFICAR";"Homicidio y sus formas";"";"";"";"Personas";0
2025;"Nacionalidad Extranjera SIN ESPECIFICAR";"Homicidio y sus formas";"";"";"";"Personas";0
2024;"Sin Nacionalidad conocida";"Homicidio y sus formas";"";"";"";"Personas";0
2025;"Sin Nacionalidad conocida";"Homicidio y sus formas";"";"";"";"Personas";0
2024;"Total";"Homicidio y sus formas";"";"";"";"Personas";0
2025;"Total";"Homicidio y sus formas";"";"";"";"Personas";0
2024;"Total C.A de Euskadi + Otras C.C.A.A.";"Homicidio y sus formas";"Homicidio doloso/ asesinato consumado";"";"";"Personas";0
2025;"Total C.A de Euskadi + Otras C.C.A.A.";"Homicidio y sus formas";"Homicidio doloso/ asesinato consumado";"";"";"Personas";0
2024;"C.A. de Euskadi";"Homicidio y sus formas";"Homicidio doloso/ asesinato consumado";"";"";"Personas";0
2025;"C.A. de Euskadi";"Homicidio y sus formas";"Homicidio doloso/ asesinato consumado";"";"";"Personas";0
2024;"Otras C.C.A.A.";"Homicidio y sus formas";"Homicidio doloso/ asesinato consumado";"";"";"Personas";0
2025;"Otras C.C.A.A.";"Homicidio y sus formas";"Homicidio doloso/ asesinato consumado";"";"";"Personas";0
2024;"Nacionalidad Extranjera";"Homicidio y sus formas";"Homicidio doloso/ asesinato consumado";"";"";"Personas";0
2025;"Nacionalidad Extranjera";"Homicidio y sus formas";"Homicidio doloso/ asesinato consumado";"";"";"Personas";0
2024;"Total Europa";"Homicidio y sus formas";"Homicidio doloso/ asesinato consumado";"";"";"Personas";0
2025;"Total Europa";"Homicidio y sus formas";"Homicidio doloso/ asesinato consumado";"";"";"Personas";0
2024;"U.E. 27";"Homicidio y sus formas";"Homicidio doloso/ asesinato consumado";"";"";"Personas";0
2025;"U.E. 27";"Homicidio y sus formas";"Homicidio doloso/ asesinato consumado";"";"";"Personas";0
2024;"Resto Europa";"Homicidio y sus formas";"Homicidio doloso/ asesinato consumado";"";"";"Personas";0
2025;"Resto Europa";"Homicidio y sus formas";"Homicidio doloso/ asesinato consumado";"";"";"Personas";0
2024;"Total África";"Homicidio y sus formas";"Homicidio doloso/ asesinato consumado";"";"";"Personas";0
2025;"Total África";"Homicidio y sus formas";"Homicidio doloso/ asesinato consumado";"";"";"Personas";0
2024;"Magreb";"Homicidio y sus formas";"Homicidio doloso/ asesinato consumado";"";"";"Personas";0
2025;"Magreb";"Homicidio y sus formas";"Homicidio doloso/ asesinato consumado";"";"";"Personas";0
2024;"Resto África";"Homicidio y sus formas";"Homicidio doloso/ asesinato consumado";"";"";"Personas";0
2025;"Resto África";"Homicidio y sus formas";"Homicidio doloso/ asesinato consumado";"";"";"Personas";0
2024;"Total América";"Homicidio y sus formas";"Homicidio doloso/ asesinato consumado";"";"";"Personas";0
2025;"Total América";"Homicidio y sus formas";"Homicidio doloso/ asesinato consumado";"";"";"Personas";0
2024;"Latinoamérica";"Homicidio y sus formas";"Homicidio doloso/ asesinato consumado";"";"";"Personas";0
2025;"Latinoamérica";"Homicidio y sus formas";"Homicidio doloso/ asesinato consumado";"";"";"Personas";0
2024;"EE.U.U. y Canadá";"Homicidio y sus formas";"Homicidio doloso/ asesinato consumado";"";"";"Personas";0
2025;"EE.U.U. y Canadá";"Homicidio y sus formas";"Homicidio doloso/ asesinato consumado";"";"";"Personas";0
2024;"Total Asia";"Homicidio y sus formas";"Homicidio doloso/ asesinato consumado";"";"";"Personas";0
2025;"Total Asia";"Homicidio y sus formas";"Homicidio doloso/ asesinato consumado";"";"";"Personas";0
2024;"Total Oceanía";"Homicidio y sus formas";"Homicidio doloso/ asesinato consumado";"";"";"Personas";0
2025;"Total Oceanía";"Homicidio y sus formas";"Homicidio doloso/ asesinato consumado";"";"";"Personas";0
2024;"Nacionalidad Extranjera SIN ESPECIFICAR";"Homicidio y sus formas";"Homicidio doloso/ asesinato consumado";"";"";"Personas";0
2025;"Nacionalidad Extranjera SIN ESPECIFICAR";"Homicidio y sus formas";"Homicidio doloso/ asesinato consumado";"";"";"Personas";0
2024;"Sin Nacionalidad conocida";"Homicidio y sus formas";"Homicidio doloso/ asesinato consumado";"";"";"Personas";0
2025;"Sin Nacionalidad conocida";"Homicidio y sus formas";"Homicidio doloso/ asesinato consumado";"";"";"Personas";0
2024;"Total";"Homicidio y sus formas";"Homicidio doloso/ asesinato consumado";"";"";"Personas";0
2025;"Total";"Homicidio y sus formas";"Homicidio doloso/ asesinato consumado";"";"";"Personas";0
2024;"Total C.A de Euskadi + Otras C.C.A.A.";"Homicidio y sus formas";"Homicidio doloso/ asesinato tentativa";"";"";"Personas";0
2025;"Total C.A de Euskadi + Otras C.C.A.A.";"Homicidio y sus formas";"Homicidio doloso/ asesinato tentativa";"";"";"Personas";0
2024;"C.A. de Euskadi";"Homicidio y sus formas";"Homicidio doloso/ asesinato tentativa";"";"";"Personas";0
2025;"C.A. de Euskadi";"Homicidio y sus formas";"Homicidio doloso/ asesinato tentativa";"";"";"Personas";0
2024;"Otras C.C.A.A.";"Homicidio y sus formas";"Homicidio doloso/ asesinato tentativa";"";"";"Personas";0
2025;"Otras C.C.A.A.";"Homicidio y sus formas";"Homicidio doloso/ asesinato tentativa";"";"";"Personas";0
2024;"Nacionalidad Extranjera";"Homicidio y sus formas";"Homicidio doloso/ asesinato tentativa";"";"";"Personas";0
2025;"Nacionalidad Extranjera";"Homicidio y sus formas";"Homicidio doloso/ asesinato tentativa";"";"";"Personas";0
2024;"Total Europa";"Homicidio y sus formas";"Homicidio doloso/ asesinato tentativa";"";"";"Personas";0
2025;"Total Europa";"Homicidio y sus formas";"Homicidio doloso/ asesinato tentativa";"";"";"Personas";0
2024;"U.E. 27";"Homicidio y sus formas";"Homicidio doloso/ asesinato tentativa";"";"";"Personas";0
2025;"U.E. 27";"Homicidio y sus formas";"Homicidio doloso/ asesinato tentativa";"";"";"Personas";0
2024;"Resto Europa";"Homicidio y sus formas";"Homicidio doloso/ asesinato tentativa";"";"";"Personas";0
2025;"Resto Europa";"Homicidio y sus formas";"Homicidio doloso/ asesinato tentativa";"";"";"Personas";0
2024;"Total África";"Homicidio y sus formas";"Homicidio doloso/ asesinato tentativa";"";"";"Personas";0
2025;"Total África";"Homicidio y sus formas";"Homicidio doloso/ asesinato tentativa";"";"";"Personas";0
2024;"Magreb";"Homicidio y sus formas";"Homicidio doloso/ asesinato tentativa";"";"";"Personas";0
2025;"Magreb";"Homicidio y sus formas";"Homicidio doloso/ asesinato tentativa";"";"";"Personas";0
2024;"Resto África";"Homicidio y sus formas";"Homicidio doloso/ asesinato tentativa";"";"";"Personas";0
2025;"Resto África";"Homicidio y sus formas";"Homicidio doloso/ asesinato tentativa";"";"";"Personas";0
2024;"Total América";"Homicidio y sus formas";"Homicidio doloso/ asesinato tentativa";"";"";"Personas";0
2025;"Total América";"Homicidio y sus formas";"Homicidio doloso/ asesinato tentativa";"";"";"Personas";0
2024;"Latinoamérica";"Homicidio y sus formas";"Homicidio doloso/ asesinato tentativa";"";"";"Personas";0
2025;"Latinoamérica";"Homicidio y sus formas";"Homicidio doloso/ asesinato tentativa";"";"";"Personas";0
2024;"EE.U.U. y Canadá";"Homicidio y sus formas";"Homicidio doloso/ asesinato tentativa";"";"";"Personas";0
2025;"EE.U.U. y Canadá";"Homicidio y sus formas";"Homicidio doloso/ asesinato tentativa";"";"";"Personas";0
2024;"Total Asia";"Homicidio y sus formas";"Homicidio doloso/ asesinato tentativa";"";"";"Personas";0
2025;"Total Asia";"Homicidio y sus formas";"Homicidio doloso/ asesinato tentativa";"";"";"Personas";0
2024;"Total Oceanía";"Homicidio y sus formas";"Homicidio doloso/ asesinato tentativa";"";"";"Personas";0
2025;"Total Oceanía";"Homicidio y sus formas";"Homicidio doloso/ asesinato tentativa";"";"";"Personas";0
2024;"Nacionalidad Extranjera SIN ESPECIFICAR";"Homicidio y sus formas";"Homicidio doloso/ asesinato tentativa";"";"";"Personas";0
2025;"Nacionalidad Extranjera SIN ESPECIFICAR";"Homicidio y sus formas";"Homicidio doloso/ asesinato tentativa";"";"";"Personas";0
2024;"Sin Nacionalidad conocida";"Homicidio y sus formas";"Homicidio doloso/ asesinato tentativa";"";"";"Personas";0
2025;"Sin Nacionalidad conocida";"Homicidio y sus formas";"Homicidio doloso/ asesinato tentativa";"";"";"Personas";0
2024;"Total";"Homicidio y sus formas";"Homicidio doloso/ asesinato tentativa";"";"";"Personas";0
2025;"Total";"Homicidio y sus formas";"Homicidio doloso/ asesinato tentativa";"";"";"Personas";0
2024;"Total C.A de Euskadi + Otras C.C.A.A.";"Homicidio y sus formas";"Otras infracciones de homicidio y sus formas";"";"";"Personas";0
2025;"Total C.A de Euskadi + Otras C.C.A.A.";"Homicidio y sus formas";"Otras infracciones de homicidio y sus formas";"";"";"Personas";0
2024;"C.A. de Euskadi";"Homicidio y sus formas";"Otras infracciones de homicidio y sus formas";"";"";"Personas";0
2025;"C.A. de Euskadi";"Homicidio y sus formas";"Otras infracciones de homicidio y sus formas";"";"";"Personas";0
2024;"Otras C.C.A.A.";"Homicidio y sus formas";"Otras infracciones de homicidio y sus formas";"";"";"Personas";0
2025;"Otras C.C.A.A.";"Homicidio y sus formas";"Otras infracciones de homicidio y sus formas";"";"";"Personas";0
2024;"Nacionalidad Extranjera";"Homicidio y sus formas";"Otras infracciones de homicidio y sus formas";"";"";"Personas";0
2025;"Nacionalidad Extranjera";"Homicidio y sus formas";"Otras infracciones de homicidio y sus formas";"";"";"Personas";0
2024;"Total Europa";"Homicidio y sus formas";"Otras infracciones de homicidio y sus formas";"";"";"Personas";0
2025;"Total Europa";"Homicidio y sus formas";"Otras infracciones de homicidio y sus formas";"";"";"Personas";0
2024;"U.E. 27";"Homicidio y sus formas";"Otras infracciones de homicidio y sus formas";"";"";"Personas";0
2025;"U.E. 27";"Homicidio y sus formas";"Otras infracciones de homicidio y sus formas";"";"";"Personas";0
2024;"Resto Europa";"Homicidio y sus formas";"Otras infracciones de homicidio y sus formas";"";"";"Personas";0
2025;"Resto Europa";"Homicidio y sus formas";"Otras infracciones de homicidio y sus formas";"";"";"Personas";0
2024;"Total África";"Homicidio y sus formas";"Otras infracciones de homicidio y sus formas";"";"";"Personas";0
2025;"Total África";"Homicidio y sus formas";"Otras infracciones de homicidio y sus formas";"";"";"Personas";0
2024;"Magreb";"Homicidio y sus formas";"Otras infracciones de homicidio y sus formas";"";"";"Personas";0
2025;"Magreb";"Homicidio y sus formas";"Otras infracciones de homicidio y sus formas";"";"";"Personas";0
2024;"Resto África";"Homicidio y sus formas";"Otras infracciones de homicidio y sus formas";"";"";"Personas";0
2025;"Resto África";"Homicidio y sus formas";"Otras infracciones de homicidio y sus formas";"";"";"Personas";0
2024;"Total América";"Homicidio y sus formas";"Otras infracciones de homicidio y sus formas";"";"";"Personas";0
2025;"Total América";"Homicidio y sus formas";"Otras infracciones de homicidio y sus formas";"";"";"Personas";0
2024;"Latinoamérica";"Homicidio y sus formas";"Otras infracciones de homicidio y sus formas";"";"";"Personas";0
2025;"Latinoamérica";"Homicidio y sus formas";"Otras infracciones de homicidio y sus formas";"";"";"Personas";0
2024;"EE.U.U. y Canadá";"Homicidio y sus formas";"Otras infracciones de homicidio y sus formas";"";"";"Personas";0
2025;"EE.U.U. y Canadá";"Homicidio y sus formas";"Otras infracciones de homicidio y sus formas";"";"";"Personas";0
2024;"Total Asia";"Homicidio y sus formas";"Otras infracciones de homicidio y sus formas";"";"";"Personas";0
2025;"Total Asia";"Homicidio y sus formas";"Otras infracciones de homicidio y sus formas";"";"";"Personas";0
2024;"Total Oceanía";"Homicidio y sus formas";"Otras infracciones de homicidio y sus formas";"";"";"Personas";0
2025;"Total Oceanía";"Homicidio y sus formas";"Otras infracciones de homicidio y sus formas";"";"";"Personas";0
2024;"Nacionalidad Extranjera SIN ESPECIFICAR";"Homicidio y sus formas";"Otras infracciones de homicidio y sus formas";"";"";"Personas";0
2025;"Nacionalidad Extranjera SIN ESPECIFICAR";"Homicidio y sus formas";"Otras infracciones de homicidio y sus formas";"";"";"Personas";0
2024;"Sin Nacionalidad conocida";"Homicidio y sus formas";"Otras infracciones de homicidio y sus formas";"";"";"Personas";0
2025;"Sin Nacionalidad conocida";"Homicidio y sus formas";"Otras infracciones de homicidio y sus formas";"";"";"Personas";0
2024;"Total";"Homicidio y sus formas";"Otras infracciones de homicidio y sus formas";"";"";"Personas";0
2025;"Total";"Homicidio y sus formas";"Otras infracciones de homicidio y sus formas";"";"";"Personas";0
2025;"Total Oceanía";"Contra el patrimonio y el orden socioeconómico";"";"";"";"Personas";0
2025;"Sin Nacionalidad conocida";"Contra el patrimonio y el orden socioeconómico";"";"";"";"Personas";0
2025;"Total Oceanía";"Contra el patrimonio y el orden socioeconómico";"Hurto";"";"";"Personas";0
2024;"Sin Nacionalidad conocida";"Contra el patrimonio y el orden socioeconómico";"Hurto";"";"";"Personas";0
2025;"Sin Nacionalidad conocida";"Contra el patrimonio y el orden socioeconómico";"Hurto";"";"";"Personas";0
2024;"EE.U.U. y Canadá";"Contra el patrimonio y el orden socioeconómico";"Robo con fuerza en las cosas";"";"";"Personas";0
2025;"EE.U.U. y Canadá";"Contra el patrimonio y el orden socioeconómico";"Robo con fuerza en las cosas";"";"";"Personas";0
2025;"Total Asia";"Contra el patrimonio y el orden socioeconómico";"Robo con fuerza en las cosas";"";"";"Personas";0
2024;"Total Oceanía";"Contra el patrimonio y el orden socioeconómico";"Robo con fuerza en las cosas";"";"";"Personas";0
2025;"Total Oceanía";"Contra el patrimonio y el orden socioeconómico";"Robo con fuerza en las cosas";"";"";"Personas";0
2024;"Nacionalidad Extranjera SIN ESPECIFICAR";"Contra el patrimonio y el orden socioeconómico";"Robo con fuerza en las cosas";"";"";"Personas";0
2024;"Sin Nacionalidad conocida";"Contra el patrimonio y el orden socioeconómico";"Robo con fuerza en las cosas";"";"";"Personas";0
2025;"Sin Nacionalidad conocida";"Contra el patrimonio y el orden socioeconómico";"Robo con fuerza en las cosas";"";"";"Personas";0
2024;"Resto África";"Contra el patrimonio y el orden socioeconómico";"Robo con violencia o intimidación";"";"";"Personas";0
2025;"Resto África";"Contra el patrimonio y el orden socioeconómico";"Robo con violencia o intimidación";"";"";"Personas";0
2024;"EE.U.U. y Canadá";"Contra el patrimonio y el orden socioeconómico";"Robo con violencia o intimidación";"";"";"Personas";0
2025;"EE.U.U. y Canadá";"Contra el patrimonio y el orden socioeconómico";"Robo con violencia o intimidación";"";"";"Personas";0
2024;"Total Asia";"Contra el patrimonio y el orden socioeconómico";"Robo con violencia o intimidación";"";"";"Personas";0
2025;"Total Asia";"Contra el patrimonio y el orden socioeconómico";"Robo con violencia o intimidación";"";"";"Personas";0
2024;"Total Oceanía";"Contra el patrimonio y el orden socioeconómico";"Robo con violencia o intimidación";"";"";"Personas";0
2025;"Total Oceanía";"Contra el patrimonio y el orden socioeconómico";"Robo con violencia o intimidación";"";"";"Personas";0
2024;"Sin Nacionalidad conocida";"Contra el patrimonio y el orden socioeconómico";"Robo con violencia o intimidación";"";"";"Personas";0
2025;"Sin Nacionalidad conocida";"Contra el patrimonio y el orden socioeconómico";"Robo con violencia o intimidación";"";"";"Personas";0
2024;"Total Europa";"Contra el patrimonio y el orden socioeconómico";"Daños";"";"";"Personas";0
2024;"U.E. 27";"Contra el patrimonio y el orden socioeconómico";"Daños";"";"";"Personas";0
2024;"Resto Europa";"Contra el patrimonio y el orden socioeconómico";"Daños";"";"";"Personas";0
2025;"Resto Europa";"Contra el patrimonio y el orden socioeconómico";"Daños";"";"";"Personas";0
2024;"Resto África";"Contra el patrimonio y el orden socioeconómico";"Daños";"";"";"Personas";0
2025;"Resto África";"Contra el patrimonio y el orden socioeconómico";"Daños";"";"";"Personas";0
2024;"Total América";"Contra el patrimonio y el orden socioeconómico";"Daños";"";"";"Personas";0
2024;"Latinoamérica";"Contra el patrimonio y el orden socioeconómico";"Daños";"";"";"Personas";0
2024;"EE.U.U. y Canadá";"Contra el patrimonio y el orden socioeconómico";"Daños";"";"";"Personas";0
2025;"EE.U.U. y Canadá";"Contra el patrimonio y el orden socioeconómico";"Daños";"";"";"Personas";0
2024;"Total Oceanía";"Contra el patrimonio y el orden socioeconómico";"Daños";"";"";"Personas";0
2025;"Total Oceanía";"Contra el patrimonio y el orden socioeconómico";"Daños";"";"";"Personas";0
2024;"Nacionalidad Extranjera SIN ESPECIFICAR";"Contra el patrimonio y el orden socioeconómico";"Daños";"";"";"Personas";0
2025;"Nacionalidad Extranjera SIN ESPECIFICAR";"Contra el patrimonio y el orden socioeconómico";"Daños";"";"";"Personas";0
2024;"Sin Nacionalidad conocida";"Contra el patrimonio y el orden socioeconómico";"Daños";"";"";"Personas";0
2025;"Sin Nacionalidad conocida";"Contra el patrimonio y el orden socioeconómico";"Daños";"";"";"Personas";0
2024;"Otras C.C.A.A.";"Contra el patrimonio y el orden socioeconómico";"Sustracción de vehículos a motor";"";"";"Personas";0
2024;"Total Europa";"Contra el patrimonio y el orden socioeconómico";"Sustracción de vehículos a motor";"";"";"Personas";0
2024;"U.E. 27";"Contra el patrimonio y el orden socioeconómico";"Sustracción de vehículos a motor";"";"";"Personas";0
2024;"Resto Europa";"Contra el patrimonio y el orden socioeconómico";"Sustracción de vehículos a motor";"";"";"Personas";0
2025;"Resto Europa";"Contra el patrimonio y el orden socioeconómico";"Sustracción de vehículos a motor";"";"";"Personas";0
2024;"Resto África";"Contra el patrimonio y el orden socioeconómico";"Sustracción de vehículos a motor";"";"";"Personas";0
2025;"Resto África";"Contra el patrimonio y el orden socioeconómico";"Sustracción de vehículos a motor";"";"";"Personas";0
2024;"Total América";"Contra el patrimonio y el orden socioeconómico";"Sustracción de vehículos a motor";"";"";"Personas";0
2025;"Total América";"Contra el patrimonio y el orden socioeconómico";"Sustracción de vehículos a motor";"";"";"Personas";0
2024;"Latinoamérica";"Contra el patrimonio y el orden socioeconómico";"Sustracción de vehículos a motor";"";"";"Personas";0
2025;"Latinoamérica";"Contra el patrimonio y el orden socioeconómico";"Sustracción de vehículos a motor";"";"";"Personas";0
2024;"EE.U.U. y Canadá";"Contra el patrimonio y el orden socioeconómico";"Sustracción de vehículos a motor";"";"";"Personas";0
2025;"EE.U.U. y Canadá";"Contra el patrimonio y el orden socioeconómico";"Sustracción de vehículos a motor";"";"";"Personas";0
2024;"Total Asia";"Contra el patrimonio y el orden socioeconómico";"Sustracción de vehículos a motor";"";"";"Personas";0
2025;"Total Asia";"Contra el patrimonio y el orden socioeconómico";"Sustracción de vehículos a motor";"";"";"Personas";0
2024;"Total Oceanía";"Contra el patrimonio y el orden socioeconómico";"Sustracción de vehículos a motor";"";"";"Personas";0
2025;"Total Oceanía";"Contra el patrimonio y el orden socioeconómico";"Sustracción de vehículos a motor";"";"";"Personas";0
2024;"Nacionalidad Extranjera SIN ESPECIFICAR";"Contra el patrimonio y el orden socioeconómico";"Sustracción de vehículos a motor";"";"";"Personas";0
2025;"Nacionalidad Extranjera SIN ESPECIFICAR";"Contra el patrimonio y el orden socioeconómico";"Sustracción de vehículos a motor";"";"";"Personas";0
2024;"Sin Nacionalidad conocida";"Contra el patrimonio y el orden socioeconómico";"Sustracción de vehículos a motor";"";"";"Personas";0
2025;"Sin Nacionalidad conocida";"Contra el patrimonio y el orden socioeconómico";"Sustracción de vehículos a motor";"";"";"Personas";0
2024;"EE.U.U. y Canadá";"Contra el patrimonio y el orden socioeconómico";"Estafa";"";"";"Personas";0
2025;"EE.U.U. y Canadá";"Contra el patrimonio y el orden socioeconómico";"Estafa";"";"";"Personas";0
2024;"Total Oceanía";"Contra el patrimonio y el orden socioeconómico";"Estafa";"";"";"Personas";0
2025;"Total Oceanía";"Contra el patrimonio y el orden socioeconómico";"Estafa";"";"";"Personas";0
2025;"Sin Nacionalidad conocida";"Contra el patrimonio y el orden socioeconómico";"Estafa";"";"";"Personas";0
2024;"Resto Europa";"Contra el patrimonio y el orden socioeconómico";"Otras infracciones contra el patrimonio";"";"";"Personas";0
2025;"Resto Europa";"Contra el patrimonio y el orden socioeconómico";"Otras infracciones contra el patrimonio";"";"";"Personas";0
2024;"Resto África";"Contra el patrimonio y el orden socioeconómico";"Otras infracciones contra el patrimonio";"";"";"Personas";0
2025;"Resto África";"Contra el patrimonio y el orden socioeconómico";"Otras infracciones contra el patrimonio";"";"";"Personas";0
2024;"EE.U.U. y Canadá";"Contra el patrimonio y el orden socioeconómico";"Otras infracciones contra el patrimonio";"";"";"Personas";0
2025;"EE.U.U. y Canadá";"Contra el patrimonio y el orden socioeconómico";"Otras infracciones contra el patrimonio";"";"";"Personas";0
2024;"Total Oceanía";"Contra el patrimonio y el orden socioeconómico";"Otras infracciones contra el patrimonio";"";"";"Personas";0
2025;"Total Oceanía";"Contra el patrimonio y el orden socioeconómico";"Otras infracciones contra el patrimonio";"";"";"Personas";0
2024;"Nacionalidad Extranjera SIN ESPECIFICAR";"Contra el patrimonio y el orden socioeconómico";"Otras infracciones contra el patrimonio";"";"";"Personas";0
2024;"Sin Nacionalidad conocida";"Contra el patrimonio y el orden socioeconómico";"Otras infracciones contra el patrimonio";"";"";"Personas";0
2025;"Sin Nacionalidad conocida";"Contra el patrimonio y el orden socioeconómico";"Otras infracciones contra el patrimonio";"";"";"Personas";0
2024;"Resto Europa";"Lesiones";"";"";"";"Personas";0
2024;"EE.U.U. y Canadá";"Lesiones";"";"";"";"Personas";0
2025;"EE.U.U. y Canadá";"Lesiones";"";"";"";"Personas";0
2024;"Total Oceanía";"Lesiones";"";"";"";"Personas";0
2025;"Total Oceanía";"Lesiones";"";"";"";"Personas";0
2025;"Nacionalidad Extranjera SIN ESPECIFICAR";"Lesiones";"";"";"";"Personas";0
2024;"Sin Nacionalidad conocida";"Lesiones";"";"";"";"Personas";0
2025;"Sin Nacionalidad conocida";"Lesiones";"";"";"";"Personas";0
2024;"Resto Europa";"Lesiones";"Malos tratos en el ámbito familiar";"";"";"Personas";0
2024;"Resto África";"Lesiones";"Malos tratos en el ámbito familiar";"";"";"Personas";0
2024;"EE.U.U. y Canadá";"Lesiones";"Malos tratos en el ámbito familiar";"";"";"Personas";0
2025;"EE.U.U. y Canadá";"Lesiones";"Malos tratos en el ámbito familiar";"";"";"Personas";0
2024;"Total Oceanía";"Lesiones";"Malos tratos en el ámbito familiar";"";"";"Personas";0
2025;"Total Oceanía";"Lesiones";"Malos tratos en el ámbito familiar";"";"";"Personas";0
2024;"Nacionalidad Extranjera SIN ESPECIFICAR";"Lesiones";"Malos tratos en el ámbito familiar";"";"";"Personas";0
2025;"Nacionalidad Extranjera SIN ESPECIFICAR";"Lesiones";"Malos tratos en el ámbito familiar";"";"";"Personas";0
2024;"Sin Nacionalidad conocida";"Lesiones";"Malos tratos en el ámbito familiar";"";"";"Personas";0
2025;"Sin Nacionalidad conocida";"Lesiones";"Malos tratos en el ámbito familiar";"";"";"Personas";0
2024;"Resto Europa";"Lesiones";"Lesiones";"";"";"Personas";0
2024;"EE.U.U. y Canadá";"Lesiones";"Lesiones";"";"";"Personas";0
2025;"EE.U.U. y Canadá";"Lesiones";"Lesiones";"";"";"Personas";0
2024;"Total Asia";"Lesiones";"Lesiones";"";"";"Personas";0
2025;"Total Asia";"Lesiones";"Lesiones";"";"";"Personas";0
2024;"Total Oceanía";"Lesiones";"Lesiones";"";"";"Personas";0
2025;"Total Oceanía";"Lesiones";"Lesiones";"";"";"Personas";0
2024;"Nacionalidad Extranjera SIN ESPECIFICAR";"Lesiones";"Lesiones";"";"";"Personas";0
2025;"Nacionalidad Extranjera SIN ESPECIFICAR";"Lesiones";"Lesiones";"";"";"Personas";0
2024;"Sin Nacionalidad conocida";"Lesiones";"Lesiones";"";"";"Personas";0
2025;"Sin Nacionalidad conocida";"Lesiones";"Lesiones";"";"";"Personas";0
2025;"Total C.A de Euskadi + Otras C.C.A.A.";"Lesiones";"Otras infracciones de lesiones";"";"";"Personas";0
2025;"C.A. de Euskadi";"Lesiones";"Otras infracciones de lesiones";"";"";"Personas";0
2024;"Otras C.C.A.A.";"Lesiones";"Otras infracciones de lesiones";"";"";"Personas";0
2025;"Otras C.C.A.A.";"Lesiones";"Otras infracciones de lesiones";"";"";"Personas";0
2025;"Nacionalidad Extranjera";"Lesiones";"Otras infracciones de lesiones";"";"";"Personas";0
2024;"Total Europa";"Lesiones";"Otras infracciones de lesiones";"";"";"Personas";0
2025;"Total Europa";"Lesiones";"Otras infracciones de lesiones";"";"";"Personas";0
2024;"U.E. 27";"Lesiones";"Otras infracciones de lesiones";"";"";"Personas";0
2025;"U.E. 27";"Lesiones";"Otras infracciones de lesiones";"";"";"Personas";0
2024;"Resto Europa";"Lesiones";"Otras infracciones de lesiones";"";"";"Personas";0
2025;"Resto Europa";"Lesiones";"Otras infracciones de lesiones";"";"";"Personas";0
2025;"Total África";"Lesiones";"Otras infracciones de lesiones";"";"";"Personas";0
2025;"Magreb";"Lesiones";"Otras infracciones de lesiones";"";"";"Personas";0
2024;"Resto África";"Lesiones";"Otras infracciones de lesiones";"";"";"Personas";0
2025;"Resto África";"Lesiones";"Otras infracciones de lesiones";"";"";"Personas";0
2025;"Total América";"Lesiones";"Otras infracciones de lesiones";"";"";"Personas";0
2025;"Latinoamérica";"Lesiones";"Otras infracciones de lesiones";"";"";"Personas";0
2024;"EE.U.U. y Canadá";"Lesiones";"Otras infracciones de lesiones";"";"";"Personas";0
2025;"EE.U.U. y Canadá";"Lesiones";"Otras infracciones de lesiones";"";"";"Personas";0
2024;"Total Asia";"Lesiones";"Otras infracciones de lesiones";"";"";"Personas";0
2025;"Total Asia";"Lesiones";"Otras infracciones de lesiones";"";"";"Personas";0
2024;"Total Oceanía";"Lesiones";"Otras infracciones de lesiones";"";"";"Personas";0
2025;"Total Oceanía";"Lesiones";"Otras infracciones de lesiones";"";"";"Personas";0
2025;"Nacionalidad Extranjera SIN ESPECIFICAR";"Lesiones";"Otras infracciones de lesiones";"";"";"Personas";0
2024;"Sin Nacionalidad conocida";"Lesiones";"Otras infracciones de lesiones";"";"";"Personas";0
2025;"Sin Nacionalidad conocida";"Lesiones";"Otras infracciones de lesiones";"";"";"Personas";0
2025;"Total";"Lesiones";"Otras infracciones de lesiones";"";"";"Personas";0
2025;"Resto África";"Tortura y contra la integridad";"";"";"";"Personas";0
2024;"EE.U.U. y Canadá";"Tortura y contra la integridad";"";"";"";"Personas";0
2024;"Total Asia";"Tortura y contra la integridad";"";"";"";"Personas";0
2025;"Total Asia";"Tortura y contra la integridad";"";"";"";"Personas";0
2024;"Total Oceanía";"Tortura y contra la integridad";"";"";"";"Personas";0
2025;"Total Oceanía";"Tortura y contra la integridad";"";"";"";"Personas";0
2024;"Nacionalidad Extranjera SIN ESPECIFICAR";"Tortura y contra la integridad";"";"";"";"Personas";0
2025;"Nacionalidad Extranjera SIN ESPECIFICAR";"Tortura y contra la integridad";"";"";"";"Personas";0
2024;"Sin Nacionalidad conocida";"Tortura y contra la integridad";"";"";"";"Personas";0
2025;"Sin Nacionalidad conocida";"Tortura y contra la integridad";"";"";"";"Personas";0
2025;"Resto África";"Tortura y contra la integridad";"Malos tratos habituales en el ámbito familiar";"";"";"Personas";0
2024;"EE.U.U. y Canadá";"Tortura y contra la integridad";"Malos tratos habituales en el ámbito familiar";"";"";"Personas";0
2024;"Total Asia";"Tortura y contra la integridad";"Malos tratos habituales en el ámbito familiar";"";"";"Personas";0
2025;"Total Asia";"Tortura y contra la integridad";"Malos tratos habituales en el ámbito familiar";"";"";"Personas";0
2024;"Total Oceanía";"Tortura y contra la integridad";"Malos tratos habituales en el ámbito familiar";"";"";"Personas";0
2025;"Total Oceanía";"Tortura y contra la integridad";"Malos tratos habituales en el ámbito familiar";"";"";"Personas";0
2024;"Nacionalidad Extranjera SIN ESPECIFICAR";"Tortura y contra la integridad";"Malos tratos habituales en el ámbito familiar";"";"";"Personas";0
2025;"Nacionalidad Extranjera SIN ESPECIFICAR";"Tortura y contra la integridad";"Malos tratos habituales en el ámbito familiar";"";"";"Personas";0
2024;"Sin Nacionalidad conocida";"Tortura y contra la integridad";"Malos tratos habituales en el ámbito familiar";"";"";"Personas";0
2025;"Sin Nacionalidad conocida";"Tortura y contra la integridad";"Malos tratos habituales en el ámbito familiar";"";"";"Personas";0
2024;"Total C.A de Euskadi + Otras C.C.A.A.";"Tortura y contra la integridad";"Otras infracciones de tortura y contra la integridad";"";"";"Personas";0
2024;"C.A. de Euskadi";"Tortura y contra la integridad";"Otras infracciones de tortura y contra la integridad";"";"";"Personas";0
2024;"Otras C.C.A.A.";"Tortura y contra la integridad";"Otras infracciones de tortura y contra la integridad";"";"";"Personas";0
2025;"U.E. 27";"Tortura y contra la integridad";"Otras infracciones de tortura y contra la integridad";"";"";"Personas";0
2024;"Resto Europa";"Tortura y contra la integridad";"Otras infracciones de tortura y contra la integridad";"";"";"Personas";0
2024;"Total África";"Tortura y contra la integridad";"Otras infracciones de tortura y contra la integridad";"";"";"Personas";0
2025;"Total África";"Tortura y contra la integridad";"Otras infracciones de tortura y contra la integridad";"";"";"Personas";0
2024;"Magreb";"Tortura y contra la integridad";"Otras infracciones de tortura y contra la integridad";"";"";"Personas";0
2025;"Magreb";"Tortura y contra la integridad";"Otras infracciones de tortura y contra la integridad";"";"";"Personas";0
2024;"Resto África";"Tortura y contra la integridad";"Otras infracciones de tortura y contra la integridad";"";"";"Personas";0
2025;"Resto África";"Tortura y contra la integridad";"Otras infracciones de tortura y contra la integridad";"";"";"Personas";0
2024;"Total América";"Tortura y contra la integridad";"Otras infracciones de tortura y contra la integridad";"";"";"Personas";0
2025;"Total América";"Tortura y contra la integridad";"Otras infracciones de tortura y contra la integridad";"";"";"Personas";0
2024;"Latinoamérica";"Tortura y contra la integridad";"Otras infracciones de tortura y contra la integridad";"";"";"Personas";0
2025;"Latinoamérica";"Tortura y contra la integridad";"Otras infracciones de tortura y contra la integridad";"";"";"Personas";0
2024;"EE.U.U. y Canadá";"Tortura y contra la integridad";"Otras infracciones de tortura y contra la integridad";"";"";"Personas";0
2025;"EE.U.U. y Canadá";"Tortura y contra la integridad";"Otras infracciones de tortura y contra la integridad";"";"";"Personas";0
2024;"Total Asia";"Tortura y contra la integridad";"Otras infracciones de tortura y contra la integridad";"";"";"Personas";0
2025;"Total Asia";"Tortura y contra la integridad";"Otras infracciones de tortura y contra la integridad";"";"";"Personas";0
2024;"Total Oceanía";"Tortura y contra la integridad";"Otras infracciones de tortura y contra la integridad";"";"";"Personas";0
2025;"Total Oceanía";"Tortura y contra la integridad";"Otras infracciones de tortura y contra la integridad";"";"";"Personas";0
2024;"Nacionalidad Extranjera SIN ESPECIFICAR";"Tortura y contra la integridad";"Otras infracciones de tortura y contra la integridad";"";"";"Personas";0
2025;"Nacionalidad Extranjera SIN ESPECIFICAR";"Tortura y contra la integridad";"Otras infracciones de tortura y contra la integridad";"";"";"Personas";0
2024;"Sin Nacionalidad conocida";"Tortura y contra la integridad";"Otras infracciones de tortura y contra la integridad";"";"";"Personas";0
2025;"Sin Nacionalidad conocida";"Tortura y contra la integridad";"Otras infracciones de tortura y contra la integridad";"";"";"Personas";0
2024;"U.E. 27";"Contra la libertad sexual";"";"";"";"Personas";0
2025;"Resto Europa";"Contra la libertad sexual";"";"";"";"Personas";0
2024;"Total América";"Contra la libertad sexual";"";"";"";"Personas";0
2024;"Latinoamérica";"Contra la libertad sexual";"";"";"";"Personas";0
2024;"EE.U.U. y Canadá";"Contra la libertad sexual";"";"";"";"Personas";0
2025;"EE.U.U. y Canadá";"Contra la libertad sexual";"";"";"";"Personas";0
2024;"Total Asia";"Contra la libertad sexual";"";"";"";"Personas";0
2025;"Total Asia";"Contra la libertad sexual";"";"";"";"Personas";0
2024;"Total Oceanía";"Contra la libertad sexual";"";"";"";"Personas";0
2025;"Total Oceanía";"Contra la libertad sexual";"";"";"";"Personas";0
2024;"Nacionalidad Extranjera SIN ESPECIFICAR";"Contra la libertad sexual";"";"";"";"Personas";0
2025;"Nacionalidad Extranjera SIN ESPECIFICAR";"Contra la libertad sexual";"";"";"";"Personas";0
2024;"Sin Nacionalidad conocida";"Contra la libertad sexual";"";"";"";"Personas";0
2025;"Sin Nacionalidad conocida";"Contra la libertad sexual";"";"";"";"Personas";0
2024;"Total Europa";"Contra la libertad sexual";"Agresión sexual";"";"";"Personas";0
2024;"U.E. 27";"Contra la libertad sexual";"Agresión sexual";"";"";"Personas";0
2024;"Resto Europa";"Contra la libertad sexual";"Agresión sexual";"";"";"Personas";0
2025;"Resto Europa";"Contra la libertad sexual";"Agresión sexual";"";"";"Personas";0
2024;"Total América";"Contra la libertad sexual";"Agresión sexual";"";"";"Personas";0
2024;"Latinoamérica";"Contra la libertad sexual";"Agresión sexual";"";"";"Personas";0
2024;"EE.U.U. y Canadá";"Contra la libertad sexual";"Agresión sexual";"";"";"Personas";0
2025;"EE.U.U. y Canadá";"Contra la libertad sexual";"Agresión sexual";"";"";"Personas";0
2024;"Total Asia";"Contra la libertad sexual";"Agresión sexual";"";"";"Personas";0
2025;"Total Asia";"Contra la libertad sexual";"Agresión sexual";"";"";"Personas";0
2024;"Total Oceanía";"Contra la libertad sexual";"Agresión sexual";"";"";"Personas";0
2025;"Total Oceanía";"Contra la libertad sexual";"Agresión sexual";"";"";"Personas";0
2024;"Nacionalidad Extranjera SIN ESPECIFICAR";"Contra la libertad sexual";"Agresión sexual";"";"";"Personas";0
2025;"Nacionalidad Extranjera SIN ESPECIFICAR";"Contra la libertad sexual";"Agresión sexual";"";"";"Personas";0
2024;"Sin Nacionalidad conocida";"Contra la libertad sexual";"Agresión sexual";"";"";"Personas";0
2025;"Sin Nacionalidad conocida";"Contra la libertad sexual";"Agresión sexual";"";"";"Personas";0
2024;"Total C.A de Euskadi + Otras C.C.A.A.";"Contra la libertad sexual";"Otras infracciones contra la libertad sexual";"";"";"Personas";0
2025;"Total C.A de Euskadi + Otras C.C.A.A.";"Contra la libertad sexual";"Otras infracciones contra la libertad sexual";"";"";"Personas";0
2024;"C.A. de Euskadi";"Contra la libertad sexual";"Otras infracciones contra la libertad sexual";"";"";"Personas";0
2025;"C.A. de Euskadi";"Contra la libertad sexual";"Otras infracciones contra la libertad sexual";"";"";"Personas";0
2024;"Otras C.C.A.A.";"Contra la libertad sexual";"Otras infracciones contra la libertad sexual";"";"";"Personas";0
2025;"Otras C.C.A.A.";"Contra la libertad sexual";"Otras infracciones contra la libertad sexual";"";"";"Personas";0
2025;"Total Europa";"Contra la libertad sexual";"Otras infracciones contra la libertad sexual";"";"";"Personas";0
2024;"U.E. 27";"Contra la libertad sexual";"Otras infracciones contra la libertad sexual";"";"";"Personas";0
2025;"U.E. 27";"Contra la libertad sexual";"Otras infracciones contra la libertad sexual";"";"";"Personas";0
2025;"Resto Europa";"Contra la libertad sexual";"Otras infracciones contra la libertad sexual";"";"";"Personas";0
2024;"Total África";"Contra la libertad sexual";"Otras infracciones contra la libertad sexual";"";"";"Personas";0
2025;"Total África";"Contra la libertad sexual";"Otras infracciones contra la libertad sexual";"";"";"Personas";0
2024;"Magreb";"Contra la libertad sexual";"Otras infracciones contra la libertad sexual";"";"";"Personas";0
2025;"Magreb";"Contra la libertad sexual";"Otras infracciones contra la libertad sexual";"";"";"Personas";0
2024;"Resto África";"Contra la libertad sexual";"Otras infracciones contra la libertad sexual";"";"";"Personas";0
2025;"Resto África";"Contra la libertad sexual";"Otras infracciones contra la libertad sexual";"";"";"Personas";0
2024;"Total América";"Contra la libertad sexual";"Otras infracciones contra la libertad sexual";"";"";"Personas";0
2024;"Latinoamérica";"Contra la libertad sexual";"Otras infracciones contra la libertad sexual";"";"";"Personas";0
2024;"EE.U.U. y Canadá";"Contra la libertad sexual";"Otras infracciones contra la libertad sexual";"";"";"Personas";0
2025;"EE.U.U. y Canadá";"Contra la libertad sexual";"Otras infracciones contra la libertad sexual";"";"";"Personas";0
2024;"Total Asia";"Contra la libertad sexual";"Otras infracciones contra la libertad sexual";"";"";"Personas";0
2025;"Total Asia";"Contra la libertad sexual";"Otras infracciones contra la libertad sexual";"";"";"Personas";0
2024;"Total Oceanía";"Contra la libertad sexual";"Otras infracciones contra la libertad sexual";"";"";"Personas";0
2025;"Total Oceanía";"Contra la libertad sexual";"Otras infracciones contra la libertad sexual";"";"";"Personas";0
2024;"Nacionalidad Extranjera SIN ESPECIFICAR";"Contra la libertad sexual";"Otras infracciones contra la libertad sexual";"";"";"Personas";0
2025;"Nacionalidad Extranjera SIN ESPECIFICAR";"Contra la libertad sexual";"Otras infracciones contra la libertad sexual";"";"";"Personas";0
2024;"Sin Nacionalidad conocida";"Contra la libertad sexual";"Otras infracciones contra la libertad sexual";"";"";"Personas";0
2025;"Sin Nacionalidad conocida";"Contra la libertad sexual";"Otras infracciones contra la libertad sexual";"";"";"Personas";0
2024;"EE.U.U. y Canadá";"Contra la seguridad colectiva";"";"";"";"Personas";0
2025;"EE.U.U. y Canadá";"Contra la seguridad colectiva";"";"";"";"Personas";0
2024;"Total Oceanía";"Contra la seguridad colectiva";"";"";"";"Personas";0
2025;"Total Oceanía";"Contra la seguridad colectiva";"";"";"";"Personas";0
2025;"Sin Nacionalidad conocida";"Contra la seguridad colectiva";"";"";"";"Personas";0
2025;"Total Europa";"Contra la seguridad colectiva";"Salud pública: Tráfico de drogas";"";"";"Personas";0
2025;"U.E. 27";"Contra la seguridad colectiva";"Salud pública: Tráfico de drogas";"";"";"Personas";0
2024;"Resto Europa";"Contra la seguridad colectiva";"Salud pública: Tráfico de drogas";"";"";"Personas";0
2025;"Resto Europa";"Contra la seguridad colectiva";"Salud pública: Tráfico de drogas";"";"";"Personas";0
2024;"Resto África";"Contra la seguridad colectiva";"Salud pública: Tráfico de drogas";"";"";"Personas";0
2025;"Resto África";"Contra la seguridad colectiva";"Salud pública: Tráfico de drogas";"";"";"Personas";0
2025;"Total América";"Contra la seguridad colectiva";"Salud pública: Tráfico de drogas";"";"";"Personas";0
2025;"Latinoamérica";"Contra la seguridad colectiva";"Salud pública: Tráfico de drogas";"";"";"Personas";0
2024;"EE.U.U. y Canadá";"Contra la seguridad colectiva";"Salud pública: Tráfico de drogas";"";"";"Personas";0
2025;"EE.U.U. y Canadá";"Contra la seguridad colectiva";"Salud pública: Tráfico de drogas";"";"";"Personas";0
2024;"Total Asia";"Contra la seguridad colectiva";"Salud pública: Tráfico de drogas";"";"";"Personas";0
2025;"Total Asia";"Contra la seguridad colectiva";"Salud pública: Tráfico de drogas";"";"";"Personas";0
2024;"Total Oceanía";"Contra la seguridad colectiva";"Salud pública: Tráfico de drogas";"";"";"Personas";0
2025;"Total Oceanía";"Contra la seguridad colectiva";"Salud pública: Tráfico de drogas";"";"";"Personas";0
2024;"Nacionalidad Extranjera SIN ESPECIFICAR";"Contra la seguridad colectiva";"Salud pública: Tráfico de drogas";"";"";"Personas";0
2024;"Sin Nacionalidad conocida";"Contra la seguridad colectiva";"Salud pública: Tráfico de drogas";"";"";"Personas";0
2025;"Sin Nacionalidad conocida";"Contra la seguridad colectiva";"Salud pública: Tráfico de drogas";"";"";"Personas";0
2024;"Otras C.C.A.A.";"Contra la seguridad colectiva";"Conducir bajo la influencia de alcohol, drogas, etc.";"";"";"Personas";0
2025;"Otras C.C.A.A.";"Contra la seguridad colectiva";"Conducir bajo la influencia de alcohol, drogas, etc.";"";"";"Personas";0
2024;"Total Europa";"Contra la seguridad colectiva";"Conducir bajo la influencia de alcohol, drogas, etc.";"";"";"Personas";0
2025;"Total Europa";"Contra la seguridad colectiva";"Conducir bajo la influencia de alcohol, drogas, etc.";"";"";"Personas";0
2024;"U.E. 27";"Contra la seguridad colectiva";"Conducir bajo la influencia de alcohol, drogas, etc.";"";"";"Personas";0
2025;"U.E. 27";"Contra la seguridad colectiva";"Conducir bajo la influencia de alcohol, drogas, etc.";"";"";"Personas";0
2024;"Resto Europa";"Contra la seguridad colectiva";"Conducir bajo la influencia de alcohol, drogas, etc.";"";"";"Personas";0
2025;"Resto Europa";"Contra la seguridad colectiva";"Conducir bajo la influencia de alcohol, drogas, etc.";"";"";"Personas";0
2025;"Total África";"Contra la seguridad colectiva";"Conducir bajo la influencia de alcohol, drogas, etc.";"";"";"Personas";0
2024;"Magreb";"Contra la seguridad colectiva";"Conducir bajo la influencia de alcohol, drogas, etc.";"";"";"Personas";0
2025;"Magreb";"Contra la seguridad colectiva";"Conducir bajo la influencia de alcohol, drogas, etc.";"";"";"Personas";0
2025;"Resto África";"Contra la seguridad colectiva";"Conducir bajo la influencia de alcohol, drogas, etc.";"";"";"Personas";0
2024;"EE.U.U. y Canadá";"Contra la seguridad colectiva";"Conducir bajo la influencia de alcohol, drogas, etc.";"";"";"Personas";0
2025;"EE.U.U. y Canadá";"Contra la seguridad colectiva";"Conducir bajo la influencia de alcohol, drogas, etc.";"";"";"Personas";0
2024;"Total Asia";"Contra la seguridad colectiva";"Conducir bajo la influencia de alcohol, drogas, etc.";"";"";"Personas";0
2025;"Total Asia";"Contra la seguridad colectiva";"Conducir bajo la influencia de alcohol, drogas, etc.";"";"";"Personas";0
2024;"Total Oceanía";"Contra la seguridad colectiva";"Conducir bajo la influencia de alcohol, drogas, etc.";"";"";"Personas";0
2025;"Total Oceanía";"Contra la seguridad colectiva";"Conducir bajo la influencia de alcohol, drogas, etc.";"";"";"Personas";0
2024;"Nacionalidad Extranjera SIN ESPECIFICAR";"Contra la seguridad colectiva";"Conducir bajo la influencia de alcohol, drogas, etc.";"";"";"Personas";0
2025;"Nacionalidad Extranjera SIN ESPECIFICAR";"Contra la seguridad colectiva";"Conducir bajo la influencia de alcohol, drogas, etc.";"";"";"Personas";0
2024;"Sin Nacionalidad conocida";"Contra la seguridad colectiva";"Conducir bajo la influencia de alcohol, drogas, etc.";"";"";"Personas";0
2025;"Sin Nacionalidad conocida";"Contra la seguridad colectiva";"Conducir bajo la influencia de alcohol, drogas, etc.";"";"";"Personas";0
2024;"EE.U.U. y Canadá";"Contra la seguridad colectiva";"Otras infracciones contra la seguridad colectiva";"";"";"Personas";0
2025;"EE.U.U. y Canadá";"Contra la seguridad colectiva";"Otras infracciones contra la seguridad colectiva";"";"";"Personas";0
2024;"Total Oceanía";"Contra la seguridad colectiva";"Otras infracciones contra la seguridad colectiva";"";"";"Personas";0
2025;"Total Oceanía";"Contra la seguridad colectiva";"Otras infracciones contra la seguridad colectiva";"";"";"Personas";0
2025;"Nacionalidad Extranjera SIN ESPECIFICAR";"Contra la seguridad colectiva";"Otras infracciones contra la seguridad colectiva";"";"";"Personas";0
2025;"Sin Nacionalidad conocida";"Contra la seguridad colectiva";"Otras infracciones contra la seguridad colectiva";"";"";"Personas";0
2025;"EE.U.U. y Canadá";"Otras infracciones penales";"";"";"";"Personas";0
2024;"Total Oceanía";"Otras infracciones penales";"";"";"";"Personas";0
2025;"Total Oceanía";"Otras infracciones penales";"";"";"";"Personas";0
2024;"Sin Nacionalidad conocida";"Otras infracciones penales";"";"";"";"Personas";0
2025;"Sin Nacionalidad conocida";"Otras infracciones penales";"";"";"";"Personas";0
2025;"Total Oceanía";"Total de Infracciones Penales";"";"";"";"Personas";0
2025;"Sin Nacionalidad conocida";"Total de Infracciones Penales";"";"";"";"Personas";0
2024;"Total Oceanía";"Requisitorias judiciales";"";"";"";"Personas";0
2025;"Total Oceanía";"Requisitorias judiciales";"";"";"";"Personas";0
2024;"Sin Nacionalidad conocida";"Requisitorias judiciales";"";"";"";"Personas";0
2025;"Sin Nacionalidad conocida";"Requisitorias judiciales";"";"";"";"Personas";0
2025;"Total Oceanía";"Total";"";"";"";"Personas";0
2025;"Sin Nacionalidad conocida";"Total";"";"";"";"Personas";0
2024;"Resto África";"Contra el patrimonio y el orden socioeconómico";"Robo con fuerza en las cosas";"Robo con fuerza en las cosas en vivienda";"";"Personas";0
2024;"EE.U.U. y Canadá";"Contra el patrimonio y el orden socioeconómico";"Robo con fuerza en las cosas";"Robo con fuerza en las cosas en vivienda";"";"Personas";0
2025;"EE.U.U. y Canadá";"Contra el patrimonio y el orden socioeconómico";"Robo con fuerza en las cosas";"Robo con fuerza en las cosas en vivienda";"";"Personas";0
2024;"Total Asia";"Contra el patrimonio y el orden socioeconómico";"Robo con fuerza en las cosas";"Robo con fuerza en las cosas en vivienda";"";"Personas";0
2025;"Total Asia";"Contra el patrimonio y el orden socioeconómico";"Robo con fuerza en las cosas";"Robo con fuerza en las cosas en vivienda";"";"Personas";0
2024;"Total Oceanía";"Contra el patrimonio y el orden socioeconómico";"Robo con fuerza en las cosas";"Robo con fuerza en las cosas en vivienda";"";"Personas";0
2025;"Total Oceanía";"Contra el patrimonio y el orden socioeconómico";"Robo con fuerza en las cosas";"Robo con fuerza en las cosas en vivienda";"";"Personas";0
2024;"Nacionalidad Extranjera SIN ESPECIFICAR";"Contra el patrimonio y el orden socioeconómico";"Robo con fuerza en las cosas";"Robo con fuerza en las cosas en vivienda";"";"Personas";0
2024;"Sin Nacionalidad conocida";"Contra el patrimonio y el orden socioeconómico";"Robo con fuerza en las cosas";"Robo con fuerza en las cosas en vivienda";"";"Personas";0
2025;"Sin Nacionalidad conocida";"Contra el patrimonio y el orden socioeconómico";"Robo con fuerza en las cosas";"Robo con fuerza en las cosas en vivienda";"";"Personas";0
2024;"U.E. 27";"Contra el patrimonio y el orden socioeconómico";"Robo con fuerza en las cosas";"Robo con fuerza en las cosas en vivienda";"Robo con fuerza en las cosas en domicilio";"Personas";0
2024;"Resto África";"Contra el patrimonio y el orden socioeconómico";"Robo con fuerza en las cosas";"Robo con fuerza en las cosas en vivienda";"Robo con fuerza en las cosas en domicilio";"Personas";0
2024;"EE.U.U. y Canadá";"Contra el patrimonio y el orden socioeconómico";"Robo con fuerza en las cosas";"Robo con fuerza en las cosas en vivienda";"Robo con fuerza en las cosas en domicilio";"Personas";0
2025;"EE.U.U. y Canadá";"Contra el patrimonio y el orden socioeconómico";"Robo con fuerza en las cosas";"Robo con fuerza en las cosas en vivienda";"Robo con fuerza en las cosas en domicilio";"Personas";0
2024;"Total Asia";"Contra el patrimonio y el orden socioeconómico";"Robo con fuerza en las cosas";"Robo con fuerza en las cosas en vivienda";"Robo con fuerza en las cosas en domicilio";"Personas";0
2025;"Total Asia";"Contra el patrimonio y el orden socioeconómico";"Robo con fuerza en las cosas";"Robo con fuerza en las cosas en vivienda";"Robo con fuerza en las cosas en domicilio";"Personas";0
2024;"Total Oceanía";"Contra el patrimonio y el orden socioeconómico";"Robo con fuerza en las cosas";"Robo con fuerza en las cosas en vivienda";"Robo con fuerza en las cosas en domicilio";"Personas";0
2025;"Total Oceanía";"Contra el patrimonio y el orden socioeconómico";"Robo con fuerza en las cosas";"Robo con fuerza en las cosas en vivienda";"Robo con fuerza en las cosas en domicilio";"Personas";0
2024;"Nacionalidad Extranjera SIN ESPECIFICAR";"Contra el patrimonio y el orden socioeconómico";"Robo con fuerza en las cosas";"Robo con fuerza en las cosas en vivienda";"Robo con fuerza en las cosas en domicilio";"Personas";0
2024;"Sin Nacionalidad conocida";"Contra el patrimonio y el orden socioeconómico";"Robo con fuerza en las cosas";"Robo con fuerza en las cosas en vivienda";"Robo con fuerza en las cosas en domicilio";"Personas";0
2025;"Sin Nacionalidad conocida";"Contra el patrimonio y el orden socioeconómico";"Robo con fuerza en las cosas";"Robo con fuerza en las cosas en vivienda";"Robo con fuerza en las cosas en domicilio";"Personas";0
2025;"Resto Europa";"Contra el patrimonio y el orden socioeconómico";"Robo con fuerza en las cosas";"Robo con fuerza en las cosas en vivienda";"Robo con fuerza en otras dependencias/anexos vivienda";"Personas";0
2024;"Resto África";"Contra el patrimonio y el orden socioeconómico";"Robo con fuerza en las cosas";"Robo con fuerza en las cosas en vivienda";"Robo con fuerza en otras dependencias/anexos vivienda";"Personas";0
2025;"Resto África";"Contra el patrimonio y el orden socioeconómico";"Robo con fuerza en las cosas";"Robo con fuerza en las cosas en vivienda";"Robo con fuerza en otras dependencias/anexos vivienda";"Personas";0
2024;"Total América";"Contra el patrimonio y el orden socioeconómico";"Robo con fuerza en las cosas";"Robo con fuerza en las cosas en vivienda";"Robo con fuerza en otras dependencias/anexos vivienda";"Personas";0
2025;"Total América";"Contra el patrimonio y el orden socioeconómico";"Robo con fuerza en las cosas";"Robo con fuerza en las cosas en vivienda";"Robo con fuerza en otras dependencias/anexos vivienda";"Personas";0
2024;"Latinoamérica";"Contra el patrimonio y el orden socioeconómico";"Robo con fuerza en las cosas";"Robo con fuerza en las cosas en vivienda";"Robo con fuerza en otras dependencias/anexos vivienda";"Personas";0
2025;"Latinoamérica";"Contra el patrimonio y el orden socioeconómico";"Robo con fuerza en las cosas";"Robo con fuerza en las cosas en vivienda";"Robo con fuerza en otras dependencias/anexos vivienda";"Personas";0
2024;"EE.U.U. y Canadá";"Contra el patrimonio y el orden socioeconómico";"Robo con fuerza en las cosas";"Robo con fuerza en las cosas en vivienda";"Robo con fuerza en otras dependencias/anexos vivienda";"Personas";0
2025;"EE.U.U. y Canadá";"Contra el patrimonio y el orden socioeconómico";"Robo con fuerza en las cosas";"Robo con fuerza en las cosas en vivienda";"Robo con fuerza en otras dependencias/anexos vivienda";"Personas";0
2024;"Total Asia";"Contra el patrimonio y el orden socioeconómico";"Robo con fuerza en las cosas";"Robo con fuerza en las cosas en vivienda";"Robo con fuerza en otras dependencias/anexos vivienda";"Personas";0
2025;"Total Asia";"Contra el patrimonio y el orden socioeconómico";"Robo con fuerza en las cosas";"Robo con fuerza en las cosas en vivienda";"Robo con fuerza en otras dependencias/anexos vivienda";"Personas";0
2024;"Total Oceanía";"Contra el patrimonio y el orden socioeconómico";"Robo con fuerza en las cosas";"Robo con fuerza en las cosas en vivienda";"Robo con fuerza en otras dependencias/anexos vivienda";"Personas";0
2025;"Total Oceanía";"Contra el patrimonio y el orden socioeconómico";"Robo con fuerza en las cosas";"Robo con fuerza en las cosas en vivienda";"Robo con fuerza en otras dependencias/anexos vivienda";"Personas";0
2024;"Nacionalidad Extranjera SIN ESPECIFICAR";"Contra el patrimonio y el orden socioeconómico";"Robo con fuerza en las cosas";"Robo con fuerza en las cosas en vivienda";"Robo con fuerza en otras dependencias/anexos vivienda";"Personas";0
2025;"Nacionalidad Extranjera SIN ESPECIFICAR";"Contra el patrimonio y el orden socioeconómico";"Robo con fuerza en las cosas";"Robo con fuerza en las cosas en vivienda";"Robo con fuerza en otras dependencias/anexos vivienda";"Personas";0
2024;"Sin Nacionalidad conocida";"Contra el patrimonio y el orden socioeconómico";"Robo con fuerza en las cosas";"Robo con fuerza en las cosas en vivienda";"Robo con fuerza en otras dependencias/anexos vivienda";"Personas";0
2025;"Sin Nacionalidad conocida";"Contra el patrimonio y el orden socioeconómico";"Robo con fuerza en las cosas";"Robo con fuerza en las cosas en vivienda";"Robo con fuerza en otras dependencias/anexos vivienda";"Personas";0
2025;"Total Europa";"Contra el patrimonio y el orden socioeconómico";"Robo con fuerza en las cosas";"Robo con fuerza en empresas";"";"Personas";0
2024;"U.E. 27";"Contra el patrimonio y el orden socioeconómico";"Robo con fuerza en las cosas";"Robo con fuerza en empresas";"";"Personas";0
2025;"U.E. 27";"Contra el patrimonio y el orden socioeconómico";"Robo con fuerza en las cosas";"Robo con fuerza en empresas";"";"Personas";0
2025;"Resto Europa";"Contra el patrimonio y el orden socioeconómico";"Robo con fuerza en las cosas";"Robo con fuerza en empresas";"";"Personas";0
2024;"Resto África";"Contra el patrimonio y el orden socioeconómico";"Robo con fuerza en las cosas";"Robo con fuerza en empresas";"";"Personas";0
2025;"Resto África";"Contra el patrimonio y el orden socioeconómico";"Robo con fuerza en las cosas";"Robo con fuerza en empresas";"";"Personas";0
2024;"Total América";"Contra el patrimonio y el orden socioeconómico";"Robo con fuerza en las cosas";"Robo con fuerza en empresas";"";"Personas";0
2025;"Total América";"Contra el patrimonio y el orden socioeconómico";"Robo con fuerza en las cosas";"Robo con fuerza en empresas";"";"Personas";0
2024;"Latinoamérica";"Contra el patrimonio y el orden socioeconómico";"Robo con fuerza en las cosas";"Robo con fuerza en empresas";"";"Personas";0
2025;"Latinoamérica";"Contra el patrimonio y el orden socioeconómico";"Robo con fuerza en las cosas";"Robo con fuerza en empresas";"";"Personas";0
2024;"EE.U.U. y Canadá";"Contra el patrimonio y el orden socioeconómico";"Robo con fuerza en las cosas";"Robo con fuerza en empresas";"";"Personas";0
2025;"EE.U.U. y Canadá";"Contra el patrimonio y el orden socioeconómico";"Robo con fuerza en las cosas";"Robo con fuerza en empresas";"";"Personas";0
2024;"Total Asia";"Contra el patrimonio y el orden socioeconómico";"Robo con fuerza en las cosas";"Robo con fuerza en empresas";"";"Personas";0
2025;"Total Asia";"Contra el patrimonio y el orden socioeconómico";"Robo con fuerza en las cosas";"Robo con fuerza en empresas";"";"Personas";0
2024;"Total Oceanía";"Contra el patrimonio y el orden socioeconómico";"Robo con fuerza en las cosas";"Robo con fuerza en empresas";"";"Personas";0
2025;"Total Oceanía";"Contra el patrimonio y el orden socioeconómico";"Robo con fuerza en las cosas";"Robo con fuerza en empresas";"";"Personas";0
2024;"Nacionalidad Extranjera SIN ESPECIFICAR";"Contra el patrimonio y el orden socioeconómico";"Robo con fuerza en las cosas";"Robo con fuerza en empresas";"";"Personas";0
2025;"Nacionalidad Extranjera SIN ESPECIFICAR";"Contra el patrimonio y el orden socioeconómico";"Robo con fuerza en las cosas";"Robo con fuerza en empresas";"";"Personas";0
2024;"Sin Nacionalidad conocida";"Contra el patrimonio y el orden socioeconómico";"Robo con fuerza en las cosas";"Robo con fuerza en empresas";"";"Personas";0
2025;"Sin Nacionalidad conocida";"Contra el patrimonio y el orden socioeconómico";"Robo con fuerza en las cosas";"Robo con fuerza en empresas";"";"Personas";0
2024;"U.E. 27";"Contra el patrimonio y el orden socioeconómico";"Robo con fuerza en las cosas";"Robo con fuerza en comercios y otros esp.cerrados";"";"Personas";0
2025;"Resto Europa";"Contra el patrimonio y el orden socioeconómico";"Robo con fuerza en las cosas";"Robo con fuerza en comercios y otros esp.cerrados";"";"Personas";0
2025;"Resto África";"Contra el patrimonio y el orden socioeconómico";"Robo con fuerza en las cosas";"Robo con fuerza en comercios y otros esp.cerrados";"";"Personas";0
2024;"Total América";"Contra el patrimonio y el orden socioeconómico";"Robo con fuerza en las cosas";"Robo con fuerza en comercios y otros esp.cerrados";"";"Personas";0
2024;"Latinoamérica";"Contra el patrimonio y el orden socioeconómico";"Robo con fuerza en las cosas";"Robo con fuerza en comercios y otros esp.cerrados";"";"Personas";0
2024;"EE.U.U. y Canadá";"Contra el patrimonio y el orden socioeconómico";"Robo con fuerza en las cosas";"Robo con fuerza en comercios y otros esp.cerrados";"";"Personas";0
2025;"EE.U.U. y Canadá";"Contra el patrimonio y el orden socioeconómico";"Robo con fuerza en las cosas";"Robo con fuerza en comercios y otros esp.cerrados";"";"Personas";0
2024;"Total Asia";"Contra el patrimonio y el orden socioeconómico";"Robo con fuerza en las cosas";"Robo con fuerza en comercios y otros esp.cerrados";"";"Personas";0
2025;"Total Asia";"Contra el patrimonio y el orden socioeconómico";"Robo con fuerza en las cosas";"Robo con fuerza en comercios y otros esp.cerrados";"";"Personas";0
2024;"Total Oceanía";"Contra el patrimonio y el orden socioeconómico";"Robo con fuerza en las cosas";"Robo con fuerza en comercios y otros esp.cerrados";"";"Personas";0
2025;"Total Oceanía";"Contra el patrimonio y el orden socioeconómico";"Robo con fuerza en las cosas";"Robo con fuerza en comercios y otros esp.cerrados";"";"Personas";0
2024;"Nacionalidad Extranjera SIN ESPECIFICAR";"Contra el patrimonio y el orden socioeconómico";"Robo con fuerza en las cosas";"Robo con fuerza en comercios y otros esp.cerrados";"";"Personas";0
2025;"Nacionalidad Extranjera SIN ESPECIFICAR";"Contra el patrimonio y el orden socioeconómico";"Robo con fuerza en las cosas";"Robo con fuerza en comercios y otros esp.cerrados";"";"Personas";0
2024;"Sin Nacionalidad conocida";"Contra el patrimonio y el orden socioeconómico";"Robo con fuerza en las cosas";"Robo con fuerza en comercios y otros esp.cerrados";"";"Personas";0
2025;"Sin Nacionalidad conocida";"Contra el patrimonio y el orden socioeconómico";"Robo con fuerza en las cosas";"Robo con fuerza en comercios y otros esp.cerrados";"";"Personas";0
2024;"Resto Europa";"Contra el patrimonio y el orden socioeconómico";"Robo con fuerza en las cosas";"Robo con fuerza en las cosas en otros lugares";"";"Personas";0
2025;"Resto Europa";"Contra el patrimonio y el orden socioeconómico";"Robo con fuerza en las cosas";"Robo con fuerza en las cosas en otros lugares";"";"Personas";0
2024;"Resto África";"Contra el patrimonio y el orden socioeconómico";"Robo con fuerza en las cosas";"Robo con fuerza en las cosas en otros lugares";"";"Personas";0
2024;"Total América";"Contra el patrimonio y el orden socioeconómico";"Robo con fuerza en las cosas";"Robo con fuerza en las cosas en otros lugares";"";"Personas";0
2024;"Latinoamérica";"Contra el patrimonio y el orden socioeconómico";"Robo con fuerza en las cosas";"Robo con fuerza en las cosas en otros lugares";"";"Personas";0
2024;"EE.U.U. y Canadá";"Contra el patrimonio y el orden socioeconómico";"Robo con fuerza en las cosas";"Robo con fuerza en las cosas en otros lugares";"";"Personas";0
2025;"EE.U.U. y Canadá";"Contra el patrimonio y el orden socioeconómico";"Robo con fuerza en las cosas";"Robo con fuerza en las cosas en otros lugares";"";"Personas";0
2025;"Total Asia";"Contra el patrimonio y el orden socioeconómico";"Robo con fuerza en las cosas";"Robo con fuerza en las cosas en otros lugares";"";"Personas";0
2024;"Total Oceanía";"Contra el patrimonio y el orden socioeconómico";"Robo con fuerza en las cosas";"Robo con fuerza en las cosas en otros lugares";"";"Personas";0
2025;"Total Oceanía";"Contra el patrimonio y el orden socioeconómico";"Robo con fuerza en las cosas";"Robo con fuerza en las cosas en otros lugares";"";"Personas";0
2024;"Nacionalidad Extranjera SIN ESPECIFICAR";"Contra el patrimonio y el orden socioeconómico";"Robo con fuerza en las cosas";"Robo con fuerza en las cosas en otros lugares";"";"Personas";0
2025;"Nacionalidad Extranjera SIN ESPECIFICAR";"Contra el patrimonio y el orden socioeconómico";"Robo con fuerza en las cosas";"Robo con fuerza en las cosas en otros lugares";"";"Personas";0
2024;"Sin Nacionalidad conocida";"Contra el patrimonio y el orden socioeconómico";"Robo con fuerza en las cosas";"Robo con fuerza en las cosas en otros lugares";"";"Personas";0
2025;"Sin Nacionalidad conocida";"Contra el patrimonio y el orden socioeconómico";"Robo con fuerza en las cosas";"Robo con fuerza en las cosas en otros lugares";"";"Personas";0
2024;"Total C.A de Euskadi + Otras C.C.A.A.";"Contra el patrimonio y el orden socioeconómico";"Robo con fuerza en las cosas";"Robo con fuerza en empresas";"";"Personas";40
2025;"Total C.A de Euskadi + Otras C.C.A.A.";"Contra el patrimonio y el orden socioeconómico";"Robo con fuerza en las cosas";"Robo con fuerza en empresas";"";"Personas";35
2024;"C.A. de Euskadi";"Contra el patrimonio y el orden socioeconómico";"Robo con fuerza en las cosas";"Robo con fuerza en empresas";"";"Personas";31
2025;"C.A. de Euskadi";"Contra el patrimonio y el orden socioeconómico";"Robo con fuerza en las cosas";"Robo con fuerza en empresas";"";"Personas";29
2024;"Otras C.C.A.A.";"Contra el patrimonio y el orden socioeconómico";"Robo con fuerza en las cosas";"Robo con fuerza en empresas";"";"Personas";9
2025;"Otras C.C.A.A.";"Contra el patrimonio y el orden socioeconómico";"Robo con fuerza en las cosas";"Robo con fuerza en empresas";"";"Personas";6
2024;"Nacionalidad Extranjera";"Contra el patrimonio y el orden socioeconómico";"Robo con fuerza en las cosas";"Robo con fuerza en empresas";"";"Personas";13
2025;"Nacionalidad Extranjera";"Contra el patrimonio y el orden socioeconómico";"Robo con fuerza en las cosas";"Robo con fuerza en empresas";"";"Personas";4
2024;"Total Europa";"Contra el patrimonio y el orden socioeconómico";"Robo con fuerza en las cosas";"Robo con fuerza en empresas";"";"Personas";1
2024;"Resto Europa";"Contra el patrimonio y el orden socioeconómico";"Robo con fuerza en las cosas";"Robo con fuerza en empresas";"";"Personas";1
2024;"Total África";"Contra el patrimonio y el orden socioeconómico";"Robo con fuerza en las cosas";"Robo con fuerza en empresas";"";"Personas";12
2025;"Total África";"Contra el patrimonio y el orden socioeconómico";"Robo con fuerza en las cosas";"Robo con fuerza en empresas";"";"Personas";4
2024;"Magreb";"Contra el patrimonio y el orden socioeconómico";"Robo con fuerza en las cosas";"Robo con fuerza en empresas";"";"Personas";12
2025;"Magreb";"Contra el patrimonio y el orden socioeconómico";"Robo con fuerza en las cosas";"Robo con fuerza en empresas";"";"Personas";4
2024;"Total";"Contra el patrimonio y el orden socioeconómico";"Robo con fuerza en las cosas";"Robo con fuerza en empresas";"";"Personas";53
2025;"Total";"Contra el patrimonio y el orden socioeconómico";"Robo con fuerza en las cosas";"Robo con fuerza en empresas";"";"Personas";39
2024;"Total C.A de Euskadi + Otras C.C.A.A.";"Contra el patrimonio y el orden socioeconómico";"Robo con fuerza en las cosas";"Robo con fuerza en comercios y otros esp.cerrados";"";"Personas";122
2025;"Total C.A de Euskadi + Otras C.C.A.A.";"Contra el patrimonio y el orden socioeconómico";"Robo con fuerza en las cosas";"Robo con fuerza en comercios y otros esp.cerrados";"";"Personas";140
2024;"C.A. de Euskadi";"Contra el patrimonio y el orden socioeconómico";"Robo con fuerza en las cosas";"Robo con fuerza en comercios y otros esp.cerrados";"";"Personas";87
2025;"C.A. de Euskadi";"Contra el patrimonio y el orden socioeconómico";"Robo con fuerza en las cosas";"Robo con fuerza en comercios y otros esp.cerrados";"";"Personas";113
2024;"Otras C.C.A.A.";"Contra el patrimonio y el orden socioeconómico";"Robo con fuerza en las cosas";"Robo con fuerza en comercios y otros esp.cerrados";"";"Personas";35
2025;"Otras C.C.A.A.";"Contra el patrimonio y el orden socioeconómico";"Robo con fuerza en las cosas";"Robo con fuerza en comercios y otros esp.cerrados";"";"Personas";27
2024;"Nacionalidad Extranjera";"Contra el patrimonio y el orden socioeconómico";"Robo con fuerza en las cosas";"Robo con fuerza en comercios y otros esp.cerrados";"";"Personas";104
2025;"Nacionalidad Extranjera";"Contra el patrimonio y el orden socioeconómico";"Robo con fuerza en las cosas";"Robo con fuerza en comercios y otros esp.cerrados";"";"Personas";94
2024;"Total Europa";"Contra el patrimonio y el orden socioeconómico";"Robo con fuerza en las cosas";"Robo con fuerza en comercios y otros esp.cerrados";"";"Personas";5
2025;"Total Europa";"Contra el patrimonio y el orden socioeconómico";"Robo con fuerza en las cosas";"Robo con fuerza en comercios y otros esp.cerrados";"";"Personas";7
2025;"U.E. 27";"Contra el patrimonio y el orden socioeconómico";"Robo con fuerza en las cosas";"Robo con fuerza en comercios y otros esp.cerrados";"";"Personas";7
2024;"Resto Europa";"Contra el patrimonio y el orden socioeconómico";"Robo con fuerza en las cosas";"Robo con fuerza en comercios y otros esp.cerrados";"";"Personas";5
2024;"Total África";"Contra el patrimonio y el orden socioeconómico";"Robo con fuerza en las cosas";"Robo con fuerza en comercios y otros esp.cerrados";"";"Personas";99
2025;"Total África";"Contra el patrimonio y el orden socioeconómico";"Robo con fuerza en las cosas";"Robo con fuerza en comercios y otros esp.cerrados";"";"Personas";86
2024;"Magreb";"Contra el patrimonio y el orden socioeconómico";"Robo con fuerza en las cosas";"Robo con fuerza en comercios y otros esp.cerrados";"";"Personas";93
2025;"Magreb";"Contra el patrimonio y el orden socioeconómico";"Robo con fuerza en las cosas";"Robo con fuerza en comercios y otros esp.cerrados";"";"Personas";86
2024;"Resto África";"Contra el patrimonio y el orden socioeconómico";"Robo con fuerza en las cosas";"Robo con fuerza en comercios y otros esp.cerrados";"";"Personas";6
2025;"Total América";"Contra el patrimonio y el orden socioeconómico";"Robo con fuerza en las cosas";"Robo con fuerza en comercios y otros esp.cerrados";"";"Personas";1
2025;"Latinoamérica";"Contra el patrimonio y el orden socioeconómico";"Robo con fuerza en las cosas";"Robo con fuerza en comercios y otros esp.cerrados";"";"Personas";1
2024;"Total";"Contra el patrimonio y el orden socioeconómico";"Robo con fuerza en las cosas";"Robo con fuerza en comercios y otros esp.cerrados";"";"Personas";226
2025;"Total";"Contra el patrimonio y el orden socioeconómico";"Robo con fuerza en las cosas";"Robo con fuerza en comercios y otros esp.cerrados";"";"Personas";234
2024;"Total C.A de Euskadi + Otras C.C.A.A.";"Contra el patrimonio y el orden socioeconómico";"Robo con fuerza en las cosas";"Robo con fuerza en las cosas en otros lugares";"";"Personas";61
2025;"Total C.A de Euskadi + Otras C.C.A.A.";"Contra el patrimonio y el orden socioeconómico";"Robo con fuerza en las cosas";"Robo con fuerza en las cosas en otros lugares";"";"Personas";57
2024;"C.A. de Euskadi";"Contra el patrimonio y el orden socioeconómico";"Robo con fuerza en las cosas";"Robo con fuerza en las cosas en otros lugares";"";"Personas";43
2025;"C.A. de Euskadi";"Contra el patrimonio y el orden socioeconómico";"Robo con fuerza en las cosas";"Robo con fuerza en las cosas en otros lugares";"";"Personas";43
2024;"Otras C.C.A.A.";"Contra el patrimonio y el orden socioeconómico";"Robo con fuerza en las cosas";"Robo con fuerza en las cosas en otros lugares";"";"Personas";18
2025;"Otras C.C.A.A.";"Contra el patrimonio y el orden socioeconómico";"Robo con fuerza en las cosas";"Robo con fuerza en las cosas en otros lugares";"";"Personas";14
2024;"Nacionalidad Extranjera";"Contra el patrimonio y el orden socioeconómico";"Robo con fuerza en las cosas";"Robo con fuerza en las cosas en otros lugares";"";"Personas";72
2025;"Nacionalidad Extranjera";"Contra el patrimonio y el orden socioeconómico";"Robo con fuerza en las cosas";"Robo con fuerza en las cosas en otros lugares";"";"Personas";101
2024;"Total Europa";"Contra el patrimonio y el orden socioeconómico";"Robo con fuerza en las cosas";"Robo con fuerza en las cosas en otros lugares";"";"Personas";4
2025;"Total Europa";"Contra el patrimonio y el orden socioeconómico";"Robo con fuerza en las cosas";"Robo con fuerza en las cosas en otros lugares";"";"Personas";2
2024;"U.E. 27";"Contra el patrimonio y el orden socioeconómico";"Robo con fuerza en las cosas";"Robo con fuerza en las cosas en otros lugares";"";"Personas";4
2025;"U.E. 27";"Contra el patrimonio y el orden socioeconómico";"Robo con fuerza en las cosas";"Robo con fuerza en las cosas en otros lugares";"";"Personas";2
2024;"Total África";"Contra el patrimonio y el orden socioeconómico";"Robo con fuerza en las cosas";"Robo con fuerza en las cosas en otros lugares";"";"Personas";66
2025;"Total África";"Contra el patrimonio y el orden socioeconómico";"Robo con fuerza en las cosas";"Robo con fuerza en las cosas en otros lugares";"";"Personas";96
2024;"Magreb";"Contra el patrimonio y el orden socioeconómico";"Robo con fuerza en las cosas";"Robo con fuerza en las cosas en otros lugares";"";"Personas";66
2025;"Magreb";"Contra el patrimonio y el orden socioeconómico";"Robo con fuerza en las cosas";"Robo con fuerza en las cosas en otros lugares";"";"Personas";95
2025;"Resto África";"Contra el patrimonio y el orden socioeconómico";"Robo con fuerza en las cosas";"Robo con fuerza en las cosas en otros lugares";"";"Personas";1
2025;"Total América";"Contra el patrimonio y el orden socioeconómico";"Robo con fuerza en las cosas";"Robo con fuerza en las cosas en otros lugares";"";"Personas";3
2025;"Latinoamérica";"Contra el patrimonio y el orden socioeconómico";"Robo con fuerza en las cosas";"Robo con fuerza en las cosas en otros lugares";"";"Personas";3
2024;"Total Asia";"Contra el patrimonio y el orden socioeconómico";"Robo con fuerza en las cosas";"Robo con fuerza en las cosas en otros lugares";"";"Personas";2
2024;"Total";"Contra el patrimonio y el orden socioeconómico";"Robo con fuerza en las cosas";"Robo con fuerza en las cosas en otros lugares";"";"Personas";133
2025;"Total";"Contra el patrimonio y el orden socioeconómico";"Robo con fuerza en las cosas";"Robo con fuerza en las cosas en otros lugares";"";"Personas";158
2024;"Total C.A de Euskadi + Otras C.C.A.A.";"Contra el patrimonio y el orden socioeconómico";"Robo con fuerza en las cosas";"Robo con fuerza en las cosas en vivienda";"";"Personas";59
2025;"Total C.A de Euskadi + Otras C.C.A.A.";"Contra el patrimonio y el orden socioeconómico";"Robo con fuerza en las cosas";"Robo con fuerza en las cosas en vivienda";"";"Personas";47
2024;"C.A. de Euskadi";"Contra el patrimonio y el orden socioeconómico";"Robo con fuerza en las cosas";"Robo con fuerza en las cosas en vivienda";"";"Personas";50
2025;"C.A. de Euskadi";"Contra el patrimonio y el orden socioeconómico";"Robo con fuerza en las cosas";"Robo con fuerza en las cosas en vivienda";"";"Personas";36
2024;"Otras C.C.A.A.";"Contra el patrimonio y el orden socioeconómico";"Robo con fuerza en las cosas";"Robo con fuerza en las cosas en vivienda";"";"Personas";9
2025;"Otras C.C.A.A.";"Contra el patrimonio y el orden socioeconómico";"Robo con fuerza en las cosas";"Robo con fuerza en las cosas en vivienda";"";"Personas";11
2024;"Nacionalidad Extranjera";"Contra el patrimonio y el orden socioeconómico";"Robo con fuerza en las cosas";"Robo con fuerza en las cosas en vivienda";"";"Personas";80
2025;"Nacionalidad Extranjera";"Contra el patrimonio y el orden socioeconómico";"Robo con fuerza en las cosas";"Robo con fuerza en las cosas en vivienda";"";"Personas";107
2024;"Total Europa";"Contra el patrimonio y el orden socioeconómico";"Robo con fuerza en las cosas";"Robo con fuerza en las cosas en vivienda";"";"Personas";22
2025;"Total Europa";"Contra el patrimonio y el orden socioeconómico";"Robo con fuerza en las cosas";"Robo con fuerza en las cosas en vivienda";"";"Personas";46
2024;"U.E. 27";"Contra el patrimonio y el orden socioeconómico";"Robo con fuerza en las cosas";"Robo con fuerza en las cosas en vivienda";"";"Personas";2
2025;"U.E. 27";"Contra el patrimonio y el orden socioeconómico";"Robo con fuerza en las cosas";"Robo con fuerza en las cosas en vivienda";"";"Personas";10
2024;"Resto Europa";"Contra el patrimonio y el orden socioeconómico";"Robo con fuerza en las cosas";"Robo con fuerza en las cosas en vivienda";"";"Personas";20
2025;"Resto Europa";"Contra el patrimonio y el orden socioeconómico";"Robo con fuerza en las cosas";"Robo con fuerza en las cosas en vivienda";"";"Personas";36
2024;"Total África";"Contra el patrimonio y el orden socioeconómico";"Robo con fuerza en las cosas";"Robo con fuerza en las cosas en vivienda";"";"Personas";55
2025;"Total África";"Contra el patrimonio y el orden socioeconómico";"Robo con fuerza en las cosas";"Robo con fuerza en las cosas en vivienda";"";"Personas";51
2024;"Magreb";"Contra el patrimonio y el orden socioeconómico";"Robo con fuerza en las cosas";"Robo con fuerza en las cosas en vivienda";"";"Personas";55
2025;"Magreb";"Contra el patrimonio y el orden socioeconómico";"Robo con fuerza en las cosas";"Robo con fuerza en las cosas en vivienda";"";"Personas";50
2025;"Resto África";"Contra el patrimonio y el orden socioeconómico";"Robo con fuerza en las cosas";"Robo con fuerza en las cosas en vivienda";"";"Personas";1
2024;"Total América";"Contra el patrimonio y el orden socioeconómico";"Robo con fuerza en las cosas";"Robo con fuerza en las cosas en vivienda";"";"Personas";3
2025;"Total América";"Contra el patrimonio y el orden socioeconómico";"Robo con fuerza en las cosas";"Robo con fuerza en las cosas en vivienda";"";"Personas";3
2024;"Latinoamérica";"Contra el patrimonio y el orden socioeconómico";"Robo con fuerza en las cosas";"Robo con fuerza en las cosas en vivienda";"";"Personas";3
2025;"Latinoamérica";"Contra el patrimonio y el orden socioeconómico";"Robo con fuerza en las cosas";"Robo con fuerza en las cosas en vivienda";"";"Personas";3
2025;"Nacionalidad Extranjera SIN ESPECIFICAR";"Contra el patrimonio y el orden socioeconómico";"Robo con fuerza en las cosas";"Robo con fuerza en las cosas en vivienda";"";"Personas";7
2024;"Total";"Contra el patrimonio y el orden socioeconómico";"Robo con fuerza en las cosas";"Robo con fuerza en las cosas en vivienda";"";"Personas";139
2025;"Total";"Contra el patrimonio y el orden socioeconómico";"Robo con fuerza en las cosas";"Robo con fuerza en las cosas en vivienda";"";"Personas";154
2024;"Total C.A de Euskadi + Otras C.C.A.A.";"Contra el patrimonio y el orden socioeconómico";"Robo con fuerza en las cosas";"Robo con fuerza en las cosas en vivienda";"Robo con fuerza en las cosas en domicilio";"Personas";23
2025;"Total C.A de Euskadi + Otras C.C.A.A.";"Contra el patrimonio y el orden socioeconómico";"Robo con fuerza en las cosas";"Robo con fuerza en las cosas en vivienda";"Robo con fuerza en las cosas en domicilio";"Personas";18
2024;"C.A. de Euskadi";"Contra el patrimonio y el orden socioeconómico";"Robo con fuerza en las cosas";"Robo con fuerza en las cosas en vivienda";"Robo con fuerza en las cosas en domicilio";"Personas";20
2025;"C.A. de Euskadi";"Contra el patrimonio y el orden socioeconómico";"Robo con fuerza en las cosas";"Robo con fuerza en las cosas en vivienda";"Robo con fuerza en las cosas en domicilio";"Personas";10
2024;"Otras C.C.A.A.";"Contra el patrimonio y el orden socioeconómico";"Robo con fuerza en las cosas";"Robo con fuerza en las cosas en vivienda";"Robo con fuerza en las cosas en domicilio";"Personas";3
2025;"Otras C.C.A.A.";"Contra el patrimonio y el orden socioeconómico";"Robo con fuerza en las cosas";"Robo con fuerza en las cosas en vivienda";"Robo con fuerza en las cosas en domicilio";"Personas";8
2024;"Nacionalidad Extranjera";"Contra el patrimonio y el orden socioeconómico";"Robo con fuerza en las cosas";"Robo con fuerza en las cosas en vivienda";"Robo con fuerza en las cosas en domicilio";"Personas";70
2025;"Nacionalidad Extranjera";"Contra el patrimonio y el orden socioeconómico";"Robo con fuerza en las cosas";"Robo con fuerza en las cosas en vivienda";"Robo con fuerza en las cosas en domicilio";"Personas";101
2024;"Total Europa";"Contra el patrimonio y el orden socioeconómico";"Robo con fuerza en las cosas";"Robo con fuerza en las cosas en vivienda";"Robo con fuerza en las cosas en domicilio";"Personas";18
2025;"Total Europa";"Contra el patrimonio y el orden socioeconómico";"Robo con fuerza en las cosas";"Robo con fuerza en las cosas en vivienda";"Robo con fuerza en las cosas en domicilio";"Personas";42
2025;"U.E. 27";"Contra el patrimonio y el orden socioeconómico";"Robo con fuerza en las cosas";"Robo con fuerza en las cosas en vivienda";"Robo con fuerza en las cosas en domicilio";"Personas";6
2024;"Resto Europa";"Contra el patrimonio y el orden socioeconómico";"Robo con fuerza en las cosas";"Robo con fuerza en las cosas en vivienda";"Robo con fuerza en las cosas en domicilio";"Personas";18
2025;"Resto Europa";"Contra el patrimonio y el orden socioeconómico";"Robo con fuerza en las cosas";"Robo con fuerza en las cosas en vivienda";"Robo con fuerza en las cosas en domicilio";"Personas";36
2024;"Total África";"Contra el patrimonio y el orden socioeconómico";"Robo con fuerza en las cosas";"Robo con fuerza en las cosas en vivienda";"Robo con fuerza en las cosas en domicilio";"Personas";49
2025;"Total África";"Contra el patrimonio y el orden socioeconómico";"Robo con fuerza en las cosas";"Robo con fuerza en las cosas en vivienda";"Robo con fuerza en las cosas en domicilio";"Personas";49
2024;"Magreb";"Contra el patrimonio y el orden socioeconómico";"Robo con fuerza en las cosas";"Robo con fuerza en las cosas en vivienda";"Robo con fuerza en las cosas en domicilio";"Personas";49
2025;"Magreb";"Contra el patrimonio y el orden socioeconómico";"Robo con fuerza en las cosas";"Robo con fuerza en las cosas en vivienda";"Robo con fuerza en las cosas en domicilio";"Personas";48
2025;"Resto África";"Contra el patrimonio y el orden socioeconómico";"Robo con fuerza en las cosas";"Robo con fuerza en las cosas en vivienda";"Robo con fuerza en las cosas en domicilio";"Personas";1
2024;"Total América";"Contra el patrimonio y el orden socioeconómico";"Robo con fuerza en las cosas";"Robo con fuerza en las cosas en vivienda";"Robo con fuerza en las cosas en domicilio";"Personas";3
2025;"Total América";"Contra el patrimonio y el orden socioeconómico";"Robo con fuerza en las cosas";"Robo con fuerza en las cosas en vivienda";"Robo con fuerza en las cosas en domicilio";"Personas";3
2024;"Latinoamérica";"Contra el patrimonio y el orden socioeconómico";"Robo con fuerza en las cosas";"Robo con fuerza en las cosas en vivienda";"Robo con fuerza en las cosas en domicilio";"Personas";3
2025;"Latinoamérica";"Contra el patrimonio y el orden socioeconómico";"Robo con fuerza en las cosas";"Robo con fuerza en las cosas en vivienda";"Robo con fuerza en las cosas en domicilio";"Personas";3
2025;"Nacionalidad Extranjera SIN ESPECIFICAR";"Contra el patrimonio y el orden socioeconómico";"Robo con fuerza en las cosas";"Robo con fuerza en las cosas en vivienda";"Robo con fuerza en las cosas en domicilio";"Personas";7
2024;"Total";"Contra el patrimonio y el orden socioeconómico";"Robo con fuerza en las cosas";"Robo con fuerza en las cosas en vivienda";"Robo con fuerza en las cosas en domicilio";"Personas";93
2025;"Total";"Contra el patrimonio y el orden socioeconómico";"Robo con fuerza en las cosas";"Robo con fuerza en las cosas en vivienda";"Robo con fuerza en las cosas en domicilio";"Personas";119
2024;"Total C.A de Euskadi + Otras C.C.A.A.";"Contra el patrimonio y el orden socioeconómico";"Robo con fuerza en las cosas";"Robo con fuerza en las cosas en vivienda";"Robo con fuerza en otras dependencias/anexos vivienda";"Personas";36
2025;"Total C.A de Euskadi + Otras C.C.A.A.";"Contra el patrimonio y el orden socioeconómico";"Robo con fuerza en las cosas";"Robo con fuerza en las cosas en vivienda";"Robo con fuerza en otras dependencias/anexos vivienda";"Personas";29
2024;"C.A. de Euskadi";"Contra el patrimonio y el orden socioeconómico";"Robo con fuerza en las cosas";"Robo con fuerza en las cosas en vivienda";"Robo con fuerza en otras dependencias/anexos vivienda";"Personas";30
2025;"C.A. de Euskadi";"Contra el patrimonio y el orden socioeconómico";"Robo con fuerza en las cosas";"Robo con fuerza en las cosas en vivienda";"Robo con fuerza en otras dependencias/anexos vivienda";"Personas";26
2024;"Otras C.C.A.A.";"Contra el patrimonio y el orden socioeconómico";"Robo con fuerza en las cosas";"Robo con fuerza en las cosas en vivienda";"Robo con fuerza en otras dependencias/anexos vivienda";"Personas";6
2025;"Otras C.C.A.A.";"Contra el patrimonio y el orden socioeconómico";"Robo con fuerza en las cosas";"Robo con fuerza en las cosas en vivienda";"Robo con fuerza en otras dependencias/anexos vivienda";"Personas";3
2024;"Nacionalidad Extranjera";"Contra el patrimonio y el orden socioeconómico";"Robo con fuerza en las cosas";"Robo con fuerza en las cosas en vivienda";"Robo con fuerza en otras dependencias/anexos vivienda";"Personas";10
2025;"Nacionalidad Extranjera";"Contra el patrimonio y el orden socioeconómico";"Robo con fuerza en las cosas";"Robo con fuerza en las cosas en vivienda";"Robo con fuerza en otras dependencias/anexos vivienda";"Personas";6
2024;"Total Europa";"Contra el patrimonio y el orden socioeconómico";"Robo con fuerza en las cosas";"Robo con fuerza en las cosas en vivienda";"Robo con fuerza en otras dependencias/anexos vivienda";"Personas";4
2025;"Total Europa";"Contra el patrimonio y el orden socioeconómico";"Robo con fuerza en las cosas";"Robo con fuerza en las cosas en vivienda";"Robo con fuerza en otras dependencias/anexos vivienda";"Personas";4
2024;"U.E. 27";"Contra el patrimonio y el orden socioeconómico";"Robo con fuerza en las cosas";"Robo con fuerza en las cosas en vivienda";"Robo con fuerza en otras dependencias/anexos vivienda";"Personas";2
2025;"U.E. 27";"Contra el patrimonio y el orden socioeconómico";"Robo con fuerza en las cosas";"Robo con fuerza en las cosas en vivienda";"Robo con fuerza en otras dependencias/anexos vivienda";"Personas";4
2024;"Resto Europa";"Contra el patrimonio y el orden socioeconómico";"Robo con fuerza en las cosas";"Robo con fuerza en las cosas en vivienda";"Robo con fuerza en otras dependencias/anexos vivienda";"Personas";2
2024;"Total África";"Contra el patrimonio y el orden socioeconómico";"Robo con fuerza en las cosas";"Robo con fuerza en las cosas en vivienda";"Robo con fuerza en otras dependencias/anexos vivienda";"Personas";6
2025;"Total África";"Contra el patrimonio y el orden socioeconómico";"Robo con fuerza en las cosas";"Robo con fuerza en las cosas en vivienda";"Robo con fuerza en otras dependencias/anexos vivienda";"Personas";2
2024;"Magreb";"Contra el patrimonio y el orden socioeconómico";"Robo con fuerza en las cosas";"Robo con fuerza en las cosas en vivienda";"Robo con fuerza en otras dependencias/anexos vivienda";"Personas";6
2025;"Magreb";"Contra el patrimonio y el orden socioeconómico";"Robo con fuerza en las cosas";"Robo con fuerza en las cosas en vivienda";"Robo con fuerza en otras dependencias/anexos vivienda";"Personas";2
2024;"Total";"Contra el patrimonio y el orden socioeconómico";"Robo con fuerza en las cosas";"Robo con fuerza en las cosas en vivienda";"Robo con fuerza en otras dependencias/anexos vivienda";"Personas";46
2025;"Total";"Contra el patrimonio y el orden socioeconómico";"Robo con fuerza en las cosas";"Robo con fuerza en las cosas en vivienda";"Robo con fuerza en otras dependencias/anexos vivienda";"Personas";35
2024;"Total C.A de Euskadi + Otras C.C.A.A.";"Lesiones";"Malos tratos en el ámbito familiar";"";"";"Personas";114
2025;"Total C.A de Euskadi + Otras C.C.A.A.";"Lesiones";"Malos tratos en el ámbito familiar";"";"";"Personas";112
2024;"C.A. de Euskadi";"Lesiones";"Malos tratos en el ámbito familiar";"";"";"Personas";97
2025;"C.A. de Euskadi";"Lesiones";"Malos tratos en el ámbito familiar";"";"";"Personas";94
2024;"Otras C.C.A.A.";"Lesiones";"Malos tratos en el ámbito familiar";"";"";"Personas";17
2025;"Otras C.C.A.A.";"Lesiones";"Malos tratos en el ámbito familiar";"";"";"Personas";18
2024;"Nacionalidad Extranjera";"Lesiones";"Malos tratos en el ámbito familiar";"";"";"Personas";53
2025;"Nacionalidad Extranjera";"Lesiones";"Malos tratos en el ámbito familiar";"";"";"Personas";80
2024;"Total Europa";"Lesiones";"Malos tratos en el ámbito familiar";"";"";"Personas";6
2025;"Total Europa";"Lesiones";"Malos tratos en el ámbito familiar";"";"";"Personas";8
2024;"U.E. 27";"Lesiones";"Malos tratos en el ámbito familiar";"";"";"Personas";6
2025;"U.E. 27";"Lesiones";"Malos tratos en el ámbito familiar";"";"";"Personas";7
2025;"Resto Europa";"Lesiones";"Malos tratos en el ámbito familiar";"";"";"Personas";1
2024;"Total África";"Lesiones";"Malos tratos en el ámbito familiar";"";"";"Personas";12
2025;"Total África";"Lesiones";"Malos tratos en el ámbito familiar";"";"";"Personas";25
2024;"Magreb";"Lesiones";"Malos tratos en el ámbito familiar";"";"";"Personas";12
2025;"Magreb";"Lesiones";"Malos tratos en el ámbito familiar";"";"";"Personas";22
2025;"Resto África";"Lesiones";"Malos tratos en el ámbito familiar";"";"";"Personas";3
2024;"Total América";"Lesiones";"Malos tratos en el ámbito familiar";"";"";"Personas";34
2025;"Total América";"Lesiones";"Malos tratos en el ámbito familiar";"";"";"Personas";46
2024;"Latinoamérica";"Lesiones";"Malos tratos en el ámbito familiar";"";"";"Personas";34
2025;"Latinoamérica";"Lesiones";"Malos tratos en el ámbito familiar";"";"";"Personas";46
2024;"Total Asia";"Lesiones";"Malos tratos en el ámbito familiar";"";"";"Personas";1
2025;"Total Asia";"Lesiones";"Malos tratos en el ámbito familiar";"";"";"Personas";1
2024;"Total";"Lesiones";"Malos tratos en el ámbito familiar";"";"";"Personas";167
2025;"Total";"Lesiones";"Malos tratos en el ámbito familiar";"";"";"Personas";192
2024;"Total C.A de Euskadi + Otras C.C.A.A.";"Lesiones";"Lesiones";"";"";"Personas";59
2025;"Total C.A de Euskadi + Otras C.C.A.A.";"Lesiones";"Lesiones";"";"";"Personas";58
2024;"C.A. de Euskadi";"Lesiones";"Lesiones";"";"";"Personas";51
2025;"C.A. de Euskadi";"Lesiones";"Lesiones";"";"";"Personas";47
2024;"Otras C.C.A.A.";"Lesiones";"Lesiones";"";"";"Personas";8
2025;"Otras C.C.A.A.";"Lesiones";"Lesiones";"";"";"Personas";11
2024;"Nacionalidad Extranjera";"Lesiones";"Lesiones";"";"";"Personas";55
2025;"Nacionalidad Extranjera";"Lesiones";"Lesiones";"";"";"Personas";79
2024;"Total Europa";"Lesiones";"Lesiones";"";"";"Personas";3
2025;"Total Europa";"Lesiones";"Lesiones";"";"";"Personas";10
2024;"U.E. 27";"Lesiones";"Lesiones";"";"";"Personas";3
2025;"U.E. 27";"Lesiones";"Lesiones";"";"";"Personas";8
2025;"Resto Europa";"Lesiones";"Lesiones";"";"";"Personas";2
2024;"Total África";"Lesiones";"Lesiones";"";"";"Personas";37
2025;"Total África";"Lesiones";"Lesiones";"";"";"Personas";51
2024;"Magreb";"Lesiones";"Lesiones";"";"";"Personas";32
2025;"Magreb";"Lesiones";"Lesiones";"";"";"Personas";43
2024;"Resto África";"Lesiones";"Lesiones";"";"";"Personas";5
2025;"Resto África";"Lesiones";"Lesiones";"";"";"Personas";8
2024;"Total América";"Lesiones";"Lesiones";"";"";"Personas";15
2025;"Total América";"Lesiones";"Lesiones";"";"";"Personas";18
2024;"Latinoamérica";"Lesiones";"Lesiones";"";"";"Personas";15
2025;"Latinoamérica";"Lesiones";"Lesiones";"";"";"Personas";18
2024;"Total";"Lesiones";"Lesiones";"";"";"Personas";114
2025;"Total";"Lesiones";"Lesiones";"";"";"Personas";137
2024;"Total C.A de Euskadi + Otras C.C.A.A.";"Lesiones";"Otras infracciones de lesiones";"";"";"Personas";1
2024;"C.A. de Euskadi";"Lesiones";"Otras infracciones de lesiones";"";"";"Personas";1
2024;"Nacionalidad Extranjera";"Lesiones";"Otras infracciones de lesiones";"";"";"Personas";3
2024;"Total África";"Lesiones";"Otras infracciones de lesiones";"";"";"Personas";1
2024;"Magreb";"Lesiones";"Otras infracciones de lesiones";"";"";"Personas";1
2024;"Total América";"Lesiones";"Otras infracciones de lesiones";"";"";"Personas";1
2024;"Latinoamérica";"Lesiones";"Otras infracciones de lesiones";"";"";"Personas";1
2024;"Nacionalidad Extranjera SIN ESPECIFICAR";"Lesiones";"Otras infracciones de lesiones";"";"";"Personas";1
2024;"Total";"Lesiones";"Otras infracciones de lesiones";"";"";"Personas";4
2024;"Total C.A de Euskadi + Otras C.C.A.A.";"Tortura y contra la integridad";"Malos tratos habituales en el ámbito familiar";"";"";"Personas";107
2025;"Total C.A de Euskadi + Otras C.C.A.A.";"Tortura y contra la integridad";"Malos tratos habituales en el ámbito familiar";"";"";"Personas";70
2024;"C.A. de Euskadi";"Tortura y contra la integridad";"Malos tratos habituales en el ámbito familiar";"";"";"Personas";88
2025;"C.A. de Euskadi";"Tortura y contra la integridad";"Malos tratos habituales en el ámbito familiar";"";"";"Personas";59
2024;"Otras C.C.A.A.";"Tortura y contra la integridad";"Malos tratos habituales en el ámbito familiar";"";"";"Personas";19
2025;"Otras C.C.A.A.";"Tortura y contra la integridad";"Malos tratos habituales en el ámbito familiar";"";"";"Personas";11
2024;"Nacionalidad Extranjera";"Tortura y contra la integridad";"Malos tratos habituales en el ámbito familiar";"";"";"Personas";55
2025;"Nacionalidad Extranjera";"Tortura y contra la integridad";"Malos tratos habituales en el ámbito familiar";"";"";"Personas";66
2024;"Total Europa";"Tortura y contra la integridad";"Malos tratos habituales en el ámbito familiar";"";"";"Personas";14
2025;"Total Europa";"Tortura y contra la integridad";"Malos tratos habituales en el ámbito familiar";"";"";"Personas";9
2024;"U.E. 27";"Tortura y contra la integridad";"Malos tratos habituales en el ámbito familiar";"";"";"Personas";12
2025;"U.E. 27";"Tortura y contra la integridad";"Malos tratos habituales en el ámbito familiar";"";"";"Personas";8
2024;"Resto Europa";"Tortura y contra la integridad";"Malos tratos habituales en el ámbito familiar";"";"";"Personas";2
2025;"Resto Europa";"Tortura y contra la integridad";"Malos tratos habituales en el ámbito familiar";"";"";"Personas";1
2024;"Total África";"Tortura y contra la integridad";"Malos tratos habituales en el ámbito familiar";"";"";"Personas";15
2025;"Total África";"Tortura y contra la integridad";"Malos tratos habituales en el ámbito familiar";"";"";"Personas";30
2024;"Magreb";"Tortura y contra la integridad";"Malos tratos habituales en el ámbito familiar";"";"";"Personas";13
2025;"Magreb";"Tortura y contra la integridad";"Malos tratos habituales en el ámbito familiar";"";"";"Personas";30
2024;"Resto África";"Tortura y contra la integridad";"Malos tratos habituales en el ámbito familiar";"";"";"Personas";2
2024;"Total América";"Tortura y contra la integridad";"Malos tratos habituales en el ámbito familiar";"";"";"Personas";26
2025;"Total América";"Tortura y contra la integridad";"Malos tratos habituales en el ámbito familiar";"";"";"Personas";27
2024;"Latinoamérica";"Tortura y contra la integridad";"Malos tratos habituales en el ámbito familiar";"";"";"Personas";26
2025;"Latinoamérica";"Tortura y contra la integridad";"Malos tratos habituales en el ámbito familiar";"";"";"Personas";26
2025;"EE.U.U. y Canadá";"Tortura y contra la integridad";"Malos tratos habituales en el ámbito familiar";"";"";"Personas";1
2024;"Total";"Tortura y contra la integridad";"Malos tratos habituales en el ámbito familiar";"";"";"Personas";162
2025;"Total";"Tortura y contra la integridad";"Malos tratos habituales en el ámbito familiar";"";"";"Personas";136
2025;"Total C.A de Euskadi + Otras C.C.A.A.";"Tortura y contra la integridad";"Otras infracciones de tortura y contra la integridad";"";"";"Personas";2
2025;"C.A. de Euskadi";"Tortura y contra la integridad";"Otras infracciones de tortura y contra la integridad";"";"";"Personas";1
2025;"Otras C.C.A.A.";"Tortura y contra la integridad";"Otras infracciones de tortura y contra la integridad";"";"";"Personas";1
2024;"Nacionalidad Extranjera";"Tortura y contra la integridad";"Otras infracciones de tortura y contra la integridad";"";"";"Personas";2
2025;"Nacionalidad Extranjera";"Tortura y contra la integridad";"Otras infracciones de tortura y contra la integridad";"";"";"Personas";1
2024;"Total Europa";"Tortura y contra la integridad";"Otras infracciones de tortura y contra la integridad";"";"";"Personas";2
2025;"Total Europa";"Tortura y contra la integridad";"Otras infracciones de tortura y contra la integridad";"";"";"Personas";1
2024;"U.E. 27";"Tortura y contra la integridad";"Otras infracciones de tortura y contra la integridad";"";"";"Personas";2
2025;"Resto Europa";"Tortura y contra la integridad";"Otras infracciones de tortura y contra la integridad";"";"";"Personas";1
2024;"Total";"Tortura y contra la integridad";"Otras infracciones de tortura y contra la integridad";"";"";"Personas";2
2025;"Total";"Tortura y contra la integridad";"Otras infracciones de tortura y contra la integridad";"";"";"Personas";3
2024;"Total C.A de Euskadi + Otras C.C.A.A.";"Contra la libertad sexual";"Agresión sexual";"";"";"Personas";8
2025;"Total C.A de Euskadi + Otras C.C.A.A.";"Contra la libertad sexual";"Agresión sexual";"";"";"Personas";8
2024;"C.A. de Euskadi";"Contra la libertad sexual";"Agresión sexual";"";"";"Personas";7
2025;"C.A. de Euskadi";"Contra la libertad sexual";"Agresión sexual";"";"";"Personas";7
2024;"Otras C.C.A.A.";"Contra la libertad sexual";"Agresión sexual";"";"";"Personas";1
2025;"Otras C.C.A.A.";"Contra la libertad sexual";"Agresión sexual";"";"";"Personas";1
2024;"Nacionalidad Extranjera";"Contra la libertad sexual";"Agresión sexual";"";"";"Personas";6
2025;"Nacionalidad Extranjera";"Contra la libertad sexual";"Agresión sexual";"";"";"Personas";13
2025;"Total Europa";"Contra la libertad sexual";"Agresión sexual";"";"";"Personas";1
2025;"U.E. 27";"Contra la libertad sexual";"Agresión sexual";"";"";"Personas";1
2024;"Total África";"Contra la libertad sexual";"Agresión sexual";"";"";"Personas";6
2025;"Total África";"Contra la libertad sexual";"Agresión sexual";"";"";"Personas";10
2024;"Magreb";"Contra la libertad sexual";"Agresión sexual";"";"";"Personas";5
2025;"Magreb";"Contra la libertad sexual";"Agresión sexual";"";"";"Personas";7
2024;"Resto África";"Contra la libertad sexual";"Agresión sexual";"";"";"Personas";1
2025;"Resto África";"Contra la libertad sexual";"Agresión sexual";"";"";"Personas";3
2025;"Total América";"Contra la libertad sexual";"Agresión sexual";"";"";"Personas";2
2025;"Latinoamérica";"Contra la libertad sexual";"Agresión sexual";"";"";"Personas";2
2024;"Total";"Contra la libertad sexual";"Agresión sexual";"";"";"Personas";14
2025;"Total";"Contra la libertad sexual";"Agresión sexual";"";"";"Personas";21
2024;"Nacionalidad Extranjera";"Contra la libertad sexual";"Otras infracciones contra la libertad sexual";"";"";"Personas";1
2025;"Nacionalidad Extranjera";"Contra la libertad sexual";"Otras infracciones contra la libertad sexual";"";"";"Personas";1
2024;"Total Europa";"Contra la libertad sexual";"Otras infracciones contra la libertad sexual";"";"";"Personas";1
2024;"Resto Europa";"Contra la libertad sexual";"Otras infracciones contra la libertad sexual";"";"";"Personas";1
2025;"Total América";"Contra la libertad sexual";"Otras infracciones contra la libertad sexual";"";"";"Personas";1
2025;"Latinoamérica";"Contra la libertad sexual";"Otras infracciones contra la libertad sexual";"";"";"Personas";1
2024;"Total";"Contra la libertad sexual";"Otras infracciones contra la libertad sexual";"";"";"Personas";1
2025;"Total";"Contra la libertad sexual";"Otras infracciones contra la libertad sexual";"";"";"Personas";1
2024;"Total C.A de Euskadi + Otras C.C.A.A.";"Contra el patrimonio y el orden socioeconómico";"Hurto";"";"";"Personas";1158
2025;"Total C.A de Euskadi + Otras C.C.A.A.";"Contra el patrimonio y el orden socioeconómico";"Hurto";"";"";"Personas";1271
2024;"C.A. de Euskadi";"Contra el patrimonio y el orden socioeconómico";"Hurto";"";"";"Personas";993
2025;"C.A. de Euskadi";"Contra el patrimonio y el orden socioeconómico";"Hurto";"";"";"Personas";1067
2024;"Otras C.C.A.A.";"Contra el patrimonio y el orden socioeconómico";"Hurto";"";"";"Personas";165
2025;"Otras C.C.A.A.";"Contra el patrimonio y el orden socioeconómico";"Hurto";"";"";"Personas";204
2024;"Nacionalidad Extranjera";"Contra el patrimonio y el orden socioeconómico";"Hurto";"";"";"Personas";1454
2025;"Nacionalidad Extranjera";"Contra el patrimonio y el orden socioeconómico";"Hurto";"";"";"Personas";1571
2024;"Total Europa";"Contra el patrimonio y el orden socioeconómico";"Hurto";"";"";"Personas";207
2025;"Total Europa";"Contra el patrimonio y el orden socioeconómico";"Hurto";"";"";"Personas";260
2024;"U.E. 27";"Contra el patrimonio y el orden socioeconómico";"Hurto";"";"";"Personas";114
2025;"U.E. 27";"Contra el patrimonio y el orden socioeconómico";"Hurto";"";"";"Personas";180
2024;"Resto Europa";"Contra el patrimonio y el orden socioeconómico";"Hurto";"";"";"Personas";93
2025;"Resto Europa";"Contra el patrimonio y el orden socioeconómico";"Hurto";"";"";"Personas";80
2024;"Total África";"Contra el patrimonio y el orden socioeconómico";"Hurto";"";"";"Personas";1095
2025;"Total África";"Contra el patrimonio y el orden socioeconómico";"Hurto";"";"";"Personas";1207
2024;"Magreb";"Contra el patrimonio y el orden socioeconómico";"Hurto";"";"";"Personas";1012
2025;"Magreb";"Contra el patrimonio y el orden socioeconómico";"Hurto";"";"";"Personas";1173
2024;"Resto África";"Contra el patrimonio y el orden socioeconómico";"Hurto";"";"";"Personas";83
2025;"Resto África";"Contra el patrimonio y el orden socioeconómico";"Hurto";"";"";"Personas";34
2024;"Total América";"Contra el patrimonio y el orden socioeconómico";"Hurto";"";"";"Personas";113
2025;"Total América";"Contra el patrimonio y el orden socioeconómico";"Hurto";"";"";"Personas";77
2024;"Latinoamérica";"Contra el patrimonio y el orden socioeconómico";"Hurto";"";"";"Personas";110
2025;"Latinoamérica";"Contra el patrimonio y el orden socioeconómico";"Hurto";"";"";"Personas";76
2024;"EE.U.U. y Canadá";"Contra el patrimonio y el orden socioeconómico";"Hurto";"";"";"Personas";3
2025;"EE.U.U. y Canadá";"Contra el patrimonio y el orden socioeconómico";"Hurto";"";"";"Personas";1
2024;"Total Asia";"Contra el patrimonio y el orden socioeconómico";"Hurto";"";"";"Personas";8
2025;"Total Asia";"Contra el patrimonio y el orden socioeconómico";"Hurto";"";"";"Personas";15
2024;"Total Oceanía";"Contra el patrimonio y el orden socioeconómico";"Hurto";"";"";"Personas";1
2024;"Nacionalidad Extranjera SIN ESPECIFICAR";"Contra el patrimonio y el orden socioeconómico";"Hurto";"";"";"Personas";30
2025;"Nacionalidad Extranjera SIN ESPECIFICAR";"Contra el patrimonio y el orden socioeconómico";"Hurto";"";"";"Personas";12
2024;"Total";"Contra el patrimonio y el orden socioeconómico";"Hurto";"";"";"Personas";2612
2025;"Total";"Contra el patrimonio y el orden socioeconómico";"Hurto";"";"";"Personas";2842
2024;"Total C.A de Euskadi + Otras C.C.A.A.";"Contra el patrimonio y el orden socioeconómico";"Robo con fuerza en las cosas";"";"";"Personas";282
2025;"Total C.A de Euskadi + Otras C.C.A.A.";"Contra el patrimonio y el orden socioeconómico";"Robo con fuerza en las cosas";"";"";"Personas";279
2024;"C.A. de Euskadi";"Contra el patrimonio y el orden socioeconómico";"Robo con fuerza en las cosas";"";"";"Personas";211
2025;"C.A. de Euskadi";"Contra el patrimonio y el orden socioeconómico";"Robo con fuerza en las cosas";"";"";"Personas";221
2024;"Otras C.C.A.A.";"Contra el patrimonio y el orden socioeconómico";"Robo con fuerza en las cosas";"";"";"Personas";71
2025;"Otras C.C.A.A.";"Contra el patrimonio y el orden socioeconómico";"Robo con fuerza en las cosas";"";"";"Personas";58
2024;"Nacionalidad Extranjera";"Contra el patrimonio y el orden socioeconómico";"Robo con fuerza en las cosas";"";"";"Personas";269
2025;"Nacionalidad Extranjera";"Contra el patrimonio y el orden socioeconómico";"Robo con fuerza en las cosas";"";"";"Personas";306
2024;"Total Europa";"Contra el patrimonio y el orden socioeconómico";"Robo con fuerza en las cosas";"";"";"Personas";32
2025;"Total Europa";"Contra el patrimonio y el orden socioeconómico";"Robo con fuerza en las cosas";"";"";"Personas";55
2024;"U.E. 27";"Contra el patrimonio y el orden socioeconómico";"Robo con fuerza en las cosas";"";"";"Personas";6
2025;"U.E. 27";"Contra el patrimonio y el orden socioeconómico";"Robo con fuerza en las cosas";"";"";"Personas";19
2024;"Resto Europa";"Contra el patrimonio y el orden socioeconómico";"Robo con fuerza en las cosas";"";"";"Personas";26
2025;"Resto Europa";"Contra el patrimonio y el orden socioeconómico";"Robo con fuerza en las cosas";"";"";"Personas";36
2024;"Total África";"Contra el patrimonio y el orden socioeconómico";"Robo con fuerza en las cosas";"";"";"Personas";232
2025;"Total África";"Contra el patrimonio y el orden socioeconómico";"Robo con fuerza en las cosas";"";"";"Personas";237
2024;"Magreb";"Contra el patrimonio y el orden socioeconómico";"Robo con fuerza en las cosas";"";"";"Personas";226
2025;"Magreb";"Contra el patrimonio y el orden socioeconómico";"Robo con fuerza en las cosas";"";"";"Personas";235
2024;"Resto África";"Contra el patrimonio y el orden socioeconómico";"Robo con fuerza en las cosas";"";"";"Personas";6
2025;"Resto África";"Contra el patrimonio y el orden socioeconómico";"Robo con fuerza en las cosas";"";"";"Personas";2
2024;"Total América";"Contra el patrimonio y el orden socioeconómico";"Robo con fuerza en las cosas";"";"";"Personas";3
2025;"Total América";"Contra el patrimonio y el orden socioeconómico";"Robo con fuerza en las cosas";"";"";"Personas";7
2024;"Latinoamérica";"Contra el patrimonio y el orden socioeconómico";"Robo con fuerza en las cosas";"";"";"Personas";3
2025;"Latinoamérica";"Contra el patrimonio y el orden socioeconómico";"Robo con fuerza en las cosas";"";"";"Personas";7
2024;"Total Asia";"Contra el patrimonio y el orden socioeconómico";"Robo con fuerza en las cosas";"";"";"Personas";2
2025;"Nacionalidad Extranjera SIN ESPECIFICAR";"Contra el patrimonio y el orden socioeconómico";"Robo con fuerza en las cosas";"";"";"Personas";7
2024;"Total";"Contra el patrimonio y el orden socioeconómico";"Robo con fuerza en las cosas";"";"";"Personas";551
2025;"Total";"Contra el patrimonio y el orden socioeconómico";"Robo con fuerza en las cosas";"";"";"Personas";585
2024;"Total C.A de Euskadi + Otras C.C.A.A.";"Contra el patrimonio y el orden socioeconómico";"Robo con violencia o intimidación";"";"";"Personas";67
2025;"Total C.A de Euskadi + Otras C.C.A.A.";"Contra el patrimonio y el orden socioeconómico";"Robo con violencia o intimidación";"";"";"Personas";44
2024;"C.A. de Euskadi";"Contra el patrimonio y el orden socioeconómico";"Robo con violencia o intimidación";"";"";"Personas";58
2025;"C.A. de Euskadi";"Contra el patrimonio y el orden socioeconómico";"Robo con violencia o intimidación";"";"";"Personas";38
2024;"Otras C.C.A.A.";"Contra el patrimonio y el orden socioeconómico";"Robo con violencia o intimidación";"";"";"Personas";9
2025;"Otras C.C.A.A.";"Contra el patrimonio y el orden socioeconómico";"Robo con violencia o intimidación";"";"";"Personas";6
2024;"Nacionalidad Extranjera";"Contra el patrimonio y el orden socioeconómico";"Robo con violencia o intimidación";"";"";"Personas";202
2025;"Nacionalidad Extranjera";"Contra el patrimonio y el orden socioeconómico";"Robo con violencia o intimidación";"";"";"Personas";180
2024;"Total Europa";"Contra el patrimonio y el orden socioeconómico";"Robo con violencia o intimidación";"";"";"Personas";8
2025;"Total Europa";"Contra el patrimonio y el orden socioeconómico";"Robo con violencia o intimidación";"";"";"Personas";2
2024;"U.E. 27";"Contra el patrimonio y el orden socioeconómico";"Robo con violencia o intimidación";"";"";"Personas";7
2025;"U.E. 27";"Contra el patrimonio y el orden socioeconómico";"Robo con violencia o intimidación";"";"";"Personas";1
2024;"Resto Europa";"Contra el patrimonio y el orden socioeconómico";"Robo con violencia o intimidación";"";"";"Personas";1
2025;"Resto Europa";"Contra el patrimonio y el orden socioeconómico";"Robo con violencia o intimidación";"";"";"Personas";1
2024;"Total África";"Contra el patrimonio y el orden socioeconómico";"Robo con violencia o intimidación";"";"";"Personas";188
2025;"Total África";"Contra el patrimonio y el orden socioeconómico";"Robo con violencia o intimidación";"";"";"Personas";164
2024;"Magreb";"Contra el patrimonio y el orden socioeconómico";"Robo con violencia o intimidación";"";"";"Personas";188
2025;"Magreb";"Contra el patrimonio y el orden socioeconómico";"Robo con violencia o intimidación";"";"";"Personas";164
2024;"Total América";"Contra el patrimonio y el orden socioeconómico";"Robo con violencia o intimidación";"";"";"Personas";4
2025;"Total América";"Contra el patrimonio y el orden socioeconómico";"Robo con violencia o intimidación";"";"";"Personas";13
2024;"Latinoamérica";"Contra el patrimonio y el orden socioeconómico";"Robo con violencia o intimidación";"";"";"Personas";4
2025;"Latinoamérica";"Contra el patrimonio y el orden socioeconómico";"Robo con violencia o intimidación";"";"";"Personas";13
2024;"Nacionalidad Extranjera SIN ESPECIFICAR";"Contra el patrimonio y el orden socioeconómico";"Robo con violencia o intimidación";"";"";"Personas";2
2025;"Nacionalidad Extranjera SIN ESPECIFICAR";"Contra el patrimonio y el orden socioeconómico";"Robo con violencia o intimidación";"";"";"Personas";1
2024;"Total";"Contra el patrimonio y el orden socioeconómico";"Robo con violencia o intimidación";"";"";"Personas";269
2025;"Total";"Contra el patrimonio y el orden socioeconómico";"Robo con violencia o intimidación";"";"";"Personas";224
2024;"Total C.A de Euskadi + Otras C.C.A.A.";"Contra el patrimonio y el orden socioeconómico";"Daños";"";"";"Personas";23
2025;"Total C.A de Euskadi + Otras C.C.A.A.";"Contra el patrimonio y el orden socioeconómico";"Daños";"";"";"Personas";30
2024;"C.A. de Euskadi";"Contra el patrimonio y el orden socioeconómico";"Daños";"";"";"Personas";19
2025;"C.A. de Euskadi";"Contra el patrimonio y el orden socioeconómico";"Daños";"";"";"Personas";26
2024;"Otras C.C.A.A.";"Contra el patrimonio y el orden socioeconómico";"Daños";"";"";"Personas";4
2025;"Otras C.C.A.A.";"Contra el patrimonio y el orden socioeconómico";"Daños";"";"";"Personas";4
2024;"Nacionalidad Extranjera";"Contra el patrimonio y el orden socioeconómico";"Daños";"";"";"Personas";7
2025;"Nacionalidad Extranjera";"Contra el patrimonio y el orden socioeconómico";"Daños";"";"";"Personas";12
2025;"Total Europa";"Contra el patrimonio y el orden socioeconómico";"Daños";"";"";"Personas";1
2025;"U.E. 27";"Contra el patrimonio y el orden socioeconómico";"Daños";"";"";"Personas";1
2024;"Total África";"Contra el patrimonio y el orden socioeconómico";"Daños";"";"";"Personas";5
2025;"Total África";"Contra el patrimonio y el orden socioeconómico";"Daños";"";"";"Personas";5
2024;"Magreb";"Contra el patrimonio y el orden socioeconómico";"Daños";"";"";"Personas";5
2025;"Magreb";"Contra el patrimonio y el orden socioeconómico";"Daños";"";"";"Personas";5
2025;"Total América";"Contra el patrimonio y el orden socioeconómico";"Daños";"";"";"Personas";2
2025;"Latinoamérica";"Contra el patrimonio y el orden socioeconómico";"Daños";"";"";"Personas";2
2024;"Total Asia";"Contra el patrimonio y el orden socioeconómico";"Daños";"";"";"Personas";2
2025;"Total Asia";"Contra el patrimonio y el orden socioeconómico";"Daños";"";"";"Personas";4
2024;"Total";"Contra el patrimonio y el orden socioeconómico";"Daños";"";"";"Personas";30
2025;"Total";"Contra el patrimonio y el orden socioeconómico";"Daños";"";"";"Personas";42
2024;"Total C.A de Euskadi + Otras C.C.A.A.";"Contra el patrimonio y el orden socioeconómico";"Sustracción de vehículos a motor";"";"";"Personas";4
2025;"Total C.A de Euskadi + Otras C.C.A.A.";"Contra el patrimonio y el orden socioeconómico";"Sustracción de vehículos a motor";"";"";"Personas";2
2024;"C.A. de Euskadi";"Contra el patrimonio y el orden socioeconómico";"Sustracción de vehículos a motor";"";"";"Personas";4
2025;"C.A. de Euskadi";"Contra el patrimonio y el orden socioeconómico";"Sustracción de vehículos a motor";"";"";"Personas";1
2025;"Otras C.C.A.A.";"Contra el patrimonio y el orden socioeconómico";"Sustracción de vehículos a motor";"";"";"Personas";1
2024;"Nacionalidad Extranjera";"Contra el patrimonio y el orden socioeconómico";"Sustracción de vehículos a motor";"";"";"Personas";3
2025;"Nacionalidad Extranjera";"Contra el patrimonio y el orden socioeconómico";"Sustracción de vehículos a motor";"";"";"Personas";5
2025;"Total Europa";"Contra el patrimonio y el orden socioeconómico";"Sustracción de vehículos a motor";"";"";"Personas";4
2025;"U.E. 27";"Contra el patrimonio y el orden socioeconómico";"Sustracción de vehículos a motor";"";"";"Personas";4
2024;"Total África";"Contra el patrimonio y el orden socioeconómico";"Sustracción de vehículos a motor";"";"";"Personas";3
2025;"Total África";"Contra el patrimonio y el orden socioeconómico";"Sustracción de vehículos a motor";"";"";"Personas";1
2024;"Magreb";"Contra el patrimonio y el orden socioeconómico";"Sustracción de vehículos a motor";"";"";"Personas";3
2025;"Magreb";"Contra el patrimonio y el orden socioeconómico";"Sustracción de vehículos a motor";"";"";"Personas";1
2024;"Total";"Contra el patrimonio y el orden socioeconómico";"Sustracción de vehículos a motor";"";"";"Personas";7
2025;"Total";"Contra el patrimonio y el orden socioeconómico";"Sustracción de vehículos a motor";"";"";"Personas";7
2024;"Total C.A de Euskadi + Otras C.C.A.A.";"Contra el patrimonio y el orden socioeconómico";"Estafa";"";"";"Personas";286
2025;"Total C.A de Euskadi + Otras C.C.A.A.";"Contra el patrimonio y el orden socioeconómico";"Estafa";"";"";"Personas";288
2024;"C.A. de Euskadi";"Contra el patrimonio y el orden socioeconómico";"Estafa";"";"";"Personas";97
2025;"C.A. de Euskadi";"Contra el patrimonio y el orden socioeconómico";"Estafa";"";"";"Personas";123
2024;"Otras C.C.A.A.";"Contra el patrimonio y el orden socioeconómico";"Estafa";"";"";"Personas";189
2025;"Otras C.C.A.A.";"Contra el patrimonio y el orden socioeconómico";"Estafa";"";"";"Personas";165
2024;"Nacionalidad Extranjera";"Contra el patrimonio y el orden socioeconómico";"Estafa";"";"";"Personas";117
2025;"Nacionalidad Extranjera";"Contra el patrimonio y el orden socioeconómico";"Estafa";"";"";"Personas";71
2024;"Total Europa";"Contra el patrimonio y el orden socioeconómico";"Estafa";"";"";"Personas";15
2025;"Total Europa";"Contra el patrimonio y el orden socioeconómico";"Estafa";"";"";"Personas";13
2024;"U.E. 27";"Contra el patrimonio y el orden socioeconómico";"Estafa";"";"";"Personas";12
2025;"U.E. 27";"Contra el patrimonio y el orden socioeconómico";"Estafa";"";"";"Personas";8
2024;"Resto Europa";"Contra el patrimonio y el orden socioeconómico";"Estafa";"";"";"Personas";3
2025;"Resto Europa";"Contra el patrimonio y el orden socioeconómico";"Estafa";"";"";"Personas";5
2024;"Total África";"Contra el patrimonio y el orden socioeconómico";"Estafa";"";"";"Personas";39
2025;"Total África";"Contra el patrimonio y el orden socioeconómico";"Estafa";"";"";"Personas";29
2024;"Magreb";"Contra el patrimonio y el orden socioeconómico";"Estafa";"";"";"Personas";28
2025;"Magreb";"Contra el patrimonio y el orden socioeconómico";"Estafa";"";"";"Personas";17
2024;"Resto África";"Contra el patrimonio y el orden socioeconómico";"Estafa";"";"";"Personas";11
2025;"Resto África";"Contra el patrimonio y el orden socioeconómico";"Estafa";"";"";"Personas";12
2024;"Total América";"Contra el patrimonio y el orden socioeconómico";"Estafa";"";"";"Personas";56
2025;"Total América";"Contra el patrimonio y el orden socioeconómico";"Estafa";"";"";"Personas";26
2024;"Latinoamérica";"Contra el patrimonio y el orden socioeconómico";"Estafa";"";"";"Personas";56
2025;"Latinoamérica";"Contra el patrimonio y el orden socioeconómico";"Estafa";"";"";"Personas";26
2024;"Total Asia";"Contra el patrimonio y el orden socioeconómico";"Estafa";"";"";"Personas";3
2025;"Total Asia";"Contra el patrimonio y el orden socioeconómico";"Estafa";"";"";"Personas";1
2024;"Nacionalidad Extranjera SIN ESPECIFICAR";"Contra el patrimonio y el orden socioeconómico";"Estafa";"";"";"Personas";4
2025;"Nacionalidad Extranjera SIN ESPECIFICAR";"Contra el patrimonio y el orden socioeconómico";"Estafa";"";"";"Personas";2
2024;"Sin Nacionalidad conocida";"Contra el patrimonio y el orden socioeconómico";"Estafa";"";"";"Personas";2
2024;"Total";"Contra el patrimonio y el orden socioeconómico";"Estafa";"";"";"Personas";405
2025;"Total";"Contra el patrimonio y el orden socioeconómico";"Estafa";"";"";"Personas";359
2024;"Total C.A de Euskadi + Otras C.C.A.A.";"Contra el patrimonio y el orden socioeconómico";"Otras infracciones contra el patrimonio";"";"";"Personas";22
2025;"Total C.A de Euskadi + Otras C.C.A.A.";"Contra el patrimonio y el orden socioeconómico";"Otras infracciones contra el patrimonio";"";"";"Personas";31
2024;"C.A. de Euskadi";"Contra el patrimonio y el orden socioeconómico";"Otras infracciones contra el patrimonio";"";"";"Personas";10
2025;"C.A. de Euskadi";"Contra el patrimonio y el orden socioeconómico";"Otras infracciones contra el patrimonio";"";"";"Personas";19
2024;"Otras C.C.A.A.";"Contra el patrimonio y el orden socioeconómico";"Otras infracciones contra el patrimonio";"";"";"Personas";12
2025;"Otras C.C.A.A.";"Contra el patrimonio y el orden socioeconómico";"Otras infracciones contra el patrimonio";"";"";"Personas";12
2024;"Nacionalidad Extranjera";"Contra el patrimonio y el orden socioeconómico";"Otras infracciones contra el patrimonio";"";"";"Personas";70
2025;"Nacionalidad Extranjera";"Contra el patrimonio y el orden socioeconómico";"Otras infracciones contra el patrimonio";"";"";"Personas";56
2024;"Total Europa";"Contra el patrimonio y el orden socioeconómico";"Otras infracciones contra el patrimonio";"";"";"Personas";1
2025;"Total Europa";"Contra el patrimonio y el orden socioeconómico";"Otras infracciones contra el patrimonio";"";"";"Personas";1
2024;"U.E. 27";"Contra el patrimonio y el orden socioeconómico";"Otras infracciones contra el patrimonio";"";"";"Personas";1
2025;"U.E. 27";"Contra el patrimonio y el orden socioeconómico";"Otras infracciones contra el patrimonio";"";"";"Personas";1
2024;"Total África";"Contra el patrimonio y el orden socioeconómico";"Otras infracciones contra el patrimonio";"";"";"Personas";58
2025;"Total África";"Contra el patrimonio y el orden socioeconómico";"Otras infracciones contra el patrimonio";"";"";"Personas";48
2024;"Magreb";"Contra el patrimonio y el orden socioeconómico";"Otras infracciones contra el patrimonio";"";"";"Personas";58
2025;"Magreb";"Contra el patrimonio y el orden socioeconómico";"Otras infracciones contra el patrimonio";"";"";"Personas";48
2024;"Total América";"Contra el patrimonio y el orden socioeconómico";"Otras infracciones contra el patrimonio";"";"";"Personas";10
2025;"Total América";"Contra el patrimonio y el orden socioeconómico";"Otras infracciones contra el patrimonio";"";"";"Personas";5
2024;"Latinoamérica";"Contra el patrimonio y el orden socioeconómico";"Otras infracciones contra el patrimonio";"";"";"Personas";10
2025;"Latinoamérica";"Contra el patrimonio y el orden socioeconómico";"Otras infracciones contra el patrimonio";"";"";"Personas";5
2024;"Total Asia";"Contra el patrimonio y el orden socioeconómico";"Otras infracciones contra el patrimonio";"";"";"Personas";1
2025;"Total Asia";"Contra el patrimonio y el orden socioeconómico";"Otras infracciones contra el patrimonio";"";"";"Personas";1
2025;"Nacionalidad Extranjera SIN ESPECIFICAR";"Contra el patrimonio y el orden socioeconómico";"Otras infracciones contra el patrimonio";"";"";"Personas";1
2024;"Total";"Contra el patrimonio y el orden socioeconómico";"Otras infracciones contra el patrimonio";"";"";"Personas";92
2025;"Total";"Contra el patrimonio y el orden socioeconómico";"Otras infracciones contra el patrimonio";"";"";"Personas";87
2024;"Total C.A de Euskadi + Otras C.C.A.A.";"Contra la seguridad colectiva";"Salud pública: Tráfico de drogas";"";"";"Personas";35
2025;"Total C.A de Euskadi + Otras C.C.A.A.";"Contra la seguridad colectiva";"Salud pública: Tráfico de drogas";"";"";"Personas";26
2024;"C.A. de Euskadi";"Contra la seguridad colectiva";"Salud pública: Tráfico de drogas";"";"";"Personas";28
2025;"C.A. de Euskadi";"Contra la seguridad colectiva";"Salud pública: Tráfico de drogas";"";"";"Personas";24
2024;"Otras C.C.A.A.";"Contra la seguridad colectiva";"Salud pública: Tráfico de drogas";"";"";"Personas";7
2025;"Otras C.C.A.A.";"Contra la seguridad colectiva";"Salud pública: Tráfico de drogas";"";"";"Personas";2
2024;"Nacionalidad Extranjera";"Contra la seguridad colectiva";"Salud pública: Tráfico de drogas";"";"";"Personas";25
2025;"Nacionalidad Extranjera";"Contra la seguridad colectiva";"Salud pública: Tráfico de drogas";"";"";"Personas";22
2024;"Total Europa";"Contra la seguridad colectiva";"Salud pública: Tráfico de drogas";"";"";"Personas";1
2024;"U.E. 27";"Contra la seguridad colectiva";"Salud pública: Tráfico de drogas";"";"";"Personas";1
2024;"Total África";"Contra la seguridad colectiva";"Salud pública: Tráfico de drogas";"";"";"Personas";17
2025;"Total África";"Contra la seguridad colectiva";"Salud pública: Tráfico de drogas";"";"";"Personas";20
2024;"Magreb";"Contra la seguridad colectiva";"Salud pública: Tráfico de drogas";"";"";"Personas";17
2025;"Magreb";"Contra la seguridad colectiva";"Salud pública: Tráfico de drogas";"";"";"Personas";20
2024;"Total América";"Contra la seguridad colectiva";"Salud pública: Tráfico de drogas";"";"";"Personas";7
2024;"Latinoamérica";"Contra la seguridad colectiva";"Salud pública: Tráfico de drogas";"";"";"Personas";7
2025;"Nacionalidad Extranjera SIN ESPECIFICAR";"Contra la seguridad colectiva";"Salud pública: Tráfico de drogas";"";"";"Personas";2
2024;"Total";"Contra la seguridad colectiva";"Salud pública: Tráfico de drogas";"";"";"Personas";60
2025;"Total";"Contra la seguridad colectiva";"Salud pública: Tráfico de drogas";"";"";"Personas";48
2024;"Total C.A de Euskadi + Otras C.C.A.A.";"Contra la seguridad colectiva";"Conducir bajo la influencia de alcohol, drogas, etc.";"";"";"Personas";6
2025;"Total C.A de Euskadi + Otras C.C.A.A.";"Contra la seguridad colectiva";"Conducir bajo la influencia de alcohol, drogas, etc.";"";"";"Personas";3
2024;"C.A. de Euskadi";"Contra la seguridad colectiva";"Conducir bajo la influencia de alcohol, drogas, etc.";"";"";"Personas";6
2025;"C.A. de Euskadi";"Contra la seguridad colectiva";"Conducir bajo la influencia de alcohol, drogas, etc.";"";"";"Personas";3
2024;"Nacionalidad Extranjera";"Contra la seguridad colectiva";"Conducir bajo la influencia de alcohol, drogas, etc.";"";"";"Personas";5
2025;"Nacionalidad Extranjera";"Contra la seguridad colectiva";"Conducir bajo la influencia de alcohol, drogas, etc.";"";"";"Personas";2
2024;"Total África";"Contra la seguridad colectiva";"Conducir bajo la influencia de alcohol, drogas, etc.";"";"";"Personas";1
2024;"Resto África";"Contra la seguridad colectiva";"Conducir bajo la influencia de alcohol, drogas, etc.";"";"";"Personas";1
2024;"Total América";"Contra la seguridad colectiva";"Conducir bajo la influencia de alcohol, drogas, etc.";"";"";"Personas";4
2025;"Total América";"Contra la seguridad colectiva";"Conducir bajo la influencia de alcohol, drogas, etc.";"";"";"Personas";2
2024;"Latinoamérica";"Contra la seguridad colectiva";"Conducir bajo la influencia de alcohol, drogas, etc.";"";"";"Personas";4
2025;"Latinoamérica";"Contra la seguridad colectiva";"Conducir bajo la influencia de alcohol, drogas, etc.";"";"";"Personas";2
2024;"Total";"Contra la seguridad colectiva";"Conducir bajo la influencia de alcohol, drogas, etc.";"";"";"Personas";11
2025;"Total";"Contra la seguridad colectiva";"Conducir bajo la influencia de alcohol, drogas, etc.";"";"";"Personas";5
2024;"Total C.A de Euskadi + Otras C.C.A.A.";"Contra la seguridad colectiva";"Otras infracciones contra la seguridad colectiva";"";"";"Personas";71
2025;"Total C.A de Euskadi + Otras C.C.A.A.";"Contra la seguridad colectiva";"Otras infracciones contra la seguridad colectiva";"";"";"Personas";70
2024;"C.A. de Euskadi";"Contra la seguridad colectiva";"Otras infracciones contra la seguridad colectiva";"";"";"Personas";60
2025;"C.A. de Euskadi";"Contra la seguridad colectiva";"Otras infracciones contra la seguridad colectiva";"";"";"Personas";63
2024;"Otras C.C.A.A.";"Contra la seguridad colectiva";"Otras infracciones contra la seguridad colectiva";"";"";"Personas";11
2025;"Otras C.C.A.A.";"Contra la seguridad colectiva";"Otras infracciones contra la seguridad colectiva";"";"";"Personas";7
2024;"Nacionalidad Extranjera";"Contra la seguridad colectiva";"Otras infracciones contra la seguridad colectiva";"";"";"Personas";50
2025;"Nacionalidad Extranjera";"Contra la seguridad colectiva";"Otras infracciones contra la seguridad colectiva";"";"";"Personas";35
2024;"Total Europa";"Contra la seguridad colectiva";"Otras infracciones contra la seguridad colectiva";"";"";"Personas";8
2025;"Total Europa";"Contra la seguridad colectiva";"Otras infracciones contra la seguridad colectiva";"";"";"Personas";3
2024;"U.E. 27";"Contra la seguridad colectiva";"Otras infracciones contra la seguridad colectiva";"";"";"Personas";6
2025;"U.E. 27";"Contra la seguridad colectiva";"Otras infracciones contra la seguridad colectiva";"";"";"Personas";1
2024;"Resto Europa";"Contra la seguridad colectiva";"Otras infracciones contra la seguridad colectiva";"";"";"Personas";2
2025;"Resto Europa";"Contra la seguridad colectiva";"Otras infracciones contra la seguridad colectiva";"";"";"Personas";2
2024;"Total África";"Contra la seguridad colectiva";"Otras infracciones contra la seguridad colectiva";"";"";"Personas";12
2025;"Total África";"Contra la seguridad colectiva";"Otras infracciones contra la seguridad colectiva";"";"";"Personas";12
2024;"Magreb";"Contra la seguridad colectiva";"Otras infracciones contra la seguridad colectiva";"";"";"Personas";10
2025;"Magreb";"Contra la seguridad colectiva";"Otras infracciones contra la seguridad colectiva";"";"";"Personas";10
2024;"Resto África";"Contra la seguridad colectiva";"Otras infracciones contra la seguridad colectiva";"";"";"Personas";2
2025;"Resto África";"Contra la seguridad colectiva";"Otras infracciones contra la seguridad colectiva";"";"";"Personas";2
2024;"Total América";"Contra la seguridad colectiva";"Otras infracciones contra la seguridad colectiva";"";"";"Personas";28
2025;"Total América";"Contra la seguridad colectiva";"Otras infracciones contra la seguridad colectiva";"";"";"Personas";18
2024;"Latinoamérica";"Contra la seguridad colectiva";"Otras infracciones contra la seguridad colectiva";"";"";"Personas";28
2025;"Latinoamérica";"Contra la seguridad colectiva";"Otras infracciones contra la seguridad colectiva";"";"";"Personas";18
2024;"Total Asia";"Contra la seguridad colectiva";"Otras infracciones contra la seguridad colectiva";"";"";"Personas";1
2025;"Total Asia";"Contra la seguridad colectiva";"Otras infracciones contra la seguridad colectiva";"";"";"Personas";2
2024;"Nacionalidad Extranjera SIN ESPECIFICAR";"Contra la seguridad colectiva";"Otras infracciones contra la seguridad colectiva";"";"";"Personas";1
2024;"Sin Nacionalidad conocida";"Contra la seguridad colectiva";"Otras infracciones contra la seguridad colectiva";"";"";"Personas";1
2024;"Total";"Contra la seguridad colectiva";"Otras infracciones contra la seguridad colectiva";"";"";"Personas";122
2025;"Total";"Contra la seguridad colectiva";"Otras infracciones contra la seguridad colectiva";"";"";"Personas";105
2024;"Total C.A de Euskadi + Otras C.C.A.A.";"Lesiones";"";"";"";"Personas";174
2025;"Total C.A de Euskadi + Otras C.C.A.A.";"Lesiones";"";"";"";"Personas";170
2024;"C.A. de Euskadi";"Lesiones";"";"";"";"Personas";149
2025;"C.A. de Euskadi";"Lesiones";"";"";"";"Personas";141
2024;"Otras C.C.A.A.";"Lesiones";"";"";"";"Personas";25
2025;"Otras C.C.A.A.";"Lesiones";"";"";"";"Personas";29
2024;"Nacionalidad Extranjera";"Lesiones";"";"";"";"Personas";111
2025;"Nacionalidad Extranjera";"Lesiones";"";"";"";"Personas";159
2024;"Total Europa";"Lesiones";"";"";"";"Personas";9
2025;"Total Europa";"Lesiones";"";"";"";"Personas";18
2024;"U.E. 27";"Lesiones";"";"";"";"Personas";9
2025;"U.E. 27";"Lesiones";"";"";"";"Personas";15
2025;"Resto Europa";"Lesiones";"";"";"";"Personas";3
2024;"Total África";"Lesiones";"";"";"";"Personas";50
2025;"Total África";"Lesiones";"";"";"";"Personas";76
2024;"Magreb";"Lesiones";"";"";"";"Personas";45
2025;"Magreb";"Lesiones";"";"";"";"Personas";65
2024;"Resto África";"Lesiones";"";"";"";"Personas";5
2025;"Resto África";"Lesiones";"";"";"";"Personas";11
2024;"Total América";"Lesiones";"";"";"";"Personas";50
2025;"Total América";"Lesiones";"";"";"";"Personas";64
2024;"Latinoamérica";"Lesiones";"";"";"";"Personas";50
2025;"Latinoamérica";"Lesiones";"";"";"";"Personas";64
2024;"Total Asia";"Lesiones";"";"";"";"Personas";1
2025;"Total Asia";"Lesiones";"";"";"";"Personas";1
2024;"Nacionalidad Extranjera SIN ESPECIFICAR";"Lesiones";"";"";"";"Personas";1
2024;"Total";"Lesiones";"";"";"";"Personas";285
2025;"Total";"Lesiones";"";"";"";"Personas";329
2024;"Total C.A de Euskadi + Otras C.C.A.A.";"Tortura y contra la integridad";"";"";"";"Personas";107
2025;"Total C.A de Euskadi + Otras C.C.A.A.";"Tortura y contra la integridad";"";"";"";"Personas";72
2024;"C.A. de Euskadi";"Tortura y contra la integridad";"";"";"";"Personas";88
2025;"C.A. de Euskadi";"Tortura y contra la integridad";"";"";"";"Personas";60
2024;"Otras C.C.A.A.";"Tortura y contra la integridad";"";"";"";"Personas";19
2025;"Otras C.C.A.A.";"Tortura y contra la integridad";"";"";"";"Personas";12
2024;"Nacionalidad Extranjera";"Tortura y contra la integridad";"";"";"";"Personas";57
2025;"Nacionalidad Extranjera";"Tortura y contra la integridad";"";"";"";"Personas";67
2024;"Total Europa";"Tortura y contra la integridad";"";"";"";"Personas";16
2025;"Total Europa";"Tortura y contra la integridad";"";"";"";"Personas";10
2024;"U.E. 27";"Tortura y contra la integridad";"";"";"";"Personas";14
2025;"U.E. 27";"Tortura y contra la integridad";"";"";"";"Personas";8
2024;"Resto Europa";"Tortura y contra la integridad";"";"";"";"Personas";2
2025;"Resto Europa";"Tortura y contra la integridad";"";"";"";"Personas";2
2024;"Total África";"Tortura y contra la integridad";"";"";"";"Personas";15
2025;"Total África";"Tortura y contra la integridad";"";"";"";"Personas";30
2024;"Magreb";"Tortura y contra la integridad";"";"";"";"Personas";13
2025;"Magreb";"Tortura y contra la integridad";"";"";"";"Personas";30
2024;"Resto África";"Tortura y contra la integridad";"";"";"";"Personas";2
2024;"Total América";"Tortura y contra la integridad";"";"";"";"Personas";26
2025;"Total América";"Tortura y contra la integridad";"";"";"";"Personas";27
2024;"Latinoamérica";"Tortura y contra la integridad";"";"";"";"Personas";26
2025;"Latinoamérica";"Tortura y contra la integridad";"";"";"";"Personas";26
2025;"EE.U.U. y Canadá";"Tortura y contra la integridad";"";"";"";"Personas";1
2024;"Total";"Tortura y contra la integridad";"";"";"";"Personas";164
2025;"Total";"Tortura y contra la integridad";"";"";"";"Personas";139
2024;"Total C.A de Euskadi + Otras C.C.A.A.";"Contra la libertad sexual";"";"";"";"Personas";8
2025;"Total C.A de Euskadi + Otras C.C.A.A.";"Contra la libertad sexual";"";"";"";"Personas";8
2024;"C.A. de Euskadi";"Contra la libertad sexual";"";"";"";"Personas";7
2025;"C.A. de Euskadi";"Contra la libertad sexual";"";"";"";"Personas";7
2024;"Otras C.C.A.A.";"Contra la libertad sexual";"";"";"";"Personas";1
2025;"Otras C.C.A.A.";"Contra la libertad sexual";"";"";"";"Personas";1
2024;"Nacionalidad Extranjera";"Contra la libertad sexual";"";"";"";"Personas";7
2025;"Nacionalidad Extranjera";"Contra la libertad sexual";"";"";"";"Personas";14
2024;"Total Europa";"Contra la libertad sexual";"";"";"";"Personas";1
2025;"Total Europa";"Contra la libertad sexual";"";"";"";"Personas";1
2025;"U.E. 27";"Contra la libertad sexual";"";"";"";"Personas";1
2024;"Resto Europa";"Contra la libertad sexual";"";"";"";"Personas";1
2024;"Total África";"Contra la libertad sexual";"";"";"";"Personas";6
2025;"Total África";"Contra la libertad sexual";"";"";"";"Personas";10
2024;"Magreb";"Contra la libertad sexual";"";"";"";"Personas";5
2025;"Magreb";"Contra la libertad sexual";"";"";"";"Personas";7
2024;"Resto África";"Contra la libertad sexual";"";"";"";"Personas";1
2025;"Resto África";"Contra la libertad sexual";"";"";"";"Personas";3
2025;"Total América";"Contra la libertad sexual";"";"";"";"Personas";3
2025;"Latinoamérica";"Contra la libertad sexual";"";"";"";"Personas";3
2024;"Total";"Contra la libertad sexual";"";"";"";"Personas";15
2025;"Total";"Contra la libertad sexual";"";"";"";"Personas";22
2024;"Total C.A de Euskadi + Otras C.C.A.A.";"Contra el patrimonio y el orden socioeconómico";"";"";"";"Personas";1842
2025;"Total C.A de Euskadi + Otras C.C.A.A.";"Contra el patrimonio y el orden socioeconómico";"";"";"";"Personas";1945
2024;"C.A. de Euskadi";"Contra el patrimonio y el orden socioeconómico";"";"";"";"Personas";1392
2025;"C.A. de Euskadi";"Contra el patrimonio y el orden socioeconómico";"";"";"";"Personas";1495
2024;"Otras C.C.A.A.";"Contra el patrimonio y el orden socioeconómico";"";"";"";"Personas";450
2025;"Otras C.C.A.A.";"Contra el patrimonio y el orden socioeconómico";"";"";"";"Personas";450
2024;"Nacionalidad Extranjera";"Contra el patrimonio y el orden socioeconómico";"";"";"";"Personas";2122
2025;"Nacionalidad Extranjera";"Contra el patrimonio y el orden socioeconómico";"";"";"";"Personas";2201
2024;"Total Europa";"Contra el patrimonio y el orden socioeconómico";"";"";"";"Personas";263
2025;"Total Europa";"Contra el patrimonio y el orden socioeconómico";"";"";"";"Personas";336
2024;"U.E. 27";"Contra el patrimonio y el orden socioeconómico";"";"";"";"Personas";140
2025;"U.E. 27";"Contra el patrimonio y el orden socioeconómico";"";"";"";"Personas";214
2024;"Resto Europa";"Contra el patrimonio y el orden socioeconómico";"";"";"";"Personas";123
2025;"Resto Europa";"Contra el patrimonio y el orden socioeconómico";"";"";"";"Personas";122
2024;"Total África";"Contra el patrimonio y el orden socioeconómico";"";"";"";"Personas";1620
2025;"Total África";"Contra el patrimonio y el orden socioeconómico";"";"";"";"Personas";1691
2024;"Magreb";"Contra el patrimonio y el orden socioeconómico";"";"";"";"Personas";1520
2025;"Magreb";"Contra el patrimonio y el orden socioeconómico";"";"";"";"Personas";1643
2024;"Resto África";"Contra el patrimonio y el orden socioeconómico";"";"";"";"Personas";100
2025;"Resto África";"Contra el patrimonio y el orden socioeconómico";"";"";"";"Personas";48
2024;"Total América";"Contra el patrimonio y el orden socioeconómico";"";"";"";"Personas";186
2025;"Total América";"Contra el patrimonio y el orden socioeconómico";"";"";"";"Personas";130
2024;"Latinoamérica";"Contra el patrimonio y el orden socioeconómico";"";"";"";"Personas";183
2025;"Latinoamérica";"Contra el patrimonio y el orden socioeconómico";"";"";"";"Personas";129
2024;"EE.U.U. y Canadá";"Contra el patrimonio y el orden socioeconómico";"";"";"";"Personas";3
2025;"EE.U.U. y Canadá";"Contra el patrimonio y el orden socioeconómico";"";"";"";"Personas";1
2024;"Total Asia";"Contra el patrimonio y el orden socioeconómico";"";"";"";"Personas";16
2025;"Total Asia";"Contra el patrimonio y el orden socioeconómico";"";"";"";"Personas";21
2024;"Total Oceanía";"Contra el patrimonio y el orden socioeconómico";"";"";"";"Personas";1
2024;"Nacionalidad Extranjera SIN ESPECIFICAR";"Contra el patrimonio y el orden socioeconómico";"";"";"";"Personas";36
2025;"Nacionalidad Extranjera SIN ESPECIFICAR";"Contra el patrimonio y el orden socioeconómico";"";"";"";"Personas";23
2024;"Sin Nacionalidad conocida";"Contra el patrimonio y el orden socioeconómico";"";"";"";"Personas";2
2024;"Total";"Contra el patrimonio y el orden socioeconómico";"";"";"";"Personas";3966
2025;"Total";"Contra el patrimonio y el orden socioeconómico";"";"";"";"Personas";4146
2024;"Total C.A de Euskadi + Otras C.C.A.A.";"Contra la seguridad colectiva";"";"";"";"Personas";112
2025;"Total C.A de Euskadi + Otras C.C.A.A.";"Contra la seguridad colectiva";"";"";"";"Personas";99
2024;"C.A. de Euskadi";"Contra la seguridad colectiva";"";"";"";"Personas";94
2025;"C.A. de Euskadi";"Contra la seguridad colectiva";"";"";"";"Personas";90
2024;"Otras C.C.A.A.";"Contra la seguridad colectiva";"";"";"";"Personas";18
2025;"Otras C.C.A.A.";"Contra la seguridad colectiva";"";"";"";"Personas";9
2024;"Nacionalidad Extranjera";"Contra la seguridad colectiva";"";"";"";"Personas";80
2025;"Nacionalidad Extranjera";"Contra la seguridad colectiva";"";"";"";"Personas";59
2024;"Total Europa";"Contra la seguridad colectiva";"";"";"";"Personas";9
2025;"Total Europa";"Contra la seguridad colectiva";"";"";"";"Personas";3
2024;"U.E. 27";"Contra la seguridad colectiva";"";"";"";"Personas";7
2025;"U.E. 27";"Contra la seguridad colectiva";"";"";"";"Personas";1
2024;"Resto Europa";"Contra la seguridad colectiva";"";"";"";"Personas";2
2025;"Resto Europa";"Contra la seguridad colectiva";"";"";"";"Personas";2
2024;"Total África";"Contra la seguridad colectiva";"";"";"";"Personas";30
2025;"Total África";"Contra la seguridad colectiva";"";"";"";"Personas";32
2024;"Magreb";"Contra la seguridad colectiva";"";"";"";"Personas";27
2025;"Magreb";"Contra la seguridad colectiva";"";"";"";"Personas";30
2024;"Resto África";"Contra la seguridad colectiva";"";"";"";"Personas";3
2025;"Resto África";"Contra la seguridad colectiva";"";"";"";"Personas";2
2024;"Total América";"Contra la seguridad colectiva";"";"";"";"Personas";39
2025;"Total América";"Contra la seguridad colectiva";"";"";"";"Personas";20
2024;"Latinoamérica";"Contra la seguridad colectiva";"";"";"";"Personas";39
2025;"Latinoamérica";"Contra la seguridad colectiva";"";"";"";"Personas";20
2024;"Total Asia";"Contra la seguridad colectiva";"";"";"";"Personas";1
2025;"Total Asia";"Contra la seguridad colectiva";"";"";"";"Personas";2
2024;"Nacionalidad Extranjera SIN ESPECIFICAR";"Contra la seguridad colectiva";"";"";"";"Personas";1
2025;"Nacionalidad Extranjera SIN ESPECIFICAR";"Contra la seguridad colectiva";"";"";"";"Personas";2
2024;"Sin Nacionalidad conocida";"Contra la seguridad colectiva";"";"";"";"Personas";1
2024;"Total";"Contra la seguridad colectiva";"";"";"";"Personas";193
2025;"Total";"Contra la seguridad colectiva";"";"";"";"Personas";158
2024;"Total C.A de Euskadi + Otras C.C.A.A.";"Otras infracciones penales";"";"";"";"Personas";442
2025;"Total C.A de Euskadi + Otras C.C.A.A.";"Otras infracciones penales";"";"";"";"Personas";439
2024;"C.A. de Euskadi";"Otras infracciones penales";"";"";"";"Personas";385
2025;"C.A. de Euskadi";"Otras infracciones penales";"";"";"";"Personas";385
2024;"Otras C.C.A.A.";"Otras infracciones penales";"";"";"";"Personas";57
2025;"Otras C.C.A.A.";"Otras infracciones penales";"";"";"";"Personas";54
2024;"Nacionalidad Extranjera";"Otras infracciones penales";"";"";"";"Personas";278
2025;"Nacionalidad Extranjera";"Otras infracciones penales";"";"";"";"Personas";341
2024;"Total Europa";"Otras infracciones penales";"";"";"";"Personas";35
2025;"Total Europa";"Otras infracciones penales";"";"";"";"Personas";59
2024;"U.E. 27";"Otras infracciones penales";"";"";"";"Personas";29
2025;"U.E. 27";"Otras infracciones penales";"";"";"";"Personas";31
2024;"Resto Europa";"Otras infracciones penales";"";"";"";"Personas";6
2025;"Resto Europa";"Otras infracciones penales";"";"";"";"Personas";28
2024;"Total África";"Otras infracciones penales";"";"";"";"Personas";135
2025;"Total África";"Otras infracciones penales";"";"";"";"Personas";179
2024;"Magreb";"Otras infracciones penales";"";"";"";"Personas";98
2025;"Magreb";"Otras infracciones penales";"";"";"";"Personas";151
2024;"Resto África";"Otras infracciones penales";"";"";"";"Personas";37
2025;"Resto África";"Otras infracciones penales";"";"";"";"Personas";28
2024;"Total América";"Otras infracciones penales";"";"";"";"Personas";102
2025;"Total América";"Otras infracciones penales";"";"";"";"Personas";99
2024;"Latinoamérica";"Otras infracciones penales";"";"";"";"Personas";85
2025;"Latinoamérica";"Otras infracciones penales";"";"";"";"Personas";99
2024;"EE.U.U. y Canadá";"Otras infracciones penales";"";"";"";"Personas";17
2024;"Total Asia";"Otras infracciones penales";"";"";"";"Personas";4
2025;"Total Asia";"Otras infracciones penales";"";"";"";"Personas";2
2024;"Nacionalidad Extranjera SIN ESPECIFICAR";"Otras infracciones penales";"";"";"";"Personas";2
2025;"Nacionalidad Extranjera SIN ESPECIFICAR";"Otras infracciones penales";"";"";"";"Personas";2
2024;"Total";"Otras infracciones penales";"";"";"";"Personas";720
2025;"Total";"Otras infracciones penales";"";"";"";"Personas";780
2024;"Total C.A de Euskadi + Otras C.C.A.A.";"Total de Infracciones Penales";"";"";"";"Personas";2685
2025;"Total C.A de Euskadi + Otras C.C.A.A.";"Total de Infracciones Penales";"";"";"";"Personas";2733
2024;"C.A. de Euskadi";"Total de Infracciones Penales";"";"";"";"Personas";2115
2025;"C.A. de Euskadi";"Total de Infracciones Penales";"";"";"";"Personas";2178
2024;"Otras C.C.A.A.";"Total de Infracciones Penales";"";"";"";"Personas";570
2025;"Otras C.C.A.A.";"Total de Infracciones Penales";"";"";"";"Personas";555
2024;"Nacionalidad Extranjera";"Total de Infracciones Penales";"";"";"";"Personas";2655
2025;"Nacionalidad Extranjera";"Total de Infracciones Penales";"";"";"";"Personas";2841
2024;"Total Europa";"Total de Infracciones Penales";"";"";"";"Personas";333
2025;"Total Europa";"Total de Infracciones Penales";"";"";"";"Personas";427
2024;"U.E. 27";"Total de Infracciones Penales";"";"";"";"Personas";199
2025;"U.E. 27";"Total de Infracciones Penales";"";"";"";"Personas";270
2024;"Resto Europa";"Total de Infracciones Penales";"";"";"";"Personas";134
2025;"Resto Europa";"Total de Infracciones Penales";"";"";"";"Personas";157
2024;"Total África";"Total de Infracciones Penales";"";"";"";"Personas";1856
2025;"Total África";"Total de Infracciones Penales";"";"";"";"Personas";2018
2024;"Magreb";"Total de Infracciones Penales";"";"";"";"Personas";1708
2025;"Magreb";"Total de Infracciones Penales";"";"";"";"Personas";1926
2024;"Resto África";"Total de Infracciones Penales";"";"";"";"Personas";148
2025;"Resto África";"Total de Infracciones Penales";"";"";"";"Personas";92
2024;"Total América";"Total de Infracciones Penales";"";"";"";"Personas";403
2025;"Total América";"Total de Infracciones Penales";"";"";"";"Personas";343
2024;"Latinoamérica";"Total de Infracciones Penales";"";"";"";"Personas";383
2025;"Latinoamérica";"Total de Infracciones Penales";"";"";"";"Personas";341
2024;"EE.U.U. y Canadá";"Total de Infracciones Penales";"";"";"";"Personas";20
2025;"EE.U.U. y Canadá";"Total de Infracciones Penales";"";"";"";"Personas";2
2024;"Total Asia";"Total de Infracciones Penales";"";"";"";"Personas";22
2025;"Total Asia";"Total de Infracciones Penales";"";"";"";"Personas";26
2024;"Total Oceanía";"Total de Infracciones Penales";"";"";"";"Personas";1
2024;"Nacionalidad Extranjera SIN ESPECIFICAR";"Total de Infracciones Penales";"";"";"";"Personas";40
2025;"Nacionalidad Extranjera SIN ESPECIFICAR";"Total de Infracciones Penales";"";"";"";"Personas";27
2024;"Sin Nacionalidad conocida";"Total de Infracciones Penales";"";"";"";"Personas";3
2024;"Total";"Total de Infracciones Penales";"";"";"";"Personas";5343
2025;"Total";"Total de Infracciones Penales";"";"";"";"Personas";5574
2024;"Total C.A de Euskadi + Otras C.C.A.A.";"Requisitorias judiciales";"";"";"";"Personas";216
2025;"Total C.A de Euskadi + Otras C.C.A.A.";"Requisitorias judiciales";"";"";"";"Personas";249
2024;"C.A. de Euskadi";"Requisitorias judiciales";"";"";"";"Personas";175
2025;"C.A. de Euskadi";"Requisitorias judiciales";"";"";"";"Personas";198
2024;"Otras C.C.A.A.";"Requisitorias judiciales";"";"";"";"Personas";41
2025;"Otras C.C.A.A.";"Requisitorias judiciales";"";"";"";"Personas";51
2024;"Nacionalidad Extranjera";"Requisitorias judiciales";"";"";"";"Personas";175
2025;"Nacionalidad Extranjera";"Requisitorias judiciales";"";"";"";"Personas";245
2024;"Total Europa";"Requisitorias judiciales";"";"";"";"Personas";24
2025;"Total Europa";"Requisitorias judiciales";"";"";"";"Personas";35
2024;"U.E. 27";"Requisitorias judiciales";"";"";"";"Personas";9
2025;"U.E. 27";"Requisitorias judiciales";"";"";"";"Personas";16
2024;"Resto Europa";"Requisitorias judiciales";"";"";"";"Personas";15
2025;"Resto Europa";"Requisitorias judiciales";"";"";"";"Personas";19
2024;"Total África";"Requisitorias judiciales";"";"";"";"Personas";126
2025;"Total África";"Requisitorias judiciales";"";"";"";"Personas";184
2024;"Magreb";"Requisitorias judiciales";"";"";"";"Personas";115
2025;"Magreb";"Requisitorias judiciales";"";"";"";"Personas";171
2024;"Resto África";"Requisitorias judiciales";"";"";"";"Personas";11
2025;"Resto África";"Requisitorias judiciales";"";"";"";"Personas";13
2024;"Total América";"Requisitorias judiciales";"";"";"";"Personas";23
2025;"Total América";"Requisitorias judiciales";"";"";"";"Personas";22
2024;"Latinoamérica";"Requisitorias judiciales";"";"";"";"Personas";20
2025;"Latinoamérica";"Requisitorias judiciales";"";"";"";"Personas";21
2024;"EE.U.U. y Canadá";"Requisitorias judiciales";"";"";"";"Personas";3
2025;"EE.U.U. y Canadá";"Requisitorias judiciales";"";"";"";"Personas";1
2024;"Total Asia";"Requisitorias judiciales";"";"";"";"Personas";1
2025;"Total Asia";"Requisitorias judiciales";"";"";"";"Personas";3
2024;"Nacionalidad Extranjera SIN ESPECIFICAR";"Requisitorias judiciales";"";"";"";"Personas";1
2025;"Nacionalidad Extranjera SIN ESPECIFICAR";"Requisitorias judiciales";"";"";"";"Personas";1
2024;"Total";"Requisitorias judiciales";"";"";"";"Personas";391
2025;"Total";"Requisitorias judiciales";"";"";"";"Personas";494
2024;"Total C.A de Euskadi + Otras C.C.A.A.";"Total";"";"";"";"Personas";2901
2025;"Total C.A de Euskadi + Otras C.C.A.A.";"Total";"";"";"";"Personas";2982
2024;"C.A. de Euskadi";"Total";"";"";"";"Personas";2290
2025;"C.A. de Euskadi";"Total";"";"";"";"Personas";2376
2024;"Otras C.C.A.A.";"Total";"";"";"";"Personas";611
2025;"Otras C.C.A.A.";"Total";"";"";"";"Personas";606
2024;"Nacionalidad Extranjera";"Total";"";"";"";"Personas";2830
2025;"Nacionalidad Extranjera";"Total";"";"";"";"Personas";3086
2024;"Total Europa";"Total";"";"";"";"Personas";357
2025;"Total Europa";"Total";"";"";"";"Personas";462
2024;"U.E. 27";"Total";"";"";"";"Personas";208
2025;"U.E. 27";"Total";"";"";"";"Personas";286
2024;"Resto Europa";"Total";"";"";"";"Personas";149
2025;"Resto Europa";"Total";"";"";"";"Personas";176
2024;"Total África";"Total";"";"";"";"Personas";1982
2025;"Total África";"Total";"";"";"";"Personas";2202
2024;"Magreb";"Total";"";"";"";"Personas";1823
2025;"Magreb";"Total";"";"";"";"Personas";2097
2024;"Resto África";"Total";"";"";"";"Personas";159
2025;"Resto África";"Total";"";"";"";"Personas";105
2024;"Total América";"Total";"";"";"";"Personas";426
2025;"Total América";"Total";"";"";"";"Personas";365
2024;"Latinoamérica";"Total";"";"";"";"Personas";403
2025;"Latinoamérica";"Total";"";"";"";"Personas";362
2024;"EE.U.U. y Canadá";"Total";"";"";"";"Personas";23
2025;"EE.U.U. y Canadá";"Total";"";"";"";"Personas";3
2024;"Total Asia";"Total";"";"";"";"Personas";23
2025;"Total Asia";"Total";"";"";"";"Personas";29
2024;"Total Oceanía";"Total";"";"";"";"Personas";1
2024;"Nacionalidad Extranjera SIN ESPECIFICAR";"Total";"";"";"";"Personas";41
2025;"Nacionalidad Extranjera SIN ESPECIFICAR";"Total";"";"";"";"Personas";28
2024;"Sin Nacionalidad conocida";"Total";"";"";"";"Personas";3
2024;"Total";"Total";"";"";"";"Personas";5734
2025;"Total";"Total";"";"";"";"Personas";6068
