"Población de la C.A. de Euskadi por ámbitos territoriales, grandes grupos de edad cumplida, sexo y periodo"

"ámbitos territoriales","grandes grupos de edad cumplida","sexo","2001/01/01","2002/01/01","2003/01/01","2004/01/01","2005/01/01","2006/01/01","2007/01/01","2008/01/01","2009/01/01","2010/01/01","2011/01/01","2012/01/01","2013/01/01","2014/01/01","2015/01/01","2016/01/01","2017/01/01","2018/01/01","2019/01/01","2020/01/01","2021/01/01","2022/01/01","2022/07/01","2023/01/01","2023/07/01","2024/01/01","2025/01/01"
"C.A. de Euskadi","Total","Total",2079210,2085058,2089950,2095014,2104396,2115383,2130996,2147754,2162953,2169038,2174033,2181590,2178949,2172877,2173210,2171886,2175819,2180449,2188017,2199711,2193199,2186517,2190468,2196745,2200972,2208007,2218210
"C.A. de Euskadi","Total","Hombres",1015970,1018799,1020775,1023506,1028179,1033400,1040659,1049680,1057433,1059741,1061336,1064377,1061844,1057455,1056881,1055541,1056378,1057944,1061597,1067216,1064041,1060637,1062128,1065289,1067683,1071155,1076674
"C.A. de Euskadi","Total","Mujeres",1063240,1066259,1069175,1071508,1076217,1081983,1090337,1098074,1105520,1109297,1112697,1117213,1117105,1115422,1116329,1116345,1119441,1122505,1126420,1132495,1129158,1125880,1128340,1131456,1133289,1136852,1141536
"C.A. de Euskadi","0 - 19","Total",364028,358344,351155,349597,349321,350929,355111,361338,367199,373108,378257,384490,387782,389411,393289,396028,399169,400409,401766,401529,399734,392372,383356,389412,391890,391302,383111
"C.A. de Euskadi","0 - 19","Hombres",187119,184293,180154,179313,179121,179933,182016,185401,188669,192174,194635,197672,199388,200192,202082,203625,205144,205729,206528,206752,206147,201586,196104,200069,201718,201472,197134
"C.A. de Euskadi","0 - 19","Mujeres",176909,174051,171001,170284,170200,170996,173095,175937,178530,180934,183622,186818,188394,189219,191207,192403,194025,194680,195238,194777,193587,190786,187252,189343,190172,189830,185977
"C.A. de Euskadi","20 - 64","Total",1341527,1345842,1354532,1360371,1369861,1374820,1381042,1387200,1388804,1380698,1371478,1364905,1351051,1333599,1321525,1310684,1305010,1300665,1299513,1303818,1289412,1287549,1293430,1287254,1285187,1287750,1295330
"C.A. de Euskadi","20 - 64","Hombres",673029,676118,681097,684331,689196,691742,694706,698174,699268,694038,689225,685557,677451,667742,661249,655296,651685,648949,648463,650226,642557,643082,646343,642202,640784,642290,646760
"C.A. de Euskadi","20 - 64","Mujeres",668498,669724,673435,676040,680665,683078,686336,689026,689536,686660,682253,679348,673600,665857,660276,655388,653325,651716,651050,653592,646855,644467,647087,645052,644403,645460,648570
"C.A. de Euskadi",">= 65","Total",373655,380872,384263,385046,385214,389634,394843,399216,406950,415232,424298,432195,440116,449867,458396,465174,471640,479375,486738,494364,504053,506596,513679,520079,523895,528954,539769
"C.A. de Euskadi",">= 65","Hombres",155822,158388,159524,159862,159862,161725,163937,166105,169496,173529,177476,181148,185005,189521,193550,196620,199549,203266,206606,210238,215337,215969,219678,223018,225181,227393,232780
"C.A. de Euskadi",">= 65","Mujeres",217833,222484,224739,225184,225352,227909,230906,233111,237454,241703,246822,251047,255111,260346,264846,268554,272091,276109,280132,284126,288716,290627,294001,297061,298714,301561,306989
"Araba/Álava","Total","Total",284596,287560,291038,294012,298166,301800,305732,309786,313561,317016,318730,321862,320266,320032,321777,322335,323592,325518,327967,330209,330189,330692,331597,332851,333783,335146,337680
"Araba/Álava","Total","Hombres",141115,142688,144563,146304,148503,150245,152295,154495,156406,158216,158844,160315,158972,158411,159145,159150,159497,160154,161360,162261,162237,162376,162769,163423,163817,164469,165713
"Araba/Álava","Total","Mujeres",143481,144872,146475,147708,149663,151555,153437,155291,157155,158800,159886,161547,161294,161621,162632,163185,164095,165364,166607,167948,167952,168316,168828,169428,169966,170677,171967
"Araba/Álava","0 - 19","Total",51632,50827,50124,50121,50445,50904,51751,52941,54145,55538,56680,58198,58663,59242,60581,61554,62455,63130,63630,63767,63732,62944,61115,62663,63234,63452,61996
"Araba/Álava","0 - 19","Hombres",26366,25990,25577,25603,25763,26042,26424,27031,27731,28527,29138,29885,30149,30510,31211,31776,32203,32551,32864,32964,32911,32392,31339,32290,32678,32790,31987
"Araba/Álava","0 - 19","Mujeres",25266,24837,24547,24518,24682,24862,25327,25910,26414,27011,27542,28313,28514,28732,29370,29778,30252,30579,30766,30803,30821,30552,29776,30373,30556,30662,30009
"Araba/Álava","20 - 64","Total",187721,190047,193314,195638,198883,201044,203094,205050,206261,206661,205675,205825,202336,199892,198585,196895,196065,195775,196323,196922,195089,195585,196921,195567,195019,195446,197915
"Araba/Álava","20 - 64","Hombres",95124,96439,98262,99595,101387,102401,103563,104670,105213,105408,104694,104774,102457,100820,100062,98932,98399,97990,98299,98456,97570,98052,98788,97995,97593,97869,99136
"Araba/Álava","20 - 64","Mujeres",92597,93608,95052,96043,97496,98643,99531,100380,101048,101253,100981,101051,99879,99072,98523,97963,97666,97785,98024,98466,97519,97533,98133,97572,97426,97577,98779
"Araba/Álava",">= 65","Total",45243,46686,47600,48253,48838,49852,50887,51795,53155,54817,56375,57839,59267,60898,62611,63886,65072,66613,68014,69520,71368,72163,73561,74621,75530,76248,77769
"Araba/Álava",">= 65","Hombres",19625,20259,20724,21106,21353,21802,22308,22794,23462,24281,25012,25656,26366,27081,27872,28442,28895,29613,30197,30841,31756,31932,32642,33138,33546,33810,34590
"Araba/Álava",">= 65","Mujeres",25618,26427,26876,27147,27485,28050,28579,29001,29693,30536,31363,32183,32901,33817,34739,35444,36177,37000,37817,38679,39612,40231,40919,41483,41984,42438,43179
"Bizkaia","Total","Total",1122180,1120591,1119849,1119697,1122410,1127291,1137948,1144424,1151125,1151708,1152406,1154134,1150792,1144214,1141442,1138852,1139426,1140662,1142853,1149044,1144123,1139209,1141184,1144019,1146660,1150037,1155733
"Bizkaia","Total","Hombres",545160,543985,543047,542725,543861,546277,551085,554513,557929,557784,557780,558153,555809,551855,549984,548636,548408,548872,549721,552871,550537,548131,549001,550540,552138,553841,556998
"Bizkaia","Total","Mujeres",577020,576606,576802,576972,578549,581014,586863,589911,593196,593924,594626,595981,594983,592359,591458,590216,591018,591790,593132,596173,593586,591078,592183,593479,594522,596196,598735
"Bizkaia","0 - 19","Total",191583,187692,183163,181471,180543,181137,183514,186072,188494,190687,192472,195134,196115,196210,197308,198073,199287,199883,200460,200653,199653,195706,192418,194164,195382,194874,191199
"Bizkaia","0 - 19","Hombres",98437,96424,94001,93101,92611,92888,94115,95589,96866,98244,99043,100368,100829,100806,101324,101661,102313,102611,102916,103279,103006,100529,98293,99703,100540,100361,98369
"Bizkaia","0 - 19","Mujeres",93146,91268,89162,88370,87932,88249,89399,90483,91628,92443,93429,94766,95286,95404,95984,96412,96974,97272,97544,97374,96647,95177,94125,94461,94842,94513,92830
"Bizkaia","20 - 64","Total",721741,720830,723333,725076,729233,731371,736492,738308,738954,733463,728462,724111,716334,705099,697343,690853,687449,684503,682646,685165,676689,674331,676074,674020,673399,674664,677986
"Bizkaia","20 - 64","Hombres",359601,359569,360907,361789,363751,365083,367451,368335,369015,365702,363388,360925,356526,350562,346333,343256,341084,339536,338538,339619,335152,334889,336147,334521,333984,334755,336942
"Bizkaia","20 - 64","Mujeres",362140,361261,362426,363287,365482,366288,369041,369973,369939,367761,365074,363186,359808,354537,351010,347597,346365,344967,344108,345546,341537,339442,339927,339499,339415,339909,341044
"Bizkaia",">= 65","Total",208856,212069,213353,213150,212634,214783,217942,220044,223677,227558,231472,234889,238343,242905,246791,249926,252690,256276,259747,263226,267781,269172,272690,275835,277879,280498,286548
"Bizkaia",">= 65","Hombres",87122,87992,88139,87835,87499,88306,89519,90589,92048,93838,95349,96860,98454,100487,102327,103719,105011,106725,108267,109973,112379,112713,114559,116316,117614,118725,121687
"Bizkaia",">= 65","Mujeres",121734,124077,125214,125315,125135,126477,128423,129455,131629,133720,136123,138029,139889,142418,144464,146207,147679,149551,151480,153253,155402,156459,158131,159519,160265,161773,164861
"Gipuzkoa","Total","Total",672434,676907,679063,681305,683820,686292,687316,693544,698267,700314,702897,705594,707891,708631,709991,710699,712801,714269,717197,720458,718887,716616,717687,719875,720529,722824,724797
"Gipuzkoa","Total","Hombres",329695,332126,333165,334477,335815,336878,337279,340672,343098,343741,344712,345909,347063,347189,347752,347755,348473,348918,350516,352084,351267,350130,350358,351326,351728,352845,353963
"Gipuzkoa","Total","Mujeres",342739,344781,345898,346828,348005,349414,350037,352872,355169,356573,358185,359685,360828,361442,362239,362944,364328,365351,366681,368374,367620,366486,367329,368549,368801,369979,370834
"Gipuzkoa","0 - 19","Total",120813,119825,117868,118005,118333,118888,119846,122325,124560,126883,129105,131158,133004,133959,135400,136401,137427,137396,137676,137109,136349,133722,129823,132585,133274,132976,129916
"Gipuzkoa","0 - 19","Hombres",62316,61879,60576,60609,60747,61003,61477,62781,64072,65403,66454,67419,68410,68876,69547,70188,70628,70567,70748,70509,70230,68665,66472,68076,68500,68321,66778
"Gipuzkoa","0 - 19","Mujeres",58497,57946,57292,57396,57586,57885,58369,59544,60488,61480,62651,63739,64594,65083,65853,66213,66799,66829,66928,66600,66119,65057,63351,64509,64774,64655,63138
"Gipuzkoa","20 - 64","Total",432065,434965,437885,439657,441745,442405,441456,443842,443589,440574,437341,434969,432381,428608,425597,422936,421496,420387,420544,421731,417634,417633,420435,417667,416769,417640,419429
"Gipuzkoa","20 - 64","Hombres",218304,220110,221928,222947,224058,224258,223692,225169,225040,222928,221143,219858,218468,216360,214854,213108,212202,211423,211626,212151,209835,210141,211408,209686,209207,209666,210682
"Gipuzkoa","20 - 64","Mujeres",213761,214855,215957,216710,217687,218147,217764,218673,218549,217646,216198,215111,213913,212248,210743,209828,209294,208964,208918,209580,207799,207492,209027,207981,207562,207974,208747
"Gipuzkoa",">= 65","Total",119556,122117,123310,123643,123742,124999,126014,127377,130118,132857,136451,139467,142506,146064,148994,151362,153878,156486,158977,161618,164904,165261,167428,169623,170486,172208,175452
"Gipuzkoa",">= 65","Hombres",49075,50137,50661,50921,51010,51617,52110,52722,53986,55410,57115,58632,60185,61953,63351,64459,65643,66928,68142,69424,71202,71324,72477,73564,74021,74858,76503
"Gipuzkoa",">= 65","Mujeres",70481,71980,72649,72722,72732,73382,73904,74655,76132,77447,79336,80835,82321,84111,85643,86903,88235,89558,90835,92194,93702,93937,94951,96059,96465,97350,98949
"Añana (comarca)","Total","Total",4850,4945,4961,5166,5297,5420,5548,5654,5721,5905,5951,6023,5998,6016,5980,5930,6032,6075,6099,6159,6267,6329,6299,6309,6323,6367,6468
"Añana (comarca)","Total","Hombres",2602,2650,2667,2779,2885,2984,3043,3100,3119,3229,3254,3278,3275,3284,3275,3258,3315,3324,3347,3354,3417,3471,3455,3470,3459,3487,3545
"Añana (comarca)","Total","Mujeres",2248,2295,2294,2387,2412,2436,2505,2554,2602,2676,2697,2745,2723,2732,2705,2672,2717,2751,2752,2805,2850,2858,2844,2839,2864,2880,2923
"Añana (comarca)","0 - 19","Total",589,595,588,660,683,743,768,823,871,936,955,993,1022,1036,1057,1028,1059,1046,1052,1048,1031,1011,969,959,1005,1004,998
"Añana (comarca)","0 - 19","Hombres",290,295,307,345,361,419,420,441,463,501,507,525,544,553,570,572,595,582,576,575,547,541,513,502,524,524,516
"Añana (comarca)","0 - 19","Mujeres",299,300,281,315,322,324,348,382,408,435,448,468,478,483,487,456,464,464,476,473,484,470,456,457,481,480,482
"Añana (comarca)","20 - 64","Total",3085,3126,3182,3271,3385,3430,3520,3601,3615,3738,3744,3784,3761,3750,3688,3674,3733,3736,3737,3771,3840,3904,3882,3883,3867,3901,3963
"Añana (comarca)","20 - 64","Hombres",1747,1773,1794,1847,1928,1962,2010,2052,2048,2123,2127,2142,2148,2135,2099,2086,2106,2095,2118,2096,2141,2170,2164,2170,2145,2172,2197
"Añana (comarca)","20 - 64","Mujeres",1338,1353,1388,1424,1457,1468,1510,1549,1567,1615,1617,1642,1613,1615,1589,1588,1627,1641,1619,1675,1699,1734,1718,1713,1722,1729,1766
"Añana (comarca)",">= 65","Total",1176,1224,1191,1235,1229,1247,1260,1230,1235,1231,1252,1246,1215,1230,1235,1228,1240,1293,1310,1340,1396,1414,1448,1467,1451,1462,1507
"Añana (comarca)",">= 65","Hombres",565,582,566,587,596,603,613,607,608,605,620,611,583,596,606,600,614,647,653,683,729,760,778,798,790,791,832
"Añana (comarca)",">= 65","Mujeres",611,642,625,648,633,644,647,623,627,626,632,635,632,634,629,628,626,646,657,657,667,654,670,669,661,671,675
"Arabako Errioxa / Rioja Alavesa","Total","Total",10069,10269,10396,10643,10836,11013,11307,11515,11513,11594,11648,11663,11575,11574,11613,11484,11509,11527,11545,11624,11697,11736,11763,11762,11718,11777,11935
"Arabako Errioxa / Rioja Alavesa","Total","Hombres",5210,5354,5409,5549,5643,5723,5867,5976,5985,6026,6076,6077,6014,5994,6012,5928,5951,5958,5942,6007,6049,6076,6081,6111,6092,6116,6174
"Arabako Errioxa / Rioja Alavesa","Total","Mujeres",4859,4915,4987,5094,5193,5290,5440,5539,5528,5568,5572,5586,5561,5580,5601,5556,5558,5569,5603,5617,5648,5660,5682,5651,5626,5661,5761
"Arabako Errioxa / Rioja Alavesa","0 - 19","Total",1757,1731,1750,1798,1839,1920,2008,2071,2086,2135,2209,2264,2268,2308,2335,2329,2340,2393,2405,2402,2380,2326,2340,2277,2300,2316,2311
"Arabako Errioxa / Rioja Alavesa","0 - 19","Hombres",885,900,917,939,943,976,1027,1041,1057,1089,1136,1164,1157,1180,1209,1204,1207,1232,1233,1243,1220,1192,1204,1163,1168,1179,1183
"Arabako Errioxa / Rioja Alavesa","0 - 19","Mujeres",872,831,833,859,896,944,981,1030,1029,1046,1073,1100,1111,1128,1126,1125,1133,1161,1172,1159,1160,1134,1136,1114,1132,1137,1128
"Arabako Errioxa / Rioja Alavesa","20 - 64","Total",6007,6175,6330,6509,6689,6817,7032,7184,7147,7150,7123,7087,6995,6970,6966,6851,6838,6769,6767,6828,6886,6948,6934,6947,6908,6976,7043
"Arabako Errioxa / Rioja Alavesa","20 - 64","Hombres",3244,3342,3410,3519,3629,3697,3801,3888,3881,3881,3863,3825,3766,3728,3723,3643,3657,3616,3608,3634,3673,3733,3699,3730,3715,3740,3756
"Arabako Errioxa / Rioja Alavesa","20 - 64","Mujeres",2763,2833,2920,2990,3060,3120,3231,3296,3266,3269,3260,3262,3229,3242,3243,3208,3181,3153,3159,3194,3213,3215,3235,3217,3193,3236,3287
"Arabako Errioxa / Rioja Alavesa",">= 65","Total",2305,2363,2316,2336,2308,2276,2267,2260,2280,2309,2316,2312,2312,2296,2312,2304,2331,2365,2373,2394,2431,2462,2489,2538,2510,2485,2581
"Arabako Errioxa / Rioja Alavesa",">= 65","Hombres",1081,1112,1082,1091,1071,1050,1039,1047,1047,1056,1077,1088,1091,1086,1080,1081,1087,1110,1101,1130,1156,1151,1178,1218,1209,1197,1235
"Arabako Errioxa / Rioja Alavesa",">= 65","Mujeres",1224,1251,1234,1245,1237,1226,1228,1213,1233,1253,1239,1224,1221,1210,1232,1223,1244,1255,1272,1264,1275,1311,1311,1320,1301,1288,1346
"Arabako Kantaurialdea / Cantábrica Alavesa","Total","Total",32621,32510,32659,32948,33221,33435,33715,33834,34082,34247,34453,34622,34665,34681,34578,34522,34677,34823,34791,34704,34454,34306,34369,34368,34412,34496,34610
"Arabako Kantaurialdea / Cantábrica Alavesa","Total","Hombres",16240,16183,16269,16424,16578,16680,16814,16882,16986,17087,17130,17215,17226,17205,17118,17096,17143,17178,17098,17037,16905,16824,16863,16850,16866,16925,16961
"Arabako Kantaurialdea / Cantábrica Alavesa","Total","Mujeres",16381,16327,16390,16524,16643,16755,16901,16952,17096,17160,17323,17407,17439,17476,17460,17426,17534,17645,17693,17667,17549,17482,17506,17518,17546,17571,17649
"Arabako Kantaurialdea / Cantábrica Alavesa","0 - 19","Total",5855,5636,5522,5469,5461,5419,5497,5528,5560,5668,5760,5867,5899,6002,6067,6166,6236,6363,6412,6423,6402,6360,6313,6334,6345,6365,6246
"Arabako Kantaurialdea / Cantábrica Alavesa","0 - 19","Hombres",3000,2901,2822,2792,2774,2761,2808,2871,2870,2939,2979,3053,3074,3136,3174,3226,3286,3335,3350,3368,3350,3305,3280,3294,3279,3288,3232
"Arabako Kantaurialdea / Cantábrica Alavesa","0 - 19","Mujeres",2855,2735,2700,2677,2687,2658,2689,2657,2690,2729,2781,2814,2825,2866,2893,2940,2950,3028,3062,3055,3052,3055,3033,3040,3066,3077,3014
"Arabako Kantaurialdea / Cantábrica Alavesa","20 - 64","Total",21322,21288,21446,21706,21877,22066,22179,22125,22258,22100,21986,21902,21758,21476,21152,20827,20775,20650,20469,20231,19976,19778,19812,19677,19623,19623,19684
"Arabako Kantaurialdea / Cantábrica Alavesa","20 - 64","Hombres",10786,10774,10894,11029,11164,11260,11320,11260,11338,11243,11151,11083,11011,10835,10623,10482,10434,10355,10264,10105,9976,9906,9917,9824,9814,9851,9870
"Arabako Kantaurialdea / Cantábrica Alavesa","20 - 64","Mujeres",10536,10514,10552,10677,10713,10806,10859,10865,10920,10857,10835,10819,10747,10641,10529,10345,10341,10295,10205,10126,10000,9872,9895,9853,9809,9772,9814
"Arabako Kantaurialdea / Cantábrica Alavesa",">= 65","Total",5444,5586,5691,5773,5883,5950,6039,6181,6264,6479,6707,6853,7008,7203,7359,7529,7666,7810,7910,8050,8076,8168,8244,8357,8444,8508,8680
"Arabako Kantaurialdea / Cantábrica Alavesa",">= 65","Hombres",2454,2508,2553,2603,2640,2659,2686,2751,2778,2905,3000,3079,3141,3234,3321,3388,3423,3488,3484,3564,3579,3613,3666,3732,3773,3786,3859
"Arabako Kantaurialdea / Cantábrica Alavesa",">= 65","Mujeres",2990,3078,3138,3170,3243,3291,3353,3430,3486,3574,3707,3774,3867,3969,4038,4141,4243,4322,4426,4486,4497,4555,4578,4625,4671,4722,4821
"Arabako Lautada / Llanada Alavesa","Total","Total",227153,229715,232635,234552,237932,240897,243929,247371,250653,253511,254761,257458,256003,255941,257808,258641,259639,261289,263710,265868,265498,265938,266803,268014,268835,269971,272119
"Arabako Lautada / Llanada Alavesa","Total","Hombres",111816,113138,114667,115815,117582,118983,120581,122478,124140,125598,126021,127275,126004,125587,126421,126566,126824,127405,128677,129543,129306,129403,129770,130382,130776,131290,132382
"Arabako Lautada / Llanada Alavesa","Total","Mujeres",115337,116577,117968,118737,120350,121914,123348,124893,126513,127913,128740,130183,129999,130354,131387,132075,132815,133884,135033,136325,136192,136535,137033,137632,138059,138681,139737
"Arabako Lautada / Llanada Alavesa","0 - 19","Total",41893,41274,40624,40470,40694,40982,41551,42497,43546,44648,45567,46758,47145,47616,48832,49745,50495,51032,51516,51700,51657,51004,49294,50917,51337,51537,50274
"Arabako Lautada / Llanada Alavesa","0 - 19","Hombres",21397,21068,20684,20619,20765,20933,21171,21637,22279,22892,23385,23947,24161,24460,25084,25601,25915,26221,26536,26625,26602,26171,25171,26184,26520,26612,25913
"Arabako Lautada / Llanada Alavesa","0 - 19","Mujeres",20496,20206,19940,19851,19929,20049,20380,20860,21267,21756,22182,22811,22984,23156,23748,24144,24580,24811,24980,25075,25055,24833,24123,24733,24817,24925,24361
"Arabako Lautada / Llanada Alavesa","20 - 64","Total",151010,153059,155740,157293,159935,161657,163169,164855,165841,166173,165243,165454,162322,160367,159506,158351,157612,157520,158210,158915,156975,157461,158777,157541,157105,157420,159682
"Arabako Lautada / Llanada Alavesa","20 - 64","Hombres",75880,77035,78489,79411,80796,81589,82462,83458,83849,84016,83380,83539,81410,80092,79615,78757,78321,78048,78440,78735,77761,78187,78954,78225,77905,78104,79293
"Arabako Lautada / Llanada Alavesa","20 - 64","Mujeres",75130,76024,77251,77882,79139,80068,80707,81397,81992,82157,81863,81915,80912,80275,79891,79594,79291,79472,79770,80180,79214,79274,79823,79316,79200,79316,80389
"Arabako Lautada / Llanada Alavesa",">= 65","Total",34250,35382,36271,36789,37303,38258,39209,40019,41266,42690,43951,45246,46536,47958,49470,50545,51532,52737,53984,55253,56866,57473,58732,59556,60393,61014,62163
"Arabako Lautada / Llanada Alavesa",">= 65","Hombres",14539,15035,15494,15785,16021,16461,16948,17383,18012,18690,19256,19789,20433,21035,21722,22208,22588,23136,23701,24183,24943,25045,25645,25973,26351,26574,27176
"Arabako Lautada / Llanada Alavesa",">= 65","Mujeres",19711,20347,20777,21004,21282,21797,22261,22636,23254,24000,24695,25457,26103,26923,27748,28337,28944,29601,30283,31070,31923,32428,33087,33583,34042,34440,34987
"Arabako Mendialdea / Montaña Alavesa","Total","Total",3089,3089,3104,3138,3143,3141,3155,3172,3197,3203,3192,3209,3170,3063,3009,2981,3009,3013,3009,3023,3180,3243,3235,3208,3204,3232,3258
"Arabako Mendialdea / Montaña Alavesa","Total","Hombres",1701,1704,1734,1765,1752,1733,1743,1752,1760,1758,1764,1768,1767,1706,1677,1664,1674,1678,1675,1695,1768,1785,1787,1781,1768,1784,1797
"Arabako Mendialdea / Montaña Alavesa","Total","Mujeres",1388,1385,1370,1373,1391,1408,1412,1420,1437,1445,1428,1441,1403,1357,1332,1317,1335,1335,1334,1328,1412,1458,1448,1427,1436,1448,1461
"Arabako Mendialdea / Montaña Alavesa","0 - 19","Total",338,339,333,339,348,337,346,366,372,386,396,441,448,434,432,418,447,436,434,436,490,500,495,477,489,496,487
"Arabako Mendialdea / Montaña Alavesa","0 - 19","Hombres",178,176,177,183,192,181,186,195,195,205,215,235,241,235,229,221,235,227,236,235,261,266,273,262,268,277,263
"Arabako Mendialdea / Montaña Alavesa","0 - 19","Mujeres",160,163,156,156,156,156,160,171,177,181,181,206,207,199,203,197,212,209,198,201,229,234,222,215,221,219,224
"Arabako Mendialdea / Montaña Alavesa","20 - 64","Total",1849,1840,1872,1916,1923,1943,1946,1952,1970,1974,1932,1917,1874,1800,1754,1745,1757,1753,1770,1777,1857,1919,1917,1886,1869,1889,1924
"Arabako Mendialdea / Montaña Alavesa","20 - 64","Hombres",1077,1074,1104,1133,1129,1124,1128,1137,1145,1134,1118,1109,1091,1042,1021,1023,1015,1017,1017,1033,1071,1087,1079,1066,1047,1054,1072
"Arabako Mendialdea / Montaña Alavesa","20 - 64","Mujeres",772,766,768,783,794,819,818,815,825,840,814,808,783,758,733,722,742,736,753,744,786,832,838,820,822,835,852
"Arabako Mendialdea / Montaña Alavesa",">= 65","Total",902,910,899,883,872,861,863,854,855,843,864,851,848,829,823,818,805,824,805,810,833,824,823,845,846,847,847
"Arabako Mendialdea / Montaña Alavesa",">= 65","Hombres",446,454,453,449,431,428,429,420,420,419,431,424,435,429,427,420,424,434,422,427,436,432,435,453,453,453,462
"Arabako Mendialdea / Montaña Alavesa",">= 65","Mujeres",456,456,446,434,441,433,434,434,435,424,433,427,413,400,396,398,381,390,383,383,397,392,388,392,393,394,385
"Arratia-Nerbioi / Arratia-Nervión","Total","Total",21415,21524,21676,21856,21956,22097,22345,22774,23025,23201,23499,23673,23778,23751,23724,23686,23735,23805,23932,24024,24136,24104,24124,24135,24158,24298,24402
"Arratia-Nerbioi / Arratia-Nervión","Total","Hombres",10797,10865,10970,11076,11101,11153,11284,11490,11639,11713,11827,11871,11936,11915,11852,11838,11876,11945,12082,12102,12146,12140,12136,12144,12156,12232,12285
"Arratia-Nerbioi / Arratia-Nervión","Total","Mujeres",10618,10659,10706,10780,10855,10944,11061,11284,11386,11488,11672,11802,11842,11836,11872,11848,11859,11860,11850,11922,11990,11964,11988,11991,12002,12066,12117
"Arratia-Nerbioi / Arratia-Nervión","0 - 19","Total",3599,3587,3544,3589,3608,3698,3722,3891,3928,4052,4169,4283,4426,4491,4532,4597,4637,4736,4813,4772,4766,4685,4575,4608,4641,4680,4594
"Arratia-Nerbioi / Arratia-Nervión","0 - 19","Hombres",1892,1880,1885,1911,1904,1936,1947,2080,2075,2129,2202,2240,2310,2335,2345,2374,2391,2480,2541,2501,2510,2478,2399,2415,2412,2424,2385
"Arratia-Nerbioi / Arratia-Nervión","0 - 19","Mujeres",1707,1707,1659,1678,1704,1762,1775,1811,1853,1923,1967,2043,2116,2156,2187,2223,2246,2256,2272,2271,2256,2207,2176,2193,2229,2256,2209
"Arratia-Nerbioi / Arratia-Nervión","20 - 64","Total",13304,13354,13602,13827,13975,14096,14345,14585,14793,14838,14977,14983,14909,14727,14606,14401,14375,14262,14284,14288,14302,14274,14306,14218,14165,14209,14271
"Arratia-Nerbioi / Arratia-Nervión","20 - 64","Hombres",6912,6961,7103,7214,7282,7331,7458,7528,7663,7681,7704,7679,7656,7571,7475,7366,7361,7302,7345,7320,7311,7320,7330,7279,7291,7326,7358
"Arratia-Nerbioi / Arratia-Nervión","20 - 64","Mujeres",6392,6393,6499,6613,6693,6765,6887,7057,7130,7157,7273,7304,7253,7156,7131,7035,7014,6960,6939,6968,6991,6954,6976,6939,6874,6883,6913
"Arratia-Nerbioi / Arratia-Nervión",">= 65","Total",4512,4583,4530,4440,4373,4303,4278,4298,4304,4311,4353,4407,4443,4533,4586,4688,4723,4807,4835,4964,5068,5145,5243,5309,5352,5409,5537
"Arratia-Nerbioi / Arratia-Nervión",">= 65","Hombres",1993,2024,1982,1951,1915,1886,1879,1882,1901,1903,1921,1952,1970,2009,2032,2098,2124,2163,2196,2281,2325,2342,2407,2450,2453,2482,2542
"Arratia-Nerbioi / Arratia-Nervión",">= 65","Mujeres",2519,2559,2548,2489,2458,2417,2399,2416,2403,2408,2432,2455,2473,2524,2554,2590,2599,2644,2639,2683,2743,2803,2836,2859,2899,2927,2995
"Bidasoa Beherea / Bajo Bidasoa","Total","Total",71616,72723,73535,74539,75082,75620,76157,76465,76493,76384,76342,76177,76337,76327,76623,76765,76828,76627,76836,77192,77536,77042,76924,77220,77454,77854,77625
"Bidasoa Beherea / Bajo Bidasoa","Total","Hombres",35140,35731,36166,36739,37057,37344,37552,37714,37668,37533,37482,37390,37472,37441,37553,37590,37564,37420,37510,37686,37950,37692,37568,37729,37854,38037,37856
"Bidasoa Beherea / Bajo Bidasoa","Total","Mujeres",36476,36992,37369,37800,38025,38276,38605,38751,38825,38851,38860,38787,38865,38886,39070,39175,39264,39207,39326,39506,39586,39350,39356,39491,39600,39817,39769
"Bidasoa Beherea / Bajo Bidasoa","0 - 19","Total",13330,13269,13084,13331,13441,13603,13834,13974,14070,14368,14459,14583,14685,14697,14820,14841,14724,14614,14607,14499,14428,14010,13022,13900,14017,13959,13364
"Bidasoa Beherea / Bajo Bidasoa","0 - 19","Hombres",6927,6887,6798,6922,6984,7073,7191,7228,7238,7437,7474,7553,7603,7619,7668,7696,7635,7554,7535,7482,7475,7222,6680,7201,7233,7182,6846
"Bidasoa Beherea / Bajo Bidasoa","0 - 19","Mujeres",6403,6382,6286,6409,6457,6530,6643,6746,6832,6931,6985,7030,7082,7078,7152,7145,7089,7060,7072,7017,6953,6788,6342,6699,6784,6777,6518
"Bidasoa Beherea / Bajo Bidasoa","20 - 64","Total",46702,47531,48322,48984,49462,49646,49674,49630,49314,48595,48104,47435,47013,46534,46316,46046,45918,45569,45431,45561,45281,45339,45883,44932,44943,45155,45175
"Bidasoa Beherea / Bajo Bidasoa","20 - 64","Hombres",23507,24002,24428,24798,25070,25185,25156,25181,25008,24509,24237,23872,23690,23443,23348,23155,23030,22873,22840,22898,22765,22845,23089,22587,22610,22726,22716
"Bidasoa Beherea / Bajo Bidasoa","20 - 64","Mujeres",23195,23529,23894,24186,24392,24461,24518,24449,24306,24086,23867,23563,23323,23091,22968,22891,22888,22696,22591,22663,22516,22494,22794,22345,22333,22429,22459
"Bidasoa Beherea / Bajo Bidasoa",">= 65","Total",11584,11923,12129,12224,12179,12371,12649,12861,13109,13421,13779,14159,14639,15096,15487,15878,16186,16444,16798,17132,17827,17693,18019,18388,18494,18740,19086
"Bidasoa Beherea / Bajo Bidasoa",">= 65","Hombres",4706,4842,4940,5019,5003,5086,5205,5305,5422,5587,5771,5965,6179,6379,6537,6739,6899,6993,7135,7306,7710,7625,7799,7941,8011,8129,8294
"Bidasoa Beherea / Bajo Bidasoa",">= 65","Mujeres",6878,7081,7189,7205,7176,7285,7444,7556,7687,7834,8008,8194,8460,8717,8950,9139,9287,9451,9663,9826,10117,10068,10220,10447,10483,10611,10792
"Bilbo Handia / Gran Bilbao","Total","Total",864244,861516,859033,857012,858445,861535,868484,871395,875560,874879,873742,872826,868810,862813,859907,857044,857016,857343,858236,863090,857176,852635,854097,856313,858317,860793,865092
"Bilbo Handia / Gran Bilbao","Total","Hombres",416944,415257,413503,412137,412679,414187,417156,418623,420759,420139,419352,418388,415862,412451,410540,409052,408572,408545,408776,411306,408709,406567,407276,408538,409755,411105,413484
"Bilbo Handia / Gran Bilbao","Total","Mujeres",447300,446259,445530,444875,445766,447348,451328,452772,454801,454740,454390,454438,452948,450362,449367,447992,448444,448798,449460,451784,448467,446068,446821,447775,448562,449688,451608
"Bilbo Handia / Gran Bilbao","0 - 19","Total",145582,142207,138301,136596,135641,135754,137389,138838,140359,141515,142433,143688,143806,143576,144144,144321,144921,145146,145244,145420,144311,141297,139245,140453,141192,140856,138502
"Bilbo Handia / Gran Bilbao","0 - 19","Hombres",74901,73169,71081,70213,69750,69792,70627,71487,72292,73001,73350,73930,73978,73817,74064,74123,74487,74540,74528,74796,74392,72570,71032,72056,72623,72541,71151
"Bilbo Handia / Gran Bilbao","0 - 19","Mujeres",70681,69038,67220,66383,65891,65962,66762,67351,68067,68514,69083,69758,69828,69759,70080,70198,70434,70606,70716,70624,69919,68727,68213,68397,68569,68315,67351
"Bilbo Handia / Gran Bilbao","20 - 64","Total",557231,555389,555581,555352,557797,558758,561391,561152,560964,556125,551068,546423,539695,530421,524218,518933,516294,513811,512153,514370,506516,504417,505231,504064,503772,504768,507183
"Bilbo Handia / Gran Bilbao","20 - 64","Hombres",275571,275018,275164,274878,275990,276702,277826,277554,277790,275121,272886,270296,266557,261741,258403,255876,254216,253001,252104,253243,249346,249068,249894,248866,248451,249141,250901
"Bilbo Handia / Gran Bilbao","20 - 64","Mujeres",281660,280371,280417,280474,281807,282056,283565,283598,283174,281004,278182,276127,273138,268680,265815,263057,262078,260810,260049,261127,257170,255349,255337,255198,255321,255627,256282
"Bilbo Handia / Gran Bilbao",">= 65","Total",161431,163920,165151,165064,165007,167023,169704,171405,174237,177239,180241,182715,185309,188816,191545,193790,195801,198386,200839,203300,206349,206921,209619,211796,213353,215168,219407
"Bilbo Handia / Gran Bilbao",">= 65","Hombres",66472,67070,67258,67046,66939,67693,68703,69582,70677,72017,73116,74162,75327,76893,78073,79053,79869,81004,82144,83267,84971,84929,86348,87616,88681,89423,91432
"Bilbo Handia / Gran Bilbao",">= 65","Mujeres",94959,96850,97893,98018,98068,99330,101001,101823,103560,105222,107125,108553,109982,111923,113472,114737,115932,117382,118695,120033,121378,121992,123271,124180,124672,125745,127975
"Debabarrena / Bajo Deba","Total","Total",54604,54589,54358,54157,53988,53814,53901,54347,54460,54590,54719,55021,55173,55230,55317,55307,55498,55579,55686,55870,55170,54863,54773,54775,54797,55011,55238
"Debabarrena / Bajo Deba","Total","Hombres",27030,27065,26925,26803,26725,26623,26623,26887,26970,26958,26995,27164,27226,27269,27262,27243,27356,27365,27445,27516,27102,26920,26903,26886,26952,27059,27153
"Debabarrena / Bajo Deba","Total","Mujeres",27574,27524,27433,27354,27263,27191,27278,27460,27490,27632,27724,27857,27947,27961,28055,28064,28142,28214,28241,28354,28068,27943,27870,27889,27845,27952,28085
"Debabarrena / Bajo Deba","0 - 19","Total",8884,8692,8506,8399,8381,8374,8436,8717,8840,8974,9188,9494,9759,9922,10203,10393,10553,10631,10735,10772,10557,10466,10313,10307,10337,10377,10227
"Debabarrena / Bajo Deba","0 - 19","Hombres",4572,4457,4332,4258,4261,4244,4232,4388,4452,4536,4626,4812,4938,5018,5156,5285,5378,5410,5475,5522,5418,5364,5289,5289,5305,5324,5228
"Debabarrena / Bajo Deba","0 - 19","Mujeres",4312,4235,4174,4141,4120,4130,4204,4329,4388,4438,4562,4682,4821,4904,5047,5108,5175,5221,5260,5250,5139,5102,5024,5018,5032,5053,4999
"Debabarrena / Bajo Deba","20 - 64","Total",34195,34260,34214,34182,34140,34047,34033,34194,34099,33968,33665,33490,33293,32977,32684,32340,32237,32130,31998,31925,31405,31109,31037,30924,30892,30970,31053
"Debabarrena / Bajo Deba","20 - 64","Hombres",17604,17690,17688,17666,17653,17605,17616,17716,17674,17516,17374,17274,17134,16971,16770,16539,16493,16405,16349,16271,15934,15773,15720,15663,15684,15727,15800
"Debabarrena / Bajo Deba","20 - 64","Mujeres",16591,16570,16526,16516,16487,16442,16417,16478,16425,16452,16291,16216,16159,16006,15914,15801,15744,15725,15649,15654,15471,15336,15317,15261,15208,15243,15253
"Debabarrena / Bajo Deba",">= 65","Total",11525,11637,11638,11576,11467,11393,11432,11436,11521,11648,11866,12037,12121,12331,12430,12574,12708,12818,12953,13173,13208,13288,13423,13544,13568,13664,13958
"Debabarrena / Bajo Deba",">= 65","Hombres",4854,4918,4905,4879,4811,4774,4775,4783,4844,4906,4995,5078,5154,5280,5336,5419,5485,5550,5621,5723,5750,5783,5894,5934,5963,6008,6125
"Debabarrena / Bajo Deba",">= 65","Mujeres",6671,6719,6733,6697,6656,6619,6657,6653,6677,6742,6871,6959,6967,7051,7094,7155,7223,7268,7332,7450,7458,7505,7529,7610,7605,7656,7833
"Debagoiena / Alto Deba","Total","Total",61460,61685,61525,61344,61286,61223,61084,61231,61483,61554,61668,62185,62622,62850,62765,62734,63075,63068,63170,63313,62642,62489,62571,62735,62897,63087,63287
"Debagoiena / Alto Deba","Total","Hombres",30781,30934,30819,30759,30748,30711,30596,30666,30769,30789,30851,31154,31394,31451,31357,31238,31381,31361,31378,31408,31046,31007,30979,31041,31096,31153,31291
"Debagoiena / Alto Deba","Total","Mujeres",30679,30751,30706,30585,30538,30512,30488,30565,30714,30765,30817,31031,31228,31399,31408,31496,31694,31707,31792,31905,31596,31482,31592,31694,31801,31934,31996
"Debagoiena / Alto Deba","0 - 19","Total",11021,10763,10494,10287,10176,10044,10071,10196,10360,10552,10855,11130,11344,11493,11649,11823,11972,11948,12017,12010,11792,11676,11657,11675,11697,11709,11593
"Debagoiena / Alto Deba","0 - 19","Hombres",5727,5622,5451,5389,5300,5236,5238,5311,5430,5508,5638,5777,5910,5942,5991,6082,6180,6167,6191,6170,6081,5993,5974,5976,5987,5997,5942
"Debagoiena / Alto Deba","0 - 19","Mujeres",5294,5141,5043,4898,4876,4808,4833,4885,4930,5044,5217,5353,5434,5551,5658,5741,5792,5781,5826,5840,5711,5683,5683,5699,5710,5712,5651
"Debagoiena / Alto Deba","20 - 64","Total",39387,39558,39619,39538,39577,39634,39407,39323,39178,38764,38242,38132,38135,37903,37363,36892,36745,36578,36373,36349,35760,35637,35630,35700,35729,35789,35815
"Debagoiena / Alto Deba","20 - 64","Hombres",20297,20445,20473,20434,20476,20505,20362,20325,20198,20018,19774,19756,19732,19620,19316,18998,18872,18769,18639,18624,18303,18275,18223,18225,18199,18204,18244
"Debagoiena / Alto Deba","20 - 64","Mujeres",19090,19113,19146,19104,19101,19129,19045,18998,18980,18746,18468,18376,18403,18283,18047,17894,17873,17809,17734,17725,17457,17362,17407,17475,17530,17585,17571
"Debagoiena / Alto Deba",">= 65","Total",11052,11364,11412,11519,11533,11545,11606,11712,11945,12238,12571,12923,13143,13454,13753,14019,14358,14542,14780,14954,15090,15176,15284,15360,15471,15589,15879
"Debagoiena / Alto Deba",">= 65","Hombres",4757,4867,4895,4936,4972,4970,4996,5030,5141,5263,5439,5621,5752,5889,6050,6158,6329,6425,6548,6614,6662,6739,6782,6840,6910,6952,7105
"Debagoiena / Alto Deba",">= 65","Mujeres",6295,6497,6517,6583,6561,6575,6610,6682,6804,6975,7132,7302,7391,7565,7703,7861,8029,8117,8232,8340,8428,8437,8502,8520,8561,8637,8774
"Donostialdea","Total","Total",311916,313502,314600,315664,316525,317370,316543,318792,321061,321656,322726,323396,323913,323836,324123,324511,325111,325889,327428,329086,328961,328418,329145,330342,330258,331118,332007
"Donostialdea","Total","Hombres",149993,150811,151284,151857,152172,152362,151983,153012,154164,154367,154740,154974,155325,155180,155428,155560,155715,156028,156930,157837,157805,157544,157836,158377,158385,158815,159359
"Donostialdea","Total","Mujeres",161923,162691,163316,163807,164353,165008,164560,165780,166897,167289,167986,168422,168588,168656,168695,168951,169396,169861,170498,171249,171156,170874,171309,171965,171873,172303,172648
"Donostialdea","0 - 19","Total",54400,54035,53142,53291,53262,53447,53491,54381,55238,56049,56895,57398,58012,58269,58608,58953,59303,59116,59212,58791,58703,57482,55485,56939,57278,57063,55653
"Donostialdea","0 - 19","Hombres",28014,27901,27215,27244,27231,27280,27374,27823,28328,28827,29218,29443,29763,29875,30007,30258,30302,30172,30278,30079,30086,29412,28272,29107,29343,29261,28542
"Donostialdea","0 - 19","Mujeres",26386,26134,25927,26047,26031,26167,26117,26558,26910,27222,27677,27955,28249,28394,28601,28695,29001,28944,28934,28712,28617,28070,27213,27832,27935,27802,27111
"Donostialdea","20 - 64","Total",202161,202999,204252,204898,205547,205318,204054,204632,204558,203060,201606,200294,198812,196856,195445,194464,193573,193232,193528,194283,192467,193072,194641,193307,192443,192783,193780
"Donostialdea","20 - 64","Hombres",100295,100776,101579,101958,102171,101861,101203,101396,101411,100485,99669,98964,98311,97218,96685,96106,95695,95475,95770,96212,95270,95675,96491,95648,95174,95332,95890
"Donostialdea","20 - 64","Mujeres",101866,102223,102673,102940,103376,103457,102851,103236,103147,102575,101937,101330,100501,99638,98760,98358,97878,97757,97758,98071,97197,97397,98150,97659,97269,97451,97890
"Donostialdea",">= 65","Total",55355,56468,57206,57475,57716,58605,58998,59779,61265,62547,64225,65704,67089,68711,70070,71094,72235,73541,74688,76012,77791,77864,79018,80096,80537,81272,82574
"Donostialdea",">= 65","Hombres",21684,22134,22490,22655,22770,23221,23406,23793,24425,25055,25853,26567,27251,28087,28736,29196,29718,30381,30882,31546,32449,32457,33072,33622,33868,34222,34927
"Donostialdea",">= 65","Mujeres",33671,34334,34716,34820,34946,35384,35592,35986,36840,37492,38372,39137,39838,40624,41334,41898,42517,43160,43806,44466,45342,45407,45946,46474,46669,47050,47647
"Durangaldea / Duranguesado","Total","Total",91013,91299,91766,92099,92636,93352,94657,95816,96630,96787,97140,98140,98306,97978,98119,98229,98715,99230,99557,100052,99559,99112,99194,99295,99567,99785,99913
"Durangaldea / Duranguesado","Total","Hombres",45322,45467,45655,45853,46016,46288,46907,47569,47957,47960,48104,48676,48635,48307,48372,48455,48723,49003,49125,49357,48965,48687,48714,48776,48926,48979,49072
"Durangaldea / Duranguesado","Total","Mujeres",45691,45832,46111,46246,46620,47064,47750,48247,48673,48827,49036,49464,49671,49671,49747,49774,49992,50227,50432,50695,50594,50425,50480,50519,50641,50806,50841
"Durangaldea / Duranguesado","0 - 19","Total",16833,16568,16283,16202,16166,16250,16564,16858,17146,17410,17690,18227,18445,18507,18723,18876,19139,19275,19415,19473,19317,18969,18762,18745,18787,18750,18286
"Durangaldea / Duranguesado","0 - 19","Hombres",8613,8498,8331,8227,8140,8149,8338,8474,8622,8811,8947,9312,9430,9399,9521,9623,9755,9825,9912,9982,9920,9686,9544,9587,9621,9614,9358
"Durangaldea / Duranguesado","0 - 19","Mujeres",8220,8070,7952,7975,8026,8101,8226,8384,8524,8599,8743,8915,9015,9108,9202,9253,9384,9450,9503,9491,9397,9283,9218,9158,9166,9136,8928
"Durangaldea / Duranguesado","20 - 64","Total",59730,59854,60413,60705,61269,61677,62334,62917,62985,62464,62183,62203,61770,60879,60391,59998,59854,59741,59549,59652,59068,58718,58846,58673,58672,58687,58669
"Durangaldea / Duranguesado","20 - 64","Hombres",30318,30435,30717,30958,31206,31413,31706,32097,32132,31761,31589,31676,31323,30764,30507,30318,30252,30214,30097,30085,29692,29536,29632,29498,29507,29488,29493
"Durangaldea / Duranguesado","20 - 64","Mujeres",29412,29419,29696,29747,30063,30264,30628,30820,30853,30703,30594,30527,30447,30115,29884,29680,29602,29527,29452,29567,29376,29182,29214,29175,29165,29199,29176
"Durangaldea / Duranguesado",">= 65","Total",14450,14877,15070,15192,15201,15425,15759,16041,16499,16913,17267,17710,18091,18592,19005,19355,19722,20214,20593,20927,21174,21425,21586,21877,22108,22348,22958
"Durangaldea / Duranguesado",">= 65","Hombres",6391,6534,6607,6668,6670,6726,6863,6998,7203,7388,7568,7688,7882,8144,8344,8514,8716,8964,9116,9290,9353,9465,9538,9691,9798,9877,10221
"Durangaldea / Duranguesado",">= 65","Mujeres",8059,8343,8463,8524,8531,8699,8896,9043,9296,9525,9699,10022,10209,10448,10661,10841,11006,11250,11477,11637,11821,11960,12048,12186,12310,12471,12737
"Enkartazioak / Encartaciones","Total","Total",29544,29609,29759,29961,30085,30267,30505,30882,31174,31447,31731,32122,32184,32088,32093,31984,31909,31806,31911,32021,32110,32055,32058,32055,32073,32178,32422
"Enkartazioak / Encartaciones","Total","Hombres",14533,14539,14615,14737,14865,15029,15178,15393,15512,15632,15792,15989,15976,15916,15916,15864,15796,15733,15772,15842,15827,15792,15788,15778,15798,15837,16001
"Enkartazioak / Encartaciones","Total","Mujeres",15011,15070,15144,15224,15220,15238,15327,15489,15662,15815,15939,16133,16208,16172,16177,16120,16113,16073,16139,16179,16283,16263,16270,16277,16275,16341,16421
"Enkartazioak / Encartaciones","0 - 19","Total",4790,4700,4648,4621,4654,4704,4718,4844,4912,5041,5118,5292,5418,5458,5521,5567,5638,5666,5714,5733,5760,5703,5609,5615,5651,5644,5569
"Enkartazioak / Encartaciones","0 - 19","Hombres",2434,2390,2359,2377,2385,2434,2440,2506,2553,2620,2675,2777,2820,2859,2910,2901,2918,2934,2971,3014,2986,2945,2892,2895,2894,2889,2911
"Enkartazioak / Encartaciones","0 - 19","Mujeres",2356,2310,2289,2244,2269,2270,2278,2338,2359,2421,2443,2515,2598,2599,2611,2666,2720,2732,2743,2719,2774,2758,2717,2720,2757,2755,2658
"Enkartazioak / Encartaciones","20 - 64","Total",18236,18383,18638,18984,19158,19337,19571,19827,20019,20131,20252,20338,20225,19983,19814,19632,19460,19262,19255,19249,19123,19009,19057,18964,18912,18943,19030
"Enkartazioak / Encartaciones","20 - 64","Hombres",9352,9408,9561,9735,9889,9995,10114,10266,10336,10374,10440,10468,10357,10220,10077,10000,9902,9749,9747,9711,9669,9605,9621,9565,9564,9564,9599
"Enkartazioak / Encartaciones","20 - 64","Mujeres",8884,8975,9077,9249,9269,9342,9457,9561,9683,9757,9812,9870,9868,9763,9737,9632,9558,9513,9508,9538,9454,9404,9436,9399,9348,9379,9431
"Enkartazioak / Encartaciones",">= 65","Total",6518,6526,6473,6356,6273,6226,6216,6211,6243,6275,6361,6492,6541,6647,6758,6785,6811,6878,6942,7039,7227,7343,7392,7476,7510,7591,7823
"Enkartazioak / Encartaciones",">= 65","Hombres",2747,2741,2695,2625,2591,2600,2624,2621,2623,2638,2677,2744,2799,2837,2929,2963,2976,3050,3054,3117,3172,3242,3275,3318,3340,3384,3491
"Enkartazioak / Encartaciones",">= 65","Mujeres",3771,3785,3778,3731,3682,3626,3592,3590,3620,3637,3684,3748,3742,3810,3829,3822,3835,3828,3888,3922,4055,4101,4117,4158,4170,4207,4332
"Gernika-Bermeo","Total","Total",43816,43813,43802,43969,44182,44485,45058,45336,45517,45676,45949,46222,46183,45859,45705,45688,45690,45845,45877,45973,46172,46032,46190,46386,46515,46616,46668
"Gernika-Bermeo","Total","Hombres",21489,21490,21474,21560,21715,21924,22206,22346,22450,22504,22602,22777,22773,22564,22491,22470,22418,22530,22485,22527,22657,22555,22623,22731,22809,22848,22885
"Gernika-Bermeo","Total","Mujeres",22327,22323,22328,22409,22467,22561,22852,22990,23067,23172,23347,23445,23410,23295,23214,23218,23272,23315,23392,23446,23515,23477,23567,23655,23706,23768,23783
"Gernika-Bermeo","0 - 19","Total",7212,7086,6914,6902,6922,6974,7109,7284,7433,7599,7693,7924,8020,7989,8090,8190,8346,8386,8493,8421,8498,8320,8156,8282,8374,8319,8153
"Gernika-Bermeo","0 - 19","Hombres",3652,3590,3519,3503,3544,3578,3649,3737,3839,3969,4030,4126,4167,4157,4182,4224,4286,4336,4392,4346,4401,4274,4155,4259,4342,4320,4230
"Gernika-Bermeo","0 - 19","Mujeres",3560,3496,3395,3399,3378,3396,3460,3547,3594,3630,3663,3798,3853,3832,3908,3966,4060,4050,4101,4075,4097,4046,4001,4023,4032,3999,3923
"Gernika-Bermeo","20 - 64","Total",27035,27092,27323,27592,27877,28124,28536,28658,28634,28464,28454,28467,28279,27828,27391,27155,26922,26957,26750,26776,26680,26588,26761,26707,26686,26714,26710
"Gernika-Bermeo","20 - 64","Hombres",13783,13798,13878,14023,14203,14367,14587,14633,14613,14456,14444,14442,14390,14145,13911,13799,13623,13639,13514,13520,13447,13416,13525,13457,13418,13419,13424
"Gernika-Bermeo","20 - 64","Mujeres",13252,13294,13445,13569,13674,13757,13949,14025,14021,14008,14010,14025,13889,13683,13480,13356,13299,13318,13236,13256,13233,13172,13236,13250,13268,13295,13286
"Gernika-Bermeo",">= 65","Total",9569,9635,9565,9475,9383,9387,9413,9394,9450,9613,9802,9831,9884,10042,10224,10343,10422,10502,10634,10776,10994,11124,11273,11397,11455,11583,11805
"Gernika-Bermeo",">= 65","Hombres",4054,4102,4077,4034,3968,3979,3970,3976,3998,4079,4128,4209,4216,4262,4398,4447,4509,4555,4579,4661,4809,4865,4943,5015,5049,5109,5231
"Gernika-Bermeo",">= 65","Mujeres",5515,5533,5488,5441,5415,5408,5443,5418,5452,5534,5674,5622,5668,5780,5826,5896,5913,5947,6055,6115,6185,6259,6330,6382,6406,6474,6574
"Goierri","Total","Total",62730,63088,63011,63073,63529,63977,64673,66257,66738,67116,67383,67621,67654,67633,67670,67537,67919,68088,68407,68719,68284,67914,68077,68316,68441,68615,68887
"Goierri","Total","Hombres",31512,31696,31695,31740,32032,32297,32693,33792,34009,34108,34192,34212,34218,34215,34200,34080,34169,34177,34380,34540,34303,34100,34135,34256,34279,34400,34579
"Goierri","Total","Mujeres",31218,31392,31316,31333,31497,31680,31980,32465,32729,33008,33191,33409,33436,33418,33470,33457,33750,33911,34027,34179,33981,33814,33942,34060,34162,34215,34308
"Goierri","0 - 19","Total",11395,11326,10978,11021,11100,11253,11569,12058,12407,12751,12969,13283,13482,13547,13694,13818,14038,14122,14198,14202,14133,13825,13547,13818,13932,13961,13732
"Goierri","0 - 19","Hombres",5853,5823,5628,5624,5634,5714,5882,6181,6375,6567,6675,6793,6924,6976,7059,7135,7222,7282,7341,7356,7310,7097,6947,7108,7165,7188,7095
"Goierri","0 - 19","Mujeres",5542,5503,5350,5397,5466,5539,5687,5877,6032,6184,6294,6490,6558,6571,6635,6683,6816,6840,6857,6846,6823,6728,6600,6710,6767,6773,6637
"Goierri","20 - 64","Total",39655,39802,39953,39988,40320,40461,40773,41760,41741,41555,41228,40956,40578,40207,39908,39549,39513,39394,39486,39633,39087,38997,39292,39067,39032,39035,39256
"Goierri","20 - 64","Hombres",20512,20576,20788,20818,21072,21197,21375,22164,22135,21909,21713,21540,21313,21098,20910,20664,20571,20448,20496,20539,20212,20245,20364,20237,20189,20194,20325
"Goierri","20 - 64","Mujeres",19143,19226,19165,19170,19248,19264,19398,19596,19606,19646,19515,19416,19265,19109,18998,18885,18942,18946,18990,19094,18875,18752,18928,18830,18843,18841,18931
"Goierri",">= 65","Total",11680,11960,12080,12064,12109,12263,12331,12439,12590,12810,13186,13382,13594,13879,14068,14170,14368,14572,14723,14884,15064,15092,15238,15431,15477,15619,15899
"Goierri",">= 65","Hombres",5147,5297,5279,5298,5326,5386,5436,5447,5499,5632,5804,5879,5981,6141,6231,6281,6376,6447,6543,6645,6781,6758,6824,6911,6925,7018,7159
"Goierri",">= 65","Mujeres",6533,6663,6801,6766,6783,6877,6895,6992,7091,7178,7382,7503,7613,7738,7837,7889,7992,8125,8180,8239,8283,8334,8414,8520,8552,8601,8740
"Gorbeialdea / Estribaciones del Gorbea","Total","Total",6814,7032,7283,7565,7737,7894,8078,8240,8395,8556,8725,8887,8855,8757,8789,8777,8726,8791,8813,8831,9093,9140,9128,9190,9291,9303,9290
"Gorbeialdea / Estribaciones del Gorbea","Total","Hombres",3546,3659,3817,3972,4063,4142,4247,4307,4416,4518,4599,4702,4686,4635,4642,4638,4590,4611,4621,4625,4792,4817,4813,4829,4856,4867,4854
"Gorbeialdea / Estribaciones del Gorbea","Total","Mujeres",3268,3373,3466,3593,3674,3752,3831,3933,3979,4038,4126,4185,4169,4122,4147,4139,4136,4180,4192,4206,4301,4323,4315,4361,4435,4436,4436
"Gorbeialdea / Estribaciones del Gorbea","0 - 19","Total",1200,1252,1307,1385,1420,1503,1581,1656,1710,1765,1793,1875,1881,1846,1858,1868,1878,1860,1811,1758,1772,1743,1704,1699,1758,1734,1680
"Gorbeialdea / Estribaciones del Gorbea","0 - 19","Hombres",616,650,670,725,728,772,812,846,867,901,916,961,972,946,945,952,965,954,933,918,931,917,898,885,919,910,880
"Gorbeialdea / Estribaciones del Gorbea","0 - 19","Mujeres",584,602,637,660,692,731,769,810,843,864,877,914,909,900,913,916,913,906,878,840,841,826,806,814,839,824,800
"Gorbeialdea / Estribaciones del Gorbea","20 - 64","Total",4448,4559,4744,4943,5074,5131,5248,5333,5430,5526,5647,5681,5626,5529,5519,5447,5350,5347,5370,5400,5555,5575,5599,5633,5647,5637,5619
"Gorbeialdea / Estribaciones del Gorbea","20 - 64","Hombres",2390,2441,2571,2656,2741,2769,2842,2875,2952,3011,3055,3076,3031,2988,2981,2941,2866,2859,2852,2853,2948,2969,2975,2980,2967,2948,2948
"Gorbeialdea / Estribaciones del Gorbea","20 - 64","Mujeres",2058,2118,2173,2287,2333,2362,2406,2458,2478,2515,2592,2605,2595,2541,2538,2506,2484,2488,2518,2547,2607,2606,2624,2653,2680,2689,2671
"Gorbeialdea / Estribaciones del Gorbea",">= 65","Total",1166,1221,1232,1237,1243,1260,1249,1251,1255,1265,1285,1331,1348,1382,1412,1462,1498,1584,1632,1673,1766,1822,1825,1858,1886,1932,1991
"Gorbeialdea / Estribaciones del Gorbea",">= 65","Hombres",540,568,576,591,594,601,593,586,597,606,628,665,683,701,716,745,759,798,836,854,913,931,940,964,970,1009,1026
"Gorbeialdea / Estribaciones del Gorbea",">= 65","Mujeres",626,653,656,646,649,659,656,665,658,659,657,666,665,681,696,717,739,786,796,819,853,891,885,894,916,923,965
"Markina-Ondarroa","Total","Total",26496,26427,26404,26376,26124,25918,26165,26388,26551,26406,26380,26447,26370,26276,26100,26014,26160,26115,26220,26217,26048,25769,25713,25626,25604,25618,25608
"Markina-Ondarroa","Total","Hombres",13259,13240,13250,13282,13179,13106,13291,13424,13524,13418,13405,13381,13354,13288,13237,13194,13293,13246,13283,13263,13142,13014,12985,12907,12915,12932,12944
"Markina-Ondarroa","Total","Mujeres",13237,13187,13154,13094,12945,12812,12874,12964,13027,12988,12975,13066,13016,12988,12863,12820,12867,12869,12937,12954,12906,12755,12728,12719,12689,12686,12664
"Markina-Ondarroa","0 - 19","Total",4507,4408,4312,4252,4183,4181,4219,4237,4296,4342,4398,4457,4509,4550,4541,4533,4612,4615,4689,4684,4626,4510,4468,4488,4476,4431,4287
"Markina-Ondarroa","0 - 19","Hombres",2361,2307,2256,2207,2194,2203,2217,2213,2260,2283,2316,2316,2351,2371,2366,2358,2401,2412,2440,2430,2388,2318,2310,2320,2319,2288,2228
"Markina-Ondarroa","0 - 19","Mujeres",2146,2101,2056,2045,1989,1978,2002,2024,2036,2059,2082,2141,2158,2179,2175,2175,2211,2203,2249,2254,2238,2192,2158,2168,2157,2143,2059
"Markina-Ondarroa","20 - 64","Total",16442,16379,16475,16539,16473,16285,16418,16620,16668,16383,16251,16218,16030,15879,15658,15516,15530,15386,15329,15264,15058,14861,14775,14629,14605,14596,14648
"Markina-Ondarroa","20 - 64","Hombres",8486,8486,8568,8684,8616,8539,8690,8833,8857,8669,8586,8547,8449,8369,8286,8244,8229,8091,8058,8007,7862,7780,7713,7614,7622,7623,7653
"Markina-Ondarroa","20 - 64","Mujeres",7956,7893,7907,7855,7857,7746,7728,7787,7811,7714,7665,7671,7581,7510,7372,7272,7301,7295,7271,7257,7196,7081,7062,7015,6983,6973,6995
"Markina-Ondarroa",">= 65","Total",5547,5640,5617,5585,5468,5452,5528,5531,5587,5681,5731,5772,5831,5847,5901,5965,6018,6114,6202,6269,6364,6398,6470,6509,6523,6591,6673
"Markina-Ondarroa",">= 65","Hombres",2412,2447,2426,2391,2369,2364,2384,2378,2407,2466,2503,2518,2554,2548,2585,2592,2663,2743,2785,2826,2892,2916,2962,2973,2974,3021,3063
"Markina-Ondarroa",">= 65","Mujeres",3135,3193,3191,3194,3099,3088,3144,3153,3180,3215,3228,3254,3277,3299,3316,3373,3355,3371,3417,3443,3472,3482,3508,3536,3549,3570,3610
"Plentzia-Mungia","Total","Total",45652,46403,47409,48424,48982,49637,50734,51833,52668,53312,53965,54704,55161,55449,55794,56207,56201,56518,57120,57667,58922,59502,59808,60209,60426,60749,61628
"Plentzia-Mungia","Total","Hombres",22816,23127,23580,24080,24306,24590,25063,25668,26088,26418,26698,27071,27273,27414,27576,27763,27730,27870,28198,28474,29091,29376,29479,29666,29779,29908,30327
"Plentzia-Mungia","Total","Mujeres",22836,23276,23829,24344,24676,25047,25671,26165,26580,26894,27267,27633,27888,28035,28218,28444,28471,28648,28922,29193,29831,30126,30329,30543,30647,30841,31301
"Plentzia-Mungia","0 - 19","Total",9060,9136,9161,9309,9369,9576,9793,10120,10420,10728,10971,11263,11491,11639,11757,11989,11994,12059,12092,12150,12375,12222,11603,11973,12261,12194,11808
"Plentzia-Mungia","0 - 19","Hombres",4584,4590,4570,4663,4694,4796,4897,5092,5225,5431,5523,5667,5773,5868,5936,6058,6075,6084,6132,6210,6409,6258,5961,6171,6329,6285,6106
"Plentzia-Mungia","0 - 19","Mujeres",4476,4546,4591,4646,4675,4780,4896,5028,5195,5297,5448,5596,5718,5771,5821,5931,5919,5975,5960,5940,5966,5964,5642,5802,5932,5909,5702
"Plentzia-Mungia","20 - 64","Total",29763,30379,31301,32077,32684,33094,33897,34549,34891,35058,35277,35479,35426,35382,35265,35218,35014,35084,35326,35566,35942,36464,37098,36765,36587,36747,37475
"Plentzia-Mungia","20 - 64","Hombres",15179,15463,15916,16297,16565,16736,17070,17424,17624,17640,17739,17817,17794,17752,17674,17653,17501,17540,17673,17733,17825,18164,18432,18242,18131,18194,18514
"Plentzia-Mungia","20 - 64","Mujeres",14584,14916,15385,15780,16119,16358,16827,17125,17267,17418,17538,17662,17632,17630,17591,17565,17513,17544,17653,17833,18117,18300,18666,18523,18456,18553,18961
"Plentzia-Mungia",">= 65","Total",6829,6888,6947,7038,6929,6967,7044,7164,7357,7526,7717,7962,8244,8428,8772,9000,9193,9375,9702,9951,10605,10816,11107,11471,11578,11808,12345
"Plentzia-Mungia",">= 65","Hombres",3053,3074,3094,3120,3047,3058,3096,3152,3239,3347,3436,3587,3706,3794,3966,4052,4154,4246,4393,4531,4857,4954,5086,5253,5319,5429,5707
"Plentzia-Mungia",">= 65","Mujeres",3776,3814,3853,3918,3882,3909,3948,4012,4118,4179,4281,4375,4538,4634,4806,4948,5039,5129,5309,5420,5748,5862,6021,6218,6259,6379,6638
"Tolosaldea","Total","Total",43909,44297,44497,44589,44934,45278,45508,46045,46536,46819,47129,47643,48137,48196,48365,48454,48759,48969,49251,49546,49543,49431,49630,49720,49767,49869,50099
"Tolosaldea","Total","Hombres",22078,22260,22410,22495,22712,22913,23005,23309,23575,23673,23778,24017,24247,24196,24257,24252,24374,24492,24636,24741,24747,24688,24756,24776,24815,24857,24978
"Tolosaldea","Total","Mujeres",21831,22037,22087,22094,22222,22365,22503,22736,22961,23146,23351,23626,23890,24000,24108,24202,24385,24477,24615,24805,24796,24743,24874,24944,24952,25012,25121
"Tolosaldea","0 - 19","Total",8247,8288,8262,8220,8347,8513,8648,8867,9119,9347,9505,9795,10015,10095,10242,10356,10464,10512,10462,10461,10472,10280,10068,10154,10274,10193,9897
"Tolosaldea","0 - 19","Hombres",4266,4271,4289,4256,4340,4445,4492,4627,4798,4910,4950,5093,5197,5229,5314,5368,5414,5485,5420,5429,5461,5330,5207,5252,5321,5248,5091
"Tolosaldea","0 - 19","Mujeres",3981,4017,3973,3964,4007,4068,4156,4240,4321,4437,4555,4702,4818,4866,4928,4988,5050,5027,5042,5032,5011,4950,4861,4902,4953,4945,4806
"Tolosaldea","20 - 64","Total",27992,28194,28403,28598,28839,28990,28997,29273,29320,29229,29116,29209,29199,28950,28768,28573,28547,28489,28684,28810,28650,28658,28976,28821,28716,28771,29033
"Tolosaldea","20 - 64","Hombres",14502,14643,14747,14892,15025,15086,15066,15215,15205,15085,15042,15051,15009,14823,14697,14592,14568,14525,14656,14659,14556,14604,14745,14622,14591,14643,14808
"Tolosaldea","20 - 64","Mujeres",13490,13551,13656,13706,13814,13904,13931,14058,14115,14144,14074,14158,14190,14127,14071,13981,13979,13964,14028,14151,14094,14054,14231,14199,14125,14128,14225
"Tolosaldea",">= 65","Total",7670,7815,7832,7771,7748,7775,7863,7905,8097,8243,8508,8639,8923,9151,9355,9525,9748,9968,10105,10275,10421,10493,10586,10745,10777,10905,11169
"Tolosaldea",">= 65","Hombres",3310,3346,3374,3347,3347,3382,3447,3467,3572,3678,3786,3873,4041,4144,4246,4292,4392,4482,4560,4653,4730,4754,4804,4902,4903,4966,5079
"Tolosaldea",">= 65","Mujeres",4360,4469,4458,4424,4401,4393,4416,4438,4525,4565,4722,4766,4882,5007,5109,5233,5356,5486,5545,5622,5691,5739,5782,5843,5874,5939,6090
"Urola Kosta","Total","Total",66199,67023,67537,67939,68476,69010,69450,70407,71496,72195,72930,73551,74055,74559,75128,75391,75611,76049,76419,76732,76751,76459,76567,76767,76915,77270,77654
"Urola Kosta","Total","Hombres",33161,33629,33866,34084,34369,34628,34827,35292,35943,36313,36674,36998,37181,37437,37695,37792,37914,38075,38237,38356,38314,38179,38181,38261,38347,38524,38747
"Urola Kosta","Total","Mujeres",33038,33394,33671,33855,34107,34382,34623,35115,35553,35882,36256,36553,36874,37122,37433,37599,37697,37974,38182,38376,38437,38280,38386,38506,38568,38746,38907
"Urola Kosta","0 - 19","Total",13536,13452,13402,13456,13626,13654,13797,14132,14526,14842,15234,15475,15707,15936,16184,16217,16373,16453,16445,16374,16264,15983,15731,15792,15739,15714,15450
"Urola Kosta","0 - 19","Hombres",6957,6918,6863,6916,6997,7011,7068,7223,7451,7618,7873,7948,8075,8217,8352,8364,8497,8497,8508,8471,8399,8247,8103,8143,8146,8121,8034
"Urola Kosta","0 - 19","Mujeres",6579,6534,6539,6540,6629,6643,6729,6909,7075,7224,7361,7527,7632,7719,7832,7853,7876,7956,7937,7903,7865,7736,7628,7649,7593,7593,7416
"Urola Kosta","20 - 64","Total",41973,42621,43122,43469,43860,44309,44518,45030,45379,45403,45380,45453,45351,45181,45113,45072,44963,44995,45044,45170,44984,44821,44976,44916,45014,45137,45317
"Urola Kosta","20 - 64","Hombres",21587,21978,22225,22381,22591,22819,22914,23172,23409,23406,23334,23401,23279,23187,23128,23054,22973,22928,22876,22948,22795,22724,22776,22704,22760,22840,22899
"Urola Kosta","20 - 64","Mujeres",20386,20643,20897,21088,21269,21490,21604,21858,21970,21997,22046,22052,22072,21994,21985,22018,21990,22067,22168,22222,22189,22097,22200,22212,22254,22297,22418
"Urola Kosta",">= 65","Total",10690,10950,11013,11014,10990,11047,11135,11245,11591,11950,12316,12623,12997,13442,13831,14102,14275,14601,14930,15188,15503,15655,15860,16059,16162,16419,16887
"Urola Kosta",">= 65","Hombres",4617,4733,4778,4787,4781,4798,4845,4897,5083,5289,5467,5649,5827,6033,6215,6374,6444,6650,6853,6937,7120,7208,7302,7414,7441,7563,7814
"Urola Kosta",">= 65","Mujeres",6073,6217,6235,6227,6209,6249,6290,6348,6508,6661,6849,6974,7170,7409,7616,7728,7831,7951,8077,8251,8383,8447,8558,8645,8721,8856,9073
"Abadiño","Total","Total",6780,6885,6897,6927,6995,7076,7167,7247,7310,7356,7363,7431,7503,7533,7535,7548,7620,7640,7695,7754,7624,7722,7718,7745,7771,7771,7800
"Abadiño","Total","Hombres",3420,3472,3476,3493,3525,3565,3603,3636,3656,3657,3635,3663,3690,3713,3721,3745,3783,3794,3831,3881,3784,3815,3823,3831,3838,3833,3862
"Abadiño","Total","Mujeres",3360,3413,3421,3434,3470,3511,3564,3611,3654,3699,3728,3768,3813,3820,3814,3803,3837,3846,3864,3873,3840,3907,3895,3914,3933,3938,3938
"Abadiño","0 - 19","Total",1306,1270,1244,1223,1226,1197,1229,1270,1328,1366,1372,1424,1461,1476,1517,1538,1563,1560,1578,1584,1551,1558,1539,1545,1538,1542,1512
"Abadiño","0 - 19","Hombres",659,639,616,597,609,582,588,607,636,659,660,688,701,699,738,759,772,777,787,808,793,784,768,790,779,782,772
"Abadiño","0 - 19","Mujeres",647,631,628,626,617,615,641,663,692,707,712,736,760,777,779,779,791,783,791,776,758,774,771,755,759,760,740
"Abadiño","20 - 64","Total",4604,4698,4750,4801,4886,4984,5017,5030,4982,4940,4913,4858,4849,4811,4729,4692,4666,4618,4614,4605,4482,4524,4534,4527,4546,4528,4506
"Abadiño","20 - 64","Hombres",2375,2423,2461,2498,2525,2592,2604,2605,2568,2519,2493,2465,2457,2448,2403,2385,2372,2344,2347,2328,2232,2262,2275,2252,2270,2264,2266
"Abadiño","20 - 64","Mujeres",2229,2275,2289,2303,2361,2392,2413,2425,2414,2421,2420,2393,2392,2363,2326,2307,2294,2274,2267,2277,2250,2262,2259,2275,2276,2264,2240
"Abadiño",">= 65","Total",870,917,903,903,883,895,921,947,1000,1050,1078,1149,1193,1246,1289,1318,1391,1462,1503,1565,1591,1640,1645,1673,1687,1701,1782
"Abadiño",">= 65","Hombres",386,410,399,398,391,391,411,424,452,479,482,510,532,566,580,601,639,673,697,745,759,769,780,789,789,787,824
"Abadiño",">= 65","Mujeres",484,507,504,505,492,504,510,523,548,571,596,639,661,680,709,717,752,789,806,820,832,871,865,884,898,914,958
"Abaltzisketa","Total","Total",292,314,295,296,296,296,302,315,315,314,314,318,320,319,319,314,320,314,328,314,307,304,303,321,317,313,313
"Abaltzisketa","Total","Hombres",158,168,167,166,168,170,173,175,177,172,173,174,175,175,178,173,177,171,180,175,167,168,168,184,181,176,173
"Abaltzisketa","Total","Mujeres",134,146,128,130,128,126,129,140,138,142,141,144,145,144,141,141,143,143,148,139,140,136,135,137,136,137,140
"Abaltzisketa","0 - 19","Total",57,61,52,56,60,61,66,69,71,77,73,80,82,76,83,82,79,72,81,69,60,55,51,60,55,52,51
"Abaltzisketa","0 - 19","Hombres",32,36,32,35,37,39,41,40,41,45,42,45,48,43,47,47,43,40,43,42,36,31,29,35,34,31,31
"Abaltzisketa","0 - 19","Mujeres",25,25,20,21,23,22,25,29,30,32,31,35,34,33,36,35,36,32,38,27,24,24,22,25,21,21,20
"Abaltzisketa","20 - 64","Total",179,188,178,178,176,179,177,186,186,184,187,185,186,184,178,176,182,188,191,193,193,195,196,204,207,201,199
"Abaltzisketa","20 - 64","Hombres",94,96,95,93,97,97,97,100,103,98,102,100,99,101,100,97,103,105,108,108,105,109,110,119,118,115,111
"Abaltzisketa","20 - 64","Mujeres",85,92,83,85,79,82,80,86,83,86,85,85,87,83,78,79,79,83,83,85,88,86,86,85,89,86,88
"Abaltzisketa",">= 65","Total",56,65,65,62,60,56,59,60,58,53,54,53,52,59,58,56,59,54,56,52,54,54,56,57,55,60,63
"Abaltzisketa",">= 65","Hombres",32,36,40,38,34,34,35,35,33,29,29,29,28,31,31,29,31,26,29,25,26,28,29,30,29,30,31
"Abaltzisketa",">= 65","Mujeres",24,29,25,24,26,22,24,25,25,24,25,24,24,28,27,27,28,28,27,27,28,26,27,27,26,30,32
"Abanto y Ciérvana-Abanto Zierbena","Total","Total",9216,9271,9371,9493,9495,9516,9568,9573,9627,9722,9733,9766,9775,9691,9638,9570,9588,9580,9476,9501,9405,9331,9303,9366,9356,9387,9353
"Abanto y Ciérvana-Abanto Zierbena","Total","Hombres",4563,4584,4639,4710,4705,4711,4711,4707,4760,4805,4826,4827,4805,4771,4749,4726,4721,4718,4683,4707,4661,4616,4605,4644,4657,4666,4634
"Abanto y Ciérvana-Abanto Zierbena","Total","Mujeres",4653,4687,4732,4783,4790,4805,4857,4866,4867,4917,4907,4939,4970,4920,4889,4844,4867,4862,4793,4794,4744,4715,4698,4722,4699,4721,4719
"Abanto y Ciérvana-Abanto Zierbena","0 - 19","Total",1651,1656,1656,1681,1704,1720,1707,1721,1765,1788,1778,1788,1804,1782,1768,1751,1758,1771,1719,1705,1655,1581,1562,1576,1553,1527,1464
"Abanto y Ciérvana-Abanto Zierbena","0 - 19","Hombres",815,813,818,846,856,884,877,884,916,924,930,931,936,916,915,908,925,933,921,911,882,833,806,828,821,799,769
"Abanto y Ciérvana-Abanto Zierbena","0 - 19","Mujeres",836,843,838,835,848,836,830,837,849,864,848,857,868,866,853,843,833,838,798,794,773,748,756,748,732,728,695
"Abanto y Ciérvana-Abanto Zierbena","20 - 64","Total",5977,6017,6109,6230,6275,6300,6325,6343,6355,6414,6440,6429,6426,6339,6277,6196,6179,6105,6014,6023,5925,5867,5841,5829,5801,5802,5749
"Abanto y Ciérvana-Abanto Zierbena","20 - 64","Hombres",3099,3119,3157,3215,3223,3212,3219,3219,3238,3267,3295,3275,3254,3216,3174,3145,3105,3065,3028,3041,3007,2987,2982,2968,2969,2977,2924
"Abanto y Ciérvana-Abanto Zierbena","20 - 64","Mujeres",2878,2898,2952,3015,3052,3088,3106,3124,3117,3147,3145,3154,3172,3123,3103,3051,3074,3040,2986,2982,2918,2880,2859,2861,2832,2825,2825
"Abanto y Ciérvana-Abanto Zierbena",">= 65","Total",1588,1598,1606,1582,1516,1496,1536,1509,1507,1520,1515,1549,1545,1570,1593,1623,1651,1704,1743,1773,1825,1883,1900,1961,2002,2058,2140
"Abanto y Ciérvana-Abanto Zierbena",">= 65","Hombres",649,652,664,649,626,615,615,604,606,614,601,621,615,639,660,673,691,720,734,755,772,796,817,848,867,890,941
"Abanto y Ciérvana-Abanto Zierbena",">= 65","Mujeres",939,946,942,933,890,881,921,905,901,906,914,928,930,931,933,950,960,984,1009,1018,1053,1087,1083,1113,1135,1168,1199
"Aduna","Total","Total",336,335,343,342,353,363,365,371,398,425,447,447,453,467,465,465,481,480,480,483,478,483,491,503,497,496,507
"Aduna","Total","Hombres",180,178,182,183,191,198,198,204,220,234,240,242,241,250,249,251,263,261,258,259,251,253,260,264,263,261,267
"Aduna","Total","Mujeres",156,157,161,159,162,165,167,167,178,191,207,205,212,217,216,214,218,219,222,224,227,230,231,239,234,235,240
"Aduna","0 - 19","Total",58,56,61,66,63,66,63,78,82,95,103,107,114,123,125,128,130,133,130,127,126,126,121,125,128,122,125
"Aduna","0 - 19","Hombres",35,38,40,42,42,44,41,50,53,59,60,58,61,67,68,69,70,73,72,69,66,66,62,64,67,64,67
"Aduna","0 - 19","Mujeres",23,18,21,24,21,22,22,28,29,36,43,49,53,56,57,59,60,60,58,58,60,60,59,61,61,58,58
"Aduna","20 - 64","Total",217,223,224,216,237,243,244,238,256,276,285,283,281,283,276,275,283,280,281,284,287,283,296,302,292,297,307
"Aduna","20 - 64","Hombres",115,117,117,113,123,128,129,125,135,148,151,156,152,153,148,151,156,154,151,154,153,150,164,164,161,162,163
"Aduna","20 - 64","Mujeres",102,106,107,103,114,115,115,113,121,128,134,127,129,130,128,124,127,126,130,130,134,133,132,138,131,135,144
"Aduna",">= 65","Total",61,56,58,60,53,54,58,55,60,54,59,57,58,61,64,62,68,67,69,72,65,74,74,76,77,77,75
"Aduna",">= 65","Hombres",30,23,25,28,26,26,28,29,32,27,29,28,28,30,33,31,37,34,35,36,32,37,34,36,35,35,37
"Aduna",">= 65","Mujeres",31,33,33,32,27,28,30,26,28,27,30,29,30,31,31,31,31,33,34,36,33,37,40,40,42,42,38
"Agurain/Salvatierra","Total","Total",4031,4085,4108,4170,4259,4341,4434,4679,4809,4887,4916,5048,5101,5060,5105,5155,5246,5240,5296,5353,5214,5237,5235,5254,5273,5329,5374
"Agurain/Salvatierra","Total","Hombres",1950,1975,1983,2027,2104,2175,2220,2361,2446,2490,2507,2551,2597,2557,2564,2581,2601,2601,2634,2695,2636,2652,2660,2685,2684,2707,2701
"Agurain/Salvatierra","Total","Mujeres",2081,2110,2125,2143,2155,2166,2214,2318,2363,2397,2409,2497,2504,2503,2541,2574,2645,2639,2662,2658,2578,2585,2575,2569,2589,2622,2673
"Agurain/Salvatierra","0 - 19","Total",775,775,764,758,776,814,823,861,906,939,965,1018,1051,1046,1080,1149,1204,1198,1228,1267,1207,1235,1198,1191,1231,1250,1249
"Agurain/Salvatierra","0 - 19","Hombres",379,369,364,365,376,403,410,426,460,471,475,487,502,502,499,552,577,575,601,634,614,631,607,612,623,635,625
"Agurain/Salvatierra","0 - 19","Mujeres",396,406,400,393,400,411,413,435,446,468,490,531,549,544,581,597,627,623,627,633,593,604,591,579,608,615,624
"Agurain/Salvatierra","20 - 64","Total",2642,2673,2703,2765,2857,2908,2994,3181,3250,3277,3278,3350,3342,3285,3269,3227,3239,3215,3208,3206,3107,3071,3100,3076,3065,3092,3100
"Agurain/Salvatierra","20 - 64","Hombres",1323,1351,1364,1402,1470,1515,1559,1666,1716,1737,1747,1777,1778,1736,1727,1681,1664,1653,1640,1650,1609,1582,1603,1597,1590,1594,1587
"Agurain/Salvatierra","20 - 64","Mujeres",1319,1322,1339,1363,1387,1393,1435,1515,1534,1540,1531,1573,1564,1549,1542,1546,1575,1562,1568,1556,1498,1489,1497,1479,1475,1498,1513
"Agurain/Salvatierra",">= 65","Total",614,637,641,647,626,619,617,637,653,671,673,680,708,729,756,779,803,827,860,880,900,931,937,987,977,987,1025
"Agurain/Salvatierra",">= 65","Hombres",248,255,255,260,258,257,251,269,270,282,285,287,317,319,338,348,360,373,393,411,413,439,450,476,471,478,489
"Agurain/Salvatierra",">= 65","Mujeres",366,382,386,387,368,362,366,368,383,389,388,393,391,410,418,431,443,454,467,469,487,492,487,511,506,509,536
"Aia","Total","Total",1729,1724,1729,1774,1785,1797,1814,1840,1938,1987,1979,2000,2009,2011,2024,2022,2025,2020,1998,1985,2033,2072,2098,2118,2106,2127,2127
"Aia","Total","Hombres",962,961,956,989,985,981,985,989,1056,1079,1066,1068,1070,1068,1074,1076,1086,1072,1068,1055,1068,1085,1098,1107,1098,1110,1108
"Aia","Total","Mujeres",767,763,773,785,800,816,829,851,882,908,913,932,939,943,950,946,939,948,930,930,965,987,1000,1011,1008,1017,1019
"Aia","0 - 19","Total",366,341,345,347,355,349,368,383,423,437,441,462,478,491,499,486,481,488,469,460,485,492,496,511,499,509,502
"Aia","0 - 19","Hombres",201,191,198,190,185,183,190,197,231,239,238,249,258,266,269,266,271,261,258,254,259,262,264,276,270,273,269
"Aia","0 - 19","Mujeres",165,150,147,157,170,166,178,186,192,198,203,213,220,225,230,220,210,227,211,206,226,230,232,235,229,236,233
"Aia","20 - 64","Total",1035,1035,1062,1108,1123,1142,1134,1156,1214,1251,1227,1226,1219,1198,1195,1191,1202,1196,1200,1200,1211,1230,1241,1237,1232,1239,1230
"Aia","20 - 64","Hombres",588,592,596,636,647,646,635,647,682,696,677,667,657,636,636,633,638,633,633,628,626,631,637,630,628,635,629
"Aia","20 - 64","Mujeres",447,443,466,472,476,496,499,509,532,555,550,559,562,562,559,558,564,563,567,572,585,599,604,607,604,604,601
"Aia",">= 65","Total",328,348,322,319,307,306,312,301,301,299,311,312,312,322,330,345,342,336,329,325,337,350,361,370,375,379,395
"Aia",">= 65","Hombres",173,178,162,163,153,152,160,145,143,144,151,152,155,166,169,177,177,178,177,173,183,192,197,201,200,202,210
"Aia",">= 65","Mujeres",155,170,160,156,154,154,152,156,158,155,160,160,157,156,161,168,165,158,152,152,154,158,164,169,175,177,185
"Aizarnazabal","Total","Total",587,596,618,631,626,621,625,636,647,684,710,738,750,754,755,754,769,766,763,769,771,752,754,749,757,761,808
"Aizarnazabal","Total","Hombres",325,331,343,352,349,346,346,342,341,355,369,379,379,375,379,380,396,389,387,390,386,375,377,374,380,382,416
"Aizarnazabal","Total","Mujeres",262,265,275,279,277,275,279,294,306,329,341,359,371,379,376,374,373,377,376,379,385,377,377,375,377,379,392
"Aizarnazabal","0 - 19","Total",129,116,120,115,112,108,103,112,131,139,151,163,171,184,188,189,197,205,196,199,204,189,175,184,186,183,182
"Aizarnazabal","0 - 19","Hombres",75,67,67,65,63,64,60,62,70,75,80,81,80,87,88,87,94,98,98,97,97,86,80,86,87,85,86
"Aizarnazabal","0 - 19","Mujeres",54,49,53,50,49,44,43,50,61,64,71,82,91,97,100,102,103,107,98,102,107,103,95,98,99,98,96
"Aizarnazabal","20 - 64","Total",369,381,401,425,427,430,443,446,442,462,473,491,488,484,475,473,473,453,442,443,442,426,445,426,429,433,472
"Aizarnazabal","20 - 64","Hombres",204,211,226,242,242,241,246,243,235,235,245,255,253,244,244,247,252,233,226,224,220,216,226,213,217,221,250
"Aizarnazabal","20 - 64","Mujeres",165,170,175,183,185,189,197,203,207,227,228,236,235,240,231,226,221,220,216,219,222,210,219,213,212,212,222
"Aizarnazabal",">= 65","Total",89,99,97,91,87,83,79,78,74,83,86,84,91,86,92,92,99,108,125,127,125,137,134,139,142,145,154
"Aizarnazabal",">= 65","Hombres",46,53,50,45,44,41,40,37,36,45,44,43,46,44,47,46,50,58,63,69,69,73,71,75,76,76,80
"Aizarnazabal",">= 65","Mujeres",43,46,47,46,43,42,39,41,38,38,42,41,45,42,45,46,49,50,62,58,56,64,63,64,66,69,74
"Ajangiz","Total","Total",416,424,427,425,428,432,436,438,436,442,451,452,444,456,453,465,462,458,453,440,466,464,461,464,467,462,448
"Ajangiz","Total","Hombres",204,210,209,203,207,212,213,209,210,218,228,229,223,233,231,238,232,230,227,221,246,244,239,243,242,242,231
"Ajangiz","Total","Mujeres",212,214,218,222,221,220,223,229,226,224,223,223,221,223,222,227,230,228,226,219,220,220,222,221,225,220,217
"Ajangiz","0 - 19","Total",79,78,86,78,77,77,75,77,75,78,80,80,77,82,78,87,87,93,89,79,90,86,76,78,83,84,73
"Ajangiz","0 - 19","Hombres",46,46,46,42,41,39,40,39,36,40,41,43,42,44,41,46,45,47,46,36,49,45,41,43,47,48,45
"Ajangiz","0 - 19","Mujeres",33,32,40,36,36,38,35,38,39,38,39,37,35,38,37,41,42,46,43,43,41,41,35,35,36,36,28
"Ajangiz","20 - 64","Total",251,258,252,261,268,275,277,273,270,274,283,279,274,279,277,280,277,274,273,270,268,261,271,271,268,261,256
"Ajangiz","20 - 64","Hombres",120,126,124,126,132,139,138,130,135,138,151,147,144,150,147,147,143,143,140,144,147,145,147,146,143,140,133
"Ajangiz","20 - 64","Mujeres",131,132,128,135,136,136,139,143,135,136,132,132,130,129,130,133,134,131,133,126,121,116,124,125,125,121,123
"Ajangiz",">= 65","Total",86,88,89,86,83,80,84,88,91,90,88,93,93,95,98,98,98,91,91,91,108,117,114,115,116,117,119
"Ajangiz",">= 65","Hombres",38,38,39,35,34,34,35,40,39,40,36,39,37,39,43,45,44,40,41,41,50,54,51,54,52,54,53
"Ajangiz",">= 65","Mujeres",48,50,50,51,49,46,49,48,52,50,52,54,56,56,55,53,54,51,50,50,58,63,63,61,64,63,66
"Albiztur","Total","Total",279,291,292,296,292,288,290,301,300,291,289,294,302,306,300,309,304,302,296,293,302,301,302,310,312,309,314
"Albiztur","Total","Hombres",155,162,160,162,156,150,149,151,152,148,147,151,157,157,155,162,154,153,151,148,148,152,153,158,158,158,161
"Albiztur","Total","Mujeres",124,129,132,134,136,138,141,150,148,143,142,143,145,149,145,147,150,149,145,145,154,149,149,152,154,151,153
"Albiztur","0 - 19","Total",58,62,60,55,54,51,55,60,55,62,60,59,65,69,67,72,79,77,75,74,82,77,69,76,83,79,73
"Albiztur","0 - 19","Hombres",31,36,36,31,31,27,28,32,31,35,34,32,35,36,33,39,40,40,40,39,41,39,33,38,42,43,38
"Albiztur","0 - 19","Mujeres",27,26,24,24,23,24,27,28,24,27,26,27,30,33,34,33,39,37,35,35,41,38,36,38,41,36,35
"Albiztur","20 - 64","Total",158,170,169,179,180,183,186,189,189,178,177,181,178,177,174,174,167,164,168,167,165,167,172,170,168,172,183
"Albiztur","20 - 64","Hombres",89,96,89,95,92,94,93,92,93,84,83,90,87,86,90,89,85,86,88,85,82,86,90,87,85,85,94
"Albiztur","20 - 64","Mujeres",69,74,80,84,88,89,93,97,96,94,94,91,91,91,84,85,82,78,80,82,83,81,82,83,83,87,89
"Albiztur",">= 65","Total",63,59,63,62,58,54,49,52,56,51,52,54,59,60,59,63,58,61,53,52,55,57,61,64,61,58,58
"Albiztur",">= 65","Hombres",35,30,35,36,33,29,28,27,28,29,30,29,35,35,32,34,29,27,23,24,25,27,30,33,31,30,29
"Albiztur",">= 65","Mujeres",28,29,28,26,25,25,21,25,28,22,22,25,24,25,27,29,29,34,30,28,30,30,31,31,30,28,29
"Alegia","Total","Total",1525,1531,1541,1585,1619,1653,1666,1691,1717,1731,1783,1790,1795,1781,1774,1760,1756,1754,1751,1798,1816,1793,1802,1817,1853,1859,1852
"Alegia","Total","Hombres",783,782,787,808,825,842,842,860,886,886,920,923,924,918,917,907,907,907,911,929,949,940,938,957,977,976,977
"Alegia","Total","Mujeres",742,749,754,777,794,811,824,831,831,845,863,867,871,863,857,853,849,847,840,869,867,853,864,860,876,883,875
"Alegia","0 - 19","Total",274,282,282,295,294,306,309,327,324,349,361,370,379,388,394,393,395,391,381,378,386,380,374,370,382,382,370
"Alegia","0 - 19","Hombres",138,140,137,140,139,148,145,163,167,173,185,187,199,203,210,205,212,212,209,204,207,204,195,198,211,207,204
"Alegia","0 - 19","Mujeres",136,142,145,155,155,158,164,164,157,176,176,183,180,185,184,188,183,179,172,174,179,176,179,172,171,175,166
"Alegia","20 - 64","Total",977,960,964,1003,1025,1051,1063,1071,1091,1076,1103,1098,1077,1061,1036,1013,999,997,995,1047,1052,1044,1058,1072,1102,1092,1104
"Alegia","20 - 64","Hombres",517,502,509,531,547,559,565,566,584,581,591,591,564,561,548,533,522,523,522,543,558,566,571,580,594,587,595
"Alegia","20 - 64","Mujeres",460,458,455,472,478,492,498,505,507,495,512,507,513,500,488,480,477,474,473,504,494,478,487,492,508,505,509
"Alegia",">= 65","Total",274,289,295,287,300,296,294,293,302,306,319,322,339,332,344,354,362,366,375,373,378,369,370,375,369,385,378
"Alegia",">= 65","Hombres",128,140,141,137,139,135,132,131,135,132,144,145,161,154,159,169,173,172,180,182,184,170,172,179,172,182,178
"Alegia",">= 65","Mujeres",146,149,154,150,161,161,162,162,167,174,175,177,178,178,185,185,189,194,195,191,194,199,198,196,197,203,200
"Alegría-Dulantzi","Total","Total",1583,1707,1821,2053,2129,2201,2291,2526,2710,2812,2920,3007,2988,3060,3010,2989,3043,3081,3075,3140,3117,3165,3195,3179,3167,3170,3172
"Alegría-Dulantzi","Total","Hombres",765,828,888,997,1074,1148,1208,1320,1398,1442,1521,1558,1542,1584,1562,1541,1572,1581,1577,1615,1605,1622,1638,1633,1629,1623,1621
"Alegría-Dulantzi","Total","Mujeres",818,879,933,1056,1055,1053,1083,1206,1312,1370,1399,1449,1446,1476,1448,1448,1471,1500,1498,1525,1512,1543,1557,1546,1538,1547,1551
"Alegría-Dulantzi","0 - 19","Total",337,352,371,432,460,467,495,577,654,686,728,750,785,811,804,832,844,839,819,819,781,792,754,747,735,737,721
"Alegría-Dulantzi","0 - 19","Hombres",162,166,171,193,219,242,256,293,323,336,371,369,397,419,421,444,448,452,442,442,419,406,392,390,385,387,378
"Alegría-Dulantzi","0 - 19","Mujeres",175,186,200,239,241,225,239,284,331,350,357,381,388,392,383,388,396,387,377,377,362,386,362,357,350,350,343
"Alegría-Dulantzi","20 - 64","Total",1064,1169,1252,1426,1483,1537,1589,1738,1827,1873,1924,1984,1929,1953,1906,1854,1880,1900,1884,1942,1942,1991,2039,2008,2020,1992,2022
"Alegría-Dulantzi","20 - 64","Hombres",531,586,634,719,771,816,855,927,962,978,1018,1051,1006,1016,995,951,970,967,951,993,1000,1033,1049,1033,1048,1025,1035
"Alegría-Dulantzi","20 - 64","Mujeres",533,583,618,707,712,721,734,811,865,895,906,933,923,937,911,903,910,933,933,949,942,958,990,975,972,967,987
"Alegría-Dulantzi",">= 65","Total",182,186,198,195,186,197,207,211,229,253,268,273,274,296,300,303,319,342,372,379,394,382,402,424,412,441,429
"Alegría-Dulantzi",">= 65","Hombres",72,76,83,85,84,90,97,100,113,128,132,138,139,149,146,146,154,162,184,180,186,183,197,210,196,211,208
"Alegría-Dulantzi",">= 65","Mujeres",110,110,115,110,102,107,110,111,116,125,136,135,135,147,154,157,165,180,188,199,208,199,205,214,216,230,221
"Alkiza","Total","Total",267,277,285,299,308,317,318,343,352,339,343,357,367,360,350,346,349,354,346,350,348,343,351,356,353,348,346
"Alkiza","Total","Hombres",151,159,165,173,177,180,178,191,191,185,187,192,194,189,184,177,182,183,177,179,172,172,175,178,176,174,173
"Alkiza","Total","Mujeres",116,118,120,126,131,137,140,152,161,154,156,165,173,171,166,169,167,171,169,171,176,171,176,178,177,174,173
"Alkiza","0 - 19","Total",47,49,51,58,62,66,71,81,87,81,84,87,94,93,93,97,98,107,98,106,107,105,102,110,106,105,95
"Alkiza","0 - 19","Hombres",29,29,33,36,35,37,41,45,44,41,41,43,45,46,44,46,48,50,49,51,51,49,53,53,53,53,47
"Alkiza","0 - 19","Mujeres",18,20,18,22,27,29,30,36,43,40,43,44,49,47,49,51,50,57,49,55,56,56,49,57,53,52,48
"Alkiza","20 - 64","Total",165,172,182,184,192,201,198,211,211,206,207,222,223,218,205,199,200,194,196,190,189,180,193,189,191,182,192
"Alkiza","20 - 64","Hombres",90,98,100,105,109,113,107,114,114,112,114,120,122,115,112,104,106,104,102,101,96,95,97,98,98,93,98
"Alkiza","20 - 64","Mujeres",75,74,82,79,83,88,91,97,97,94,93,102,101,103,93,95,94,90,94,89,93,85,96,91,93,89,94
"Alkiza",">= 65","Total",55,56,52,57,54,50,49,51,54,52,52,48,50,49,52,50,51,53,52,54,52,58,56,57,56,61,59
"Alkiza",">= 65","Hombres",32,32,32,32,33,30,30,32,33,32,32,29,27,28,28,27,28,29,26,27,25,28,25,27,25,28,28
"Alkiza",">= 65","Mujeres",23,24,20,25,21,20,19,19,21,20,20,19,23,21,24,23,23,24,26,27,27,30,31,30,31,33,31
"Alonsotegi","Total","Total",2858,2813,2806,2770,2775,2786,2814,2843,2847,2838,2827,2860,2851,2855,2868,2855,2837,2845,2852,2822,2946,2960,2990,2959,2988,3036,2970
"Alonsotegi","Total","Hombres",1397,1376,1384,1363,1364,1369,1383,1392,1389,1394,1388,1393,1377,1385,1386,1375,1348,1353,1356,1349,1431,1447,1470,1455,1480,1501,1472
"Alonsotegi","Total","Mujeres",1461,1437,1422,1407,1411,1417,1431,1451,1458,1444,1439,1467,1474,1470,1482,1480,1489,1492,1496,1473,1515,1513,1520,1504,1508,1535,1498
"Alonsotegi","0 - 19","Total",394,356,346,355,372,392,396,424,437,451,452,474,471,483,504,507,497,506,506,483,514,518,519,510,515,530,502
"Alonsotegi","0 - 19","Hombres",208,187,181,193,207,220,214,228,237,251,245,248,236,246,256,254,236,250,257,245,268,267,266,267,269,273,256
"Alonsotegi","0 - 19","Mujeres",186,169,165,162,165,172,182,196,200,200,207,226,235,237,248,253,261,256,249,238,246,251,253,243,246,257,246
"Alonsotegi","20 - 64","Total",1805,1799,1796,1787,1826,1839,1857,1866,1849,1822,1794,1803,1785,1763,1732,1726,1729,1727,1713,1707,1771,1786,1795,1765,1777,1802,1765
"Alonsotegi","20 - 64","Hombres",928,926,933,912,925,932,950,943,933,925,918,915,903,887,874,873,874,857,847,848,885,900,910,891,909,923,907
"Alonsotegi","20 - 64","Mujeres",877,873,863,875,901,907,907,923,916,897,876,888,882,876,858,853,855,870,866,859,886,886,885,874,868,879,858
"Alonsotegi",">= 65","Total",659,658,664,628,577,555,561,553,561,565,581,583,595,609,632,622,611,612,633,632,661,656,676,684,696,704,703
"Alonsotegi",">= 65","Hombres",261,263,270,258,232,217,219,221,219,218,225,230,238,252,256,248,238,246,252,256,278,280,294,297,302,305,309
"Alonsotegi",">= 65","Mujeres",398,395,394,370,345,338,342,332,342,347,356,353,357,357,376,374,373,366,381,376,383,376,382,387,394,399,394
"Altzaga","Total","Total",113,119,137,151,150,149,153,154,159,156,158,162,165,166,178,173,184,184,188,183,170,171,167,166,162,164,159
"Altzaga","Total","Hombres",59,62,71,77,78,79,83,82,84,83,81,80,83,83,87,84,88,88,91,87,79,81,80,80,79,82,80
"Altzaga","Total","Mujeres",54,57,66,74,72,70,70,72,75,73,77,82,82,83,91,89,96,96,97,96,91,90,87,86,83,82,79
"Altzaga","0 - 19","Total",16,19,26,29,26,30,30,35,39,39,40,45,45,45,55,53,58,56,60,55,52,48,44,44,42,42,37
"Altzaga","0 - 19","Hombres",5,7,11,11,10,12,13,17,18,17,17,17,17,18,23,21,22,23,26,25,25,22,17,20,20,22,18
"Altzaga","0 - 19","Mujeres",11,12,15,18,16,18,17,18,21,22,23,28,28,27,32,32,36,33,34,30,27,26,27,24,22,20,19
"Altzaga","20 - 64","Total",80,83,94,103,106,100,106,102,101,99,99,92,93,95,94,90,93,95,93,93,84,92,90,88,88,89,89
"Altzaga","20 - 64","Hombres",46,47,52,57,59,57,60,54,54,54,53,49,51,50,47,46,49,47,46,42,35,43,45,42,42,41,42
"Altzaga","20 - 64","Mujeres",34,36,42,46,47,43,46,48,47,45,46,43,42,45,47,44,44,48,47,51,49,49,45,46,46,48,47
"Altzaga",">= 65","Total",17,17,17,19,18,19,17,17,19,18,19,25,27,26,29,30,33,33,35,35,34,31,33,34,32,33,33
"Altzaga",">= 65","Hombres",8,8,8,9,9,10,10,11,12,12,11,14,15,15,17,17,17,18,19,20,19,16,18,18,17,19,20
"Altzaga",">= 65","Mujeres",9,9,9,10,9,9,7,6,7,6,8,11,12,11,12,13,16,15,16,15,15,15,15,16,15,14,13
"Altzo","Total","Total",359,337,338,366,363,361,376,396,398,345,351,356,354,345,350,358,354,358,367,390,396,377,391,398,398,396,400
"Altzo","Total","Hombres",194,180,183,197,196,195,200,213,210,183,188,190,184,179,180,185,178,181,185,195,202,197,206,209,208,208,211
"Altzo","Total","Mujeres",165,157,155,169,167,166,176,183,188,162,163,166,170,166,170,173,176,177,182,195,194,180,185,189,190,188,189
"Altzo","0 - 19","Total",79,76,79,87,86,87,88,103,101,84,89,99,97,101,101,99,91,87,85,94,102,87,72,89,98,97,78
"Altzo","0 - 19","Hombres",41,38,42,46,46,46,43,54,51,43,44,50,44,49,45,48,46,45,38,43,49,47,36,47,50,48,39
"Altzo","0 - 19","Mujeres",38,38,37,41,40,41,45,49,50,41,45,49,53,52,56,51,45,42,47,51,53,40,36,42,48,49,39
"Altzo","20 - 64","Total",219,199,200,227,226,226,241,247,256,228,223,221,218,202,205,212,221,222,240,235,228,219,249,238,226,221,241
"Altzo","20 - 64","Hombres",120,112,111,126,125,125,133,136,138,122,121,117,116,107,111,111,112,111,124,119,117,113,128,125,117,118,129
"Altzo","20 - 64","Mujeres",99,87,89,101,101,101,108,111,118,106,102,104,102,95,94,101,109,111,116,116,111,106,121,113,109,103,112
"Altzo",">= 65","Total",61,62,59,52,51,48,47,46,41,33,39,36,39,42,44,47,42,49,42,61,66,71,70,71,74,78,81
"Altzo",">= 65","Hombres",33,30,30,25,25,24,24,23,21,18,23,23,24,23,24,26,20,25,23,33,36,37,42,37,41,42,43
"Altzo",">= 65","Mujeres",28,32,29,27,26,24,23,23,20,15,16,13,15,19,20,21,22,24,19,28,30,34,28,34,33,36,38
"Amezketa","Total","Total",950,950,946,944,951,959,939,969,976,980,951,956,955,949,922,921,921,923,907,920,927,930,921,921,926,920,935
"Amezketa","Total","Hombres",493,487,481,479,486,493,486,515,522,522,494,490,487,488,483,481,485,487,476,479,479,482,477,475,478,473,480
"Amezketa","Total","Mujeres",457,463,465,465,465,466,453,454,454,458,457,466,468,461,439,440,436,436,431,441,448,448,444,446,448,447,455
"Amezketa","0 - 19","Total",165,169,165,168,164,167,168,163,170,174,179,188,188,190,187,188,188,199,192,193,202,196,181,184,191,185,180
"Amezketa","0 - 19","Hombres",81,83,80,81,76,80,78,78,83,83,87,91,92,94,94,94,95,103,97,96,101,99,89,93,94,92,83
"Amezketa","0 - 19","Mujeres",84,86,85,87,88,87,90,85,87,91,92,97,96,96,93,94,93,96,95,97,101,97,92,91,97,93,97
"Amezketa","20 - 64","Total",567,564,569,570,580,587,572,610,605,605,575,569,570,557,546,531,539,529,523,534,532,539,543,529,528,527,545
"Amezketa","20 - 64","Hombres",318,314,315,315,323,325,320,352,351,350,320,307,302,294,298,285,291,285,279,283,278,284,289,277,278,274,287
"Amezketa","20 - 64","Mujeres",249,250,254,255,257,262,252,258,254,255,255,262,268,263,248,246,248,244,244,251,254,255,254,252,250,253,258
"Amezketa",">= 65","Total",218,217,212,206,207,205,199,196,201,201,197,199,197,202,189,202,194,195,192,193,193,195,197,208,207,208,210
"Amezketa",">= 65","Hombres",94,90,86,83,87,88,88,85,88,89,87,92,93,100,91,102,99,99,100,100,100,99,99,105,106,107,110
"Amezketa",">= 65","Mujeres",124,127,126,123,120,117,111,111,113,112,110,107,104,102,98,100,95,96,92,93,93,96,98,103,101,101,100
"Amorebieta-Etxano","Total","Total",16358,16382,16424,16637,16777,16950,17240,17488,17660,17750,17861,18208,18305,18216,18355,18491,18711,18919,19119,19290,19225,19222,19209,19208,19256,19301,19229
"Amorebieta-Etxano","Total","Hombres",8205,8225,8222,8314,8318,8342,8517,8648,8696,8731,8769,9000,8986,8887,8946,9047,9274,9401,9552,9645,9461,9441,9396,9376,9406,9431,9355
"Amorebieta-Etxano","Total","Mujeres",8153,8157,8202,8323,8459,8608,8723,8840,8964,9019,9092,9208,9319,9329,9409,9444,9437,9518,9567,9645,9764,9781,9813,9832,9850,9870,9874
"Amorebieta-Etxano","0 - 19","Total",3001,2941,2889,2887,2918,2950,3052,3106,3157,3217,3344,3497,3547,3493,3558,3644,3760,3778,3824,3858,3891,3832,3647,3707,3807,3798,3660
"Amorebieta-Etxano","0 - 19","Hombres",1561,1546,1503,1474,1470,1478,1542,1574,1592,1662,1733,1887,1885,1819,1846,1908,1993,1986,2046,2071,2053,1996,1889,1909,1986,1987,1867
"Amorebieta-Etxano","0 - 19","Mujeres",1440,1395,1386,1413,1448,1472,1510,1532,1565,1555,1611,1610,1662,1674,1712,1736,1767,1792,1778,1787,1838,1836,1758,1798,1821,1811,1793
"Amorebieta-Etxano","20 - 64","Total",10678,10691,10744,10930,11032,11154,11296,11434,11517,11498,11421,11497,11470,11354,11315,11293,11322,11409,11484,11548,11403,11447,11561,11435,11345,11373,11360
"Amorebieta-Etxano","20 - 64","Hombres",5441,5467,5488,5598,5604,5616,5710,5779,5805,5765,5699,5732,5700,5635,5594,5611,5692,5770,5824,5873,5707,5739,5781,5704,5646,5662,5659
"Amorebieta-Etxano","20 - 64","Mujeres",5237,5224,5256,5332,5428,5538,5586,5655,5712,5733,5722,5765,5770,5719,5721,5682,5630,5639,5660,5675,5696,5708,5780,5731,5699,5711,5701
"Amorebieta-Etxano",">= 65","Total",2679,2750,2791,2820,2827,2846,2892,2948,2986,3035,3096,3214,3288,3369,3482,3554,3629,3732,3811,3884,3931,3943,4001,4066,4104,4130,4209
"Amorebieta-Etxano",">= 65","Hombres",1203,1212,1231,1242,1244,1248,1265,1295,1299,1304,1337,1381,1401,1433,1506,1528,1589,1645,1682,1701,1701,1706,1726,1763,1774,1782,1829
"Amorebieta-Etxano",">= 65","Mujeres",1476,1538,1560,1578,1583,1598,1627,1653,1687,1731,1759,1833,1887,1936,1976,2026,2040,2087,2129,2183,2230,2237,2275,2303,2330,2348,2380
"Amoroto","Total","Total",401,407,412,406,403,400,406,402,404,405,405,398,396,408,401,413,419,419,409,415,406,390,386,383,389,385,380
"Amoroto","Total","Hombres",196,198,199,194,199,204,208,204,204,211,214,209,205,214,209,213,212,211,203,205,214,203,202,204,208,208,209
"Amoroto","Total","Mujeres",205,209,213,212,204,196,198,198,200,194,191,189,191,194,192,200,207,208,206,210,192,187,184,179,181,177,171
"Amoroto","0 - 19","Total",80,77,81,82,79,81,79,78,77,73,75,72,74,86,88,90,81,83,81,85,83,78,70,69,73,69,61
"Amoroto","0 - 19","Hombres",42,42,44,43,42,44,43,41,41,40,42,38,37,46,46,45,40,43,41,45,44,40,40,38,38,38,40
"Amoroto","0 - 19","Mujeres",38,35,37,39,37,37,36,37,36,33,33,34,37,40,42,45,41,40,40,40,39,38,30,31,35,31,21
"Amoroto","20 - 64","Total",230,234,235,224,227,231,242,242,247,253,252,242,240,234,231,239,248,247,247,245,237,228,231,229,226,229,223
"Amoroto","20 - 64","Hombres",117,116,115,110,116,122,130,129,131,138,140,134,134,128,125,130,130,125,125,119,127,122,121,123,124,124,118
"Amoroto","20 - 64","Mujeres",113,118,120,114,111,109,112,113,116,115,112,108,106,106,106,109,118,122,122,126,110,106,110,106,102,105,105
"Amoroto",">= 65","Total",91,96,96,100,97,88,85,82,80,79,78,84,82,88,82,84,90,89,81,85,86,84,85,85,90,87,96
"Amoroto",">= 65","Hombres",37,40,40,41,41,38,35,34,32,33,32,37,34,40,38,38,42,43,37,41,43,41,41,43,46,46,51
"Amoroto",">= 65","Mujeres",54,56,56,59,56,50,50,48,48,46,46,47,48,48,44,46,48,46,44,44,43,43,44,42,44,41,45
"Amurrio","Total","Total",9567,9476,9474,9489,9599,9693,9856,10043,10121,10095,10068,10157,10200,10280,10307,10309,10321,10366,10419,10330,10393,10371,10407,10394,10413,10413,10442
"Amurrio","Total","Hombres",4750,4694,4692,4708,4785,4848,4938,5055,5082,5073,5043,5061,5079,5099,5090,5083,5102,5107,5135,5080,5100,5119,5142,5145,5154,5163,5143
"Amurrio","Total","Mujeres",4817,4782,4782,4781,4814,4845,4918,4988,5039,5022,5025,5096,5121,5181,5217,5226,5219,5259,5284,5250,5293,5252,5265,5249,5259,5250,5299
"Amurrio","0 - 19","Total",1834,1747,1693,1646,1644,1617,1626,1641,1660,1636,1668,1715,1716,1781,1815,1869,1896,1955,2005,1989,2005,2011,2006,2022,2025,2020,2021
"Amurrio","0 - 19","Hombres",922,880,838,816,814,811,827,857,866,852,864,875,878,917,932,964,998,1013,1034,1038,1046,1063,1068,1078,1068,1069,1065
"Amurrio","0 - 19","Mujeres",912,867,855,830,830,806,799,784,794,784,804,840,838,864,883,905,898,942,971,951,959,948,938,944,957,951,956
"Amurrio","20 - 64","Total",6136,6146,6196,6251,6339,6455,6598,6738,6737,6696,6588,6587,6594,6550,6458,6365,6274,6211,6188,6063,6055,5986,5997,5921,5901,5891,5846
"Amurrio","20 - 64","Hombres",3126,3126,3161,3206,3270,3325,3396,3465,3459,3438,3380,3371,3364,3316,3245,3188,3131,3086,3093,3008,3007,3002,2998,2964,2967,2973,2926
"Amurrio","20 - 64","Mujeres",3010,3020,3035,3045,3069,3130,3202,3273,3278,3258,3208,3216,3230,3234,3213,3177,3143,3125,3095,3055,3048,2984,2999,2957,2934,2918,2920
"Amurrio",">= 65","Total",1597,1583,1585,1592,1616,1621,1632,1664,1724,1763,1812,1855,1890,1949,2034,2075,2151,2200,2226,2278,2333,2374,2404,2451,2487,2502,2575
"Amurrio",">= 65","Hombres",702,688,693,686,701,712,715,733,757,783,799,815,837,866,913,931,973,1008,1008,1034,1047,1054,1076,1103,1119,1121,1152
"Amurrio",">= 65","Mujeres",895,895,892,906,915,909,917,931,967,980,1013,1040,1053,1083,1121,1144,1178,1192,1218,1244,1286,1320,1328,1348,1368,1381,1423
"Andoain","Total","Total",14308,14261,14123,14006,14025,14044,14129,14395,14712,14743,14824,14844,14866,14886,14883,14827,14929,14930,14945,14988,14866,14737,14807,14783,14760,14785,14732
"Andoain","Total","Hombres",7102,7083,7019,6944,6982,7015,7091,7249,7424,7453,7454,7481,7474,7471,7448,7416,7446,7424,7452,7497,7400,7361,7393,7389,7370,7369,7364
"Andoain","Total","Mujeres",7206,7178,7104,7062,7043,7029,7038,7146,7288,7290,7370,7363,7392,7415,7435,7411,7483,7506,7493,7491,7466,7376,7414,7394,7390,7416,7368
"Andoain","0 - 19","Total",2496,2428,2319,2267,2241,2236,2267,2350,2487,2530,2604,2632,2695,2766,2814,2883,2959,2948,2964,2950,2921,2883,2837,2805,2793,2798,2708
"Andoain","0 - 19","Hombres",1318,1292,1228,1195,1180,1181,1220,1257,1309,1337,1365,1362,1399,1429,1444,1499,1524,1504,1515,1516,1493,1488,1456,1444,1427,1423,1377
"Andoain","0 - 19","Mujeres",1178,1136,1091,1072,1061,1055,1047,1093,1178,1193,1239,1270,1296,1337,1370,1384,1435,1444,1449,1434,1428,1395,1381,1361,1366,1375,1331
"Andoain","20 - 64","Total",9551,9522,9493,9396,9452,9460,9471,9621,9688,9611,9496,9363,9218,9030,8888,8717,8691,8636,8550,8546,8438,8330,8427,8396,8406,8415,8401
"Andoain","20 - 64","Hombres",4831,4813,4801,4747,4791,4808,4821,4923,4981,4958,4870,4840,4757,4662,4587,4486,4464,4445,4402,4433,4373,4333,4396,4373,4387,4377,4384
"Andoain","20 - 64","Mujeres",4720,4709,4692,4649,4661,4652,4650,4698,4707,4653,4626,4523,4461,4368,4301,4231,4227,4191,4148,4113,4065,3997,4031,4023,4019,4038,4017
"Andoain",">= 65","Total",2261,2311,2311,2343,2332,2348,2391,2424,2537,2602,2724,2849,2953,3090,3181,3227,3279,3346,3431,3492,3507,3524,3543,3582,3561,3572,3623
"Andoain",">= 65","Hombres",953,978,990,1002,1011,1026,1050,1069,1134,1158,1219,1279,1318,1380,1417,1431,1458,1475,1535,1548,1534,1540,1541,1572,1556,1569,1603
"Andoain",">= 65","Mujeres",1308,1333,1321,1341,1321,1322,1341,1355,1403,1444,1505,1570,1635,1710,1764,1796,1821,1871,1896,1944,1973,1984,2002,2010,2005,2003,2020
"Anoeta","Total","Total",1697,1699,1751,1753,1751,1749,1759,1783,1825,1839,1830,1830,1872,1893,1958,1996,1975,1982,2036,2030,2112,2103,2125,2121,2122,2114,2163
"Anoeta","Total","Hombres",868,868,893,900,901,901,907,925,937,947,947,952,973,974,1012,1036,1022,1028,1062,1051,1087,1082,1086,1088,1087,1084,1118
"Anoeta","Total","Mujeres",829,831,858,853,850,848,852,858,888,892,883,878,899,919,946,960,953,954,974,979,1025,1021,1039,1033,1035,1030,1045
"Anoeta","0 - 19","Total",388,381,381,371,368,373,373,380,397,405,398,404,418,416,439,438,439,432,453,452,464,466,457,457,459,452,461
"Anoeta","0 - 19","Hombres",212,203,202,199,202,201,208,213,227,235,225,229,238,231,240,238,234,234,248,254,261,263,253,257,259,250,256
"Anoeta","0 - 19","Mujeres",176,178,179,172,166,172,165,167,170,170,173,175,180,185,199,200,205,198,205,198,203,203,204,200,200,202,205
"Anoeta","20 - 64","Total",1112,1110,1158,1174,1182,1172,1173,1170,1188,1167,1166,1157,1183,1195,1227,1260,1226,1218,1257,1239,1283,1256,1273,1255,1245,1225,1251
"Anoeta","20 - 64","Hombres",568,570,595,606,608,609,603,607,601,590,602,601,611,620,638,657,642,637,660,634,651,641,650,641,638,631,654
"Anoeta","20 - 64","Mujeres",544,540,563,568,574,563,570,563,587,577,564,556,572,575,589,603,584,581,597,605,632,615,623,614,607,594,597
"Anoeta",">= 65","Total",197,208,212,208,201,204,213,233,240,267,266,269,271,282,292,298,310,332,326,339,365,381,395,409,418,437,451
"Anoeta",">= 65","Hombres",88,95,96,95,91,91,96,105,109,122,120,122,124,123,134,141,146,157,154,163,175,178,183,190,190,203,208
"Anoeta",">= 65","Mujeres",109,113,116,113,110,113,117,128,131,145,146,147,147,159,158,157,164,175,172,176,190,203,212,219,228,234,243
"Antzuola","Total","Total",2032,2046,2051,2091,2101,2111,2110,2134,2160,2170,2204,2205,2233,2241,2243,2223,2214,2219,2201,2179,2146,2135,2143,2146,2140,2139,2123
"Antzuola","Total","Hombres",1054,1063,1059,1080,1076,1071,1076,1086,1092,1090,1106,1112,1131,1132,1127,1117,1110,1107,1093,1089,1069,1061,1064,1064,1061,1055,1041
"Antzuola","Total","Mujeres",978,983,992,1011,1025,1040,1034,1048,1068,1080,1098,1093,1102,1109,1116,1106,1104,1112,1108,1090,1077,1074,1079,1082,1079,1084,1082
"Antzuola","0 - 19","Total",356,343,336,344,338,341,357,371,391,411,445,453,470,496,505,505,501,495,501,485,469,467,455,446,446,448,443
"Antzuola","0 - 19","Hombres",180,177,167,175,164,166,182,192,201,205,222,234,241,251,259,260,261,251,244,243,228,225,219,212,215,213,212
"Antzuola","0 - 19","Mujeres",176,166,169,169,174,175,175,179,190,206,223,219,229,245,246,245,240,244,257,242,241,242,236,234,231,235,231
"Antzuola","20 - 64","Total",1302,1327,1337,1364,1393,1404,1401,1406,1406,1385,1373,1351,1357,1332,1307,1297,1275,1284,1255,1235,1223,1216,1226,1229,1229,1224,1201
"Antzuola","20 - 64","Hombres",697,719,722,735,745,736,735,731,728,718,708,698,712,698,673,667,651,653,645,641,632,623,628,632,630,626,612
"Antzuola","20 - 64","Mujeres",605,608,615,629,648,668,666,675,678,667,665,653,645,634,634,630,624,631,610,594,591,593,598,597,599,598,589
"Antzuola",">= 65","Total",374,376,378,383,370,366,352,357,363,374,386,401,406,413,431,421,438,440,445,459,454,452,462,471,465,467,479
"Antzuola",">= 65","Hombres",177,167,170,170,167,169,159,163,163,167,176,180,178,183,195,190,198,203,204,205,209,213,217,220,216,216,217
"Antzuola",">= 65","Mujeres",197,209,208,213,203,197,193,194,200,207,210,221,228,230,236,231,240,237,241,254,245,239,245,251,249,251,262
"Añana","Total","Total",195,194,189,187,183,179,181,177,178,178,173,174,166,177,169,172,179,180,186,179,175,178,176,178,168,167,170
"Añana","Total","Hombres",101,102,95,96,96,96,94,92,95,95,90,93,92,98,94,95,96,97,107,101,106,110,107,108,99,99,101
"Añana","Total","Mujeres",94,92,94,91,87,83,87,85,83,83,83,81,74,79,75,77,83,83,79,78,69,68,69,70,69,68,69
"Añana","0 - 19","Total",16,16,16,14,14,15,17,16,17,17,17,19,18,18,15,15,13,14,20,16,12,11,13,15,13,14,16
"Añana","0 - 19","Hombres",8,8,7,6,6,7,8,7,9,10,9,9,10,9,7,8,8,7,12,9,7,6,8,8,5,6,6
"Añana","0 - 19","Mujeres",8,8,9,8,8,8,9,9,8,7,8,10,8,9,8,7,5,7,8,7,5,5,5,7,8,8,10
"Añana","20 - 64","Total",104,108,100,105,103,99,97,97,99,101,101,100,101,108,102,105,115,116,112,110,112,117,116,113,105,99,102
"Añana","20 - 64","Hombres",65,68,60,64,63,64,61,60,61,62,61,63,66,71,69,71,72,74,75,72,74,78,76,73,67,64,65
"Añana","20 - 64","Mujeres",39,40,40,41,40,35,36,37,38,39,40,37,35,37,33,34,43,42,37,38,38,39,40,40,38,35,37
"Añana",">= 65","Total",75,70,73,68,66,65,67,64,62,60,55,55,47,51,52,52,51,50,54,53,51,50,47,50,50,54,52
"Añana",">= 65","Hombres",28,26,28,26,27,25,25,25,25,23,20,21,16,18,18,16,16,16,20,20,25,26,23,27,27,29,30
"Añana",">= 65","Mujeres",47,44,45,42,39,40,42,39,37,37,35,34,31,33,34,36,35,34,34,33,26,24,24,23,23,25,22
"Arakaldo","Total","Total",78,86,84,86,90,94,95,91,93,110,125,124,137,150,163,165,163,164,167,170,170,169,182,178,178,175,170
"Arakaldo","Total","Hombres",48,51,51,52,53,54,54,51,51,59,67,66,71,75,79,79,76,75,82,83,81,79,84,79,81,79,76
"Arakaldo","Total","Mujeres",30,35,33,34,37,40,41,40,42,51,58,58,66,75,84,86,87,89,85,87,89,90,98,99,97,96,94
"Arakaldo","0 - 19","Total",10,12,9,12,11,14,14,13,16,21,29,31,37,42,43,43,47,43,41,43,39,35,39,38,36,36,32
"Arakaldo","0 - 19","Hombres",7,6,6,9,8,10,9,8,10,11,15,13,14,16,15,15,17,16,15,14,14,12,13,12,11,10,9
"Arakaldo","0 - 19","Mujeres",3,6,3,3,3,4,5,5,6,10,14,18,23,26,28,28,30,27,26,29,25,23,26,26,25,26,23
"Arakaldo","20 - 64","Total",50,53,53,49,53,53,53,51,50,62,71,69,74,80,94,98,96,102,104,107,109,112,122,118,122,122,117
"Arakaldo","20 - 64","Hombres",32,34,33,30,32,31,31,30,28,36,42,41,45,47,52,52,49,51,58,60,58,58,63,59,62,63,60
"Arakaldo","20 - 64","Mujeres",18,19,20,19,21,22,22,21,22,26,29,28,29,33,42,46,47,51,46,47,51,54,59,59,60,59,57
"Arakaldo",">= 65","Total",18,21,22,25,26,27,28,27,27,27,25,24,26,28,26,24,20,19,22,20,22,22,21,22,20,17,21
"Arakaldo",">= 65","Hombres",9,11,12,13,13,13,14,13,13,12,10,12,12,12,12,12,10,8,9,9,9,9,8,8,8,6,7
"Arakaldo",">= 65","Mujeres",9,10,10,12,13,14,14,14,14,15,15,12,14,16,14,12,10,11,13,11,13,13,13,14,12,11,14
"Arama","Total","Total",166,162,166,163,167,171,181,185,194,214,197,200,220,220,213,210,211,209,202,204,205,198,195,195,193,185,181
"Arama","Total","Hombres",77,75,78,77,82,87,95,97,102,113,98,100,107,110,105,104,105,101,99,99,96,94,94,92,91,87,84
"Arama","Total","Mujeres",89,87,88,86,85,84,86,88,92,101,99,100,113,110,108,106,106,108,103,105,109,104,101,103,102,98,97
"Arama","0 - 19","Total",32,33,35,31,32,34,36,35,38,49,45,47,58,57,50,50,47,47,45,43,48,42,41,39,39,38,37
"Arama","0 - 19","Hombres",16,16,16,14,17,20,21,21,21,27,22,21,26,25,25,24,22,22,21,23,22,22,22,21,21,21,19
"Arama","0 - 19","Mujeres",16,17,19,17,15,14,15,14,17,22,23,26,32,32,25,26,25,25,24,20,26,20,19,18,18,17,18
"Arama","20 - 64","Total",99,91,92,92,94,98,106,109,112,125,113,114,119,119,117,114,119,122,118,122,116,115,114,119,117,110,104
"Arama","20 - 64","Hombres",45,43,44,45,45,48,55,57,60,65,56,57,58,61,57,56,60,59,59,57,55,52,52,53,52,48,47
"Arama","20 - 64","Mujeres",54,48,48,47,49,50,51,52,52,60,57,57,61,58,60,58,59,63,59,65,61,63,62,66,65,62,57
"Arama",">= 65","Total",35,38,39,40,41,39,39,41,44,40,39,39,43,44,46,46,45,40,39,39,41,41,40,37,37,37,40
"Arama",">= 65","Hombres",16,16,18,18,20,19,19,19,21,21,20,22,23,24,23,24,23,20,19,19,19,20,20,18,18,18,18
"Arama",">= 65","Mujeres",19,22,21,22,21,20,20,22,23,19,19,17,20,20,23,22,22,20,20,20,22,21,20,19,19,19,22
"Aramaio","Total","Total",1443,1470,1466,1486,1502,1515,1536,1518,1525,1529,1517,1537,1542,1529,1550,1526,1518,1521,1506,1480,1495,1467,1455,1443,1436,1416,1389
"Aramaio","Total","Hombres",738,751,752,793,798,801,810,786,791,805,792,802,809,800,807,799,791,790,782,765,776,760,759,750,743,729,706
"Aramaio","Total","Mujeres",705,719,714,693,704,714,726,732,734,724,725,735,733,729,743,727,727,731,724,715,719,707,696,693,693,687,683
"Aramaio","0 - 19","Total",260,270,274,266,266,284,293,292,295,296,299,318,323,324,333,323,328,326,311,307,306,281,275,269,274,262,259
"Aramaio","0 - 19","Hombres",131,139,142,142,140,151,155,153,151,156,154,166,166,169,167,163,168,165,154,155,158,141,141,138,143,134,131
"Aramaio","0 - 19","Mujeres",129,131,132,124,126,133,138,139,144,140,145,152,157,155,166,160,160,161,157,152,148,140,134,131,131,128,128
"Aramaio","20 - 64","Total",922,917,906,925,935,946,955,936,940,946,933,927,921,910,918,897,873,870,871,844,848,833,831,824,811,801,783
"Aramaio","20 - 64","Hombres",487,479,472,500,503,504,511,493,499,502,494,486,488,478,486,478,461,461,459,438,438,437,436,429,421,411,398
"Aramaio","20 - 64","Mujeres",435,438,434,425,432,442,444,443,441,444,439,441,433,432,432,419,412,409,412,406,410,396,395,395,390,390,385
"Aramaio",">= 65","Total",261,283,286,295,301,285,288,290,290,287,285,292,298,295,299,306,317,325,324,329,341,353,349,350,351,353,347
"Aramaio",">= 65","Hombres",120,133,138,151,155,146,144,140,141,147,144,150,155,153,154,158,162,164,169,172,180,182,182,183,179,184,177
"Aramaio",">= 65","Mujeres",141,150,148,144,146,139,144,150,149,140,141,142,143,142,145,148,155,161,155,157,161,171,167,167,172,169,170
"Arantzazu","Total","Total",291,291,292,291,295,299,301,303,303,323,351,362,373,385,384,378,374,368,377,388,417,420,414,412,416,418,434
"Arantzazu","Total","Hombres",137,140,141,144,145,146,150,146,151,162,174,184,190,192,194,189,193,190,193,201,214,218,220,218,219,219,232
"Arantzazu","Total","Mujeres",154,151,151,147,150,153,151,157,152,161,177,178,183,193,190,189,181,178,184,187,203,202,194,194,197,199,202
"Arantzazu","0 - 19","Total",39,36,31,35,40,42,48,49,41,47,60,66,72,79,81,84,86,77,81,85,84,88,84,83,83,83,79
"Arantzazu","0 - 19","Hombres",18,19,16,18,18,19,21,22,22,25,33,37,39,39,45,47,42,41,42,44,45,48,45,45,44,43,44
"Arantzazu","0 - 19","Mujeres",21,17,15,17,22,23,27,27,19,22,27,29,33,40,36,37,44,36,39,41,39,40,39,38,39,40,35
"Arantzazu","20 - 64","Total",176,178,193,183,185,189,184,192,204,213,227,231,234,240,234,226,226,225,225,232,252,249,239,237,244,246,268
"Arantzazu","20 - 64","Hombres",91,92,98,97,99,97,98,98,104,107,112,119,120,122,115,111,119,117,114,121,132,132,131,127,136,135,149
"Arantzazu","20 - 64","Mujeres",85,86,95,86,86,92,86,94,100,106,115,112,114,118,119,115,107,108,111,111,120,117,108,110,108,111,119
"Arantzazu",">= 65","Total",76,77,68,73,70,68,69,62,58,63,64,65,67,66,69,68,62,66,71,71,81,83,91,92,89,89,87
"Arantzazu",">= 65","Hombres",28,29,27,29,28,30,31,26,25,30,29,28,31,31,34,31,32,32,37,36,37,38,44,46,39,41,39
"Arantzazu",">= 65","Mujeres",48,48,41,44,42,38,38,36,33,33,35,37,36,35,35,37,30,34,34,35,44,45,47,46,50,48,48
"Areatza","Total","Total",1051,1036,1023,1016,1032,1049,1070,1102,1120,1135,1169,1221,1234,1205,1176,1194,1203,1222,1215,1230,1258,1235,1231,1232,1257,1276,1277
"Areatza","Total","Hombres",473,466,463,469,475,482,500,524,522,531,550,575,583,568,560,567,583,595,593,600,602,595,591,591,607,619,606
"Areatza","Total","Mujeres",578,570,560,547,557,567,570,578,598,604,619,646,651,637,616,627,620,627,622,630,656,640,640,641,650,657,671
"Areatza","0 - 19","Total",180,183,174,172,186,192,189,201,210,226,236,250,260,249,241,240,249,250,249,244,270,263,257,253,272,274,264
"Areatza","0 - 19","Hombres",93,95,90,88,93,90,97,100,102,109,117,121,126,120,116,118,125,125,128,124,132,137,132,127,140,141,132
"Areatza","0 - 19","Mujeres",87,88,84,84,93,102,92,101,108,117,119,129,134,129,125,122,124,125,121,120,138,126,125,126,132,133,132
"Areatza","20 - 64","Total",625,620,615,625,638,646,668,687,703,697,718,751,750,735,710,729,734,752,754,760,759,738,744,750,755,768,762
"Areatza","20 - 64","Hombres",303,297,298,309,317,323,330,350,350,349,358,374,371,366,357,366,373,385,384,389,379,360,367,370,371,379,369
"Areatza","20 - 64","Mujeres",322,323,317,316,321,323,338,337,353,348,360,377,379,369,353,363,361,367,370,371,380,378,377,380,384,389,393
"Areatza",">= 65","Total",246,233,234,219,208,211,213,214,207,212,215,220,224,221,225,225,220,220,212,226,229,234,230,229,230,234,251
"Areatza",">= 65","Hombres",77,74,75,72,65,69,73,74,70,73,75,80,86,82,87,83,85,85,81,87,91,98,92,94,96,99,105
"Areatza",">= 65","Mujeres",169,159,159,147,143,142,140,140,137,139,140,140,138,139,138,142,135,135,131,139,138,136,138,135,134,135,146
"Aretxabaleta","Total","Total",5991,6093,6119,6160,6314,6467,6527,6614,6669,6680,6712,6850,6926,6993,6976,6987,6973,6964,7098,7080,7118,7085,7110,7165,7204,7208,7183
"Aretxabaleta","Total","Hombres",3014,3059,3073,3094,3189,3281,3331,3379,3415,3399,3427,3509,3541,3570,3538,3516,3516,3519,3578,3584,3566,3549,3542,3569,3581,3570,3559
"Aretxabaleta","Total","Mujeres",2977,3034,3046,3066,3125,3186,3196,3235,3254,3281,3285,3341,3385,3423,3438,3471,3457,3445,3520,3496,3552,3536,3568,3596,3623,3638,3624
"Aretxabaleta","0 - 19","Total",1127,1120,1083,1083,1117,1149,1141,1192,1207,1242,1285,1328,1372,1415,1420,1454,1457,1446,1501,1502,1479,1459,1457,1467,1463,1426,1397
"Aretxabaleta","0 - 19","Hombres",577,582,561,566,591,609,599,625,641,673,701,726,751,761,752,763,766,764,787,791,780,771,768,778,771,747,737
"Aretxabaleta","0 - 19","Mujeres",550,538,522,517,526,540,542,567,566,569,584,602,621,654,668,691,691,682,714,711,699,688,689,689,692,679,660
"Aretxabaleta","20 - 64","Total",3979,4026,4077,4100,4191,4278,4347,4357,4371,4317,4246,4274,4274,4251,4173,4097,4059,4035,4082,4035,4063,4050,4060,4098,4124,4140,4109
"Aretxabaleta","20 - 64","Hombres",2047,2060,2092,2102,2155,2211,2269,2278,2285,2227,2199,2223,2220,2216,2162,2105,2081,2073,2104,2099,2084,2079,2067,2079,2093,2102,2085
"Aretxabaleta","20 - 64","Mujeres",1932,1966,1985,1998,2036,2067,2078,2079,2086,2090,2047,2051,2054,2035,2011,1992,1978,1962,1978,1936,1979,1971,1993,2019,2031,2038,2024
"Aretxabaleta",">= 65","Total",885,947,959,977,1006,1040,1039,1065,1091,1121,1181,1248,1280,1327,1383,1436,1457,1483,1515,1543,1576,1576,1593,1600,1617,1642,1677
"Aretxabaleta",">= 65","Hombres",390,417,420,426,443,461,463,476,489,499,527,560,570,593,624,648,669,682,687,694,702,699,707,712,717,721,737
"Aretxabaleta",">= 65","Mujeres",495,530,539,551,563,579,576,589,602,622,654,688,710,734,759,788,788,801,828,849,874,877,886,888,900,921,940
"Armiñón","Total","Total",102,117,119,115,125,135,159,159,168,199,201,209,218,230,227,222,225,214,223,223,224,228,222,225,230,238,227
"Armiñón","Total","Hombres",57,66,70,69,73,77,90,89,91,102,102,107,115,122,118,118,113,105,108,108,116,119,119,120,122,126,123
"Armiñón","Total","Mujeres",45,51,49,46,52,58,69,70,77,97,99,102,103,108,109,104,112,109,115,115,108,109,103,105,108,112,104
"Armiñón","0 - 19","Total",13,11,16,13,16,17,21,21,25,31,33,38,36,47,52,50,46,48,43,46,46,44,39,43,44,52,52
"Armiñón","0 - 19","Hombres",6,6,11,9,11,11,12,12,11,15,16,19,18,22,24,27,23,25,20,24,27,26,24,27,27,32,32
"Armiñón","0 - 19","Mujeres",7,5,5,4,5,6,9,9,14,16,17,19,18,25,28,23,23,23,23,22,19,18,15,16,17,20,20
"Armiñón","20 - 64","Total",59,76,75,75,78,78,91,88,94,125,129,135,149,146,148,147,150,134,148,150,145,154,156,147,155,151,147
"Armiñón","20 - 64","Hombres",34,42,43,41,41,42,51,46,51,64,68,69,80,79,80,79,78,67,75,75,76,79,83,78,82,79,77
"Armiñón","20 - 64","Mujeres",25,34,32,34,37,36,40,42,43,61,61,66,69,67,68,68,72,67,73,75,69,75,73,69,73,72,70
"Armiñón",">= 65","Total",30,30,28,27,31,40,47,50,49,43,39,36,33,37,27,25,29,32,32,27,33,30,27,35,31,35,28
"Armiñón",">= 65","Hombres",17,18,16,19,21,24,27,31,29,23,18,19,17,21,14,12,12,13,13,9,13,14,12,15,13,15,14
"Armiñón",">= 65","Mujeres",13,12,12,8,10,16,20,19,20,20,21,17,16,16,13,13,17,19,19,18,20,16,15,20,18,20,14
"Arraia-Maeztu","Total","Total",664,684,692,699,706,710,710,703,708,710,723,737,731,710,707,718,720,715,732,732,795,800,815,810,831,827,817
"Arraia-Maeztu","Total","Hombres",362,377,386,393,392,389,390,394,400,399,400,415,412,404,397,402,402,398,406,414,439,438,446,443,453,450,446
"Arraia-Maeztu","Total","Mujeres",302,307,306,306,314,321,320,309,308,311,323,322,319,306,310,316,318,317,326,318,356,362,369,367,378,377,371
"Arraia-Maeztu","0 - 19","Total",65,66,68,74,76,75,75,75,76,77,87,99,100,103,113,114,122,122,127,130,145,154,161,162,172,168,163
"Arraia-Maeztu","0 - 19","Hombres",33,35,39,45,46,48,46,47,46,45,51,62,62,66,68,67,72,70,73,76,83,88,92,91,97,96,89
"Arraia-Maeztu","0 - 19","Mujeres",32,31,29,29,30,27,29,28,30,32,36,37,38,37,45,47,50,52,54,54,62,66,69,71,75,72,74
"Arraia-Maeztu","20 - 64","Total",419,434,440,446,453,460,457,452,457,463,460,459,450,428,413,424,422,413,426,420,452,460,464,455,465,466,458
"Arraia-Maeztu","20 - 64","Hombres",241,249,252,256,258,252,254,257,266,268,259,259,256,241,233,241,238,235,236,238,246,247,247,242,246,245,243
"Arraia-Maeztu","20 - 64","Mujeres",178,185,188,190,195,208,203,195,191,195,201,200,194,187,180,183,184,178,190,182,206,213,217,213,219,221,215
"Arraia-Maeztu",">= 65","Total",180,184,184,179,177,175,178,176,175,170,176,179,181,179,181,180,176,180,179,182,198,186,190,193,194,193,196
"Arraia-Maeztu",">= 65","Hombres",88,93,95,92,88,89,90,90,88,86,90,94,94,97,96,94,92,93,97,100,110,103,107,110,110,109,114
"Arraia-Maeztu",">= 65","Mujeres",92,91,89,87,89,86,88,86,87,84,86,85,87,82,85,86,84,87,82,82,88,83,83,83,84,84,82
"Arrankudiaga-Zollo","Total","Total",812,833,821,822,832,843,850,889,911,927,945,974,979,989,994,1006,1015,1018,1019,1018,1011,1025,1005,1010,1012,1028,1043
"Arrankudiaga-Zollo","Total","Hombres",390,406,401,399,401,404,416,437,454,461,469,483,485,496,493,499,508,509,512,504,495,507,501,507,508,511,516
"Arrankudiaga-Zollo","Total","Mujeres",422,427,420,423,431,439,434,452,457,466,476,491,494,493,501,507,507,509,507,514,516,518,504,503,504,517,527
"Arrankudiaga-Zollo","0 - 19","Total",117,121,115,124,118,126,129,148,159,179,182,196,200,198,203,207,211,217,214,206,201,222,207,205,203,209,211
"Arrankudiaga-Zollo","0 - 19","Hombres",51,53,52,56,55,60,61,73,82,95,97,103,106,107,108,112,111,111,108,100,97,113,106,106,105,106,107
"Arrankudiaga-Zollo","0 - 19","Mujeres",66,68,63,68,63,66,68,75,77,84,85,93,94,91,95,95,100,106,106,106,104,109,101,99,98,103,104
"Arrankudiaga-Zollo","20 - 64","Total",493,506,516,510,527,531,542,562,577,572,588,602,600,614,617,619,623,623,617,615,617,609,601,605,606,611,614
"Arrankudiaga-Zollo","20 - 64","Hombres",247,257,258,255,258,257,268,280,286,281,289,295,297,308,309,305,312,316,319,314,310,309,306,310,310,311,310
"Arrankudiaga-Zollo","20 - 64","Mujeres",246,249,258,255,269,274,274,282,291,291,299,307,303,306,308,314,311,307,298,301,307,300,295,295,296,300,304
"Arrankudiaga-Zollo",">= 65","Total",202,206,190,188,187,186,179,179,175,176,175,176,179,177,174,180,181,178,188,197,193,194,197,200,203,208,218
"Arrankudiaga-Zollo",">= 65","Hombres",92,96,91,88,88,87,87,84,86,85,83,85,82,81,76,82,85,82,85,90,88,85,89,91,93,94,99
"Arrankudiaga-Zollo",">= 65","Mujeres",110,110,99,100,99,99,92,95,89,91,92,91,97,96,98,98,96,96,103,107,105,109,108,109,110,114,119
"Arrasate/Mondragón","Total","Total",23026,23012,22853,22702,22411,22118,21917,21778,21872,21833,21771,21831,21904,21922,21933,21903,22047,22124,22058,22082,21729,21610,21611,21693,21733,21943,22251
"Arrasate/Mondragón","Total","Hombres",11495,11499,11385,11340,11194,11038,10875,10795,10833,10827,10778,10824,10876,10878,10864,10809,10873,10886,10856,10846,10638,10600,10574,10622,10642,10743,10918
"Arrasate/Mondragón","Total","Mujeres",11531,11513,11468,11362,11217,11080,11042,10983,11039,11006,10993,11007,11028,11044,11069,11094,11174,11238,11202,11236,11091,11010,11037,11071,11091,11200,11333
"Arrasate/Mondragón","0 - 19","Total",4021,3851,3773,3651,3537,3417,3380,3401,3444,3466,3509,3524,3568,3597,3634,3690,3767,3824,3826,3826,3785,3742,3736,3745,3761,3825,3855
"Arrasate/Mondragón","0 - 19","Hombres",2111,2041,1959,1914,1830,1766,1742,1751,1789,1786,1775,1771,1801,1808,1822,1870,1919,1959,1961,1939,1911,1887,1877,1879,1890,1931,1976
"Arrasate/Mondragón","0 - 19","Mujeres",1910,1810,1814,1737,1707,1651,1638,1650,1655,1680,1734,1753,1767,1789,1812,1820,1848,1865,1865,1887,1874,1855,1859,1866,1871,1894,1879
"Arrasate/Mondragón","20 - 64","Total",14889,14904,14855,14779,14588,14409,14195,14040,13990,13809,13584,13510,13462,13351,13188,13034,12966,12900,12735,12705,12381,12252,12199,12260,12244,12330,12493
"Arrasate/Mondragón","20 - 64","Hombres",7647,7681,7639,7603,7511,7416,7262,7207,7176,7124,7021,7006,6976,6923,6831,6704,6646,6583,6497,6488,6301,6279,6229,6278,6244,6282,6350
"Arrasate/Mondragón","20 - 64","Mujeres",7242,7223,7216,7176,7077,6993,6933,6833,6814,6685,6563,6504,6486,6428,6357,6330,6320,6317,6238,6217,6080,5973,5970,5982,6000,6048,6143
"Arrasate/Mondragón",">= 65","Total",4116,4257,4225,4272,4286,4292,4342,4337,4438,4558,4678,4797,4874,4974,5111,5179,5314,5400,5497,5551,5563,5616,5676,5688,5728,5788,5903
"Arrasate/Mondragón",">= 65","Hombres",1737,1777,1787,1823,1853,1856,1871,1837,1868,1917,1982,2047,2099,2147,2211,2235,2308,2344,2398,2419,2426,2434,2468,2465,2508,2530,2592
"Arrasate/Mondragón",">= 65","Mujeres",2379,2480,2438,2449,2433,2436,2471,2500,2570,2641,2696,2750,2775,2827,2900,2944,3006,3056,3099,3132,3137,3182,3208,3223,3220,3258,3311
"Arratzu","Total","Total",368,357,347,342,347,352,346,350,368,375,384,387,391,401,406,407,410,415,415,410,414,424,418,419,412,407,408
"Arratzu","Total","Hombres",182,177,173,169,172,175,170,175,185,187,188,193,195,198,199,196,198,199,201,197,198,200,196,195,193,191,192
"Arratzu","Total","Mujeres",186,180,174,173,175,177,176,175,183,188,196,194,196,203,207,211,212,216,214,213,216,224,222,224,219,216,216
"Arratzu","0 - 19","Total",63,59,50,47,46,48,42,38,44,46,55,58,62,66,71,66,73,86,79,82,80,77,74,81,76,70,68
"Arratzu","0 - 19","Hombres",28,25,21,20,20,19,17,14,15,15,21,23,27,27,30,26,30,37,36,37,35,34,34,35,36,32,29
"Arratzu","0 - 19","Mujeres",35,34,29,27,26,29,25,24,29,31,34,35,35,39,41,40,43,49,43,45,45,43,40,46,40,38,39
"Arratzu","20 - 64","Total",211,208,208,206,211,220,220,227,238,241,241,242,245,243,243,249,245,238,236,225,222,237,228,225,223,227,221
"Arratzu","20 - 64","Hombres",116,117,118,117,121,128,124,131,139,140,133,135,133,130,127,129,125,121,119,109,106,110,104,106,103,107,105
"Arratzu","20 - 64","Mujeres",95,91,90,89,90,92,96,96,99,101,108,107,112,113,116,120,120,117,117,116,116,127,124,119,120,120,116
"Arratzu",">= 65","Total",94,90,89,89,90,84,84,85,86,88,88,87,84,92,92,92,92,91,100,103,112,110,116,113,113,110,119
"Arratzu",">= 65","Hombres",38,35,34,32,31,28,29,30,31,32,34,35,35,41,42,41,43,41,46,51,57,56,58,54,54,52,58
"Arratzu",">= 65","Mujeres",56,55,55,57,59,56,55,55,55,56,54,52,49,51,50,51,49,50,54,52,55,54,58,59,59,58,61
"Arratzua-Ubarrundia","Total","Total",757,741,749,825,851,876,884,914,938,928,971,1015,1024,1040,1046,1025,1028,1034,1033,1035,1060,1071,1070,1078,1092,1082,1089
"Arratzua-Ubarrundia","Total","Hombres",410,403,408,460,462,463,460,485,501,495,518,536,543,553,564,551,560,566,561,571,570,568,569,575,582,569,568
"Arratzua-Ubarrundia","Total","Mujeres",347,338,341,365,389,413,424,429,437,433,453,479,481,487,482,474,468,468,472,464,490,503,501,503,510,513,521
"Arratzua-Ubarrundia","0 - 19","Total",132,122,121,132,144,155,158,170,174,167,173,184,198,221,219,209,206,205,197,187,186,188,187,184,191,190,195
"Arratzua-Ubarrundia","0 - 19","Hombres",81,73,71,81,80,85,85,89,95,90,93,98,104,121,122,117,114,118,108,108,109,105,104,103,102,98,101
"Arratzua-Ubarrundia","0 - 19","Mujeres",51,49,50,51,64,70,73,81,79,77,80,86,94,100,97,92,92,87,89,79,77,83,83,81,89,92,94
"Arratzua-Ubarrundia","20 - 64","Total",485,483,498,562,572,596,600,617,636,627,659,690,679,671,659,650,634,631,643,632,649,655,653,654,659,653,635
"Arratzua-Ubarrundia","20 - 64","Hombres",260,265,275,319,318,321,322,337,349,343,362,373,370,368,368,353,353,349,356,348,347,347,346,350,358,352,336
"Arratzua-Ubarrundia","20 - 64","Mujeres",225,218,223,243,254,275,278,280,287,284,297,317,309,303,291,297,281,282,287,284,302,308,307,304,301,301,299
"Arratzua-Ubarrundia",">= 65","Total",140,136,130,131,135,125,126,127,128,134,139,141,147,148,168,166,188,198,193,216,225,228,230,240,242,239,259
"Arratzua-Ubarrundia",">= 65","Hombres",69,65,62,60,64,57,53,59,57,62,63,65,69,64,74,81,93,99,97,115,114,116,119,122,122,119,131
"Arratzua-Ubarrundia",">= 65","Mujeres",71,71,68,71,71,68,73,68,71,72,76,76,78,84,94,85,95,99,96,101,111,112,111,118,120,120,128
"Arrieta","Total","Total",534,542,530,537,541,546,551,546,547,555,538,548,540,568,566,556,549,549,566,563,563,565,574,572,566,568,575
"Arrieta","Total","Hombres",266,273,269,270,273,276,281,278,279,281,271,278,270,285,287,283,279,280,289,283,290,293,297,295,292,294,293
"Arrieta","Total","Mujeres",268,269,261,267,268,270,270,268,268,274,267,270,270,283,279,273,270,269,277,280,273,272,277,277,274,274,282
"Arrieta","0 - 19","Total",81,80,76,79,82,82,86,92,97,101,99,102,101,114,109,96,94,96,99,97,95,87,84,85,83,82,79
"Arrieta","0 - 19","Hombres",48,44,39,40,40,42,44,50,51,53,50,51,50,57,51,42,44,46,44,40,40,37,36,38,38,40,40
"Arrieta","0 - 19","Mujeres",33,36,37,39,42,40,42,42,46,48,49,51,51,57,58,54,50,50,55,57,55,50,48,47,45,42,39
"Arrieta","20 - 64","Total",280,304,302,302,309,317,327,321,327,333,332,341,334,353,350,357,348,349,360,365,360,366,370,359,360,363,369
"Arrieta","20 - 64","Hombres",143,156,156,160,168,170,175,170,176,176,176,183,176,187,189,195,187,185,195,195,199,205,206,198,198,198,196
"Arrieta","20 - 64","Mujeres",137,148,146,142,141,147,152,151,151,157,156,158,158,166,161,162,161,164,165,170,161,161,164,161,162,165,173
"Arrieta",">= 65","Total",173,158,152,156,150,147,138,133,123,121,107,105,105,101,107,103,107,104,107,101,108,112,120,128,123,123,127
"Arrieta",">= 65","Hombres",75,73,74,70,65,64,62,58,52,52,45,44,44,41,47,46,48,49,50,48,51,51,55,59,56,56,57
"Arrieta",">= 65","Mujeres",98,85,78,86,85,83,76,75,71,69,62,61,61,60,60,57,59,55,57,53,57,61,65,69,67,67,70
"Arrigorriaga","Total","Total",10583,11015,11341,11717,11863,12032,12218,12253,12268,12183,12307,12319,12147,12132,12103,12029,11999,11951,11882,11943,11896,11708,11693,11712,11715,11716,11680
"Arrigorriaga","Total","Hombres",5217,5445,5618,5804,5868,5946,6020,6060,6046,6006,6053,6029,5904,5865,5863,5829,5823,5790,5760,5783,5747,5657,5677,5685,5687,5681,5653
"Arrigorriaga","Total","Mujeres",5366,5570,5723,5913,5995,6086,6198,6193,6222,6177,6254,6290,6243,6267,6240,6200,6176,6161,6122,6160,6149,6051,6016,6027,6028,6035,6027
"Arrigorriaga","0 - 19","Total",2184,2243,2264,2330,2319,2367,2442,2470,2528,2515,2550,2558,2516,2508,2459,2424,2379,2346,2283,2300,2328,2197,2057,2127,2181,2146,2035
"Arrigorriaga","0 - 19","Hombres",1103,1137,1151,1199,1198,1229,1275,1289,1324,1318,1326,1332,1310,1297,1271,1262,1234,1194,1175,1178,1188,1112,1026,1081,1118,1089,1003
"Arrigorriaga","0 - 19","Mujeres",1081,1106,1113,1131,1121,1138,1167,1181,1204,1197,1224,1226,1206,1211,1188,1162,1145,1152,1108,1122,1140,1085,1031,1046,1063,1057,1032
"Arrigorriaga","20 - 64","Total",6746,7121,7419,7718,7922,8004,8099,8100,8039,7953,7971,7946,7793,7681,7691,7647,7626,7578,7520,7477,7368,7254,7327,7227,7136,7144,7113
"Arrigorriaga","20 - 64","Hombres",3426,3630,3788,3919,4017,4040,4060,4080,4022,3999,4015,3976,3880,3810,3830,3792,3786,3770,3732,3715,3631,3585,3670,3589,3528,3545,3538
"Arrigorriaga","20 - 64","Mujeres",3320,3491,3631,3799,3905,3964,4039,4020,4017,3954,3956,3970,3913,3871,3861,3855,3840,3808,3788,3762,3737,3669,3657,3638,3608,3599,3575
"Arrigorriaga",">= 65","Total",1653,1651,1658,1669,1622,1661,1677,1683,1701,1715,1786,1815,1838,1943,1953,1958,1994,2027,2079,2166,2200,2257,2307,2358,2398,2426,2532
"Arrigorriaga",">= 65","Hombres",688,678,679,686,653,677,685,691,700,689,712,721,714,758,762,775,803,826,853,890,928,960,979,1015,1041,1047,1112
"Arrigorriaga",">= 65","Mujeres",965,973,979,983,969,984,992,992,1001,1026,1074,1094,1124,1185,1191,1183,1191,1201,1226,1276,1272,1297,1328,1343,1357,1379,1420
"Artea","Total","Total",640,636,647,662,663,664,675,718,740,747,770,772,749,762,759,736,718,720,722,721,749,752,764,763,765,758,752
"Artea","Total","Hombres",321,319,327,333,330,327,336,362,373,372,383,388,383,387,382,368,365,367,369,374,379,376,387,386,388,383,384
"Artea","Total","Mujeres",319,317,320,329,333,337,339,356,367,375,387,384,366,375,377,368,353,353,353,347,370,376,377,377,377,375,368
"Artea","0 - 19","Total",99,97,102,100,105,101,109,115,118,133,155,155,150,155,153,138,132,143,147,149,147,146,147,149,153,149,137
"Artea","0 - 19","Hombres",53,56,61,54,60,55,58,62,66,73,85,81,81,83,77,68,66,75,79,83,77,79,80,81,83,81,75
"Artea","0 - 19","Mujeres",46,41,41,46,45,46,51,53,52,60,70,74,69,72,76,70,66,68,68,66,70,67,67,68,70,68,62
"Artea","20 - 64","Total",386,384,400,417,422,429,434,472,489,483,492,493,470,468,465,439,428,415,418,413,437,430,440,434,429,427,426
"Artea","20 - 64","Hombres",213,203,213,225,221,223,228,251,255,251,252,259,248,245,242,225,223,214,211,209,217,212,219,218,218,217,221
"Artea","20 - 64","Mujeres",173,181,187,192,201,206,206,221,234,232,240,234,222,223,223,214,205,201,207,204,220,218,221,216,211,210,205
"Artea",">= 65","Total",155,155,145,145,136,134,132,131,133,131,123,124,129,139,141,159,158,162,157,159,165,176,177,180,183,182,189
"Artea",">= 65","Hombres",55,60,53,54,49,49,50,49,52,48,46,48,54,59,63,75,76,78,79,82,85,85,88,87,87,85,88
"Artea",">= 65","Mujeres",100,95,92,91,87,85,82,82,81,83,77,76,75,80,78,84,82,84,78,77,80,91,89,93,96,97,101
"Artzentales","Total","Total",660,661,669,670,675,682,682,705,701,716,727,752,720,713,719,732,715,708,692,671,712,709,696,713,703,726,746
"Artzentales","Total","Hombres",361,362,363,360,363,367,363,388,385,398,393,404,375,374,380,391,377,374,363,345,373,367,365,372,365,376,380
"Artzentales","Total","Mujeres",299,299,306,310,312,315,319,317,316,318,334,348,345,339,339,341,338,334,329,326,339,342,331,341,338,350,366
"Artzentales","0 - 19","Total",79,83,89,100,106,103,92,106,113,120,138,140,103,105,108,107,102,106,95,90,105,105,94,103,99,104,113
"Artzentales","0 - 19","Hombres",39,41,42,48,50,50,41,54,61,69,72,77,48,53,54,51,47,52,47,43,52,50,42,50,48,51,57
"Artzentales","0 - 19","Mujeres",40,42,47,52,56,53,51,52,52,51,66,63,55,52,54,56,55,54,48,47,53,55,52,53,51,53,56
"Artzentales","20 - 64","Total",373,377,396,391,397,405,421,433,427,438,435,454,458,445,444,454,447,439,436,414,440,427,434,435,425,433,436
"Artzentales","20 - 64","Hombres",227,225,231,227,227,229,240,251,248,256,249,254,256,243,244,259,250,239,233,219,236,223,233,228,219,222,222
"Artzentales","20 - 64","Mujeres",146,152,165,164,170,176,181,182,179,182,186,200,202,202,200,195,197,200,203,195,204,204,201,207,206,211,214
"Artzentales",">= 65","Total",208,201,184,179,172,174,169,166,161,158,154,158,159,163,167,171,166,163,161,167,167,177,168,175,179,189,197
"Artzentales",">= 65","Hombres",95,96,90,85,86,88,82,83,76,73,72,73,71,78,82,81,80,83,83,83,85,94,90,94,98,103,101
"Artzentales",">= 65","Mujeres",113,105,94,94,86,86,87,83,85,85,82,85,88,85,85,90,86,80,78,84,82,83,78,81,81,86,96
"Artziniega","Total","Total",1483,1483,1537,1612,1647,1679,1705,1774,1831,1826,1857,1876,1846,1842,1844,1857,1898,1933,1922,1911,1862,1863,1886,1886,1891,1917,1933
"Artziniega","Total","Hombres",744,741,762,803,817,829,856,902,919,914,927,947,937,920,917,919,943,963,957,945,914,916,926,921,929,940,950
"Artziniega","Total","Mujeres",739,742,775,809,830,850,849,872,912,912,930,929,909,922,927,938,955,970,965,966,948,947,960,965,962,977,983
"Artziniega","0 - 19","Total",285,287,291,306,307,313,315,318,347,342,354,375,368,368,384,413,419,442,440,429,419,404,407,403,396,399,383
"Artziniega","0 - 19","Hombres",153,151,145,161,163,173,173,188,195,195,196,212,205,207,211,220,228,240,240,232,225,217,215,213,204,206,191
"Artziniega","0 - 19","Mujeres",132,136,146,145,144,140,142,130,152,147,158,163,163,161,173,193,191,202,200,197,194,187,192,190,192,193,192
"Artziniega","20 - 64","Total",941,936,986,1041,1069,1117,1137,1206,1220,1216,1228,1226,1196,1177,1163,1146,1154,1165,1144,1129,1100,1108,1123,1117,1124,1139,1152
"Artziniega","20 - 64","Hombres",472,476,506,528,538,547,570,608,614,610,617,620,613,596,588,580,577,587,580,563,541,548,553,546,553,563,582
"Artziniega","20 - 64","Mujeres",469,460,480,513,531,570,567,598,606,606,611,606,583,581,575,566,577,578,564,566,559,560,570,571,571,576,570
"Artziniega",">= 65","Total",257,260,260,265,271,249,253,250,264,268,275,275,282,297,297,298,325,326,338,353,343,351,356,366,371,379,398
"Artziniega",">= 65","Hombres",119,114,111,114,116,109,113,106,110,109,114,115,119,117,118,119,138,136,137,150,148,151,158,162,172,171,177
"Artziniega",">= 65","Mujeres",138,146,149,151,155,140,140,144,154,159,161,160,163,180,179,179,187,190,201,203,195,200,198,204,199,208,221
"Asparrena","Total","Total",1548,1563,1557,1573,1577,1577,1571,1594,1645,1683,1696,1705,1684,1659,1654,1637,1620,1636,1609,1616,1657,1662,1619,1632,1631,1641,1646
"Asparrena","Total","Hombres",757,765,761,769,781,790,790,799,823,840,851,853,841,830,829,819,805,816,810,815,831,825,804,812,813,815,815
"Asparrena","Total","Mujeres",791,798,796,804,796,787,781,795,822,843,845,852,843,829,825,818,815,820,799,801,826,837,815,820,818,826,831
"Asparrena","0 - 19","Total",257,262,238,251,256,246,249,261,281,310,309,325,318,314,325,321,312,308,295,297,294,287,269,270,264,266,247
"Asparrena","0 - 19","Hombres",130,123,116,118,120,120,117,122,136,152,151,159,150,143,147,151,145,140,137,138,131,129,123,126,129,131,121
"Asparrena","0 - 19","Mujeres",127,139,122,133,136,126,132,139,145,158,158,166,168,171,178,170,167,168,158,159,163,158,146,144,135,135,126
"Asparrena","20 - 64","Total",936,935,941,955,969,977,981,1004,1045,1057,1068,1064,1054,1032,1016,1010,1008,1005,993,1000,1026,1031,1002,1001,1001,1003,1012
"Asparrena","20 - 64","Hombres",475,485,482,498,516,523,532,543,558,559,565,561,562,557,552,539,535,534,532,532,548,542,520,516,512,508,510
"Asparrena","20 - 64","Mujeres",461,450,459,457,453,454,449,461,487,498,503,503,492,475,464,471,473,471,461,468,478,489,482,485,489,495,502
"Asparrena",">= 65","Total",355,366,378,367,352,354,341,329,319,316,319,316,312,313,313,306,300,323,321,319,337,344,348,361,366,372,387
"Asparrena",">= 65","Hombres",152,157,163,153,145,147,141,134,129,129,135,133,129,130,130,129,125,142,141,145,152,154,161,170,172,176,184
"Asparrena",">= 65","Mujeres",203,209,215,214,207,207,200,195,190,187,184,183,183,183,183,177,175,181,180,174,185,190,187,191,194,196,203
"Asteasu","Total","Total",1255,1345,1363,1379,1403,1427,1441,1471,1461,1455,1475,1500,1505,1509,1513,1493,1510,1531,1550,1560,1518,1525,1519,1514,1528,1538,1527
"Asteasu","Total","Hombres",677,719,725,745,757,769,769,784,784,783,793,807,806,808,803,782,784,789,795,786,781,784,780,778,793,794,785
"Asteasu","Total","Mujeres",578,626,638,634,646,658,672,687,677,672,682,693,699,701,710,711,726,742,755,774,737,741,739,736,735,744,742
"Asteasu","0 - 19","Total",241,265,269,262,283,294,309,325,341,351,362,371,379,386,380,375,383,379,371,382,359,351,338,327,335,333,303
"Asteasu","0 - 19","Hombres",133,136,140,139,153,160,164,170,181,194,199,202,203,206,208,197,200,191,184,188,173,172,168,160,159,157,146
"Asteasu","0 - 19","Mujeres",108,129,129,123,130,134,145,155,160,157,163,169,176,180,172,178,183,188,187,194,186,179,170,167,176,176,157
"Asteasu","20 - 64","Total",809,876,888,911,921,934,929,935,907,887,893,900,898,886,886,878,878,901,910,910,891,906,911,914,921,932,951
"Asteasu","20 - 64","Hombres",450,490,489,511,513,518,510,510,496,477,490,495,495,489,474,467,462,476,476,461,468,473,473,478,494,496,497
"Asteasu","20 - 64","Mujeres",359,386,399,400,408,416,419,425,411,410,403,405,403,397,412,411,416,425,434,449,423,433,438,436,427,436,454
"Asteasu",">= 65","Total",205,204,206,206,199,199,203,211,213,217,220,229,228,237,247,240,249,251,269,268,268,268,270,273,272,273,273
"Asteasu",">= 65","Hombres",94,93,96,95,91,91,95,104,107,112,104,110,108,113,121,118,122,122,135,137,140,139,139,140,140,141,142
"Asteasu",">= 65","Mujeres",111,111,110,111,108,108,108,107,106,105,116,119,120,124,126,122,127,129,134,131,128,129,131,133,132,132,131
"Astigarraga","Total","Total",3582,3746,3892,4028,4142,4256,4332,4488,4640,4696,4805,5009,5335,5564,5713,5901,5864,5922,6180,6674,7056,7288,7428,7536,7596,7623,7665
"Astigarraga","Total","Hombres",1789,1874,1946,2025,2099,2172,2219,2310,2389,2398,2447,2560,2730,2834,2915,3003,2961,2986,3091,3357,3585,3689,3758,3823,3844,3858,3875
"Astigarraga","Total","Mujeres",1793,1872,1946,2003,2043,2084,2113,2178,2251,2298,2358,2449,2605,2730,2798,2898,2903,2936,3089,3317,3471,3599,3670,3713,3752,3765,3790
"Astigarraga","0 - 19","Total",702,719,754,815,856,889,907,960,1007,1026,1077,1112,1206,1288,1335,1408,1421,1448,1526,1600,1745,1767,1759,1805,1870,1876,1878
"Astigarraga","0 - 19","Hombres",368,371,387,425,451,474,488,520,548,558,583,599,648,675,705,740,735,748,782,814,901,898,895,919,961,956,967
"Astigarraga","0 - 19","Mujeres",334,348,367,390,405,415,419,440,459,468,494,513,558,613,630,668,686,700,744,786,844,869,864,886,909,920,911
"Astigarraga","20 - 64","Total",2443,2578,2688,2758,2828,2896,2941,3025,3120,3129,3165,3298,3503,3623,3722,3830,3753,3762,3931,4281,4464,4615,4741,4770,4731,4735,4749
"Astigarraga","20 - 64","Hombres",1256,1336,1397,1430,1466,1500,1529,1578,1621,1606,1615,1689,1800,1854,1905,1954,1903,1899,1963,2156,2265,2348,2413,2442,2406,2419,2414
"Astigarraga","20 - 64","Mujeres",1187,1242,1291,1328,1362,1396,1412,1447,1499,1523,1550,1609,1703,1769,1817,1876,1850,1863,1968,2125,2199,2267,2328,2328,2325,2316,2335
"Astigarraga",">= 65","Total",437,449,450,455,458,471,484,503,513,541,563,599,626,653,656,663,690,712,723,793,847,906,928,961,995,1012,1038
"Astigarraga",">= 65","Hombres",165,167,162,170,182,198,202,212,220,234,249,272,282,305,305,309,323,339,346,387,419,443,450,462,477,483,494
"Astigarraga",">= 65","Mujeres",272,282,288,285,276,273,282,291,293,307,314,327,344,348,351,354,367,373,377,406,428,463,478,499,518,529,544
"Ataun","Total","Total",1571,1568,1550,1552,1565,1577,1585,1639,1657,1660,1663,1674,1679,1698,1674,1696,1722,1723,1745,1747,1707,1676,1678,1707,1700,1727,1723
"Ataun","Total","Hombres",817,817,810,817,824,830,840,862,878,880,877,873,886,889,872,887,899,892,907,905,879,858,866,890,881,897,895
"Ataun","Total","Mujeres",754,751,740,735,741,747,745,777,779,780,786,801,793,809,802,809,823,831,838,842,828,818,812,817,819,830,828
"Ataun","0 - 19","Total",219,224,211,211,222,239,246,279,297,313,327,344,353,370,370,390,410,421,428,420,404,383,382,391,394,413,410
"Ataun","0 - 19","Hombres",116,124,111,119,125,128,137,154,170,177,183,187,197,204,201,212,223,229,229,222,217,202,201,210,211,215,216
"Ataun","0 - 19","Mujeres",103,100,100,92,97,111,109,125,127,136,144,157,156,166,169,178,187,192,199,198,187,181,181,181,183,198,194
"Ataun","20 - 64","Total",961,958,960,960,964,962,967,993,996,993,980,968,961,958,927,936,925,907,926,930,914,916,916,926,919,925,926
"Ataun","20 - 64","Hombres",513,504,518,522,520,518,519,530,532,533,524,510,512,504,482,488,486,472,487,491,474,479,487,496,487,496,494
"Ataun","20 - 64","Mujeres",448,454,442,438,444,444,448,463,464,460,456,458,449,454,445,448,439,435,439,439,440,437,429,430,432,429,432
"Ataun",">= 65","Total",391,386,379,381,379,376,372,367,364,354,356,362,365,370,377,370,387,395,391,397,389,377,380,390,387,389,387
"Ataun",">= 65","Hombres",188,189,181,176,179,184,184,178,176,170,170,176,177,181,189,187,190,191,191,192,188,177,178,184,183,186,185
"Ataun",">= 65","Mujeres",203,197,198,205,200,192,188,189,188,184,186,186,188,189,188,183,197,204,200,205,201,200,202,206,204,203,202
"Atxondo","Total","Total",1410,1390,1406,1380,1399,1421,1434,1461,1456,1432,1430,1417,1391,1393,1379,1376,1424,1431,1414,1385,1373,1376,1375,1371,1365,1361,1346
"Atxondo","Total","Hombres",704,692,701,684,704,726,728,732,732,724,726,724,706,700,684,688,713,716,700,692,687,689,684,681,678,678,675
"Atxondo","Total","Mujeres",706,698,705,696,695,695,706,729,724,708,704,693,685,693,695,688,711,715,714,693,686,687,691,690,687,683,671
"Atxondo","0 - 19","Total",320,300,291,278,268,271,264,270,253,247,241,235,234,228,227,230,242,252,239,227,225,225,221,219,220,225,217
"Atxondo","0 - 19","Hombres",161,150,145,138,129,135,124,131,123,121,121,118,118,113,109,111,118,128,120,111,110,109,103,102,106,110,107
"Atxondo","0 - 19","Mujeres",159,150,146,140,139,136,140,139,130,126,120,117,116,115,118,119,124,124,119,116,115,116,118,117,114,115,110
"Atxondo","20 - 64","Total",877,872,904,898,932,954,971,986,1002,964,962,951,922,913,874,872,890,878,852,828,814,809,813,804,792,778,758
"Atxondo","20 - 64","Hombres",448,442,457,447,477,492,503,503,510,495,489,493,471,463,436,436,449,434,417,414,412,413,413,410,401,399,392
"Atxondo","20 - 64","Mujeres",429,430,447,451,455,462,468,483,492,469,473,458,451,450,438,436,441,444,435,414,402,396,400,394,391,379,366
"Atxondo",">= 65","Total",213,218,211,204,199,196,199,205,201,221,227,231,235,252,278,274,292,301,323,330,334,342,341,348,353,358,371
"Atxondo",">= 65","Hombres",95,100,99,99,98,99,101,98,99,108,116,113,117,124,139,141,146,154,163,167,165,167,168,169,171,169,176
"Atxondo",">= 65","Mujeres",118,118,112,105,101,97,98,107,102,113,111,118,118,128,139,133,146,147,160,163,169,175,173,179,182,189,195
"Aulesti","Total","Total",653,656,655,659,663,668,672,677,680,675,680,666,652,654,654,653,672,662,665,668,639,650,656,651,650,641,638
"Aulesti","Total","Hombres",331,334,331,331,333,336,335,338,341,342,347,339,331,329,328,326,331,324,328,327,317,322,327,323,322,319,322
"Aulesti","Total","Mujeres",322,322,324,328,330,332,337,339,339,333,333,327,321,325,326,327,341,338,337,341,322,328,329,328,328,322,316
"Aulesti","0 - 19","Total",104,103,106,108,105,106,106,107,113,112,114,107,110,122,118,117,122,120,127,126,119,121,128,122,118,112,111
"Aulesti","0 - 19","Hombres",48,47,48,49,46,49,47,49,50,52,52,49,53,61,57,56,56,58,60,59,57,64,67,64,63,58,59
"Aulesti","0 - 19","Mujeres",56,56,58,59,59,57,59,58,63,60,62,58,57,61,61,61,66,62,67,67,62,57,61,58,55,54,52
"Aulesti","20 - 64","Total",376,380,372,373,382,385,379,379,379,378,381,372,357,352,354,355,366,364,356,358,340,351,347,351,356,347,346
"Aulesti","20 - 64","Hombres",193,198,195,194,198,203,200,201,203,201,203,198,191,181,186,185,187,180,181,179,167,166,168,168,170,171,174
"Aulesti","20 - 64","Mujeres",183,182,177,179,184,182,179,178,176,177,178,174,166,171,168,170,179,184,175,179,173,185,179,183,186,176,172
"Aulesti",">= 65","Total",173,173,177,178,176,177,187,191,188,185,185,187,185,180,182,181,184,178,182,184,180,178,181,178,176,182,181
"Aulesti",">= 65","Hombres",90,89,88,88,89,84,88,88,88,89,92,92,87,87,85,85,88,86,87,89,93,92,92,91,89,90,89
"Aulesti",">= 65","Mujeres",83,84,89,90,87,93,99,103,100,96,93,95,98,93,97,96,96,92,95,95,87,86,89,87,87,92,92
"Ayala/Aiara","Total","Total",2192,2253,2356,2555,2611,2662,2700,2641,2701,2771,2827,2866,2883,2876,2875,2889,2883,2896,2901,2895,2913,2882,2890,2884,2901,2905,2882
"Ayala/Aiara","Total","Hombres",1098,1136,1197,1294,1323,1348,1364,1316,1339,1382,1393,1420,1423,1415,1430,1450,1443,1445,1442,1444,1467,1443,1458,1446,1452,1456,1451
"Ayala/Aiara","Total","Mujeres",1094,1117,1159,1261,1288,1314,1336,1325,1362,1389,1434,1446,1460,1461,1445,1439,1440,1451,1459,1451,1446,1439,1432,1438,1449,1449,1431
"Ayala/Aiara","0 - 19","Total",389,389,395,437,453,477,517,525,546,564,583,599,627,629,645,661,672,678,661,647,655,625,607,605,615,626,582
"Ayala/Aiara","0 - 19","Hombres",190,200,200,211,217,231,252,256,263,271,288,306,312,309,324,341,348,349,336,328,341,313,303,300,312,322,303
"Ayala/Aiara","0 - 19","Mujeres",199,189,195,226,236,246,265,269,283,293,295,293,315,320,321,320,324,329,325,319,314,312,304,305,303,304,279
"Ayala/Aiara","20 - 64","Total",1331,1394,1473,1650,1700,1743,1729,1683,1697,1765,1785,1791,1786,1776,1758,1754,1750,1748,1745,1749,1735,1733,1751,1745,1751,1747,1745
"Ayala/Aiara","20 - 64","Hombres",709,742,791,876,905,926,917,870,872,909,895,899,894,883,883,885,878,875,878,876,870,873,890,882,877,871,864
"Ayala/Aiara","20 - 64","Mujeres",622,652,682,774,795,817,812,813,825,856,890,892,892,893,875,869,872,873,867,873,865,860,861,863,874,876,881
"Ayala/Aiara",">= 65","Total",472,470,488,468,458,442,454,433,458,442,459,476,470,471,472,474,461,470,495,499,523,524,532,534,535,532,555
"Ayala/Aiara",">= 65","Hombres",199,194,206,207,201,191,195,190,204,202,210,215,217,223,223,224,217,221,228,240,256,257,265,264,263,263,284
"Ayala/Aiara",">= 65","Mujeres",273,276,282,261,257,251,259,243,254,240,249,261,253,248,249,250,244,249,267,259,267,267,267,270,272,269,271
"Azkoitia","Total","Total",10400,10439,10456,10519,10561,10603,10714,11045,11277,11471,11618,11718,11743,11754,11844,11852,11879,11964,11989,11983,11962,11914,11891,11936,11951,11992,12084
"Azkoitia","Total","Hombres",5172,5199,5202,5242,5263,5280,5350,5559,5716,5839,5932,6008,6002,6003,6044,6014,6033,6057,6078,6074,6047,6021,5995,6013,6013,6041,6084
"Azkoitia","Total","Mujeres",5228,5240,5254,5277,5298,5323,5364,5486,5561,5632,5686,5710,5741,5751,5800,5838,5846,5907,5911,5909,5915,5893,5896,5923,5938,5951,6000
"Azkoitia","0 - 19","Total",1985,1933,1905,1900,1905,1934,1973,2088,2193,2278,2421,2465,2512,2576,2623,2624,2651,2716,2730,2710,2653,2635,2553,2552,2566,2574,2540
"Azkoitia","0 - 19","Hombres",1020,995,955,974,965,970,1010,1070,1127,1179,1272,1268,1294,1323,1356,1345,1353,1381,1400,1380,1337,1333,1280,1278,1282,1291,1291
"Azkoitia","0 - 19","Mujeres",965,938,950,926,940,964,963,1018,1066,1099,1149,1197,1218,1253,1267,1279,1298,1335,1330,1330,1316,1302,1273,1274,1284,1283,1249
"Azkoitia","20 - 64","Total",6424,6497,6526,6608,6657,6691,6764,6971,7052,7069,7061,7075,7030,6956,6962,6972,6971,6979,6975,6953,6928,6893,6933,6944,6956,6974,7024
"Azkoitia","20 - 64","Hombres",3290,3340,3379,3398,3432,3461,3494,3638,3719,3740,3730,3782,3746,3708,3693,3669,3677,3654,3654,3639,3618,3587,3600,3583,3603,3605,3613
"Azkoitia","20 - 64","Mujeres",3134,3157,3147,3210,3225,3230,3270,3333,3333,3329,3331,3293,3284,3248,3269,3303,3294,3325,3321,3314,3310,3306,3333,3361,3353,3369,3411
"Azkoitia",">= 65","Total",1991,2009,2025,2011,1999,1978,1977,1986,2032,2124,2136,2178,2201,2222,2259,2256,2257,2269,2284,2320,2381,2386,2405,2440,2429,2444,2520
"Azkoitia",">= 65","Hombres",862,864,868,870,866,849,846,851,870,920,930,958,962,972,995,1000,1003,1022,1024,1055,1092,1101,1115,1152,1128,1145,1180
"Azkoitia",">= 65","Mujeres",1129,1145,1157,1141,1133,1129,1131,1135,1162,1204,1206,1220,1239,1250,1264,1256,1254,1247,1260,1265,1289,1285,1290,1288,1301,1299,1340
"Azpeitia","Total","Total",13547,13667,13771,13726,13771,13814,13851,13967,14199,14245,14343,14559,14661,14725,14822,14812,14817,14916,15055,15220,15329,15294,15362,15320,15312,15333,15431
"Azpeitia","Total","Hombres",6761,6843,6876,6874,6911,6942,6971,7040,7185,7205,7264,7380,7441,7475,7522,7496,7481,7525,7598,7671,7738,7733,7765,7735,7729,7724,7805
"Azpeitia","Total","Mujeres",6786,6824,6895,6852,6860,6872,6880,6927,7014,7040,7079,7179,7220,7250,7300,7316,7336,7391,7457,7549,7591,7561,7597,7585,7583,7609,7626
"Azpeitia","0 - 19","Total",2821,2801,2769,2741,2763,2729,2755,2790,2871,2932,2989,3051,3100,3127,3193,3190,3221,3232,3244,3279,3304,3242,3185,3212,3172,3178,3160
"Azpeitia","0 - 19","Hombres",1441,1428,1402,1403,1432,1422,1424,1436,1473,1499,1534,1570,1603,1631,1661,1657,1692,1708,1707,1731,1751,1711,1676,1696,1680,1677,1683
"Azpeitia","0 - 19","Mujeres",1380,1373,1367,1338,1331,1307,1331,1354,1398,1433,1455,1481,1497,1496,1532,1533,1529,1524,1537,1548,1553,1531,1509,1516,1492,1501,1477
"Azpeitia","20 - 64","Total",8601,8681,8769,8746,8724,8790,8794,8879,8961,8873,8826,8892,8843,8779,8725,8666,8590,8589,8646,8729,8752,8739,8842,8756,8787,8739,8787
"Azpeitia","20 - 64","Hombres",4390,4451,4471,4456,4448,4485,4516,4558,4637,4576,4547,4579,4554,4515,4504,4463,4406,4397,4420,4472,4486,4488,4544,4486,4495,4473,4491
"Azpeitia","20 - 64","Mujeres",4211,4230,4298,4290,4276,4305,4278,4321,4324,4297,4279,4313,4289,4264,4221,4203,4184,4192,4226,4257,4266,4251,4298,4270,4292,4266,4296
"Azpeitia",">= 65","Total",2125,2185,2233,2239,2284,2295,2302,2298,2367,2440,2528,2616,2718,2819,2904,2956,3006,3095,3165,3212,3273,3313,3335,3352,3353,3416,3484
"Azpeitia",">= 65","Hombres",930,964,1003,1015,1031,1035,1031,1046,1075,1130,1183,1231,1284,1329,1357,1376,1383,1420,1471,1468,1501,1534,1545,1553,1554,1574,1631
"Azpeitia",">= 65","Mujeres",1195,1221,1230,1224,1253,1260,1271,1252,1292,1310,1345,1385,1434,1490,1547,1580,1623,1675,1694,1744,1772,1779,1790,1799,1799,1842,1853
"Bakio","Total","Total",1775,1853,1927,2018,2067,2119,2176,2260,2313,2470,2554,2615,2633,2616,2584,2596,2584,2599,2639,2627,2781,2814,2813,2816,2827,2828,2868
"Bakio","Total","Hombres",901,936,978,1013,1037,1063,1094,1141,1182,1252,1295,1323,1341,1327,1312,1311,1298,1303,1321,1320,1395,1400,1389,1392,1411,1396,1406
"Bakio","Total","Mujeres",874,917,949,1005,1030,1056,1082,1119,1131,1218,1259,1292,1292,1289,1272,1285,1286,1296,1318,1307,1386,1414,1424,1424,1416,1432,1462
"Bakio","0 - 19","Total",250,249,273,271,293,313,336,369,386,420,443,472,479,489,511,505,519,525,532,510,552,552,545,535,528,520,528
"Bakio","0 - 19","Hombres",114,115,133,128,142,157,170,186,196,211,219,233,236,247,265,259,264,263,262,258,280,268,264,264,266,261,258
"Bakio","0 - 19","Mujeres",136,134,140,143,151,156,166,183,190,209,224,239,243,242,246,246,255,262,270,252,272,284,281,271,262,259,270
"Bakio","20 - 64","Total",1226,1285,1336,1413,1444,1474,1511,1537,1555,1668,1722,1741,1732,1700,1637,1639,1613,1610,1629,1625,1718,1748,1744,1751,1765,1753,1769
"Bakio","20 - 64","Hombres",644,670,691,723,744,754,774,794,813,859,890,901,904,878,842,847,825,824,840,836,879,893,882,885,900,886,882
"Bakio","20 - 64","Mujeres",582,615,645,690,700,720,737,743,742,809,832,840,828,822,795,792,788,786,789,789,839,855,862,866,865,867,887
"Bakio",">= 65","Total",299,319,318,334,330,332,329,354,372,382,389,402,422,427,436,452,452,464,478,492,511,514,524,530,534,555,571
"Bakio",">= 65","Hombres",143,151,154,162,151,152,150,161,173,182,186,189,201,202,205,205,209,216,219,226,236,239,243,243,245,249,266
"Bakio",">= 65","Mujeres",156,168,164,172,179,180,179,193,199,200,203,213,221,225,231,247,243,248,259,266,275,275,281,287,289,306,305
"Baliarrain","Total","Total",88,90,90,94,93,92,89,98,109,119,121,127,131,132,148,145,152,150,151,165,155,155,156,154,159,159,159
"Baliarrain","Total","Hombres",46,46,47,48,49,50,49,53,59,63,63,66,73,71,81,79,84,81,80,90,84,84,83,82,85,85,84
"Baliarrain","Total","Mujeres",42,44,43,46,44,42,40,45,50,56,58,61,58,61,67,66,68,69,71,75,71,71,73,72,74,74,75
"Baliarrain","0 - 19","Total",12,12,12,12,11,12,12,14,19,23,23,26,32,32,38,41,44,46,48,54,46,47,45,47,52,51,51
"Baliarrain","0 - 19","Hombres",6,6,5,6,5,7,7,8,13,14,14,15,22,21,26,29,29,31,30,35,30,29,28,29,31,30,29
"Baliarrain","0 - 19","Mujeres",6,6,7,6,6,5,5,6,6,9,9,11,10,11,12,12,15,15,18,19,16,18,17,18,21,21,22
"Baliarrain","20 - 64","Total",56,54,56,59,61,61,60,69,73,79,79,81,82,83,93,85,89,84,84,91,90,89,93,92,93,94,92
"Baliarrain","20 - 64","Hombres",31,30,31,32,33,35,34,37,38,42,41,42,43,42,47,41,46,42,42,47,46,46,47,46,47,48,47
"Baliarrain","20 - 64","Mujeres",25,24,25,27,28,26,26,32,35,37,38,39,39,41,46,44,43,42,42,44,44,43,46,46,46,46,45
"Baliarrain",">= 65","Total",20,24,22,23,21,19,17,15,17,17,19,20,17,17,17,19,19,20,19,20,19,19,18,15,14,14,16
"Baliarrain",">= 65","Hombres",9,10,11,10,11,8,8,8,8,7,8,9,8,8,8,9,9,8,8,8,8,9,8,7,7,7,8
"Baliarrain",">= 65","Mujeres",11,14,11,13,10,11,9,7,9,10,11,11,9,9,9,10,10,12,11,12,11,10,10,8,7,7,8
"Balmaseda","Total","Total",6975,6995,6968,6999,7008,7030,7079,7141,7235,7350,7572,7695,7782,7768,7750,7619,7612,7579,7595,7638,7673,7684,7665,7663,7649,7704,7773
"Balmaseda","Total","Hombres",3366,3373,3358,3377,3385,3401,3451,3474,3511,3564,3677,3742,3796,3780,3779,3722,3722,3697,3673,3696,3667,3682,3694,3671,3662,3697,3726
"Balmaseda","Total","Mujeres",3609,3622,3610,3622,3623,3629,3628,3667,3724,3786,3895,3953,3986,3988,3971,3897,3890,3882,3922,3942,4006,4002,3971,3992,3987,4007,4047
"Balmaseda","0 - 19","Total",1074,1061,1042,1048,1056,1078,1119,1136,1147,1179,1229,1296,1381,1392,1394,1378,1402,1399,1407,1442,1417,1402,1402,1386,1372,1405,1390
"Balmaseda","0 - 19","Hombres",537,538,537,551,544,560,589,598,606,615,656,686,742,754,752,730,736,727,722,744,707,700,707,699,690,708,705
"Balmaseda","0 - 19","Mujeres",537,523,505,497,512,518,530,538,541,564,573,610,639,638,642,648,666,672,685,698,710,702,695,687,682,697,685
"Balmaseda","20 - 64","Total",4362,4376,4348,4385,4398,4397,4420,4460,4523,4589,4750,4764,4758,4702,4670,4545,4500,4460,4439,4450,4446,4451,4435,4436,4417,4431,4461
"Balmaseda","20 - 64","Hombres",2171,2181,2163,2178,2202,2195,2213,2233,2255,2286,2359,2370,2358,2322,2308,2263,2250,2228,2199,2201,2187,2187,2186,2170,2161,2168,2173
"Balmaseda","20 - 64","Mujeres",2191,2195,2185,2207,2196,2202,2207,2227,2268,2303,2391,2394,2400,2380,2362,2282,2250,2232,2240,2249,2259,2264,2249,2266,2256,2263,2288
"Balmaseda",">= 65","Total",1539,1558,1578,1566,1554,1555,1540,1545,1565,1582,1593,1635,1643,1674,1686,1696,1710,1720,1749,1746,1810,1831,1828,1841,1860,1868,1922
"Balmaseda",">= 65","Hombres",658,654,658,648,639,646,649,643,650,663,662,686,696,704,719,729,736,742,752,751,773,795,801,802,811,821,848
"Balmaseda",">= 65","Mujeres",881,904,920,918,915,909,891,902,915,919,931,949,947,970,967,967,974,978,997,995,1037,1036,1027,1039,1049,1047,1074
"Baños de Ebro/Mañueta","Total","Total",308,314,320,319,343,367,357,362,335,330,327,320,325,327,314,313,318,312,323,321,309,319,312,317,319,321,316
"Baños de Ebro/Mañueta","Total","Hombres",163,169,171,171,192,213,199,205,184,182,181,178,181,180,171,171,177,176,184,185,171,183,177,181,183,186,183
"Baños de Ebro/Mañueta","Total","Mujeres",145,145,149,148,151,154,158,157,151,148,146,142,144,147,143,142,141,136,139,136,138,136,135,136,136,135,133
"Baños de Ebro/Mañueta","0 - 19","Total",57,55,59,60,64,64,59,58,57,55,55,56,59,56,54,49,45,43,44,43,39,34,30,31,30,31,26
"Baños de Ebro/Mañueta","0 - 19","Hombres",28,30,34,36,39,38,34,33,31,31,32,34,37,33,32,29,26,25,25,25,18,16,15,17,16,17,15
"Baños de Ebro/Mañueta","0 - 19","Mujeres",29,25,25,24,25,26,25,25,26,24,23,22,22,23,22,20,19,18,19,18,21,18,15,14,14,14,11
"Baños de Ebro/Mañueta","20 - 64","Total",171,172,176,175,190,213,209,219,189,183,183,175,176,186,178,180,186,180,196,199,187,207,206,207,210,209,210
"Baños de Ebro/Mañueta","20 - 64","Hombres",101,98,100,97,111,133,126,133,110,106,104,99,101,105,100,102,110,105,118,119,113,129,124,124,126,127,126
"Baños de Ebro/Mañueta","20 - 64","Mujeres",70,74,76,78,79,80,83,86,79,77,79,76,75,81,78,78,76,75,78,80,74,78,82,83,84,82,84
"Baños de Ebro/Mañueta",">= 65","Total",80,87,85,84,89,90,89,85,89,92,89,89,90,85,82,84,87,89,83,79,83,78,76,79,79,81,80
"Baños de Ebro/Mañueta",">= 65","Hombres",34,41,37,38,42,42,39,39,43,45,45,45,43,42,39,40,41,46,41,41,40,38,38,40,41,42,42
"Baños de Ebro/Mañueta",">= 65","Mujeres",46,46,48,46,47,48,50,46,46,47,44,44,47,43,43,44,46,43,42,38,43,40,38,39,38,39,38
"Barakaldo","Total","Total",98232,97074,96106,96026,95732,95623,96496,97391,98316,99074,99626,99685,99483,98793,98964,98403,98199,98055,98497,99000,98729,98304,98341,98783,99336,99551,100200
"Barakaldo","Total","Hombres",47955,47352,46825,46699,46478,46364,46794,47237,47711,48080,48335,48318,48117,47683,47682,47303,47139,47028,47165,47353,47336,47233,47257,47570,47823,47858,48077
"Barakaldo","Total","Mujeres",50277,49722,49281,49327,49254,49259,49702,50154,50605,50994,51291,51367,51366,51110,51282,51100,51060,51027,51332,51647,51393,51071,51084,51213,51513,51693,52123
"Barakaldo","0 - 19","Total",15201,14559,13937,13718,13506,13379,13624,13815,14138,14496,14978,15349,15671,15816,16232,16423,16551,16670,16873,16948,17113,16752,15908,16615,17016,17009,16753
"Barakaldo","0 - 19","Hombres",7694,7359,7058,6976,6874,6816,6936,7057,7254,7448,7670,7860,8002,8044,8304,8360,8421,8490,8620,8645,8804,8573,8073,8580,8773,8760,8588
"Barakaldo","0 - 19","Mujeres",7507,7200,6879,6742,6632,6563,6688,6758,6884,7048,7308,7489,7669,7772,7928,8063,8130,8180,8253,8303,8309,8179,7835,8035,8243,8249,8165
"Barakaldo","20 - 64","Total",62926,62122,61919,62050,62066,62076,62704,63385,63758,63968,63795,63379,62683,61495,60987,60045,59667,59182,59181,59280,58202,58480,58985,58367,58294,58387,58889
"Barakaldo","20 - 64","Hombres",31720,31408,31298,31309,31246,31249,31605,31922,32142,32163,32159,31874,31451,30812,30390,29903,29689,29404,29308,29305,28767,29091,29401,29014,28913,28926,29107
"Barakaldo","20 - 64","Mujeres",31206,30714,30621,30741,30820,30827,31099,31463,31616,31805,31636,31505,31232,30683,30597,30142,29978,29778,29873,29975,29435,29389,29584,29353,29381,29461,29782
"Barakaldo",">= 65","Total",20105,20393,20250,20258,20160,20168,20168,20191,20420,20610,20853,20957,21129,21482,21745,21935,21981,22203,22443,22772,23414,23072,23448,23801,24026,24155,24558
"Barakaldo",">= 65","Hombres",8541,8585,8469,8414,8358,8299,8253,8258,8315,8469,8506,8584,8664,8827,8988,9040,9029,9134,9237,9403,9765,9569,9783,9976,10137,10172,10382
"Barakaldo",">= 65","Mujeres",11564,11808,11781,11844,11802,11869,11915,11933,12105,12141,12347,12373,12465,12655,12757,12895,12952,13069,13206,13369,13649,13503,13665,13825,13889,13983,14176
"Barrika","Total","Total",1222,1254,1296,1349,1356,1366,1388,1399,1435,1487,1517,1517,1544,1555,1565,1561,1538,1535,1528,1531,1590,1586,1587,1581,1589,1599,1596
"Barrika","Total","Hombres",605,626,644,663,673,685,685,693,708,740,747,748,767,769,777,785,793,796,788,806,820,816,818,809,810,821,816
"Barrika","Total","Mujeres",617,628,652,686,683,681,703,706,727,747,770,769,777,786,788,776,745,739,740,725,770,770,769,772,779,778,780
"Barrika","0 - 19","Total",203,215,207,227,222,233,231,249,258,275,288,294,310,308,304,308,296,304,289,286,285,270,272,265,274,274,270
"Barrika","0 - 19","Hombres",94,102,99,107,110,121,117,131,131,139,149,151,157,158,153,158,157,166,151,156,158,152,156,150,156,152,151
"Barrika","0 - 19","Mujeres",109,113,108,120,112,112,114,118,127,136,139,143,153,150,151,150,139,138,138,130,127,118,116,115,118,122,119
"Barrika","20 - 64","Total",801,814,840,871,892,894,903,898,919,964,978,956,942,949,944,933,923,908,924,919,955,960,965,941,950,961,954
"Barrika","20 - 64","Hombres",424,437,450,462,473,474,472,467,469,499,495,480,484,485,484,487,491,483,496,499,496,505,502,486,491,503,491
"Barrika","20 - 64","Mujeres",377,377,390,409,419,420,431,431,450,465,483,476,458,464,460,446,432,425,428,420,459,455,463,455,459,458,463
"Barrika",">= 65","Total",218,225,249,251,242,239,254,252,258,248,251,267,292,298,317,320,319,323,315,326,350,356,350,375,365,364,372
"Barrika",">= 65","Hombres",87,87,95,94,90,90,96,95,108,102,103,117,126,126,140,140,145,147,141,151,166,159,160,173,163,166,174
"Barrika",">= 65","Mujeres",131,138,154,157,152,149,158,157,150,146,148,150,166,172,177,180,174,176,174,175,184,197,190,202,202,198,198
"Barrundia","Total","Total",618,638,699,760,782,803,816,843,883,928,933,939,954,949,939,936,955,948,945,941,928,942,924,923,915,910,914
"Barrundia","Total","Hombres",348,358,382,415,430,444,464,480,497,517,517,518,533,537,527,529,538,534,530,519,521,525,517,519,516,519,516
"Barrundia","Total","Mujeres",270,280,317,345,352,359,352,363,386,411,416,421,421,412,412,407,417,414,415,422,407,417,407,404,399,391,398
"Barrundia","0 - 19","Total",88,88,101,113,127,143,146,156,165,178,176,191,192,182,183,185,181,193,186,170,165,157,151,147,150,141,151
"Barrundia","0 - 19","Hombres",46,46,46,51,62,71,75,82,87,88,88,97,100,100,99,95,95,105,96,86,86,85,78,75,81,78,80
"Barrundia","0 - 19","Mujeres",42,42,55,62,65,72,71,74,78,90,88,94,92,82,84,90,86,88,90,84,79,72,73,72,69,63,71
"Barrundia","20 - 64","Total",409,431,476,522,535,538,547,554,578,604,605,601,603,601,584,576,594,582,577,577,570,591,573,574,559,563,551
"Barrundia","20 - 64","Hombres",244,253,275,299,308,313,328,329,335,349,349,345,349,353,341,341,347,335,335,332,332,335,328,331,318,324,316
"Barrundia","20 - 64","Mujeres",165,178,201,223,227,225,219,225,243,255,256,256,254,248,243,235,247,247,242,245,238,256,245,243,241,239,235
"Barrundia",">= 65","Total",121,119,122,125,120,122,123,133,140,146,152,147,159,166,172,175,180,173,182,194,193,194,200,202,206,206,212
"Barrundia",">= 65","Hombres",58,59,61,65,60,60,61,69,75,80,80,76,84,84,87,93,96,94,99,101,103,105,111,113,117,117,120
"Barrundia",">= 65","Mujeres",63,60,61,60,60,62,62,64,65,66,72,71,75,82,85,82,84,79,83,93,90,89,89,89,89,89,92
"Basauri","Total","Total",45206,44473,43982,43632,43439,43331,43304,43084,42770,42542,42205,41973,41749,41499,41174,40876,40897,40882,40711,40969,40546,40302,40252,40363,40436,40449,40323
"Basauri","Total","Hombres",22301,21893,21632,21435,21345,21305,21274,21098,20889,20767,20586,20403,20271,20158,19952,19794,19801,19774,19633,19746,19456,19396,19379,19438,19483,19502,19434
"Basauri","Total","Mujeres",22905,22580,22350,22197,22094,22026,22030,21986,21881,21775,21619,21570,21478,21341,21222,21082,21096,21108,21078,21223,21090,20906,20873,20925,20953,20947,20889
"Basauri","0 - 19","Total",7145,6864,6615,6471,6325,6311,6332,6241,6189,6205,6217,6303,6293,6328,6340,6300,6330,6353,6342,6392,6268,6147,6132,6100,6081,5987,5850
"Basauri","0 - 19","Hombres",3690,3525,3410,3366,3280,3275,3266,3211,3171,3174,3188,3222,3215,3262,3272,3266,3270,3275,3245,3274,3198,3138,3085,3089,3090,3058,3011
"Basauri","0 - 19","Mujeres",3455,3339,3205,3105,3045,3036,3066,3030,3018,3031,3029,3081,3078,3066,3068,3034,3060,3078,3097,3118,3070,3009,3047,3011,2991,2929,2839
"Basauri","20 - 64","Total",29883,29331,28962,28705,28543,28282,27986,27610,27134,26675,26117,25631,25255,24762,24264,23886,23751,23575,23354,23525,23235,23067,23011,23082,23139,23218,23180
"Basauri","20 - 64","Hombres",15002,14744,14562,14399,14339,14249,14114,13878,13640,13431,13143,12861,12705,12414,12127,11924,11857,11778,11708,11794,11606,11595,11603,11638,11678,11727,11689
"Basauri","20 - 64","Mujeres",14881,14587,14400,14306,14204,14033,13872,13732,13494,13244,12974,12770,12550,12348,12137,11962,11894,11797,11646,11731,11629,11472,11408,11444,11461,11491,11491
"Basauri",">= 65","Total",8178,8278,8405,8456,8571,8738,8986,9233,9447,9662,9871,10039,10201,10409,10570,10690,10816,10954,11015,11052,11043,11088,11109,11181,11216,11244,11293
"Basauri",">= 65","Hombres",3609,3624,3660,3670,3726,3781,3894,4009,4078,4162,4255,4320,4351,4482,4553,4604,4674,4721,4680,4678,4652,4663,4691,4711,4715,4717,4734
"Basauri",">= 65","Mujeres",4569,4654,4745,4786,4845,4957,5092,5224,5369,5500,5616,5719,5850,5927,6017,6086,6142,6233,6335,6374,6391,6425,6418,6470,6501,6527,6559
"Beasain","Total","Total",11997,12130,12192,12299,12435,12570,12792,13393,13428,13569,13646,13785,13752,13785,13915,13863,13965,13977,13969,14021,13845,13763,13815,13850,13849,13846,13915
"Beasain","Total","Hombres",5943,6022,6075,6137,6221,6300,6422,6851,6839,6867,6902,6974,6938,6977,7060,7016,7091,7075,7109,7130,6975,6945,6947,6953,6927,6919,6984
"Beasain","Total","Mujeres",6054,6108,6117,6162,6214,6270,6370,6542,6589,6702,6744,6811,6814,6808,6855,6847,6874,6902,6860,6891,6870,6818,6868,6897,6922,6927,6931
"Beasain","0 - 19","Total",2301,2303,2228,2277,2291,2311,2401,2523,2585,2705,2737,2820,2834,2861,2953,2949,2995,3003,3017,3005,2943,2881,2879,2898,2882,2867,2838
"Beasain","0 - 19","Hombres",1144,1141,1117,1141,1145,1138,1198,1271,1304,1363,1389,1437,1444,1475,1541,1553,1597,1599,1612,1605,1557,1518,1529,1538,1515,1492,1507
"Beasain","0 - 19","Mujeres",1157,1162,1111,1136,1146,1173,1203,1252,1281,1342,1348,1383,1390,1386,1412,1396,1398,1404,1405,1400,1386,1363,1350,1360,1367,1375,1331
"Beasain","20 - 64","Total",7698,7801,7899,7945,8071,8158,8263,8698,8657,8611,8584,8588,8478,8413,8423,8319,8319,8239,8186,8203,8037,7959,7986,7962,7943,7915,7948
"Beasain","20 - 64","Hombres",3961,4025,4083,4109,4190,4258,4297,4628,4584,4533,4514,4502,4424,4384,4385,4308,4303,4248,4265,4267,4147,4129,4109,4087,4070,4060,4088
"Beasain","20 - 64","Mujeres",3737,3776,3816,3836,3881,3900,3966,4070,4073,4078,4070,4086,4054,4029,4038,4011,4016,3991,3921,3936,3890,3830,3877,3875,3873,3855,3860
"Beasain",">= 65","Total",1998,2026,2065,2077,2073,2101,2128,2172,2186,2253,2325,2377,2440,2511,2539,2595,2651,2735,2766,2813,2865,2923,2950,2990,3024,3064,3129
"Beasain",">= 65","Hombres",838,856,875,887,886,904,927,952,951,971,999,1035,1070,1118,1134,1155,1191,1228,1232,1258,1271,1298,1309,1328,1342,1367,1389
"Beasain",">= 65","Mujeres",1160,1170,1190,1190,1187,1197,1201,1220,1235,1282,1326,1342,1370,1393,1405,1440,1460,1507,1534,1555,1594,1625,1641,1662,1682,1697,1740
"Bedia","Total","Total",978,985,979,966,966,968,976,982,965,967,970,985,1015,1033,1024,1026,1023,1028,1054,1049,1075,1100,1129,1112,1117,1115,1110
"Bedia","Total","Hombres",491,497,490,478,474,471,476,474,465,467,467,470,479,490,484,488,479,481,489,485,513,526,547,539,539,532,530
"Bedia","Total","Mujeres",487,488,489,488,492,497,500,508,500,500,503,515,536,543,540,538,544,547,565,564,562,574,582,573,578,583,580
"Bedia","0 - 19","Total",147,146,147,150,153,156,160,177,174,177,168,166,169,168,169,176,175,170,178,178,184,186,195,193,188,182,178
"Bedia","0 - 19","Hombres",70,69,72,72,73,71,71,78,74,78,72,74,73,69,68,74,69,68,71,69,78,85,90,90,86,82,76
"Bedia","0 - 19","Mujeres",77,77,75,78,80,85,89,99,100,99,96,92,96,99,101,102,106,102,107,109,106,101,105,103,102,100,102
"Bedia","20 - 64","Total",589,600,599,589,592,601,604,600,588,593,602,627,642,655,650,649,642,635,653,650,669,686,701,692,693,694,680
"Bedia","20 - 64","Hombres",299,308,302,291,291,301,309,301,296,293,299,306,316,327,325,327,327,319,326,325,344,346,358,353,350,347,341
"Bedia","20 - 64","Mujeres",290,292,297,298,301,300,295,299,292,300,303,321,326,328,325,322,315,316,327,325,325,340,343,339,343,347,339
"Bedia",">= 65","Total",242,239,233,227,221,211,212,205,203,197,200,192,204,210,205,201,206,223,223,221,222,228,233,227,236,239,252
"Bedia",">= 65","Hombres",122,120,116,115,110,99,96,95,95,96,96,90,90,94,91,87,83,94,92,91,91,95,99,96,103,103,113
"Bedia",">= 65","Mujeres",120,119,117,112,111,112,116,110,108,101,104,102,114,116,114,114,123,129,131,130,131,133,134,131,133,136,139
"Beizama","Total","Total",160,161,166,166,168,170,171,144,144,146,149,137,132,129,126,125,126,128,120,124,118,112,108,107,101,103,101
"Beizama","Total","Hombres",94,94,100,98,97,96,99,88,92,94,97,88,81,85,84,85,85,84,80,82,79,79,76,74,69,71,72
"Beizama","Total","Mujeres",66,67,66,68,71,74,72,56,52,52,52,49,51,44,42,40,41,44,40,42,39,33,32,33,32,32,29
"Beizama","0 - 19","Total",22,26,22,27,24,27,29,26,34,25,24,27,27,26,28,25,29,24,24,25,27,19,10,20,18,17,13
"Beizama","0 - 19","Hombres",12,13,10,13,10,10,12,14,20,13,15,17,17,19,19,16,19,15,16,18,17,14,9,14,11,10,9
"Beizama","0 - 19","Mujeres",10,13,12,14,14,17,17,12,14,12,9,10,10,7,9,9,10,9,8,7,10,5,1,6,7,7,4
"Beizama","20 - 64","Total",102,98,105,103,106,108,107,87,84,90,96,86,81,80,76,79,76,78,70,78,67,70,73,65,62,63,62
"Beizama","20 - 64","Hombres",60,58,64,62,65,67,66,53,54,57,62,54,48,52,49,53,51,50,47,48,43,46,46,44,42,44,44
"Beizama","20 - 64","Mujeres",42,40,41,41,41,41,41,34,30,33,34,32,33,28,27,26,25,28,23,30,24,24,27,21,20,19,18
"Beizama",">= 65","Total",36,37,39,36,38,35,35,31,26,31,29,24,24,23,22,21,21,26,26,21,24,23,25,22,21,23,26
"Beizama",">= 65","Hombres",22,23,26,23,22,19,21,21,18,24,20,17,16,14,16,16,15,19,17,16,19,19,21,16,16,17,19
"Beizama",">= 65","Mujeres",14,14,13,13,16,16,14,10,8,7,9,7,8,9,6,5,6,7,9,5,5,4,4,6,5,6,7
"Belauntza","Total","Total",283,275,275,275,288,301,300,313,297,304,296,295,283,274,262,255,255,258,258,261,272,288,296,304,311,310,314
"Belauntza","Total","Hombres",157,149,151,152,161,170,174,179,170,175,172,168,162,156,145,141,139,140,134,142,140,151,155,159,163,162,167
"Belauntza","Total","Mujeres",126,126,124,123,127,131,126,134,127,129,124,127,121,118,117,114,116,118,124,119,132,137,141,145,148,148,147
"Belauntza","0 - 19","Total",42,43,43,37,40,42,41,49,50,53,54,50,50,46,43,42,42,47,49,50,54,60,62,70,74,68,66
"Belauntza","0 - 19","Hombres",22,23,26,21,25,23,24,29,31,34,34,29,30,29,25,24,25,30,25,27,29,32,35,38,41,37,36
"Belauntza","0 - 19","Mujeres",20,20,17,16,15,19,17,20,19,19,20,21,20,17,18,18,17,17,24,23,25,28,27,32,33,31,30
"Belauntza","20 - 64","Total",206,196,198,203,212,222,220,226,200,198,190,195,180,176,165,157,154,148,141,143,148,157,162,157,162,170,173
"Belauntza","20 - 64","Hombres",118,109,109,114,116,127,127,126,108,106,106,110,101,97,89,84,78,74,73,78,74,85,84,83,86,91,96
"Belauntza","20 - 64","Mujeres",88,87,89,89,96,95,93,100,92,92,84,85,79,79,76,73,76,74,68,65,74,72,78,74,76,79,77
"Belauntza",">= 65","Total",35,36,34,35,36,37,39,38,47,53,52,50,53,52,54,56,59,63,68,68,70,71,72,77,75,72,75
"Belauntza",">= 65","Hombres",17,17,16,17,20,20,23,24,31,35,32,29,31,30,31,33,36,36,36,37,37,34,36,38,36,34,35
"Belauntza",">= 65","Mujeres",18,19,18,18,16,17,16,14,16,18,20,21,22,22,23,23,23,27,32,31,33,37,36,39,39,38,40
"Berango","Total","Total",5213,5482,5679,5899,5998,6108,6289,6492,6646,6790,6854,6941,7063,7049,7094,7116,7120,7169,7230,7265,7424,7518,7580,7625,7655,7820,8458
"Berango","Total","Hombres",2591,2737,2834,2949,2982,3022,3090,3179,3246,3308,3340,3374,3444,3444,3437,3452,3456,3484,3518,3522,3616,3656,3668,3693,3706,3773,4101
"Berango","Total","Mujeres",2622,2745,2845,2950,3016,3086,3199,3313,3400,3482,3514,3567,3619,3605,3657,3664,3664,3685,3712,3743,3808,3862,3912,3932,3949,4047,4357
"Berango","0 - 19","Total",980,1013,1054,1088,1152,1195,1261,1343,1395,1431,1468,1540,1573,1589,1614,1666,1697,1739,1731,1694,1692,1690,1708,1669,1657,1680,1749
"Berango","0 - 19","Hombres",500,518,544,567,585,608,630,672,697,724,730,760,780,801,813,842,849,879,883,863,869,879,887,866,855,864,909
"Berango","0 - 19","Mujeres",480,495,510,521,567,587,631,671,698,707,738,780,793,788,801,824,848,860,848,831,823,811,821,803,802,816,840
"Berango","20 - 64","Total",3553,3747,3915,4086,4131,4171,4285,4384,4448,4531,4510,4463,4510,4430,4391,4293,4261,4255,4286,4330,4438,4504,4537,4585,4620,4726,5229
"Berango","20 - 64","Hombres",1779,1887,1969,2055,2075,2076,2123,2163,2190,2213,2208,2182,2215,2185,2137,2088,2083,2072,2089,2100,2155,2175,2174,2205,2218,2264,2525
"Berango","20 - 64","Mujeres",1774,1860,1946,2031,2056,2095,2162,2221,2258,2318,2302,2281,2295,2245,2254,2205,2178,2183,2197,2230,2283,2329,2363,2380,2402,2462,2704
"Berango",">= 65","Total",680,722,710,725,715,742,743,765,803,828,876,938,980,1030,1089,1157,1162,1175,1213,1241,1294,1324,1335,1371,1378,1414,1480
"Berango",">= 65","Hombres",312,332,321,327,322,338,337,344,359,371,402,432,449,458,487,522,524,533,546,559,592,602,607,622,633,645,667
"Berango",">= 65","Mujeres",368,390,389,398,393,404,406,421,444,457,474,506,531,572,602,635,638,642,667,682,702,722,728,749,745,769,813
"Berantevilla","Total","Total",412,424,418,424,441,457,468,477,471,486,488,477,482,486,477,475,478,485,488,499,502,495,500,509,510,512,520
"Berantevilla","Total","Hombres",225,233,229,233,238,242,247,254,251,266,260,249,253,255,250,251,258,261,263,261,265,267,267,271,272,270,274
"Berantevilla","Total","Mujeres",187,191,189,191,203,215,221,223,220,220,228,228,229,231,227,224,220,224,225,238,237,228,233,238,238,242,246
"Berantevilla","0 - 19","Total",52,48,44,40,50,51,51,52,53,76,80,77,80,83,84,79,82,86,91,89,86,83,92,87,95,94,87
"Berantevilla","0 - 19","Hombres",28,27,20,21,24,24,25,28,28,46,42,39,40,42,44,41,45,45,49,43,43,44,44,44,50,48,49
"Berantevilla","0 - 19","Mujeres",24,21,24,19,26,27,26,24,25,30,38,38,40,41,40,38,37,41,42,46,43,39,48,43,45,46,38
"Berantevilla","20 - 64","Total",281,285,297,292,294,301,297,305,302,295,290,284,285,287,266,267,267,263,254,266,275,279,283,294,290,292,311
"Berantevilla","20 - 64","Hombres",160,166,169,167,168,169,165,168,165,166,157,151,154,154,144,146,148,151,145,148,152,155,158,161,157,158,163
"Berantevilla","20 - 64","Mujeres",121,119,128,125,126,132,132,137,137,129,133,133,131,133,122,121,119,112,109,118,123,124,125,133,133,134,148
"Berantevilla",">= 65","Total",79,91,77,92,97,105,120,120,116,115,118,116,117,116,127,129,129,136,143,144,141,133,125,128,125,126,122
"Berantevilla",">= 65","Hombres",37,40,40,45,46,49,57,58,58,54,61,59,59,59,62,64,65,65,69,70,70,68,65,66,65,64,62
"Berantevilla",">= 65","Mujeres",42,51,37,47,51,56,63,62,58,61,57,57,58,57,65,65,64,71,74,74,71,65,60,62,60,62,60
"Berastegi","Total","Total",936,944,943,961,971,982,983,1014,1016,1032,1041,1046,1052,1040,1047,1064,1063,1058,1053,1052,1073,1076,1069,1058,1068,1085,1088
"Berastegi","Total","Hombres",508,506,512,520,527,534,530,541,551,554,557,556,554,540,543,551,544,545,542,542,540,544,541,537,544,555,553
"Berastegi","Total","Mujeres",428,438,431,441,444,448,453,473,465,478,484,490,498,500,504,513,519,513,511,510,533,532,528,521,524,530,535
"Berastegi","0 - 19","Total",191,196,198,199,204,209,210,231,227,231,228,226,232,232,241,250,248,235,226,230,230,224,216,209,218,222,212
"Berastegi","0 - 19","Hombres",101,105,111,112,110,114,112,122,126,126,118,115,119,122,125,128,122,114,104,108,105,103,93,89,98,104,98
"Berastegi","0 - 19","Mujeres",90,91,87,87,94,95,98,109,101,105,110,111,113,110,116,122,126,121,122,122,125,121,123,120,120,118,114
"Berastegi","20 - 64","Total",570,576,572,594,601,609,606,615,626,631,643,653,646,639,636,632,626,633,629,605,620,627,630,620,612,624,618
"Berastegi","20 - 64","Hombres",321,318,314,326,334,340,338,335,341,340,354,359,348,333,332,337,333,339,338,325,325,328,334,330,322,327,324
"Berastegi","20 - 64","Mujeres",249,258,258,268,267,269,268,280,285,291,289,294,298,306,304,295,293,294,291,280,295,299,296,290,290,297,294
"Berastegi",">= 65","Total",175,172,173,168,166,164,167,168,163,170,170,167,174,169,170,182,189,190,198,217,223,225,223,229,238,239,258
"Berastegi",">= 65","Hombres",86,83,87,82,83,80,80,84,84,88,85,82,87,85,86,86,89,92,100,109,110,113,114,118,124,124,131
"Berastegi",">= 65","Mujeres",89,89,86,86,83,84,87,84,79,82,85,85,87,84,84,96,100,98,98,108,113,112,109,111,114,115,127
"Bergara","Total","Total",14736,14813,14785,14672,14697,14721,14678,14648,14630,14625,14624,14790,14948,15010,14949,14905,15013,14976,15004,15036,14804,14727,14736,14739,14784,14761,14725
"Bergara","Total","Hombres",7338,7413,7399,7344,7351,7352,7327,7311,7305,7296,7311,7419,7504,7515,7494,7444,7473,7472,7474,7487,7401,7352,7339,7325,7343,7316,7294
"Bergara","Total","Mujeres",7398,7400,7386,7328,7346,7369,7351,7337,7325,7329,7313,7371,7444,7495,7455,7461,7540,7504,7530,7549,7403,7375,7397,7414,7441,7445,7431
"Bergara","0 - 19","Total",2654,2612,2533,2476,2452,2441,2461,2470,2491,2532,2595,2691,2724,2726,2757,2771,2794,2743,2733,2715,2640,2629,2622,2605,2617,2594,2511
"Bergara","0 - 19","Hombres",1383,1359,1326,1305,1288,1280,1286,1305,1325,1342,1371,1434,1449,1453,1469,1468,1471,1446,1434,1416,1388,1369,1359,1349,1366,1348,1286
"Bergara","0 - 19","Mujeres",1271,1253,1207,1171,1164,1161,1175,1165,1166,1190,1224,1257,1275,1273,1288,1303,1323,1297,1299,1299,1252,1260,1263,1256,1251,1246,1225
"Bergara","20 - 64","Total",9236,9297,9324,9267,9337,9421,9349,9289,9181,9060,8935,8950,9026,8999,8847,8741,8722,8710,8699,8732,8585,8507,8530,8509,8516,8497,8479
"Bergara","20 - 64","Hombres",4750,4818,4838,4809,4837,4876,4838,4784,4717,4659,4606,4614,4650,4623,4549,4494,4485,4482,4465,4495,4457,4398,4399,4352,4344,4334,4329
"Bergara","20 - 64","Mujeres",4486,4479,4486,4458,4500,4545,4511,4505,4464,4401,4329,4336,4376,4376,4298,4247,4237,4228,4234,4237,4128,4109,4131,4157,4172,4163,4150
"Bergara",">= 65","Total",2846,2904,2928,2929,2908,2859,2868,2889,2958,3033,3094,3149,3198,3285,3345,3393,3497,3523,3572,3589,3579,3591,3584,3625,3651,3670,3735
"Bergara",">= 65","Hombres",1205,1236,1235,1230,1226,1196,1203,1222,1263,1295,1334,1371,1405,1439,1476,1482,1517,1544,1575,1576,1556,1585,1581,1624,1633,1634,1679
"Bergara",">= 65","Mujeres",1641,1668,1693,1699,1682,1663,1665,1667,1695,1738,1760,1778,1793,1846,1869,1911,1980,1979,1997,2013,2023,2006,2003,2001,2018,2036,2056
"Bermeo","Total","Total",16542,16535,16547,16526,16571,16648,16790,16859,16831,16913,16988,17023,16998,16861,16752,16709,16766,16865,16880,16910,16839,16782,16774,16831,16960,17053,17104
"Bermeo","Total","Hombres",8099,8100,8111,8085,8121,8176,8234,8285,8275,8325,8369,8430,8428,8353,8305,8278,8282,8330,8310,8308,8283,8255,8238,8264,8331,8390,8403
"Bermeo","Total","Mujeres",8443,8435,8436,8441,8450,8472,8556,8574,8556,8588,8619,8593,8570,8508,8447,8431,8484,8535,8570,8602,8556,8527,8536,8567,8629,8663,8701
"Bermeo","0 - 19","Total",2850,2787,2725,2694,2719,2691,2718,2756,2806,2870,2886,2936,2966,2910,2921,2952,3033,3054,3115,3086,3062,3005,2933,2973,3011,3018,2961
"Bermeo","0 - 19","Hombres",1417,1392,1377,1355,1388,1381,1393,1419,1454,1510,1543,1569,1581,1549,1542,1554,1583,1583,1613,1600,1589,1565,1514,1542,1564,1576,1541
"Bermeo","0 - 19","Mujeres",1433,1395,1348,1339,1331,1310,1325,1337,1352,1360,1343,1367,1385,1361,1379,1398,1450,1471,1502,1486,1473,1440,1419,1431,1447,1442,1420
"Bermeo","20 - 64","Total",10214,10252,10346,10402,10433,10537,10665,10718,10627,10578,10583,10576,10495,10350,10142,10038,9975,10004,9939,9959,9866,9817,9859,9865,9904,9952,9977
"Bermeo","20 - 64","Hombres",5184,5199,5240,5256,5271,5342,5413,5436,5381,5348,5332,5360,5332,5275,5170,5131,5071,5092,5053,5041,4984,4959,4974,4962,4979,5004,5024
"Bermeo","20 - 64","Mujeres",5030,5053,5106,5146,5162,5195,5252,5282,5246,5230,5251,5216,5163,5075,4972,4907,4904,4912,4886,4918,4882,4858,4885,4903,4925,4948,4953
"Bermeo",">= 65","Total",3478,3496,3476,3430,3419,3420,3407,3385,3398,3465,3519,3511,3537,3601,3689,3719,3758,3807,3826,3865,3911,3960,3982,3993,4045,4083,4166
"Bermeo",">= 65","Hombres",1498,1509,1494,1474,1462,1453,1428,1430,1440,1467,1494,1501,1515,1529,1593,1593,1628,1655,1644,1667,1710,1731,1750,1760,1788,1810,1838
"Bermeo",">= 65","Mujeres",1980,1987,1982,1956,1957,1967,1979,1955,1958,1998,2025,2010,2022,2072,2096,2126,2130,2152,2182,2198,2201,2229,2232,2233,2257,2273,2328
"Bernedo","Total","Total",553,546,556,552,561,569,575,586,582,584,577,584,582,559,539,515,535,530,517,530,542,566,549,547,547,553,551
"Bernedo","Total","Hombres",321,315,328,324,328,331,331,330,325,334,338,339,342,330,320,310,313,312,310,316,322,329,323,330,325,328,326
"Bernedo","Total","Mujeres",232,231,228,228,233,238,244,256,257,250,239,245,240,229,219,205,222,218,207,214,220,237,226,217,222,225,225
"Bernedo","0 - 19","Total",46,49,47,46,57,57,63,74,67,80,84,88,89,83,78,64,81,73,65,67,76,80,72,70,72,73,68
"Bernedo","0 - 19","Hombres",31,33,32,29,35,33,33,38,34,46,53,52,53,51,49,41,46,45,45,47,48,50,46,48,50,48,45
"Bernedo","0 - 19","Mujeres",15,16,15,17,22,24,30,36,33,34,31,36,36,32,29,23,35,28,20,20,28,30,26,22,22,25,23
"Bernedo","20 - 64","Total",328,325,330,335,338,343,333,345,351,345,334,343,337,325,314,300,309,301,302,312,317,333,330,326,321,326,324
"Bernedo","20 - 64","Hombres",196,193,199,204,204,207,201,206,210,208,205,210,207,198,195,192,192,186,189,193,198,198,199,200,192,195,194
"Bernedo","20 - 64","Mujeres",132,132,131,131,134,136,132,139,141,137,129,133,130,127,119,108,117,115,113,119,119,135,131,126,129,131,130
"Bernedo",">= 65","Total",179,172,179,171,166,169,179,167,164,159,159,153,156,151,147,151,145,156,150,151,149,153,147,151,154,154,159
"Bernedo",">= 65","Hombres",94,89,97,91,89,91,97,86,81,80,80,77,82,81,76,77,75,81,76,76,76,81,78,82,83,85,87
"Bernedo",">= 65","Mujeres",85,83,82,80,77,78,82,81,83,79,79,76,74,70,71,74,70,75,74,75,73,72,69,69,71,69,72
"Berriatua","Total","Total",948,987,1027,1085,1121,1159,1227,1295,1318,1297,1265,1262,1257,1248,1223,1216,1238,1256,1251,1257,1244,1226,1218,1226,1230,1254,1231
"Berriatua","Total","Hombres",471,491,513,561,592,625,670,721,741,727,700,689,692,683,658,652,670,685,683,684,668,663,659,657,663,671,644
"Berriatua","Total","Mujeres",477,496,514,524,529,534,557,574,577,570,565,573,565,565,565,564,568,571,568,573,576,563,559,569,567,583,587
"Berriatua","0 - 19","Total",154,147,131,142,149,149,165,186,201,208,214,218,213,216,215,227,243,243,251,249,243,241,242,245,245,254,250
"Berriatua","0 - 19","Hombres",77,73,64,73,85,87,91,103,117,122,126,124,121,120,115,121,135,136,136,131,127,130,129,135,137,136,136
"Berriatua","0 - 19","Mujeres",77,74,67,69,64,62,74,83,84,86,88,94,92,96,100,106,108,107,115,118,116,111,113,110,108,118,114
"Berriatua","20 - 64","Total",581,615,666,719,754,786,838,889,899,874,827,825,815,784,747,725,722,736,726,729,721,709,694,695,695,710,698
"Berriatua","20 - 64","Hombres",293,316,345,384,407,434,474,509,515,498,464,460,459,443,421,410,404,416,415,416,407,401,391,388,393,403,384
"Berriatua","20 - 64","Mujeres",288,299,321,335,347,352,364,380,384,376,363,365,356,341,326,315,318,320,311,313,314,308,303,307,302,307,314
"Berriatua",">= 65","Total",213,225,230,224,218,224,224,220,218,215,224,219,229,248,261,264,273,277,274,279,280,276,282,286,290,290,283
"Berriatua",">= 65","Hombres",101,102,104,104,100,104,105,109,109,107,110,105,112,120,122,121,131,133,132,137,134,132,139,134,133,132,124
"Berriatua",">= 65","Mujeres",112,123,126,120,118,120,119,111,109,108,114,114,117,128,139,143,142,144,142,142,146,144,143,152,157,158,159
"Berriz","Total","Total",4241,4342,4462,4487,4579,4679,4775,4858,4916,4907,4897,4886,4839,4795,4780,4704,4767,4766,4701,4662,4541,4537,4542,4535,4544,4595,4541
"Berriz","Total","Hombres",2160,2220,2276,2299,2343,2392,2416,2450,2488,2496,2485,2477,2454,2417,2403,2367,2398,2394,2349,2343,2276,2269,2268,2259,2273,2284,2266
"Berriz","Total","Mujeres",2081,2122,2186,2188,2236,2287,2359,2408,2428,2411,2412,2409,2385,2378,2377,2337,2369,2372,2352,2319,2265,2268,2274,2276,2271,2311,2275
"Berriz","0 - 19","Total",752,735,737,732,746,791,811,867,898,926,931,958,964,974,992,972,1009,1008,989,982,963,955,957,950,950,959,895
"Berriz","0 - 19","Hombres",412,405,400,399,419,436,435,456,477,493,492,501,495,495,509,494,509,511,503,503,490,477,483,476,464,470,444
"Berriz","0 - 19","Mujeres",340,330,337,333,327,355,376,411,421,433,439,457,469,479,483,478,500,497,486,479,473,478,474,474,486,489,451
"Berriz","20 - 64","Total",2764,2870,2972,3012,3075,3117,3171,3190,3206,3158,3122,3069,3003,2922,2886,2816,2810,2802,2745,2691,2588,2579,2585,2566,2578,2606,2617
"Berriz","20 - 64","Hombres",1449,1506,1567,1590,1609,1635,1652,1659,1674,1659,1648,1622,1583,1540,1507,1477,1465,1463,1425,1408,1357,1360,1363,1345,1367,1369,1375
"Berriz","20 - 64","Mujeres",1315,1364,1405,1422,1466,1482,1519,1531,1532,1499,1474,1447,1420,1382,1379,1339,1345,1339,1320,1283,1231,1219,1222,1221,1211,1237,1242
"Berriz",">= 65","Total",725,737,753,743,758,771,793,801,812,823,844,859,872,899,902,916,948,956,967,989,990,1003,1000,1019,1016,1030,1029
"Berriz",">= 65","Hombres",299,309,309,310,315,321,329,335,337,344,345,354,376,382,387,396,424,420,421,432,429,432,422,438,442,445,447
"Berriz",">= 65","Mujeres",426,428,444,433,443,450,464,466,475,479,499,505,496,517,515,520,524,536,546,557,561,571,578,581,574,585,582
"Berrobi","Total","Total",552,560,549,554,567,580,577,580,594,573,582,575,573,583,602,599,616,617,613,613,603,598,591,595,584,569,588
"Berrobi","Total","Hombres",278,284,276,278,294,310,311,311,316,308,312,306,300,299,311,314,318,316,314,317,312,309,305,311,303,293,307
"Berrobi","Total","Mujeres",274,276,273,276,273,270,266,269,278,265,270,269,273,284,291,285,298,301,299,296,291,289,286,284,281,276,281
"Berrobi","0 - 19","Total",117,121,116,113,113,120,120,121,119,112,109,112,116,120,128,127,134,137,137,134,128,125,123,125,123,116,122
"Berrobi","0 - 19","Hombres",55,56,49,47,49,53,58,56,57,52,50,55,54,53,60,63,66,67,66,66,64,64,61,65,65,61,64
"Berrobi","0 - 19","Mujeres",62,65,67,66,64,67,62,65,62,60,59,57,62,67,68,64,68,70,71,68,64,61,62,60,58,55,58
"Berrobi","20 - 64","Total",334,341,336,351,351,357,349,348,362,343,361,356,352,365,373,374,376,374,361,361,354,354,350,354,350,342,351
"Berrobi","20 - 64","Hombres",174,178,177,185,189,203,195,196,200,192,198,190,188,195,201,204,202,198,193,193,189,188,186,190,186,180,186
"Berrobi","20 - 64","Mujeres",160,163,159,166,162,154,154,152,162,151,163,166,164,170,172,170,174,176,168,168,165,166,164,164,164,162,165
"Berrobi",">= 65","Total",101,98,97,90,103,103,108,111,113,118,112,107,105,98,101,98,106,106,115,118,121,119,118,116,111,111,115
"Berrobi",">= 65","Hombres",49,50,50,46,56,54,58,59,59,64,64,61,58,51,50,47,50,51,55,58,59,57,58,56,52,52,57
"Berrobi",">= 65","Mujeres",52,48,47,44,47,49,50,52,54,54,48,46,47,47,51,51,56,55,60,60,62,62,60,60,59,59,58
"Bidania-Goiatz","Total","Total",446,459,462,470,469,468,472,480,499,521,529,532,519,519,525,514,542,543,557,560,537,530,537,539,543,532,528
"Bidania-Goiatz","Total","Hombres",251,255,258,261,259,257,258,267,277,284,284,282,272,275,278,274,285,283,290,289,282,280,277,274,277,271,266
"Bidania-Goiatz","Total","Mujeres",195,204,204,209,210,211,214,213,222,237,245,250,247,244,247,240,257,260,267,271,255,250,260,265,266,261,262
"Bidania-Goiatz","0 - 19","Total",82,90,90,89,101,98,98,102,108,114,118,120,115,119,127,124,132,131,132,132,125,121,118,115,116,116,108
"Bidania-Goiatz","0 - 19","Hombres",42,44,48,47,53,52,55,61,67,67,68,67,68,68,73,74,75,70,71,67,65,61,61,53,54,56,52
"Bidania-Goiatz","0 - 19","Mujeres",40,46,42,42,48,46,43,41,41,47,50,53,47,51,54,50,57,61,61,65,60,60,57,62,62,60,56
"Bidania-Goiatz","20 - 64","Total",251,262,260,269,262,269,278,284,296,312,318,320,316,310,313,309,324,325,333,339,321,315,323,328,329,322,317
"Bidania-Goiatz","20 - 64","Hombres",155,164,157,162,158,158,160,160,163,169,171,170,162,160,162,157,161,164,168,170,162,162,161,166,168,164,159
"Bidania-Goiatz","20 - 64","Mujeres",96,98,103,107,104,111,118,124,133,143,147,150,154,150,151,152,163,161,165,169,159,153,162,162,161,158,158
"Bidania-Goiatz",">= 65","Total",113,107,112,112,106,101,96,94,95,95,93,92,88,90,85,81,86,87,92,89,91,94,96,96,98,94,103
"Bidania-Goiatz",">= 65","Hombres",54,47,53,52,48,47,43,46,47,48,45,45,42,47,43,43,49,49,51,52,55,57,55,55,55,51,55
"Bidania-Goiatz",">= 65","Mujeres",59,60,59,60,58,54,53,48,48,47,48,47,46,43,42,38,37,38,41,37,36,37,41,41,43,43,48
"Bilbao","Total","Total",347452,346617,345775,345081,346170,347923,351589,352719,355056,353296,351965,350559,347769,344443,343234,342481,342397,342810,343430,346478,342662,340455,341312,342484,343109,344408,346933
"Bilbao","Total","Hombres",164322,163834,163281,162840,163399,164339,165989,166738,168106,167073,166455,165605,163945,162046,161328,161077,160794,160961,161355,163073,161353,160359,160872,161555,162040,162776,164407
"Bilbao","Total","Mujeres",183130,182783,182494,182241,182771,183584,185600,185981,186950,186223,185510,184954,183824,182397,181906,181404,181603,181849,182075,183405,181309,180096,180440,180929,181069,181632,182526
"Bilbao","0 - 19","Total",56159,55145,54026,53352,53167,53250,54189,54965,55719,55931,55991,56033,55797,55317,55286,55213,55410,55464,55467,55582,54791,53496,53340,53569,53397,53426,52676
"Bilbao","0 - 19","Hombres",28753,28312,27735,27323,27255,27233,27728,28199,28669,28828,28859,28872,28772,28443,28362,28302,28463,28500,28486,28606,28191,27389,27216,27421,27398,27479,27056
"Bilbao","0 - 19","Mujeres",27406,26833,26291,26029,25912,26017,26461,26766,27050,27103,27132,27161,27025,26874,26924,26911,26947,26964,26981,26976,26600,26107,26124,26148,25999,25947,25620
"Bilbao","20 - 64","Total",218755,218004,217765,217939,219476,220500,222184,222075,222843,220065,217898,216044,213008,209303,207431,206416,205715,205494,205535,207805,204165,203111,203105,203504,203796,204424,206157
"Bilbao","20 - 64","Hombres",106523,106329,106294,106424,107238,107968,108808,108822,109406,107834,106907,105966,104185,102315,101346,100940,100376,100235,100350,101601,99820,99643,99809,99868,100007,100398,101773
"Bilbao","20 - 64","Mujeres",112232,111675,111471,111515,112238,112532,113376,113253,113437,112231,110991,110078,108823,106988,106085,105476,105339,105259,105185,106204,104345,103468,103296,103636,103789,104026,104384
"Bilbao",">= 65","Total",72538,73468,73984,73790,73527,74173,75216,75679,76494,77300,78076,78482,78964,79823,80517,80852,81272,81852,82428,83091,83706,83848,84867,85411,85916,86558,88100
"Bilbao",">= 65","Hombres",29046,29193,29252,29093,28906,29138,29453,29717,30031,30411,30689,30767,30988,31288,31620,31835,31955,32226,32519,32866,33342,33327,33847,34266,34635,34899,35578
"Bilbao",">= 65","Mujeres",43492,44275,44732,44697,44621,45035,45763,45962,46463,46889,47387,47715,47976,48535,48897,49017,49317,49626,49909,50225,50364,50521,51020,51145,51281,51659,52522
"Busturia","Total","Total",1715,1728,1695,1706,1708,1714,1724,1705,1732,1749,1768,1738,1714,1685,1679,1652,1659,1640,1607,1622,1650,1669,1654,1650,1638,1666,1698
"Busturia","Total","Hombres",842,857,826,838,859,882,888,873,878,871,874,860,855,834,832,822,831,819,792,802,812,818,805,814,804,812,827
"Busturia","Total","Mujeres",873,871,869,868,849,832,836,832,854,878,894,878,859,851,847,830,828,821,815,820,838,851,849,836,834,854,871
"Busturia","0 - 19","Total",222,227,205,213,217,213,213,222,240,249,264,273,276,276,297,299,300,291,282,284,285,284,285,274,272,274,274
"Busturia","0 - 19","Hombres",129,128,112,114,118,119,115,122,128,134,138,136,141,137,149,155,155,148,139,143,142,136,134,136,135,132,134
"Busturia","0 - 19","Mujeres",93,99,93,99,99,94,98,100,112,115,126,137,135,139,148,144,145,143,143,141,143,148,151,138,137,142,140
"Busturia","20 - 64","Total",1095,1106,1112,1116,1117,1123,1129,1113,1110,1114,1101,1053,1027,996,958,932,937,926,897,892,905,922,917,921,915,934,962
"Busturia","20 - 64","Hombres",555,573,566,579,596,608,617,607,599,587,580,555,550,536,505,490,495,489,466,460,465,483,478,485,478,484,490
"Busturia","20 - 64","Mujeres",540,533,546,537,521,515,512,506,511,527,521,498,477,460,453,442,442,437,431,432,440,439,439,436,437,450,472
"Busturia",">= 65","Total",398,395,378,377,374,378,382,370,382,386,403,412,411,413,424,421,422,423,428,446,460,463,452,455,451,458,462
"Busturia",">= 65","Hombres",158,156,148,145,145,155,156,144,151,150,156,169,164,161,178,177,181,182,187,199,205,199,193,193,191,196,203
"Busturia",">= 65","Mujeres",240,239,230,232,229,223,226,226,231,236,247,243,247,252,246,244,241,241,241,247,255,264,259,262,260,262,259
"Campezo/Kanpezu","Total","Total",1089,1084,1075,1101,1089,1075,1096,1101,1112,1123,1116,1128,1128,1079,1063,1052,1053,1070,1066,1061,1099,1126,1125,1114,1097,1122,1121
"Campezo/Kanpezu","Total","Hombres",590,584,582,605,591,575,585,586,592,586,587,589,600,565,562,557,560,571,567,567,586,597,594,592,581,592,591
"Campezo/Kanpezu","Total","Mujeres",499,500,493,496,498,500,511,515,520,537,529,539,528,514,501,495,493,499,499,494,513,529,531,522,516,530,530
"Campezo/Kanpezu","0 - 19","Total",152,149,142,149,141,137,142,149,160,161,159,182,189,181,173,173,173,180,184,178,192,180,179,169,169,176,168
"Campezo/Kanpezu","0 - 19","Hombres",82,75,72,78,75,68,72,76,80,79,74,80,90,83,79,81,84,83,91,86,95,90,90,84,83,89,82
"Campezo/Kanpezu","0 - 19","Mujeres",70,74,70,71,66,69,70,73,80,82,85,102,99,98,94,92,89,97,93,92,97,90,89,85,86,87,86
"Campezo/Kanpezu","20 - 64","Total",675,658,670,679,678,677,689,678,676,690,676,671,668,638,625,621,619,623,631,631,644,676,676,666,655,663,681
"Campezo/Kanpezu","20 - 64","Hombres",389,387,396,401,396,392,397,392,391,389,388,388,388,363,354,351,341,349,349,353,362,378,375,372,364,368,372
"Campezo/Kanpezu","20 - 64","Mujeres",286,271,274,278,282,285,292,286,285,301,288,283,280,275,271,270,278,274,282,278,282,298,301,294,291,295,309
"Campezo/Kanpezu",">= 65","Total",262,277,263,273,270,261,265,274,276,272,281,275,271,260,265,258,261,267,251,252,263,270,270,279,273,283,272
"Campezo/Kanpezu",">= 65","Hombres",119,122,114,126,120,115,116,118,121,118,125,121,122,119,129,125,135,139,127,128,129,129,129,136,134,135,137
"Campezo/Kanpezu",">= 65","Mujeres",143,155,149,147,150,146,149,156,155,154,156,154,149,141,136,133,126,128,124,124,134,141,141,143,139,148,135
"Deba","Total","Total",5122,5179,5217,5197,5247,5295,5336,5372,5369,5346,5382,5393,5378,5400,5414,5427,5439,5437,5445,5453,5437,5380,5394,5373,5370,5378,5364
"Deba","Total","Hombres",2577,2622,2639,2646,2667,2685,2691,2714,2716,2696,2700,2714,2716,2722,2722,2721,2740,2730,2732,2731,2688,2650,2661,2645,2645,2648,2631
"Deba","Total","Mujeres",2545,2557,2578,2551,2580,2610,2645,2658,2653,2650,2682,2679,2662,2678,2692,2706,2699,2707,2713,2722,2749,2730,2733,2728,2725,2730,2733
"Deba","0 - 19","Total",990,999,1002,965,960,963,957,980,1002,988,998,1019,1030,1025,1035,1045,1054,1051,1039,1015,980,934,930,906,903,884,874
"Deba","0 - 19","Hombres",507,511,508,491,488,487,477,490,503,489,485,505,516,509,509,518,532,537,525,521,516,491,495,483,478,463,450
"Deba","0 - 19","Mujeres",483,488,494,474,472,476,480,490,499,499,513,514,514,516,526,527,522,514,514,494,464,443,435,423,425,421,424
"Deba","20 - 64","Total",3282,3334,3364,3367,3414,3460,3478,3510,3460,3420,3414,3356,3327,3305,3270,3243,3231,3193,3158,3141,3144,3111,3100,3086,3068,3078,3017
"Deba","20 - 64","Hombres",1719,1764,1780,1787,1810,1825,1824,1829,1800,1784,1775,1744,1725,1719,1693,1665,1657,1619,1608,1599,1559,1529,1514,1509,1505,1506,1481
"Deba","20 - 64","Mujeres",1563,1570,1584,1580,1604,1635,1654,1681,1660,1636,1639,1612,1602,1586,1577,1578,1574,1574,1550,1542,1585,1582,1586,1577,1563,1572,1536
"Deba",">= 65","Total",850,846,851,865,873,872,901,882,907,938,970,1018,1021,1070,1109,1139,1154,1193,1248,1297,1313,1335,1364,1381,1399,1416,1473
"Deba",">= 65","Hombres",351,347,351,368,369,373,390,395,413,423,440,465,475,494,520,538,551,574,599,611,613,630,652,653,662,679,700
"Deba",">= 65","Mujeres",499,499,500,497,504,499,511,487,494,515,530,553,546,576,589,601,603,619,649,686,700,705,712,728,737,737,773
"Derio","Total","Total",4913,4970,5040,5021,5099,5187,5273,5505,5699,5751,5827,5994,6192,6301,6375,6496,6331,6396,6472,6569,7028,7066,7240,7311,7369,7405,7535
"Derio","Total","Hombres",2458,2468,2509,2491,2533,2581,2625,2740,2817,2820,2848,2942,3019,3077,3109,3164,3074,3098,3132,3171,3429,3450,3535,3569,3602,3633,3694
"Derio","Total","Mujeres",2455,2502,2531,2530,2566,2606,2648,2765,2882,2931,2979,3052,3173,3224,3266,3332,3257,3298,3340,3398,3599,3616,3705,3742,3767,3772,3841
"Derio","0 - 19","Total",773,758,760,761,784,796,842,910,982,1024,1074,1130,1191,1249,1254,1323,1330,1359,1367,1427,1506,1510,1507,1530,1561,1533,1544
"Derio","0 - 19","Hombres",416,393,388,385,396,416,433,477,503,525,541,584,600,635,630,659,662,676,676,702,764,772,773,790,810,797,797
"Derio","0 - 19","Mujeres",357,365,372,376,388,380,409,433,479,499,533,546,591,614,624,664,668,683,691,725,742,738,734,740,751,736,747
"Derio","20 - 64","Total",3390,3408,3458,3410,3441,3467,3499,3580,3637,3621,3616,3695,3800,3843,3887,3926,3822,3877,3935,3981,4235,4258,4407,4412,4435,4494,4579
"Derio","20 - 64","Hombres",1697,1704,1742,1713,1739,1756,1780,1814,1825,1796,1810,1837,1896,1910,1945,1970,1913,1945,1968,1993,2116,2134,2197,2198,2207,2242,2283
"Derio","20 - 64","Mujeres",1693,1704,1716,1697,1702,1711,1719,1766,1812,1825,1806,1858,1904,1933,1942,1956,1909,1932,1967,1988,2119,2124,2210,2214,2228,2252,2296
"Derio",">= 65","Total",750,804,822,850,874,924,932,1015,1080,1106,1137,1169,1201,1209,1234,1247,1179,1160,1170,1161,1287,1298,1326,1369,1373,1378,1412
"Derio",">= 65","Hombres",345,371,379,393,398,409,412,449,489,499,497,521,523,532,534,535,499,477,488,476,549,544,565,581,585,594,614
"Derio",">= 65","Mujeres",405,433,443,457,476,515,520,566,591,607,640,648,678,677,700,712,680,683,682,685,738,754,761,788,788,784,798
"Dima","Total","Total",1135,1144,1163,1207,1203,1201,1225,1251,1289,1306,1355,1359,1403,1416,1427,1459,1448,1442,1431,1438,1476,1460,1490,1497,1499,1504,1524
"Dima","Total","Hombres",589,598,612,632,634,638,647,656,673,685,705,709,728,742,742,753,738,733,726,723,757,752,762,768,773,779,797
"Dima","Total","Mujeres",546,546,551,575,569,563,578,595,616,621,650,650,675,674,685,706,710,709,705,715,719,708,728,729,726,725,727
"Dima","0 - 19","Total",176,176,186,195,199,205,202,211,229,240,263,266,280,303,305,316,316,307,300,292,292,291,302,301,299,294,303
"Dima","0 - 19","Hombres",94,101,104,115,113,120,119,123,129,137,147,146,154,173,175,180,178,174,162,159,162,159,164,166,165,163,167
"Dima","0 - 19","Mujeres",82,75,82,80,86,85,83,88,100,103,116,120,126,130,130,136,138,133,138,133,130,132,138,135,134,131,136
"Dima","20 - 64","Total",676,680,687,734,726,721,753,769,800,809,832,835,864,856,862,870,876,866,868,887,913,894,906,907,910,909,905
"Dima","20 - 64","Hombres",365,363,376,393,397,396,411,421,439,441,449,449,458,455,449,453,449,444,451,450,469,458,458,457,463,464,471
"Dima","20 - 64","Mujeres",311,317,311,341,329,325,342,348,361,368,383,386,406,401,413,417,427,422,417,437,444,436,448,450,447,445,434
"Dima",">= 65","Total",283,288,290,278,278,275,270,271,260,257,260,258,259,257,260,273,256,269,263,259,271,275,282,289,290,301,316
"Dima",">= 65","Hombres",130,134,132,124,124,122,117,112,105,107,109,114,116,114,118,120,111,115,113,114,126,135,140,145,145,152,159
"Dima",">= 65","Mujeres",153,154,158,154,154,153,153,159,155,150,151,144,143,143,142,153,145,154,150,145,145,140,142,144,145,149,157
"Donostia / San Sebastián","Total","Total",178131,179184,180030,181395,181718,182033,180749,181760,182574,182094,182026,181634,181026,180397,180291,180179,180558,180989,181652,182391,182088,181769,182002,182641,182490,182892,183388
"Donostia / San Sebastián","Total","Hombres",83714,84217,84594,85339,85375,85339,84681,85113,85500,85257,85153,84955,84721,84369,84476,84452,84608,84858,85345,85821,85691,85580,85671,85948,85879,86170,86574
"Donostia / San Sebastián","Total","Mujeres",94417,94967,95436,96056,96343,96694,96068,96647,97074,96837,96873,96679,96305,96028,95815,95727,95950,96131,96307,96570,96397,96189,96331,96693,96611,96722,96814
"Donostia / San Sebastián","0 - 19","Total",30832,30722,30111,30347,30192,30167,29942,30126,30297,30415,30567,30634,30745,30706,30784,30906,30983,30858,30813,30589,30664,29812,28096,29578,30054,29982,29172
"Donostia / San Sebastián","0 - 19","Hombres",15865,15850,15394,15520,15429,15378,15321,15442,15564,15697,15739,15740,15797,15777,15813,15886,15855,15766,15799,15713,15758,15280,14305,15144,15410,15415,14999
"Donostia / San Sebastián","0 - 19","Mujeres",14967,14872,14717,14827,14763,14789,14621,14684,14733,14718,14828,14894,14948,14929,14971,15020,15128,15092,15014,14876,14906,14532,13791,14434,14644,14567,14173
"Donostia / San Sebastián","20 - 64","Total",112790,113501,114617,115562,115926,115825,114673,115148,115109,114025,113109,112129,110981,109662,108780,108029,107615,107307,107385,107422,105719,106431,107406,105882,104842,104860,105384
"Donostia / San Sebastián","20 - 64","Hombres",54923,55286,55957,56462,56560,56363,55686,55817,55797,55169,54685,54192,53641,52941,52619,52267,52110,51940,52126,52204,51353,51783,52329,51460,50867,50936,51303
"Donostia / San Sebastián","20 - 64","Mujeres",57867,58215,58660,59100,59366,59462,58987,59331,59312,58856,58424,57937,57340,56721,56161,55762,55505,55367,55259,55218,54366,54648,55077,54422,53975,53924,54081
"Donostia / San Sebastián",">= 65","Total",34509,34961,35302,35486,35600,36041,36134,36486,37168,37654,38350,38871,39300,40029,40727,41244,41960,42824,43454,44380,45705,45526,46500,47181,47594,48050,48832
"Donostia / San Sebastián",">= 65","Hombres",12926,13081,13243,13357,13386,13598,13674,13854,14139,14391,14729,15023,15283,15651,16044,16299,16643,17152,17420,17904,18580,18517,19037,19344,19602,19819,20272
"Donostia / San Sebastián",">= 65","Mujeres",21583,21880,22059,22129,22214,22443,22460,22632,23029,23263,23621,23848,24017,24378,24683,24945,25317,25672,26034,26476,27125,27009,27463,27837,27992,28231,28560
"Durango","Total","Total",25729,25954,26356,26684,26995,27358,27943,28324,28679,28640,28587,28942,28983,29013,29109,29193,29089,29295,29436,29762,29972,29644,29764,29787,29894,29906,30165
"Durango","Total","Hombres",12491,12596,12803,12992,13118,13275,13578,13829,14029,13965,13953,14137,14149,14084,14116,14151,14051,14186,14220,14373,14504,14333,14395,14435,14516,14507,14668
"Durango","Total","Mujeres",13238,13358,13553,13692,13877,14083,14365,14495,14650,14675,14634,14805,14834,14929,14993,15042,15038,15109,15216,15389,15468,15311,15369,15352,15378,15399,15497
"Durango","0 - 19","Total",5030,5059,5070,5160,5191,5284,5366,5437,5555,5582,5602,5759,5800,5850,5875,5860,5828,5871,5922,5983,5899,5732,5761,5662,5611,5557,5489
"Durango","0 - 19","Hombres",2513,2539,2540,2577,2550,2587,2669,2701,2771,2815,2845,2924,2957,2958,2954,2950,2925,2939,2959,3000,2983,2905,2908,2888,2856,2829,2827
"Durango","0 - 19","Mujeres",2517,2520,2530,2583,2641,2697,2697,2736,2784,2767,2757,2835,2843,2892,2921,2910,2903,2932,2963,2983,2916,2827,2853,2774,2755,2728,2662
"Durango","20 - 64","Total",16602,16675,17002,17213,17522,17751,18165,18396,18472,18305,18194,18292,18219,18082,18048,18048,17938,17997,18002,18217,18348,18093,18115,18136,18204,18161,18249
"Durango","20 - 64","Hombres",8231,8272,8441,8584,8751,8870,9047,9235,9314,9154,9088,9182,9103,8969,8972,8976,8874,8917,8893,8968,9055,8913,8935,8936,9015,8989,9016
"Durango","20 - 64","Mujeres",8371,8403,8561,8629,8771,8881,9118,9161,9158,9151,9106,9110,9116,9113,9076,9072,9064,9080,9109,9249,9293,9180,9180,9200,9189,9172,9233
"Durango",">= 65","Total",4097,4220,4284,4311,4282,4323,4412,4491,4652,4753,4791,4891,4964,5081,5186,5285,5323,5427,5512,5562,5725,5819,5888,5989,6079,6188,6427
"Durango",">= 65","Hombres",1747,1785,1822,1831,1817,1818,1862,1893,1944,1996,2020,2031,2089,2157,2190,2225,2252,2330,2368,2405,2466,2515,2552,2611,2645,2689,2825
"Durango",">= 65","Mujeres",2350,2435,2462,2480,2465,2505,2550,2598,2708,2757,2771,2860,2875,2924,2996,3060,3071,3097,3144,3157,3259,3304,3336,3378,3434,3499,3602
"Ea","Total","Total",867,866,847,853,856,860,864,885,899,891,888,878,861,861,850,850,845,852,848,836,843,850,856,858,861,872,858
"Ea","Total","Hombres",406,406,398,411,422,434,441,453,454,454,450,450,442,446,434,432,434,438,447,443,444,448,447,445,448,451,445
"Ea","Total","Mujeres",461,460,449,442,434,426,423,432,445,437,438,428,419,415,416,418,411,414,401,393,399,402,409,413,413,421,413
"Ea","0 - 19","Total",108,106,94,96,102,104,108,115,116,116,108,111,102,104,105,105,105,103,110,112,111,115,115,117,118,121,110
"Ea","0 - 19","Hombres",55,52,49,53,57,59,58,58,60,59,50,54,50,53,53,51,50,49,56,56,57,59,58,58,57,59,55
"Ea","0 - 19","Mujeres",53,54,45,43,45,45,50,57,56,57,58,57,52,51,52,54,55,54,54,56,54,56,57,59,61,62,55
"Ea","20 - 64","Total",516,516,508,514,517,527,531,548,562,556,566,545,530,525,521,524,520,526,514,494,499,492,488,480,486,486,484
"Ea","20 - 64","Hombres",273,267,263,268,270,282,289,300,302,301,311,302,298,296,286,287,288,291,290,280,280,274,273,266,270,268,265
"Ea","20 - 64","Mujeres",243,249,245,246,247,245,242,248,260,255,255,243,232,229,235,237,232,235,224,214,219,218,215,214,216,218,219
"Ea",">= 65","Total",243,244,245,243,237,229,225,222,221,219,214,222,229,232,224,221,220,223,224,230,233,243,253,261,257,265,264
"Ea",">= 65","Hombres",78,87,86,90,95,93,94,95,92,94,89,94,94,97,95,94,96,98,101,107,107,115,116,121,121,124,125
"Ea",">= 65","Mujeres",165,157,159,153,142,136,131,127,129,125,125,128,135,135,129,127,124,125,123,123,126,128,137,140,136,141,139
"Eibar","Total","Total",28440,28299,28002,27828,27586,27344,27240,27329,27234,27201,27198,27299,27207,27213,27204,27158,27134,27138,27246,27474,27195,26983,26945,26926,26880,27039,27118
"Eibar","Total","Hombres",13939,13866,13721,13589,13451,13302,13217,13272,13217,13157,13157,13212,13153,13170,13146,13104,13107,13117,13216,13321,13175,13055,13044,13002,13021,13092,13100
"Eibar","Total","Mujeres",14501,14433,14281,14239,14135,14042,14023,14057,14017,14044,14041,14087,14054,14043,14058,14054,14027,14021,14030,14153,14020,13928,13901,13924,13859,13947,14018
"Eibar","0 - 19","Total",4421,4280,4122,4082,4017,4005,4031,4147,4152,4164,4242,4384,4496,4574,4704,4796,4872,4873,4965,5061,5023,4986,4926,4931,4954,4999,4948
"Eibar","0 - 19","Hombres",2268,2179,2096,2062,2021,2002,2000,2060,2055,2077,2109,2182,2234,2279,2363,2415,2449,2459,2519,2581,2570,2559,2521,2516,2544,2557,2515
"Eibar","0 - 19","Mujeres",2153,2101,2026,2020,1996,2003,2031,2087,2097,2087,2133,2202,2262,2295,2341,2381,2423,2414,2446,2480,2453,2427,2405,2415,2410,2442,2433
"Eibar","20 - 64","Total",17564,17516,17367,17277,17175,16995,16868,16862,16768,16681,16508,16410,16200,16049,15882,15700,15580,15587,15566,15623,15365,15167,15099,15007,14945,15017,15069
"Eibar","20 - 64","Hombres",8955,8957,8897,8829,8775,8676,8618,8637,8577,8471,8397,8363,8233,8142,8016,7886,7856,7855,7871,7864,7717,7631,7592,7539,7529,7572,7586
"Eibar","20 - 64","Mujeres",8609,8559,8470,8448,8400,8319,8250,8225,8191,8210,8111,8047,7967,7907,7866,7814,7724,7732,7695,7759,7648,7536,7507,7468,7416,7445,7483
"Eibar",">= 65","Total",6455,6503,6513,6469,6394,6344,6341,6320,6314,6356,6448,6505,6511,6590,6618,6662,6682,6678,6715,6790,6807,6830,6920,6988,6981,7023,7101
"Eibar",">= 65","Hombres",2716,2730,2728,2698,2655,2624,2599,2575,2585,2609,2651,2667,2686,2749,2767,2803,2802,2803,2826,2876,2888,2865,2931,2947,2948,2963,2999
"Eibar",">= 65","Mujeres",3739,3773,3785,3771,3739,3720,3742,3745,3729,3747,3797,3838,3825,3841,3851,3859,3880,3875,3889,3914,3919,3965,3989,4041,4033,4060,4102
"Elantxobe","Total","Total",453,442,448,453,446,440,447,438,441,440,429,404,394,392,384,372,366,361,362,357,346,351,355,354,350,352,325
"Elantxobe","Total","Hombres",212,204,209,209,205,202,207,208,208,206,197,187,184,186,188,182,181,179,183,184,170,171,173,172,173,173,164
"Elantxobe","Total","Mujeres",241,238,239,244,241,238,240,230,233,234,232,217,210,206,196,190,185,182,179,173,176,180,182,182,177,179,161
"Elantxobe","0 - 19","Total",66,57,53,54,44,42,37,39,42,39,36,37,35,41,44,40,41,34,39,41,40,43,47,47,47,47,41
"Elantxobe","0 - 19","Hombres",29,22,24,24,19,19,18,19,22,22,22,21,21,24,26,22,23,17,22,23,21,24,23,23,22,22,18
"Elantxobe","0 - 19","Mujeres",37,35,29,30,25,23,19,20,20,17,14,16,14,17,18,18,18,17,17,18,19,19,24,24,25,25,23
"Elantxobe","20 - 64","Total",248,248,258,267,273,271,277,273,275,278,267,240,231,225,214,209,199,204,200,198,192,196,193,192,192,193,177
"Elantxobe","20 - 64","Hombres",131,128,134,141,142,140,143,145,144,142,131,121,118,116,115,112,104,108,107,105,95,96,98,95,97,98,92
"Elantxobe","20 - 64","Mujeres",117,120,124,126,131,131,134,128,131,136,136,119,113,109,99,97,95,96,93,93,97,100,95,97,95,95,85
"Elantxobe",">= 65","Total",139,137,137,132,129,127,133,126,124,123,126,127,128,126,126,123,126,123,123,118,114,112,115,115,111,112,107
"Elantxobe",">= 65","Hombres",52,54,51,44,44,43,46,44,42,42,44,45,45,46,47,48,54,54,54,56,54,51,52,54,54,53,54
"Elantxobe",">= 65","Mujeres",87,83,86,88,85,84,87,82,82,81,82,82,83,80,79,75,72,69,69,62,60,61,63,61,57,59,53
"Elburgo/Burgelu","Total","Total",397,448,463,481,493,504,517,519,539,596,642,649,645,645,632,637,640,631,627,637,654,650,649,658,654,668,670
"Elburgo/Burgelu","Total","Hombres",213,248,255,255,257,258,267,272,285,311,334,346,343,341,332,340,343,338,341,339,343,344,340,343,341,350,353
"Elburgo/Burgelu","Total","Mujeres",184,200,208,226,236,246,250,247,254,285,308,303,302,304,300,297,297,293,286,298,311,306,309,315,313,318,317
"Elburgo/Burgelu","0 - 19","Total",73,88,90,94,99,107,109,105,113,124,144,148,141,139,138,133,133,128,125,127,129,125,119,123,123,122,125
"Elburgo/Burgelu","0 - 19","Hombres",39,49,52,52,52,53,50,55,58,65,72,76,72,71,70,69,61,60,60,65,68,64,59,59,58,60,61
"Elburgo/Burgelu","0 - 19","Mujeres",34,39,38,42,47,54,59,50,55,59,72,72,69,68,68,64,72,68,65,62,61,61,60,64,65,62,64
"Elburgo/Burgelu","20 - 64","Total",258,294,311,329,337,339,354,362,380,422,442,447,446,438,432,431,431,419,416,427,429,420,421,428,421,435,417
"Elburgo/Burgelu","20 - 64","Hombres",145,171,179,181,183,182,192,194,206,225,235,243,243,236,228,231,241,233,233,229,223,219,216,220,215,226,219
"Elburgo/Burgelu","20 - 64","Mujeres",113,123,132,148,154,157,162,168,174,197,207,204,203,202,204,200,190,186,183,198,206,201,205,208,206,209,198
"Elburgo/Burgelu",">= 65","Total",66,66,62,58,57,58,54,52,46,50,56,54,58,68,62,73,76,84,86,83,96,105,109,107,110,111,128
"Elburgo/Burgelu",">= 65","Hombres",29,28,24,22,22,23,25,23,21,21,27,27,28,34,34,40,41,45,48,45,52,61,65,64,68,64,73
"Elburgo/Burgelu",">= 65","Mujeres",37,38,38,36,35,35,29,29,25,29,29,27,30,34,28,33,35,39,38,38,44,44,44,43,42,47,55
"Elciego","Total","Total",959,985,998,993,984,973,1027,1055,1073,1076,1073,1069,1065,1082,1100,1030,1055,1059,1038,1035,1027,1012,1000,1013,1000,996,1019
"Elciego","Total","Hombres",482,497,504,505,498,489,509,520,530,530,533,530,522,534,550,508,515,517,507,505,515,506,499,509,501,497,500
"Elciego","Total","Mujeres",477,488,494,488,486,484,518,535,543,546,540,539,543,548,550,522,540,542,531,530,512,506,501,504,499,499,519
"Elciego","0 - 19","Total",159,158,154,138,137,132,146,154,159,169,186,182,192,203,207,196,201,209,214,209,197,195,187,187,182,178,178
"Elciego","0 - 19","Hombres",78,79,79,70,68,66,70,71,71,77,86,85,87,93,95,97,98,102,104,99,94,93,89,89,83,83,85
"Elciego","0 - 19","Mujeres",81,79,75,68,69,66,76,83,88,92,100,97,105,110,112,99,103,107,110,110,103,102,98,98,99,95,93
"Elciego","20 - 64","Total",556,580,595,607,607,607,644,669,677,665,653,649,629,635,646,595,612,605,580,583,589,582,577,584,570,576,584
"Elciego","20 - 64","Hombres",294,305,310,321,323,317,332,344,354,348,346,343,327,332,346,305,313,310,301,306,320,312,306,309,307,304,304
"Elciego","20 - 64","Mujeres",262,275,285,286,284,290,312,325,323,317,307,306,302,303,300,290,299,295,279,277,269,270,271,275,263,272,280
"Elciego",">= 65","Total",244,247,249,248,240,234,237,232,237,242,234,238,244,244,247,239,242,245,244,243,241,235,236,242,248,242,257
"Elciego",">= 65","Hombres",110,113,115,114,107,106,107,105,105,105,101,102,108,109,109,106,104,105,102,100,101,101,104,111,111,110,111
"Elciego",">= 65","Mujeres",134,134,134,134,133,128,130,127,132,137,133,136,136,135,138,133,138,140,142,143,140,134,132,131,137,132,146
"Elduain","Total","Total",223,220,218,218,218,218,225,234,234,236,233,232,240,240,245,243,243,243,250,243,240,244,242,231,231,243,239
"Elduain","Total","Hombres",120,123,123,123,119,115,115,120,120,122,122,121,126,127,128,125,126,126,126,123,121,121,117,112,113,120,115
"Elduain","Total","Mujeres",103,97,95,95,99,103,110,114,114,114,111,111,114,113,117,118,117,117,124,120,119,123,125,119,118,123,124
"Elduain","0 - 19","Total",30,29,32,37,39,39,43,49,50,48,51,53,61,60,63,64,67,65,67,64,60,63,57,55,58,60,55
"Elduain","0 - 19","Hombres",15,19,23,25,24,24,23,27,28,29,29,30,36,35,36,35,37,36,35,34,34,34,27,27,27,30,24
"Elduain","0 - 19","Mujeres",15,10,9,12,15,15,20,22,22,19,22,23,25,25,27,29,30,29,32,30,26,29,30,28,31,30,31
"Elduain","20 - 64","Total",139,140,140,134,132,134,138,139,139,141,137,133,133,133,134,132,127,130,135,132,133,138,146,140,138,146,148
"Elduain","20 - 64","Hombres",81,80,81,76,74,71,74,75,74,75,76,72,72,73,72,72,69,69,69,68,65,67,72,71,74,77,77
"Elduain","20 - 64","Mujeres",58,60,59,58,58,63,64,64,65,66,61,61,61,60,62,60,58,61,66,64,68,71,74,69,64,69,71
"Elduain",">= 65","Total",54,51,46,47,47,45,44,46,45,47,45,46,46,47,48,47,49,48,48,47,47,43,39,36,35,37,36
"Elduain",">= 65","Hombres",24,24,19,22,21,20,18,18,18,18,17,19,18,19,20,18,20,21,22,21,22,20,18,14,12,13,14
"Elduain",">= 65","Mujeres",30,27,27,25,26,25,26,28,27,29,28,27,28,28,28,29,29,27,26,26,25,23,21,22,23,24,22
"Elgeta","Total","Total",969,956,973,1002,1000,997,1016,1021,1044,1058,1085,1101,1123,1106,1102,1099,1140,1140,1139,1131,1121,1101,1104,1096,1105,1108,1109
"Elgeta","Total","Hombres",489,477,486,502,510,517,536,527,539,542,557,564,576,567,557,562,593,595,602,593,576,560,559,557,563,559,563
"Elgeta","Total","Mujeres",480,479,487,500,490,480,480,494,505,516,528,537,547,539,545,537,547,545,537,538,545,541,545,539,542,549,546
"Elgeta","0 - 19","Total",158,157,168,167,169,167,177,181,180,180,198,202,222,217,227,218,238,236,251,249,252,245,236,241,244,243,239
"Elgeta","0 - 19","Hombres",76,74,74,78,78,80,85,88,87,83,100,102,110,105,106,107,118,114,131,123,130,125,123,123,128,129,127
"Elgeta","0 - 19","Mujeres",82,83,94,89,91,87,92,93,93,97,98,100,112,112,121,111,120,122,120,126,122,120,113,118,116,114,112
"Elgeta","20 - 64","Total",611,600,608,639,637,636,647,657,673,683,695,699,698,686,675,681,700,698,691,689,660,642,652,637,640,639,643
"Elgeta","20 - 64","Hombres",318,315,322,336,344,347,360,357,364,370,370,369,374,368,363,369,384,387,380,380,350,334,333,329,327,320,325
"Elgeta","20 - 64","Mujeres",293,285,286,303,293,289,287,300,309,313,325,330,324,318,312,312,316,311,311,309,310,308,319,308,313,319,318
"Elgeta",">= 65","Total",200,199,197,196,194,194,192,183,191,195,192,200,203,203,200,200,202,206,197,193,209,214,216,218,221,226,227
"Elgeta",">= 65","Hombres",95,88,90,88,88,90,91,82,88,89,87,93,92,94,88,86,91,94,91,90,96,101,103,105,108,110,111
"Elgeta",">= 65","Mujeres",105,111,107,108,106,104,101,101,103,106,105,107,111,109,112,114,111,112,106,103,113,113,113,113,113,116,116
"Elgoibar","Total","Total",10642,10637,10671,10601,10650,10698,10788,10956,11124,11225,11258,11329,11408,11383,11468,11481,11492,11558,11585,11540,11384,11394,11361,11415,11449,11518,11659
"Elgoibar","Total","Hombres",5329,5338,5341,5301,5337,5368,5416,5485,5598,5621,5620,5656,5689,5676,5699,5722,5723,5739,5747,5715,5593,5597,5586,5615,5644,5692,5781
"Elgoibar","Total","Mujeres",5313,5299,5330,5300,5313,5330,5372,5471,5526,5604,5638,5673,5719,5707,5769,5759,5769,5819,5838,5825,5791,5797,5775,5800,5805,5826,5878
"Elgoibar","0 - 19","Total",1723,1684,1660,1628,1659,1665,1681,1760,1826,1912,1957,2024,2095,2157,2223,2274,2285,2346,2356,2340,2265,2283,2253,2265,2275,2295,2298
"Elgoibar","0 - 19","Hombres",891,867,845,824,847,854,852,895,938,987,1000,1026,1062,1104,1126,1172,1184,1198,1190,1179,1122,1123,1106,1121,1123,1147,1160
"Elgoibar","0 - 19","Mujeres",832,817,815,804,812,811,829,865,888,925,957,998,1033,1053,1097,1102,1101,1148,1166,1161,1143,1160,1147,1144,1152,1148,1138
"Elgoibar","20 - 64","Total",6728,6720,6774,6737,6753,6797,6858,6927,6995,6988,6928,6920,6887,6768,6762,6699,6675,6664,6642,6569,6481,6446,6427,6449,6467,6506,6567
"Elgoibar","20 - 64","Hombres",3481,3501,3539,3523,3534,3565,3604,3624,3672,3636,3610,3602,3575,3495,3487,3455,3432,3422,3421,3393,3325,3300,3295,3296,3306,3332,3387
"Elgoibar","20 - 64","Mujeres",3247,3219,3235,3214,3219,3232,3254,3303,3323,3352,3318,3318,3312,3273,3275,3244,3243,3242,3221,3176,3156,3146,3132,3153,3161,3174,3180
"Elgoibar",">= 65","Total",2191,2233,2237,2236,2238,2236,2249,2269,2303,2325,2373,2385,2426,2458,2483,2508,2532,2548,2587,2631,2638,2665,2681,2701,2707,2717,2794
"Elgoibar",">= 65","Hombres",957,970,957,954,956,949,960,966,988,998,1010,1028,1052,1077,1086,1095,1107,1119,1136,1143,1146,1174,1185,1198,1215,1213,1234
"Elgoibar",">= 65","Mujeres",1234,1263,1280,1282,1282,1287,1289,1303,1315,1327,1363,1357,1374,1381,1397,1413,1425,1429,1451,1488,1492,1491,1496,1503,1492,1504,1560
"Elorrio","Total","Total",7044,7033,7023,6955,6993,7044,7084,7155,7220,7250,7256,7291,7308,7255,7301,7350,7377,7398,7441,7448,7472,7393,7405,7382,7381,7388,7425
"Elorrio","Total","Hombres",3500,3495,3496,3472,3481,3498,3508,3543,3570,3573,3569,3599,3597,3591,3634,3656,3670,3660,3670,3653,3679,3618,3630,3617,3598,3590,3597
"Elorrio","Total","Mujeres",3544,3538,3527,3483,3512,3546,3576,3612,3650,3677,3687,3692,3711,3664,3667,3694,3707,3738,3771,3795,3793,3775,3775,3765,3783,3798,3828
"Elorrio","0 - 19","Total",1262,1241,1200,1170,1172,1187,1204,1224,1253,1278,1286,1308,1326,1316,1354,1388,1410,1429,1451,1456,1432,1410,1420,1405,1401,1388,1369
"Elorrio","0 - 19","Hombres",639,627,610,595,591,604,614,612,619,619,621,644,656,652,685,697,701,705,727,727,718,703,707,691,685,680,666
"Elorrio","0 - 19","Mujeres",623,614,590,575,581,583,590,612,634,659,665,664,670,664,669,691,709,724,724,729,714,707,713,714,716,708,703
"Elorrio","20 - 64","Total",4454,4444,4452,4396,4431,4437,4461,4518,4512,4495,4469,4456,4441,4367,4369,4369,4367,4329,4331,4339,4368,4268,4267,4234,4211,4219,4230
"Elorrio","20 - 64","Hombres",2285,2294,2299,2276,2288,2282,2281,2315,2312,2308,2284,2289,2270,2236,2237,2243,2247,2212,2199,2194,2230,2155,2158,2145,2120,2116,2118
"Elorrio","20 - 64","Mujeres",2169,2150,2153,2120,2143,2155,2180,2203,2200,2187,2185,2167,2171,2131,2132,2126,2120,2117,2132,2145,2138,2113,2109,2089,2091,2103,2112
"Elorrio",">= 65","Total",1328,1348,1371,1389,1390,1420,1419,1413,1455,1477,1501,1527,1541,1572,1578,1593,1600,1640,1659,1653,1672,1715,1718,1743,1769,1781,1826
"Elorrio",">= 65","Hombres",576,574,587,601,602,612,613,616,639,646,664,666,671,703,712,716,722,743,744,732,731,760,765,781,793,794,813
"Elorrio",">= 65","Mujeres",752,774,784,788,788,808,806,797,816,831,837,861,870,869,866,877,878,897,915,921,941,955,953,962,976,987,1013
"Elvillar/Bilar","Total","Total",353,354,360,364,354,344,352,352,364,360,355,358,346,341,346,348,367,368,355,352,345,337,336,327,328,327,327
"Elvillar/Bilar","Total","Hombres",182,183,191,192,184,176,179,177,181,179,177,179,171,167,169,169,178,179,171,171,168,160,162,159,157,154,153
"Elvillar/Bilar","Total","Mujeres",171,171,169,172,170,168,173,175,183,181,178,179,175,174,177,179,189,189,184,181,177,177,174,168,171,173,174
"Elvillar/Bilar","0 - 19","Total",55,57,58,60,63,61,60,60,67,61,63,61,57,53,53,64,67,65,61,62,55,49,47,44,43,46,40
"Elvillar/Bilar","0 - 19","Hombres",28,28,30,33,33,29,27,25,30,26,27,25,23,21,21,27,27,27,25,25,21,19,18,17,16,18,16
"Elvillar/Bilar","0 - 19","Mujeres",27,29,28,27,30,32,33,35,37,35,36,36,34,32,32,37,40,38,36,37,34,30,29,27,27,28,24
"Elvillar/Bilar","20 - 64","Total",205,196,201,205,193,194,206,208,207,208,208,212,200,204,201,197,210,209,204,198,201,195,196,189,190,189,192
"Elvillar/Bilar","20 - 64","Hombres",106,98,105,107,99,101,108,108,106,107,109,110,100,105,103,100,109,106,103,100,104,98,99,98,97,94,95
"Elvillar/Bilar","20 - 64","Mujeres",99,98,96,98,94,93,98,100,101,101,99,102,100,99,98,97,101,103,101,98,97,97,97,91,93,95,97
"Elvillar/Bilar",">= 65","Total",93,101,101,99,98,89,86,84,90,91,84,85,89,84,92,87,90,94,90,92,89,93,93,94,95,92,95
"Elvillar/Bilar",">= 65","Hombres",48,57,56,52,52,46,44,44,45,46,41,44,48,41,45,42,42,46,43,46,43,43,45,44,44,42,42
"Elvillar/Bilar",">= 65","Mujeres",45,44,45,47,46,43,42,40,45,45,43,41,41,43,47,45,48,48,47,46,46,50,48,50,51,50,53
"Erandio","Total","Total",22649,22591,22751,22995,23195,23440,23888,23939,24170,24185,24125,24145,24228,24047,23950,23906,24053,24157,24297,24433,24050,24014,23978,23958,24068,24194,24209
"Erandio","Total","Hombres",11174,11133,11171,11275,11385,11522,11729,11736,11852,11872,11816,11781,11830,11744,11685,11646,11697,11716,11756,11806,11588,11561,11535,11498,11528,11624,11620
"Erandio","Total","Mujeres",11475,11458,11580,11720,11810,11918,12159,12203,12318,12313,12309,12364,12398,12303,12265,12260,12356,12441,12541,12627,12462,12453,12443,12460,12540,12570,12589
"Erandio","0 - 19","Total",3859,3702,3587,3561,3526,3604,3784,3852,3965,4052,4110,4163,4232,4214,4224,4274,4318,4375,4429,4453,4388,4289,4069,4124,4197,4171,4047
"Erandio","0 - 19","Hombres",2009,1919,1836,1832,1815,1855,1950,1999,2057,2097,2118,2142,2182,2190,2196,2216,2229,2239,2254,2277,2235,2203,2061,2135,2149,2142,2067
"Erandio","0 - 19","Mujeres",1850,1783,1751,1729,1711,1749,1834,1853,1908,1955,1992,2021,2050,2024,2028,2058,2089,2136,2175,2176,2153,2086,2008,1989,2048,2029,1980
"Erandio","20 - 64","Total",15274,15291,15511,15690,15866,15973,16153,16136,16095,15854,15618,15456,15369,15104,14951,14769,14705,14656,14652,14670,14272,14318,14437,14296,14311,14429,14449
"Erandio","20 - 64","Hombres",7709,7731,7829,7920,8005,8070,8136,8063,8066,7978,7870,7783,7742,7597,7516,7430,7384,7355,7337,7321,7117,7135,7218,7082,7068,7162,7142
"Erandio","20 - 64","Mujeres",7565,7560,7682,7770,7861,7903,8017,8073,8029,7876,7748,7673,7627,7507,7435,7339,7321,7301,7315,7349,7155,7183,7219,7214,7243,7267,7307
"Erandio",">= 65","Total",3516,3598,3653,3744,3803,3863,3951,3951,4110,4279,4397,4526,4627,4729,4775,4863,5030,5126,5216,5310,5390,5407,5472,5538,5560,5594,5713
"Erandio",">= 65","Hombres",1456,1483,1506,1523,1565,1597,1643,1674,1729,1797,1828,1856,1906,1957,1973,2000,2084,2122,2165,2208,2236,2223,2256,2281,2311,2320,2411
"Erandio",">= 65","Mujeres",2060,2115,2147,2221,2238,2266,2308,2277,2381,2482,2569,2670,2721,2772,2802,2863,2946,3004,3051,3102,3154,3184,3216,3257,3249,3274,3302
"Ereño","Total","Total",253,260,254,259,257,257,261,258,262,264,273,266,254,252,258,261,258,257,264,276,274,278,283,287,281,279,283
"Ereño","Total","Hombres",127,133,129,131,129,128,131,128,133,133,142,138,132,131,135,141,134,136,144,151,156,159,159,158,158,158,160
"Ereño","Total","Mujeres",126,127,125,128,128,129,130,130,129,131,131,128,122,121,123,120,124,121,120,125,118,119,124,129,123,121,123
"Ereño","0 - 19","Total",23,25,27,28,29,27,29,31,32,29,34,33,31,33,35,38,35,38,41,41,43,41,41,43,39,41,41
"Ereño","0 - 19","Hombres",14,16,15,14,15,15,17,17,16,19,22,22,20,22,24,25,22,25,28,28,27,27,26,26,24,26,26
"Ereño","0 - 19","Mujeres",9,9,12,14,14,12,12,14,16,10,12,11,11,11,11,13,13,13,13,13,16,14,15,17,15,15,15
"Ereño","20 - 64","Total",159,162,158,160,161,161,163,158,158,164,166,160,151,146,151,147,146,148,143,148,152,156,155,157,154,148,147
"Ereño","20 - 64","Hombres",82,83,82,84,82,82,83,80,83,85,90,86,82,79,81,83,82,82,81,86,92,93,89,88,92,89,87
"Ereño","20 - 64","Mujeres",77,79,76,76,79,79,80,78,75,79,76,74,69,67,70,64,64,66,62,62,60,63,66,69,62,59,60
"Ereño",">= 65","Total",71,73,69,71,67,69,69,69,72,71,73,73,72,73,72,76,77,71,80,87,79,81,87,87,88,90,95
"Ereño",">= 65","Hombres",31,34,32,33,32,31,31,31,34,29,30,30,30,30,30,33,30,29,35,37,37,39,44,44,42,43,47
"Ereño",">= 65","Mujeres",40,39,37,38,35,38,38,38,38,42,43,43,42,43,42,43,47,42,45,50,42,42,43,43,46,47,48
"Ermua","Total","Total",16699,16565,16398,16271,16207,16174,16196,16228,16223,16170,16256,16274,16232,16075,16036,15989,16074,16091,16039,16019,15806,15627,15562,15633,15634,15627,15558
"Ermua","Total","Hombres",8506,8421,8315,8243,8205,8186,8192,8229,8208,8162,8203,8194,8163,8060,8058,8005,8007,7998,7968,7948,7839,7750,7711,7751,7748,7735,7711
"Ermua","Total","Mujeres",8193,8144,8083,8028,8002,7988,8004,7999,8015,8008,8053,8080,8069,8015,7978,7984,8067,8093,8071,8071,7967,7877,7851,7882,7886,7892,7847
"Ermua","0 - 19","Total",3068,2970,2853,2768,2700,2628,2654,2634,2633,2643,2669,2703,2708,2711,2714,2734,2780,2772,2776,2743,2710,2630,2600,2612,2584,2582,2513
"Ermua","0 - 19","Hombres",1596,1547,1486,1427,1384,1350,1382,1371,1376,1362,1360,1383,1400,1403,1417,1419,1441,1433,1434,1412,1410,1362,1352,1369,1358,1352,1313
"Ermua","0 - 19","Mujeres",1472,1423,1367,1341,1316,1278,1272,1263,1257,1281,1309,1320,1308,1308,1297,1315,1339,1339,1342,1331,1300,1268,1248,1243,1226,1230,1200
"Ermua","20 - 64","Total",11532,11387,11275,11163,11092,10995,10878,10818,10674,10467,10380,10254,10127,9840,9678,9530,9500,9396,9286,9217,9057,8938,8888,8918,8904,8879,8792
"Ermua","20 - 64","Hombres",5906,5833,5767,5728,5694,5659,5580,5571,5464,5366,5336,5270,5204,5039,4969,4879,4844,4788,4736,4693,4601,4554,4529,4541,4525,4513,4481
"Ermua","20 - 64","Mujeres",5626,5554,5508,5435,5398,5336,5298,5247,5210,5101,5044,4984,4923,4801,4709,4651,4656,4608,4550,4524,4456,4384,4359,4377,4379,4366,4311
"Ermua",">= 65","Total",2099,2208,2270,2340,2415,2551,2664,2776,2916,3060,3207,3317,3397,3524,3644,3725,3794,3923,3977,4059,4039,4059,4074,4103,4146,4166,4253
"Ermua",">= 65","Hombres",1004,1041,1062,1088,1127,1177,1230,1287,1368,1434,1507,1541,1559,1618,1672,1707,1722,1777,1798,1843,1828,1834,1830,1841,1865,1870,1917
"Ermua",">= 65","Mujeres",1095,1167,1208,1252,1288,1374,1434,1489,1548,1626,1700,1776,1838,1906,1972,2018,2072,2146,2179,2216,2211,2225,2244,2262,2281,2296,2336
"Errenteria","Total","Total",38001,37901,37663,37522,37595,37666,37783,37981,38309,38738,39177,39614,39758,39808,39813,39905,40015,40030,40141,40176,39755,39520,39644,39665,39706,39792,39779
"Errenteria","Total","Hombres",18644,18593,18469,18414,18447,18465,18505,18610,18793,18953,19218,19414,19503,19511,19530,19520,19544,19529,19601,19581,19354,19224,19255,19260,19288,19314,19264
"Errenteria","Total","Mujeres",19357,19308,19194,19108,19148,19201,19278,19371,19516,19785,19959,20200,20255,20297,20283,20385,20471,20501,20540,20595,20401,20296,20389,20405,20418,20478,20515
"Errenteria","0 - 19","Total",6046,5962,5864,5830,5826,5877,5986,6188,6390,6658,6943,7148,7256,7342,7408,7511,7578,7520,7516,7424,7244,7115,7037,6975,6898,6847,6627
"Errenteria","0 - 19","Hombres",3087,3067,2999,2988,2966,2984,3010,3127,3263,3392,3556,3691,3738,3756,3777,3829,3865,3802,3816,3775,3696,3650,3595,3579,3557,3523,3407
"Errenteria","0 - 19","Mujeres",2959,2895,2865,2842,2860,2893,2976,3061,3127,3266,3387,3457,3518,3586,3631,3682,3713,3718,3700,3649,3548,3465,3442,3396,3341,3324,3220
"Errenteria","20 - 64","Total",25618,25414,25162,25035,25083,24965,24919,24799,24727,24624,24433,24341,24047,23752,23503,23319,23185,23166,23182,23250,22967,22880,23091,23127,23241,23346,23485
"Errenteria","20 - 64","Hombres",12916,12818,12717,12669,12712,12660,12664,12593,12565,12465,12387,12285,12169,12013,11942,11810,11752,11791,11822,11838,11662,11619,11692,11689,11738,11783,11819
"Errenteria","20 - 64","Mujeres",12702,12596,12445,12366,12371,12305,12255,12206,12162,12159,12046,12056,11878,11739,11561,11509,11433,11375,11360,11412,11305,11261,11399,11438,11503,11563,11666
"Errenteria",">= 65","Total",6337,6525,6637,6657,6686,6824,6878,6994,7192,7456,7801,8125,8455,8714,8902,9075,9252,9344,9443,9502,9544,9525,9516,9563,9567,9599,9667
"Errenteria",">= 65","Hombres",2641,2708,2753,2757,2769,2821,2831,2890,2965,3096,3275,3438,3596,3742,3811,3881,3927,3936,3963,3968,3996,3955,3968,3992,3993,4008,4038
"Errenteria",">= 65","Mujeres",3696,3817,3884,3900,3917,4003,4047,4104,4227,4360,4526,4687,4859,4972,5091,5194,5325,5408,5480,5534,5548,5570,5548,5571,5574,5591,5629
"Errezil","Total","Total",615,621,608,602,607,613,624,620,623,617,608,620,615,602,601,608,628,634,628,621,585,569,577,586,591,588,602
"Errezil","Total","Hombres",327,329,320,319,323,327,334,334,336,330,330,338,329,322,324,337,347,348,343,342,320,316,319,324,328,328,333
"Errezil","Total","Mujeres",288,292,288,283,284,286,290,286,287,287,278,282,286,280,277,271,281,286,285,279,265,253,258,262,263,260,269
"Errezil","0 - 19","Total",124,124,120,122,117,114,115,123,126,127,124,130,136,133,128,136,149,147,142,137,130,121,112,117,123,120,124
"Errezil","0 - 19","Hombres",54,56,52,54,53,49,50,54,55,58,60,62,62,59,63,67,76,82,79,78,74,68,68,73,73,70,71
"Errezil","0 - 19","Mujeres",70,68,68,68,64,65,65,69,71,69,64,68,74,74,65,69,73,65,63,59,56,53,44,44,50,50,53
"Errezil","20 - 64","Total",357,364,362,358,370,381,396,394,397,387,377,382,370,367,369,369,374,380,383,370,346,345,356,360,358,355,359
"Errezil","20 - 64","Hombres",211,214,211,208,212,220,230,230,233,223,218,226,212,211,206,215,215,209,212,205,187,188,188,190,193,193,196
"Errezil","20 - 64","Mujeres",146,150,151,150,158,161,166,164,164,164,159,156,158,156,163,154,159,171,171,165,159,157,168,170,165,162,163
"Errezil",">= 65","Total",134,133,126,122,120,118,113,103,100,103,107,108,109,102,104,103,105,107,103,114,109,103,109,109,110,113,119
"Errezil",">= 65","Hombres",62,59,57,57,58,58,54,50,48,49,52,50,55,52,55,55,56,57,52,59,59,60,63,61,62,65,66
"Errezil",">= 65","Mujeres",72,74,69,65,62,60,59,53,52,54,55,58,54,50,49,48,49,50,51,55,50,43,46,48,48,48,53
"Erriberagoitia/Ribera Alta","Total","Total",633,634,670,687,696,704,736,776,804,825,859,878,852,842,860,823,823,827,836,830,878,868,860,878,867,891,898
"Erriberagoitia/Ribera Alta","Total","Hombres",362,361,371,377,381,384,411,431,447,464,477,489,471,467,478,459,467,473,481,481,489,495,491,506,498,513,506
"Erriberagoitia/Ribera Alta","Total","Mujeres",271,273,299,310,315,320,325,345,357,361,382,389,381,375,382,364,356,354,355,349,389,373,369,372,369,378,392
"Erriberagoitia/Ribera Alta","0 - 19","Total",56,50,56,78,76,95,104,117,118,130,151,153,150,150,178,151,161,155,150,145,148,137,127,128,131,139,134
"Erriberagoitia/Ribera Alta","0 - 19","Hombres",27,24,26,33,29,42,46,49,57,59,70,77,74,77,88,79,85,87,89,92,84,76,70,70,71,73,69
"Erriberagoitia/Ribera Alta","0 - 19","Mujeres",29,26,30,45,47,53,58,68,61,71,81,76,76,73,90,72,76,68,61,53,64,61,57,58,60,66,65
"Erriberagoitia/Ribera Alta","20 - 64","Total",422,409,435,431,447,444,477,503,522,540,537,559,549,538,523,511,513,518,531,527,560,560,563,570,564,573,575
"Erriberagoitia/Ribera Alta","20 - 64","Hombres",255,251,262,261,269,265,286,300,306,323,322,332,323,309,306,296,300,297,307,297,310,319,319,328,322,333,325
"Erriberagoitia/Ribera Alta","20 - 64","Mujeres",167,158,173,170,178,179,191,203,216,217,215,227,226,229,217,215,213,221,224,230,250,241,244,242,242,240,250
"Erriberagoitia/Ribera Alta",">= 65","Total",155,175,179,178,173,165,155,156,164,155,171,166,153,154,159,161,149,154,155,158,170,171,170,180,172,179,189
"Erriberagoitia/Ribera Alta",">= 65","Hombres",80,86,83,83,83,77,79,82,84,82,85,80,74,81,84,84,82,89,85,92,95,100,102,108,105,107,112
"Erriberagoitia/Ribera Alta",">= 65","Mujeres",75,89,96,95,90,88,76,74,80,73,86,86,79,73,75,77,67,65,70,66,75,71,68,72,67,72,77
"Errigoiti","Total","Total",504,516,526,511,508,507,508,520,512,525,552,530,521,507,490,496,496,493,484,490,487,506,510,508,509,509,499
"Errigoiti","Total","Hombres",276,285,293,279,277,276,278,280,273,274,296,294,291,283,276,281,274,272,266,264,272,279,282,283,280,281,273
"Errigoiti","Total","Mujeres",228,231,233,232,231,231,230,240,239,251,256,236,230,224,214,215,222,221,218,226,215,227,228,225,229,228,226
"Errigoiti","0 - 19","Total",43,39,33,35,41,45,48,56,61,71,76,67,74,75,72,80,81,78,79,80,74,89,84,85,90,85,79
"Errigoiti","0 - 19","Hombres",23,21,19,21,26,26,28,32,33,39,45,40,42,43,44,48,46,44,43,42,39,43,43,41,41,39,38
"Errigoiti","0 - 19","Mujeres",20,18,14,14,15,19,20,24,28,32,31,27,32,32,28,32,35,34,36,38,35,46,41,44,49,46,41
"Errigoiti","20 - 64","Total",300,316,326,317,318,321,323,332,325,327,344,333,324,311,292,294,291,289,280,287,298,294,304,294,297,303,291
"Errigoiti","20 - 64","Hombres",174,185,194,188,188,186,186,188,184,178,192,189,188,180,166,166,163,162,159,159,173,167,171,166,170,175,163
"Errigoiti","20 - 64","Mujeres",126,131,132,129,130,135,137,144,141,149,152,144,136,131,126,128,128,127,121,128,125,127,133,128,127,128,128
"Errigoiti",">= 65","Total",161,161,167,159,149,141,137,132,126,127,132,130,123,121,126,122,124,126,125,123,115,123,122,129,122,121,129
"Errigoiti",">= 65","Hombres",79,79,80,70,63,64,64,60,56,57,59,65,61,60,66,67,65,66,64,63,60,69,68,76,69,67,72
"Errigoiti",">= 65","Mujeres",82,82,87,89,86,77,73,72,70,70,73,65,62,61,60,55,59,60,61,60,55,54,54,53,53,54,57
"Eskoriatza","Total","Total",3902,3915,3896,3882,3895,3908,3931,4050,4038,4055,4052,4072,4097,4121,4109,4097,4100,4089,4065,4103,4131,4162,4172,4193,4207,4241,4227
"Eskoriatza","Total","Hombres",2002,2001,1994,1984,1999,2013,2029,2102,2085,2085,2098,2114,2114,2119,2095,2084,2077,2065,2045,2056,2088,2091,2102,2115,2129,2142,2144
"Eskoriatza","Total","Mujeres",1900,1914,1902,1898,1896,1895,1902,1948,1953,1970,1954,1958,1983,2002,2014,2013,2023,2024,2020,2047,2043,2071,2070,2078,2078,2099,2083
"Eskoriatza","0 - 19","Total",677,684,670,648,656,642,656,681,699,709,734,778,784,805,831,852,854,841,839,832,808,770,764,772,768,780,758
"Eskoriatza","0 - 19","Hombres",357,356,358,346,352,340,347,364,377,374,388,411,409,418,426,427,428,414,419,419,421,391,391,397,396,402,388
"Eskoriatza","0 - 19","Mujeres",320,328,312,302,304,302,309,317,322,335,346,367,375,387,405,425,426,427,420,413,387,379,373,375,372,378,370
"Eskoriatza","20 - 64","Total",2602,2615,2596,2587,2603,2629,2622,2710,2652,2647,2590,2549,2547,2524,2473,2421,2395,2388,2337,2363,2377,2454,2472,2481,2492,2513,2508
"Eskoriatza","20 - 64","Hombres",1363,1363,1351,1348,1359,1386,1393,1444,1393,1392,1364,1350,1343,1333,1292,1273,1253,1250,1218,1223,1237,1268,1283,1287,1301,1306,1313
"Eskoriatza","20 - 64","Mujeres",1239,1252,1245,1239,1244,1243,1229,1266,1259,1255,1226,1199,1204,1191,1181,1148,1142,1138,1119,1140,1140,1186,1189,1194,1191,1207,1195
"Eskoriatza",">= 65","Total",623,616,630,647,636,637,653,659,687,699,728,745,766,792,805,824,851,860,889,908,946,938,936,940,947,948,961
"Eskoriatza",">= 65","Hombres",282,282,285,290,288,287,289,294,315,319,346,353,362,368,377,384,396,401,408,414,430,432,428,431,432,434,443
"Eskoriatza",">= 65","Mujeres",341,334,345,357,348,350,364,365,372,380,382,392,404,424,428,440,455,459,481,494,516,506,508,509,515,514,518
"Etxebarri","Total","Total",7211,7422,7686,7808,7876,7959,8125,8511,9159,9644,10118,10317,10534,10697,10818,10951,11012,11096,11338,11460,11535,11668,11789,11858,11851,11820,11901
"Etxebarri","Total","Hombres",3687,3790,3930,3995,4010,4034,4100,4296,4618,4871,5094,5179,5275,5358,5416,5472,5495,5531,5654,5698,5753,5804,5858,5882,5886,5854,5877
"Etxebarri","Total","Mujeres",3524,3632,3756,3813,3866,3925,4025,4215,4541,4773,5024,5138,5259,5339,5402,5479,5517,5565,5684,5762,5782,5864,5931,5976,5965,5966,6024
"Etxebarri","0 - 19","Total",1336,1347,1350,1374,1376,1398,1470,1570,1759,1880,2041,2150,2283,2393,2494,2587,2661,2711,2798,2844,2851,2823,2812,2842,2836,2814,2731
"Etxebarri","0 - 19","Hombres",705,708,719,731,717,726,768,826,933,988,1077,1133,1191,1259,1308,1351,1388,1415,1468,1490,1501,1483,1464,1485,1493,1477,1429
"Etxebarri","0 - 19","Mujeres",631,639,631,643,659,672,702,744,826,892,964,1017,1092,1134,1186,1236,1273,1296,1330,1354,1350,1340,1348,1357,1343,1337,1302
"Etxebarri","20 - 64","Total",5034,5233,5453,5514,5592,5630,5706,5968,6381,6682,6902,6940,6961,6942,6911,6886,6842,6834,6913,6964,6944,7093,7172,7186,7163,7119,7220
"Etxebarri","20 - 64","Hombres",2611,2706,2813,2843,2882,2889,2903,3027,3222,3405,3495,3502,3509,3489,3470,3465,3437,3436,3466,3488,3482,3542,3590,3591,3567,3528,3571
"Etxebarri","20 - 64","Mujeres",2423,2527,2640,2671,2710,2741,2803,2941,3159,3277,3407,3438,3452,3453,3441,3421,3405,3398,3447,3476,3462,3551,3582,3595,3596,3591,3649
"Etxebarri",">= 65","Total",841,842,883,920,908,931,949,973,1019,1082,1175,1227,1290,1362,1413,1478,1509,1551,1627,1652,1740,1752,1805,1830,1852,1887,1950
"Etxebarri",">= 65","Hombres",371,376,398,421,411,419,429,443,463,478,522,544,575,610,638,656,670,680,720,720,770,779,804,806,826,849,877
"Etxebarri",">= 65","Mujeres",470,466,485,499,497,512,520,530,556,604,653,683,715,752,775,822,839,871,907,932,970,973,1001,1024,1026,1038,1073
"Etxebarria","Total","Total",808,800,793,786,794,803,817,765,763,752,741,736,739,724,720,706,726,735,751,745,708,704,701,695,685,686,700
"Etxebarria","Total","Hombres",416,411,406,405,412,420,429,393,386,379,376,372,372,359,356,346,349,353,363,364,358,356,353,347,344,344,343
"Etxebarria","Total","Mujeres",392,389,387,381,382,383,388,372,377,373,365,364,367,365,364,360,377,382,388,381,350,348,348,348,341,342,357
"Etxebarria","0 - 19","Total",159,156,157,149,155,160,155,152,154,145,133,141,141,145,137,131,131,131,130,130,124,118,90,119,134,134,120
"Etxebarria","0 - 19","Hombres",81,81,79,78,81,84,83,78,80,76,68,71,68,75,69,68,64,66,61,63,63,58,45,53,60,59,55
"Etxebarria","0 - 19","Mujeres",78,75,78,71,74,76,72,74,74,69,65,70,73,70,68,63,67,65,69,67,61,60,45,66,74,75,65
"Etxebarria","20 - 64","Total",495,491,490,489,493,490,503,474,474,462,456,441,441,435,441,427,439,454,455,447,418,426,441,397,382,379,412
"Etxebarria","20 - 64","Hombres",260,257,260,260,261,262,272,247,245,238,241,233,231,222,222,210,214,218,224,227,216,223,232,211,206,205,218
"Etxebarria","20 - 64","Mujeres",235,234,230,229,232,228,231,227,229,224,215,208,210,213,219,217,225,236,231,220,202,203,209,186,176,174,194
"Etxebarria",">= 65","Total",154,153,146,148,146,153,159,139,135,145,152,154,157,144,142,148,156,150,166,168,166,160,170,179,169,173,168
"Etxebarria",">= 65","Hombres",75,73,67,67,70,74,74,68,61,65,67,68,73,62,65,68,71,69,78,74,79,75,76,83,78,80,70
"Etxebarria",">= 65","Mujeres",79,80,79,81,76,79,85,71,74,80,85,86,84,82,77,80,85,81,88,94,87,85,94,96,91,93,98
"Ezkio-Itsaso","Total","Total",590,597,581,587,571,554,552,561,573,591,594,612,611,618,626,622,630,639,644,634,638,634,638,627,620,612,632
"Ezkio-Itsaso","Total","Hombres",323,325,311,312,297,281,284,293,298,307,312,324,323,326,329,328,335,342,350,345,339,338,337,330,326,325,339
"Ezkio-Itsaso","Total","Mujeres",267,272,270,275,274,273,268,268,275,284,282,288,288,292,297,294,295,297,294,289,299,296,301,297,294,287,293
"Ezkio-Itsaso","0 - 19","Total",98,97,96,94,103,96,93,93,94,103,101,111,108,118,118,115,125,127,130,118,123,115,114,112,109,112,110
"Ezkio-Itsaso","0 - 19","Hombres",50,53,49,48,52,48,47,46,47,52,53,59,58,64,63,61,67,70,71,63,65,66,65,64,62,65,65
"Ezkio-Itsaso","0 - 19","Mujeres",48,44,47,46,51,48,46,47,47,51,48,52,50,54,55,54,58,57,59,55,58,49,49,48,47,47,45
"Ezkio-Itsaso","20 - 64","Total",367,373,360,361,351,346,354,358,374,375,377,386,379,371,376,374,375,370,370,373,370,372,373,358,356,343,358
"Ezkio-Itsaso","20 - 64","Hombres",206,208,201,201,188,180,188,198,206,204,204,209,204,198,202,202,204,199,206,204,198,194,194,183,184,177,185
"Ezkio-Itsaso","20 - 64","Mujeres",161,165,159,160,163,166,166,160,168,171,173,177,175,173,174,172,171,171,164,169,172,178,179,175,172,166,173
"Ezkio-Itsaso",">= 65","Total",125,127,125,132,117,112,105,110,105,113,116,115,124,129,132,133,130,142,144,143,145,147,151,157,155,157,164
"Ezkio-Itsaso",">= 65","Hombres",67,64,61,63,57,53,49,49,45,51,55,56,61,64,64,65,64,73,73,78,76,78,78,83,80,83,89
"Ezkio-Itsaso",">= 65","Mujeres",58,63,64,69,60,59,56,61,60,62,61,59,63,65,68,68,66,69,71,65,69,69,73,74,75,74,75
"Forua","Total","Total",969,968,962,971,967,965,949,979,1002,1003,971,961,968,950,950,934,924,925,916,904,920,920,939,929,939,964,950
"Forua","Total","Hombres",476,471,468,473,481,490,480,494,506,500,484,484,490,483,478,468,455,455,448,443,454,451,461,451,456,464,453
"Forua","Total","Mujeres",493,497,494,498,486,475,469,485,496,503,487,477,478,467,472,466,469,470,468,461,466,469,478,478,483,500,497
"Forua","0 - 19","Total",152,147,158,159,154,152,149,152,160,164,158,152,154,151,152,151,149,141,141,139,144,141,152,148,157,161,158
"Forua","0 - 19","Hombres",70,67,74,73,70,71,65,68,69,64,66,64,62,64,63,60,60,55,60,61,63,65,71,67,72,77,74
"Forua","0 - 19","Mujeres",82,80,84,86,84,81,84,84,91,100,92,88,92,87,89,91,89,86,81,78,81,76,81,81,85,84,84
"Forua","20 - 64","Total",617,616,607,617,619,614,601,633,646,647,616,610,613,590,589,568,566,573,571,548,545,536,548,530,530,531,528
"Forua","20 - 64","Hombres",316,313,304,313,322,326,321,337,344,345,324,323,331,315,312,304,298,300,291,276,277,265,269,259,259,257,258
"Forua","20 - 64","Mujeres",301,303,303,304,297,288,280,296,302,302,292,287,282,275,277,264,268,273,280,272,268,271,279,271,271,274,270
"Forua",">= 65","Total",200,205,197,195,194,199,199,194,196,192,197,199,201,209,209,215,209,211,204,217,231,243,239,251,252,272,264
"Forua",">= 65","Hombres",90,91,90,87,89,93,94,89,93,91,94,97,97,104,103,104,97,100,97,106,114,121,121,125,125,130,121
"Forua",">= 65","Mujeres",110,114,107,108,105,106,105,105,103,101,103,102,104,105,106,111,112,111,107,111,117,122,118,126,127,142,143
"Fruiz","Total","Total",379,390,388,394,397,401,403,405,419,449,468,537,548,557,553,547,551,547,543,559,548,548,557,552,551,576,594
"Fruiz","Total","Hombres",200,207,204,209,203,198,201,208,213,223,232,268,277,285,275,274,272,268,270,275,268,266,274,268,264,271,282
"Fruiz","Total","Mujeres",179,183,184,185,194,203,202,197,206,226,236,269,271,272,278,273,279,279,273,284,280,282,283,284,287,305,312
"Fruiz","0 - 19","Total",47,50,49,52,55,57,62,60,68,86,97,109,114,119,124,126,129,128,127,135,129,125,124,126,128,129,124
"Fruiz","0 - 19","Hombres",18,20,20,21,26,25,28,27,33,41,47,57,61,65,69,66,67,65,64,69,65,56,54,57,59,56,56
"Fruiz","0 - 19","Mujeres",29,30,29,31,29,32,34,33,35,45,50,52,53,54,55,60,62,63,63,66,64,69,70,69,69,73,68
"Fruiz","20 - 64","Total",220,224,234,237,249,253,257,257,267,278,283,335,341,348,332,327,329,326,324,329,323,325,332,326,324,342,361
"Fruiz","20 - 64","Hombres",124,119,125,127,126,126,128,134,137,140,141,162,168,175,158,164,161,158,162,160,155,164,173,165,157,165,174
"Fruiz","20 - 64","Mujeres",96,105,109,110,123,127,129,123,130,138,142,173,173,173,174,163,168,168,162,169,168,161,159,161,167,177,187
"Fruiz",">= 65","Total",112,116,105,105,93,91,84,88,84,85,88,93,93,90,97,94,93,93,92,95,96,98,101,100,99,105,109
"Fruiz",">= 65","Hombres",58,68,59,61,51,47,45,47,43,42,44,49,48,45,48,44,44,45,44,46,48,46,47,46,48,50,52
"Fruiz",">= 65","Mujeres",54,48,46,44,42,44,39,41,41,43,44,44,45,45,49,50,49,48,48,49,48,52,54,54,51,55,57
"Gabiria","Total","Total",427,431,422,400,409,418,425,442,467,487,507,505,511,513,509,507,511,506,506,513,526,525,529,530,530,539,542
"Gabiria","Total","Hombres",224,223,226,210,217,224,227,248,263,273,293,290,287,289,288,287,292,286,288,294,301,299,300,299,303,311,316
"Gabiria","Total","Mujeres",203,208,196,190,192,194,198,194,204,214,214,215,224,224,221,220,219,220,218,219,225,226,229,231,227,228,226
"Gabiria","0 - 19","Total",88,88,87,83,92,95,86,102,107,107,100,103,108,116,104,111,112,107,110,102,105,95,85,93,92,89,80
"Gabiria","0 - 19","Hombres",55,51,50,47,52,52,50,63,71,67,60,60,61,66,58,60,59,57,60,58,58,56,46,53,52,50,46
"Gabiria","0 - 19","Mujeres",33,37,37,36,40,43,36,39,36,40,40,43,47,50,46,51,53,50,50,44,47,39,39,40,40,39,34
"Gabiria","20 - 64","Total",247,244,239,227,224,233,243,246,267,286,310,302,297,293,294,288,296,302,293,305,310,319,330,319,325,328,339
"Gabiria","20 - 64","Hombres",127,125,129,120,116,127,130,138,148,161,183,174,173,171,174,171,177,176,168,175,173,178,187,177,188,190,202
"Gabiria","20 - 64","Mujeres",120,119,110,107,108,106,113,108,119,125,127,128,124,122,120,117,119,126,125,130,137,141,143,142,137,138,137
"Gabiria",">= 65","Total",92,99,96,90,93,90,96,94,93,94,97,100,106,104,111,108,103,97,103,106,111,111,114,118,113,122,123
"Gabiria",">= 65","Hombres",42,47,47,43,49,45,47,47,44,45,50,56,53,52,56,56,56,53,60,61,70,65,67,69,63,71,68
"Gabiria",">= 65","Mujeres",50,52,49,47,44,45,49,47,49,49,47,44,53,52,55,52,47,44,43,45,41,46,47,49,50,51,55
"Gaintza","Total","Total",100,100,94,91,110,129,134,130,130,127,129,122,121,121,123,122,118,120,119,114,129,129,123,125,125,125,124
"Gaintza","Total","Hombres",62,61,58,55,65,75,79,76,75,72,73,72,73,72,73,71,70,71,73,69,75,75,70,72,72,72,70
"Gaintza","Total","Mujeres",38,39,36,36,45,54,55,54,55,55,56,50,48,49,50,51,48,49,46,45,54,54,53,53,53,53,54
"Gaintza","0 - 19","Total",19,21,16,18,23,22,22,21,22,25,27,22,21,22,23,22,20,22,22,23,23,22,18,20,21,21,21
"Gaintza","0 - 19","Hombres",14,14,10,13,15,13,15,14,14,14,15,13,12,12,11,10,10,10,11,12,13,12,9,11,12,11,9
"Gaintza","0 - 19","Mujeres",5,7,6,5,8,9,7,7,8,11,12,9,9,10,12,12,10,12,11,11,10,10,9,9,9,10,12
"Gaintza","20 - 64","Total",56,51,52,50,57,76,79,80,80,76,75,74,74,71,73,72,68,69,68,66,78,80,78,79,79,77,76
"Gaintza","20 - 64","Hombres",36,32,35,29,35,47,48,48,47,45,43,44,45,42,44,42,40,41,42,40,44,45,43,44,45,44,44
"Gaintza","20 - 64","Mujeres",20,19,17,21,22,29,31,32,33,31,32,30,29,29,29,30,28,28,26,26,34,35,35,35,34,33,32
"Gaintza",">= 65","Total",25,28,26,23,30,31,33,29,28,26,27,26,26,28,27,28,30,29,29,25,28,27,27,26,25,27,27
"Gaintza",">= 65","Hombres",12,15,13,13,15,15,16,14,14,13,15,15,16,18,18,19,20,20,20,17,18,18,18,17,15,17,17
"Gaintza",">= 65","Mujeres",13,13,13,10,15,16,17,15,14,13,12,11,10,10,9,9,10,9,9,8,10,9,9,9,10,10,10
"Galdakao","Total","Total",29358,29304,29418,29218,29109,29057,29095,29157,29128,29194,29021,29053,29138,29291,29284,29269,29321,29361,29389,29493,29429,29325,29343,29338,29425,24804,24788
"Galdakao","Total","Hombres",14553,14534,14552,14448,14376,14338,14360,14457,14406,14413,14304,14323,14393,14460,14433,14424,14461,14483,14496,14579,14514,14424,14410,14431,14472,12157,12123
"Galdakao","Total","Mujeres",14805,14770,14866,14770,14733,14719,14735,14700,14722,14781,14717,14730,14745,14831,14851,14845,14860,14878,14893,14914,14915,14901,14933,14907,14953,12647,12665
"Galdakao","0 - 19","Total",5866,5687,5576,5455,5345,5203,5101,5121,5037,5078,5013,5049,5056,5090,5095,5069,5044,5082,5085,5076,5023,4916,4944,4925,4888,3956,3866
"Galdakao","0 - 19","Hombres",3059,2986,2924,2861,2810,2742,2715,2745,2675,2699,2665,2701,2698,2715,2706,2677,2688,2703,2705,2749,2710,2612,2641,2636,2613,2101,2030
"Galdakao","0 - 19","Mujeres",2807,2701,2652,2594,2535,2461,2386,2376,2362,2379,2348,2348,2358,2375,2389,2392,2356,2379,2380,2327,2313,2304,2303,2289,2275,1855,1836
"Galdakao","20 - 64","Total",19420,19443,19612,19563,19557,19566,19564,19545,19481,19356,19129,18997,18909,18785,18600,18421,18357,18158,18010,17915,17747,17515,17426,17356,17326,14414,14266
"Galdakao","20 - 64","Hombres",9714,9724,9790,9775,9753,9770,9751,9769,9736,9674,9540,9468,9435,9367,9265,9206,9157,9070,8993,8935,8849,8735,8653,8646,8635,7179,7130
"Galdakao","20 - 64","Mujeres",9706,9719,9822,9788,9804,9796,9813,9776,9745,9682,9589,9529,9474,9418,9335,9215,9200,9088,9017,8980,8898,8780,8773,8710,8691,7235,7136
"Galdakao",">= 65","Total",4072,4174,4230,4200,4207,4288,4430,4491,4610,4760,4879,5007,5173,5416,5589,5779,5920,6121,6294,6502,6659,6894,6973,7057,7211,6433,6656
"Galdakao",">= 65","Hombres",1780,1824,1838,1812,1813,1826,1894,1943,1995,2040,2099,2154,2260,2378,2462,2541,2616,2710,2798,2895,2955,3077,3116,3149,3224,2877,2963
"Galdakao",">= 65","Mujeres",2292,2350,2392,2388,2394,2462,2536,2548,2615,2720,2780,2853,2913,3038,3127,3238,3304,3411,3496,3607,3704,3817,3857,3908,3987,3556,3693
"Galdames","Total","Total",836,828,832,838,829,821,830,819,849,845,859,853,833,824,821,819,827,831,836,844,840,835,838,836,843,827,835
"Galdames","Total","Hombres",445,439,440,445,437,430,440,427,446,446,452,452,451,439,435,436,432,435,432,438,446,444,446,443,449,436,450
"Galdames","Total","Mujeres",391,389,392,393,392,391,390,392,403,399,407,401,382,385,386,383,395,396,404,406,394,391,392,393,394,391,385
"Galdames","0 - 19","Total",95,102,99,94,92,89,97,102,108,106,111,115,104,114,113,122,123,138,144,141,144,136,139,140,142,131,129
"Galdames","0 - 19","Hombres",54,58,57,52,50,49,55,53,55,55,54,58,53,58,57,63,57,67,72,70,76,71,72,72,73,66,68
"Galdames","0 - 19","Mujeres",41,44,42,42,42,40,42,49,53,51,57,57,51,56,56,59,66,71,72,71,68,65,67,68,69,65,61
"Galdames","20 - 64","Total",526,513,525,536,536,534,539,528,558,561,561,541,528,519,510,499,498,496,500,500,497,492,492,485,495,485,486
"Galdames","20 - 64","Hombres",300,298,302,312,308,302,306,299,314,311,316,305,303,297,285,277,275,272,271,273,275,272,274,269,278,272,272
"Galdames","20 - 64","Mujeres",226,215,223,224,228,232,233,229,244,250,245,236,225,222,225,222,223,224,229,227,222,220,218,216,217,213,214
"Galdames",">= 65","Total",215,213,208,208,201,198,194,189,183,178,187,197,201,191,198,198,206,197,192,203,199,207,207,211,206,211,220
"Galdames",">= 65","Hombres",91,83,81,81,79,79,79,75,77,80,82,89,95,84,93,96,100,96,89,95,95,101,100,102,98,98,110
"Galdames",">= 65","Mujeres",124,130,127,127,122,119,115,114,106,98,105,108,106,107,105,102,106,101,103,108,104,106,107,109,108,113,110
"Gamiz-Fika","Total","Total",1220,1228,1241,1268,1271,1276,1280,1279,1313,1329,1331,1347,1346,1340,1345,1366,1372,1372,1374,1361,1378,1385,1384,1388,1374,1375,1409
"Gamiz-Fika","Total","Hombres",606,615,628,647,656,666,663,658,669,678,671,686,671,669,662,667,662,657,658,663,689,692,690,694,688,687,711
"Gamiz-Fika","Total","Mujeres",614,613,613,621,615,610,617,621,644,651,660,661,675,671,683,699,710,715,716,698,689,693,694,694,686,688,698
"Gamiz-Fika","0 - 19","Total",245,246,250,252,248,253,248,226,240,241,238,251,251,241,235,244,228,227,219,211,210,219,218,220,225,227,227
"Gamiz-Fika","0 - 19","Hombres",109,107,120,121,120,124,124,114,124,126,125,127,118,113,110,108,97,95,95,99,104,106,105,107,112,114,114
"Gamiz-Fika","0 - 19","Mujeres",136,139,130,131,128,129,124,112,116,115,113,124,133,128,125,136,131,132,124,112,106,113,113,113,113,113,113
"Gamiz-Fika","20 - 64","Total",726,738,747,777,791,793,807,820,838,849,849,858,848,846,845,858,875,876,881,874,884,868,848,839,816,815,818
"Gamiz-Fika","20 - 64","Hombres",381,397,401,421,429,437,440,441,440,445,445,456,444,444,436,444,449,448,440,440,445,432,426,422,408,406,409
"Gamiz-Fika","20 - 64","Mujeres",345,341,346,356,362,356,367,379,398,404,404,402,404,402,409,414,426,428,441,434,439,436,422,417,408,409,409
"Gamiz-Fika",">= 65","Total",249,244,244,239,232,230,225,233,235,239,244,238,247,253,265,264,269,269,274,276,284,298,318,329,333,333,364
"Gamiz-Fika",">= 65","Hombres",116,111,107,105,107,105,99,103,105,107,101,103,109,112,116,115,116,114,123,124,140,154,159,165,168,167,188
"Gamiz-Fika",">= 65","Mujeres",133,133,137,134,125,125,126,130,130,132,143,135,138,141,149,149,153,155,151,152,144,144,159,164,165,166,176
"Garai","Total","Total",251,269,289,299,297,295,303,316,314,321,336,339,329,315,311,309,314,317,324,323,319,323,317,322,329,331,319
"Garai","Total","Hombres",126,131,144,148,147,146,149,154,157,159,167,171,167,163,157,155,154,156,158,155,160,160,156,158,161,164,157
"Garai","Total","Mujeres",125,138,145,151,150,149,154,162,157,162,169,168,162,152,154,154,160,161,166,168,159,163,161,164,168,167,162
"Garai","0 - 19","Total",36,39,40,44,42,45,51,56,56,58,67,73,73,71,73,70,73,71,77,71,73,74,67,71,72,72,69
"Garai","0 - 19","Hombres",10,13,13,16,15,16,18,20,22,24,25,29,29,30,28,28,29,30,32,28,31,31,28,30,30,32,29
"Garai","0 - 19","Mujeres",26,26,27,28,27,29,33,36,34,34,42,44,44,41,45,42,44,41,45,43,42,43,39,41,42,40,40
"Garai","20 - 64","Total",168,175,198,195,201,200,206,209,206,209,218,216,208,192,189,187,189,192,191,195,191,195,193,193,198,192,185
"Garai","20 - 64","Hombres",93,93,107,103,108,108,110,112,110,109,117,117,112,106,102,102,100,101,100,102,103,102,101,102,103,101,98
"Garai","20 - 64","Mujeres",75,82,91,92,93,92,96,97,96,100,101,99,96,86,87,85,89,91,91,93,88,93,92,91,95,91,87
"Garai",">= 65","Total",47,55,51,60,54,50,46,51,52,54,51,50,48,52,49,52,52,54,56,57,55,54,57,58,59,67,65
"Garai",">= 65","Hombres",23,25,24,29,24,22,21,22,25,26,25,25,26,27,27,25,25,25,26,25,26,27,27,26,28,31,30
"Garai",">= 65","Mujeres",24,30,27,31,30,28,25,29,27,28,26,25,22,25,22,27,27,29,30,32,29,27,30,32,31,36,35
"Gatika","Total","Total",1299,1332,1342,1389,1400,1414,1450,1502,1535,1558,1574,1617,1613,1617,1657,1662,1674,1661,1648,1649,1668,1639,1635,1621,1622,1631,1635
"Gatika","Total","Hombres",665,680,682,708,712,718,748,773,792,802,808,824,827,826,835,827,831,828,828,821,836,821,816,808,812,821,819
"Gatika","Total","Mujeres",634,652,660,681,688,696,702,729,743,756,766,793,786,791,822,835,843,833,820,828,832,818,819,813,810,810,816
"Gatika","0 - 19","Total",225,237,233,240,244,253,267,285,302,305,312,328,330,332,348,358,365,361,359,358,354,334,333,328,329,324,315
"Gatika","0 - 19","Hombres",122,129,122,124,134,133,146,154,162,164,165,170,176,177,182,177,181,175,177,175,174,160,158,162,164,164,159
"Gatika","0 - 19","Mujeres",103,108,111,116,110,120,121,131,140,141,147,158,154,155,166,181,184,186,182,183,180,174,175,166,165,160,156
"Gatika","20 - 64","Total",814,848,871,908,928,939,952,989,1003,1020,1009,1014,1005,1000,1010,983,972,962,948,953,961,955,951,941,938,930,947
"Gatika","20 - 64","Hombres",417,435,449,470,469,476,487,505,516,521,515,519,515,510,508,500,494,495,485,480,488,490,488,476,477,472,481
"Gatika","20 - 64","Mujeres",397,413,422,438,459,463,465,484,487,499,494,495,490,490,502,483,478,467,463,473,473,465,463,465,461,458,466
"Gatika",">= 65","Total",260,247,238,241,228,222,231,228,230,233,253,275,278,285,299,321,337,338,341,338,353,350,351,352,355,377,373
"Gatika",">= 65","Hombres",126,116,111,114,109,109,115,114,114,117,128,135,136,139,145,150,156,158,166,166,174,171,170,170,171,185,179
"Gatika",">= 65","Mujeres",134,131,127,127,119,113,116,114,116,116,125,140,142,146,154,171,181,180,175,172,179,179,181,182,184,192,194
"Gautegiz Arteaga","Total","Total",820,829,847,862,868,876,876,874,887,882,882,912,898,872,857,846,846,858,854,847,872,884,894,910,910,900,896
"Gautegiz Arteaga","Total","Hombres",412,418,431,437,436,436,437,440,456,454,452,477,471,450,435,433,435,442,440,435,441,448,449,459,463,461,462
"Gautegiz Arteaga","Total","Mujeres",408,411,416,425,432,440,439,434,431,428,430,435,427,422,422,413,411,416,414,412,431,436,445,451,447,439,434
"Gautegiz Arteaga","0 - 19","Total",136,138,152,151,147,153,142,141,143,146,147,162,158,159,154,148,150,144,135,129,146,144,149,144,136,136,129
"Gautegiz Arteaga","0 - 19","Hombres",71,74,85,78,77,75,69,70,73,75,78,90,86,86,85,83,85,84,78,72,79,76,75,74,71,69,68
"Gautegiz Arteaga","0 - 19","Mujeres",65,64,67,73,70,78,73,71,70,71,69,72,72,73,69,65,65,60,57,57,67,68,74,70,65,67,61
"Gautegiz Arteaga","20 - 64","Total",505,520,527,540,543,550,569,570,581,574,569,587,577,557,530,529,519,544,543,530,535,549,549,557,558,552,543
"Gautegiz Arteaga","20 - 64","Hombres",267,277,275,284,284,289,302,307,319,317,311,326,322,301,281,277,268,280,285,279,277,287,286,293,295,296,291
"Gautegiz Arteaga","20 - 64","Mujeres",238,243,252,256,259,261,267,263,262,257,258,261,255,256,249,252,251,264,258,251,258,262,263,264,263,256,252
"Gautegiz Arteaga",">= 65","Total",179,171,168,171,178,173,165,163,163,162,166,163,163,156,173,169,177,170,176,188,191,191,196,209,216,212,224
"Gautegiz Arteaga",">= 65","Hombres",74,67,71,75,75,72,66,63,64,62,63,61,63,63,69,73,82,78,77,84,85,85,88,92,97,96,103
"Gautegiz Arteaga",">= 65","Mujeres",105,104,97,96,103,101,99,100,99,100,103,102,100,93,104,96,95,92,99,104,106,106,108,117,119,116,121
"Gaztelu","Total","Total",172,171,173,172,173,174,175,170,161,170,175,173,176,178,169,165,171,167,166,168,179,180,181,176,177,176,179
"Gaztelu","Total","Hombres",103,103,106,105,109,113,104,100,95,97,101,100,100,101,98,96,100,97,96,95,98,97,97,94,94,93,98
"Gaztelu","Total","Mujeres",69,68,67,67,64,61,71,70,66,73,74,73,76,77,71,69,71,70,70,73,81,83,84,82,83,83,81
"Gaztelu","0 - 19","Total",23,28,26,26,32,33,25,28,25,28,28,32,41,40,38,41,39,37,35,38,49,45,43,44,45,42,42
"Gaztelu","0 - 19","Hombres",12,13,15,16,22,23,15,15,13,15,16,20,24,22,20,21,18,18,16,16,20,19,17,18,18,17,17
"Gaztelu","0 - 19","Mujeres",11,15,11,10,10,10,10,13,12,13,12,12,17,18,18,20,21,19,19,22,29,26,26,26,27,25,25
"Gaztelu","20 - 64","Total",112,110,114,113,109,109,121,116,111,112,116,113,107,109,101,93,96,96,96,97,102,106,105,97,98,99,100
"Gaztelu","20 - 64","Hombres",69,71,71,69,67,70,72,70,66,66,68,64,60,62,58,53,56,55,56,58,59,59,59,53,54,53,56
"Gaztelu","20 - 64","Mujeres",43,39,43,44,42,39,49,46,45,46,48,49,47,47,43,40,40,41,40,39,43,47,46,44,44,46,44
"Gaztelu",">= 65","Total",37,33,33,33,32,32,29,26,25,30,31,28,28,29,30,31,36,34,35,33,28,29,33,35,34,35,37
"Gaztelu",">= 65","Hombres",22,19,20,20,20,20,17,15,16,16,17,16,16,17,20,22,26,24,24,21,19,19,21,23,22,23,25
"Gaztelu",">= 65","Mujeres",15,14,13,13,12,12,12,11,9,14,14,12,12,12,10,9,10,10,11,12,9,10,12,12,12,12,12
"Gernika-Lumo","Total","Total",15259,15222,15212,15312,15452,15622,16025,16099,16089,16114,16246,16584,16620,16528,16493,16595,16602,16657,16725,16808,16826,16610,16738,16847,16885,16831,16889
"Gernika-Lumo","Total","Hombres",7381,7359,7343,7399,7479,7576,7773,7810,7809,7786,7836,7972,7989,7923,7915,7964,7959,8009,8014,8061,8048,7922,8001,8050,8081,8043,8081
"Gernika-Lumo","Total","Mujeres",7878,7863,7869,7913,7973,8046,8252,8289,8280,8328,8410,8612,8631,8605,8578,8631,8643,8648,8711,8747,8778,8688,8737,8797,8804,8788,8808
"Gernika-Lumo","0 - 19","Total",2736,2681,2606,2588,2584,2644,2739,2794,2808,2863,2905,3031,3088,3084,3122,3192,3238,3243,3294,3277,3336,3212,3139,3213,3266,3225,3175
"Gernika-Lumo","0 - 19","Hombres",1388,1358,1324,1307,1314,1350,1406,1431,1458,1491,1501,1547,1578,1573,1591,1633,1655,1676,1700,1686,1720,1632,1576,1634,1692,1674,1648
"Gernika-Lumo","0 - 19","Mujeres",1348,1323,1282,1281,1270,1294,1333,1363,1350,1372,1404,1484,1510,1511,1531,1559,1583,1567,1594,1591,1616,1580,1563,1579,1574,1551,1527
"Gernika-Lumo","20 - 64","Total",9466,9426,9510,9626,9802,9874,10116,10080,10035,9913,9934,10116,10059,9903,9783,9727,9642,9644,9606,9664,9544,9447,9580,9573,9555,9517,9539
"Gernika-Lumo","20 - 64","Hombres",4714,4685,4709,4768,4875,4919,5035,5012,4983,4870,4908,4951,4935,4854,4806,4775,4729,4740,4706,4758,4679,4659,4753,4716,4683,4654,4660
"Gernika-Lumo","20 - 64","Mujeres",4752,4741,4801,4858,4927,4955,5081,5068,5052,5043,5026,5165,5124,5049,4977,4952,4913,4904,4900,4906,4865,4788,4827,4857,4872,4863,4879
"Gernika-Lumo",">= 65","Total",3057,3115,3096,3098,3066,3104,3170,3225,3246,3338,3407,3437,3473,3541,3588,3676,3722,3770,3825,3867,3946,3951,4019,4061,4064,4089,4175
"Gernika-Lumo",">= 65","Hombres",1279,1316,1310,1324,1290,1307,1332,1367,1368,1425,1427,1474,1476,1496,1518,1556,1575,1593,1608,1617,1649,1631,1672,1700,1706,1715,1773
"Gernika-Lumo",">= 65","Mujeres",1778,1799,1786,1774,1776,1797,1838,1858,1878,1913,1980,1963,1997,2045,2070,2120,2147,2177,2217,2250,2297,2320,2347,2361,2358,2374,2402
"Getaria","Total","Total",2424,2416,2462,2474,2474,2474,2487,2557,2609,2651,2643,2653,2660,2696,2755,2791,2801,2831,2846,2830,2839,2875,2886,2882,2905,2931,2931
"Getaria","Total","Hombres",1210,1203,1227,1234,1238,1241,1249,1289,1314,1327,1323,1326,1329,1355,1389,1408,1398,1422,1428,1416,1428,1441,1455,1449,1463,1479,1489
"Getaria","Total","Mujeres",1214,1213,1235,1240,1236,1233,1238,1268,1295,1324,1320,1327,1331,1341,1366,1383,1403,1409,1418,1414,1411,1434,1431,1433,1442,1452,1442
"Getaria","0 - 19","Total",489,490,498,504,503,490,486,509,520,537,531,523,531,551,571,570,569,571,566,561,557,565,575,569,567,564,564
"Getaria","0 - 19","Hombres",250,256,263,269,267,264,260,272,276,282,280,273,270,279,281,281,277,287,279,278,276,280,286,286,284,283,280
"Getaria","0 - 19","Mujeres",239,234,235,235,236,226,226,237,244,255,251,250,261,272,290,289,292,284,287,283,281,285,289,283,283,281,284
"Getaria","20 - 64","Total",1516,1508,1571,1577,1583,1596,1600,1644,1653,1668,1648,1656,1648,1653,1669,1699,1700,1706,1724,1715,1726,1760,1757,1757,1791,1802,1793
"Getaria","20 - 64","Hombres",792,780,808,805,809,816,820,851,864,865,855,859,861,875,890,901,895,893,899,891,901,909,917,911,928,934,938
"Getaria","20 - 64","Mujeres",724,728,763,772,774,780,780,793,789,803,793,797,787,778,779,798,805,813,825,824,825,851,840,846,863,868,855
"Getaria",">= 65","Total",419,418,393,393,388,388,401,404,436,446,464,474,481,492,515,522,532,554,556,554,556,550,554,556,547,565,574
"Getaria",">= 65","Hombres",168,167,156,160,162,161,169,166,174,180,188,194,198,201,218,226,226,242,250,247,251,252,252,252,251,262,271
"Getaria",">= 65","Mujeres",251,251,237,233,226,227,232,238,262,266,276,280,283,291,297,296,306,312,306,307,305,298,302,304,296,303,303
"Getxo","Total","Total",80490,80446,80269,80162,80373,80738,81338,81053,80682,80418,79982,79802,79289,78694,78124,77759,77793,77530,77088,76953,76319,75629,75528,75430,75326,75306,75015
"Getxo","Total","Hombres",38463,38301,38128,38013,38067,38210,38384,38184,37967,37794,37563,37472,37215,36907,36584,36412,36359,36180,35944,35874,35659,35309,35245,35177,35125,35164,35037
"Getxo","Total","Mujeres",42027,42145,42141,42149,42306,42528,42954,42869,42715,42624,42419,42330,42074,41787,41540,41347,41434,41350,41144,41079,40660,40320,40283,40253,40201,40142,39978
"Getxo","0 - 19","Total",15790,15319,14831,14685,14585,14566,14574,14486,14229,14086,13970,13906,13713,13611,13540,13469,13542,13424,13297,13142,13000,12714,12448,12517,12542,12491,12217
"Getxo","0 - 19","Hombres",8143,7882,7578,7523,7494,7459,7460,7416,7245,7206,7150,7132,7033,6947,6932,6911,6917,6834,6738,6692,6629,6463,6273,6313,6345,6351,6178
"Getxo","0 - 19","Mujeres",7647,7437,7253,7162,7091,7107,7114,7070,6984,6880,6820,6774,6680,6664,6608,6558,6625,6590,6559,6450,6371,6251,6175,6204,6197,6140,6039
"Getxo","20 - 64","Total",52875,53054,53194,53095,53260,53287,53469,52999,52457,51828,51023,50405,49548,48484,47465,46606,46053,45411,44662,44222,43183,42639,42374,41910,41580,41373,40898
"Getxo","20 - 64","Hombres",25615,25629,25695,25567,25572,25563,25552,25254,24997,24665,24279,23936,23527,23046,22536,22102,21831,21558,21225,21023,20608,20421,20353,20100,19885,19823,19663
"Getxo","20 - 64","Mujeres",27260,27425,27499,27528,27688,27724,27917,27745,27460,27163,26744,26469,26021,25438,24929,24504,24222,23853,23437,23199,22575,22218,22021,21810,21695,21550,21235
"Getxo",">= 65","Total",11825,12073,12244,12382,12528,12885,13295,13568,13996,14504,14989,15491,16028,16599,17119,17684,18198,18695,19129,19589,20136,20276,20706,21003,21204,21442,21900
"Getxo",">= 65","Hombres",4705,4790,4855,4923,5001,5188,5372,5514,5725,5923,6134,6404,6655,6914,7116,7399,7611,7788,7981,8159,8422,8425,8619,8764,8895,8990,9196
"Getxo",">= 65","Mujeres",7120,7283,7389,7459,7527,7697,7923,8054,8271,8581,8855,9087,9373,9685,10003,10285,10587,10907,11148,11430,11714,11851,12087,12239,12309,12452,12704
"Gizaburuaga","Total","Total",127,127,122,124,150,176,174,181,194,199,203,204,215,213,214,209,210,213,210,200,206,199,209,204,197,205,203
"Gizaburuaga","Total","Hombres",58,59,59,59,74,89,88,90,97,99,101,100,107,110,112,114,114,116,111,106,109,104,111,111,110,114,111
"Gizaburuaga","Total","Mujeres",69,68,63,65,76,87,86,91,97,100,102,104,108,103,102,95,96,97,99,94,97,95,98,93,87,91,92
"Gizaburuaga","0 - 19","Total",25,24,24,27,31,33,32,30,37,38,41,41,48,47,47,48,47,47,49,44,45,42,47,45,43,40,39
"Gizaburuaga","0 - 19","Hombres",10,9,8,9,11,14,14,13,16,16,17,15,21,21,24,25,25,24,24,21,20,18,21,21,21,19,19
"Gizaburuaga","0 - 19","Mujeres",15,15,16,18,20,19,18,17,21,22,24,26,27,26,23,23,22,23,25,23,25,24,26,24,22,21,20
"Gizaburuaga","20 - 64","Total",66,61,59,62,74,99,100,114,120,124,126,128,131,127,132,128,128,131,129,122,127,128,134,130,124,135,135
"Gizaburuaga","20 - 64","Hombres",30,29,32,35,39,52,54,61,65,67,69,70,70,69,71,74,71,74,69,68,72,70,75,75,73,79,76
"Gizaburuaga","20 - 64","Mujeres",36,32,27,27,35,47,46,53,55,57,57,58,61,58,61,54,57,57,60,54,55,58,59,55,51,56,59
"Gizaburuaga",">= 65","Total",36,42,39,35,45,44,42,37,37,37,36,35,36,39,35,33,35,35,32,34,34,29,28,29,30,30,29
"Gizaburuaga",">= 65","Hombres",18,21,19,15,24,23,20,16,16,16,15,15,16,20,17,15,18,18,18,17,17,16,15,15,16,16,16
"Gizaburuaga",">= 65","Mujeres",18,21,20,20,21,21,22,21,21,21,21,20,20,19,18,18,17,17,14,17,17,13,13,14,14,14,13
"Gordexola","Total","Total",1465,1575,1586,1594,1603,1615,1633,1705,1738,1742,1764,1741,1728,1716,1711,1702,1713,1701,1724,1723,1715,1704,1701,1673,1696,1701,1720
"Gordexola","Total","Hombres",726,772,784,789,799,811,818,844,867,871,890,883,876,870,877,878,883,880,897,894,890,884,885,873,878,870,877
"Gordexola","Total","Mujeres",739,803,802,805,804,804,815,861,871,871,874,858,852,846,834,824,830,821,827,829,825,820,816,800,818,831,843
"Gordexola","0 - 19","Total",194,233,234,234,248,243,243,271,278,278,295,295,294,295,294,298,304,300,300,299,304,302,290,285,297,295,293
"Gordexola","0 - 19","Hombres",99,113,115,115,124,129,126,134,145,144,154,158,158,160,162,167,172,170,171,176,177,177,175,167,172,169,165
"Gordexola","0 - 19","Mujeres",95,120,119,119,124,114,117,137,133,134,141,137,136,135,132,131,132,130,129,123,127,125,115,118,125,126,128
"Gordexola","20 - 64","Total",873,954,979,987,989,1005,1023,1056,1073,1082,1084,1070,1064,1056,1053,1032,1053,1040,1060,1058,1052,1042,1043,1019,1022,1039,1054
"Gordexola","20 - 64","Hombres",461,500,514,522,528,534,544,559,567,574,578,570,560,550,549,544,554,549,566,555,551,541,536,531,528,534,535
"Gordexola","20 - 64","Mujeres",412,454,465,465,461,471,479,497,506,508,506,500,504,506,504,488,499,491,494,503,501,501,507,488,494,505,519
"Gordexola",">= 65","Total",398,388,373,373,366,367,367,378,387,382,385,376,370,365,364,372,356,361,364,366,359,360,368,369,377,367,373
"Gordexola",">= 65","Hombres",166,159,155,152,147,148,148,151,155,153,158,155,158,160,166,167,157,161,160,163,162,166,174,175,178,167,177
"Gordexola",">= 65","Mujeres",232,229,218,221,219,219,219,227,232,229,227,221,212,205,198,205,199,200,204,203,197,194,194,194,199,200,196
"Gorliz","Total","Total",4428,4588,4702,4823,4913,5013,5152,5269,5373,5472,5496,5525,5602,5664,5659,5655,5705,5704,5825,5935,6059,6068,6089,6110,6079,6071,6105
"Gorliz","Total","Hombres",2234,2317,2391,2435,2452,2475,2548,2615,2668,2706,2718,2733,2774,2813,2818,2789,2802,2790,2835,2893,2964,2975,2974,2974,2966,2974,2981
"Gorliz","Total","Mujeres",2194,2271,2311,2388,2461,2538,2604,2654,2705,2766,2778,2792,2828,2851,2841,2866,2903,2914,2990,3042,3095,3093,3115,3136,3113,3097,3124
"Gorliz","0 - 19","Total",889,923,924,941,944,981,1012,1038,1076,1115,1130,1138,1161,1196,1204,1207,1211,1184,1181,1202,1195,1175,1177,1148,1122,1096,1078
"Gorliz","0 - 19","Hombres",453,467,464,466,465,476,497,524,536,554,559,568,578,594,604,607,608,595,597,601,612,608,599,591,580,570,558
"Gorliz","0 - 19","Mujeres",436,456,460,475,479,505,515,514,540,561,571,570,583,602,600,600,603,589,584,601,583,567,578,557,542,526,520
"Gorliz","20 - 64","Total",2890,3013,3087,3165,3254,3320,3415,3487,3527,3554,3554,3553,3591,3589,3540,3511,3531,3540,3610,3660,3728,3690,3693,3713,3687,3667,3657
"Gorliz","20 - 64","Hombres",1486,1551,1608,1643,1663,1681,1734,1772,1801,1802,1812,1804,1828,1833,1813,1774,1772,1764,1782,1818,1842,1821,1816,1815,1799,1794,1790
"Gorliz","20 - 64","Mujeres",1404,1462,1479,1522,1591,1639,1681,1715,1726,1752,1742,1749,1763,1756,1727,1737,1759,1776,1828,1842,1886,1869,1877,1898,1888,1873,1867
"Gorliz",">= 65","Total",649,652,691,717,715,712,725,744,770,803,812,834,850,879,915,937,963,980,1034,1073,1136,1203,1219,1249,1270,1308,1370
"Gorliz",">= 65","Hombres",295,299,319,326,324,318,317,319,331,350,347,361,368,386,401,408,422,431,456,474,510,546,559,568,587,610,633
"Gorliz",">= 65","Mujeres",354,353,372,391,391,394,408,425,439,453,465,473,482,493,514,529,541,549,578,599,626,657,660,681,683,698,737
"Güeñes","Total","Total",5789,5759,5900,6002,6085,6180,6219,6296,6359,6488,6390,6467,6489,6492,6532,6607,6538,6520,6564,6563,6612,6645,6666,6661,6708,6692,6728
"Güeñes","Total","Hombres",2824,2808,2872,2952,2999,3053,3085,3137,3156,3200,3164,3191,3176,3186,3194,3221,3176,3151,3175,3184,3214,3223,3223,3209,3238,3229,3253
"Güeñes","Total","Mujeres",2965,2951,3028,3050,3086,3127,3134,3159,3203,3288,3226,3276,3313,3306,3338,3386,3362,3369,3389,3379,3398,3422,3443,3452,3470,3463,3475
"Güeñes","0 - 19","Total",981,955,961,978,997,1027,1030,1062,1109,1179,1150,1172,1224,1225,1237,1269,1257,1259,1276,1257,1280,1280,1257,1262,1287,1261,1234
"Güeñes","0 - 19","Hombres",507,490,478,497,502,532,539,556,583,608,603,614,631,642,659,663,652,648,662,654,665,663,656,654,657,637,637
"Güeñes","0 - 19","Mujeres",474,465,483,481,495,495,491,506,526,571,547,558,593,583,578,606,605,611,614,603,615,617,601,608,630,624,597
"Güeñes","20 - 64","Total",3558,3537,3674,3776,3858,3935,3960,4040,4038,4102,4002,4043,4015,3986,3998,4045,4004,3977,4002,4008,4006,4027,4058,4024,4048,4053,4073
"Güeñes","20 - 64","Hombres",1800,1790,1870,1934,1986,2021,2039,2089,2070,2101,2056,2065,2030,2015,2001,2011,1987,1968,1986,1987,2002,2009,2012,1990,2011,2012,2016
"Güeñes","20 - 64","Mujeres",1758,1747,1804,1842,1872,1914,1921,1951,1968,2001,1946,1978,1985,1971,1997,2034,2017,2009,2016,2021,2004,2018,2046,2034,2037,2041,2057
"Güeñes",">= 65","Total",1250,1267,1265,1248,1230,1218,1229,1194,1212,1207,1238,1252,1250,1281,1297,1293,1277,1284,1286,1298,1326,1338,1351,1375,1373,1378,1421
"Güeñes",">= 65","Hombres",517,528,524,521,511,500,507,492,503,491,505,512,515,529,534,547,537,535,527,543,547,551,555,565,570,580,600
"Güeñes",">= 65","Mujeres",733,739,741,727,719,718,722,702,709,716,733,740,735,752,763,746,740,749,759,755,779,787,796,810,803,798,821
"Harana/Valle de Arana","Total","Total",359,353,350,348,342,336,325,319,313,303,293,283,271,265,249,243,248,246,238,236,239,235,230,229,229,224,224
"Harana/Valle de Arana","Total","Hombres",201,201,204,204,199,194,192,188,184,178,175,165,160,155,144,141,144,142,137,135,134,132,131,128,127,125,125
"Harana/Valle de Arana","Total","Mujeres",158,152,146,144,143,142,133,131,129,125,118,118,111,110,105,102,104,104,101,101,105,103,99,101,102,99,99
"Harana/Valle de Arana","0 - 19","Total",29,25,26,25,33,26,24,25,25,25,25,22,23,24,24,22,19,17,14,14,22,22,22,25,23,23,23
"Harana/Valle de Arana","0 - 19","Hombres",9,7,9,8,15,12,13,14,13,13,15,13,14,14,13,12,9,8,8,7,13,12,12,14,13,13,12
"Harana/Valle de Arana","0 - 19","Mujeres",20,18,17,17,18,14,11,11,12,12,10,9,9,10,11,10,10,9,6,7,9,10,10,11,10,10,11
"Harana/Valle de Arana","20 - 64","Total",188,185,185,190,189,187,185,184,178,169,159,155,145,137,130,123,129,133,125,129,126,128,122,122,123,116,121
"Harana/Valle de Arana","20 - 64","Hombres",117,115,119,125,119,116,115,112,106,102,97,94,88,85,80,77,82,85,79,81,76,78,77,71,70,66,73
"Harana/Valle de Arana","20 - 64","Mujeres",71,70,66,65,70,71,70,72,72,67,62,61,57,52,50,46,47,48,46,48,50,50,45,51,53,50,48
"Harana/Valle de Arana",">= 65","Total",142,143,139,133,120,123,116,110,110,109,109,106,103,104,95,98,100,96,99,93,91,85,86,82,83,85,80
"Harana/Valle de Arana",">= 65","Hombres",75,79,76,71,65,66,64,62,65,63,63,58,58,56,51,52,53,49,50,47,45,42,42,43,44,46,40
"Harana/Valle de Arana",">= 65","Mujeres",67,64,63,62,55,57,52,48,45,46,46,48,45,48,44,46,47,47,49,46,46,43,44,39,39,39,40
"Hernani","Total","Total",18364,18541,18634,18654,18731,18806,18903,19104,19246,19308,19444,19525,19757,19918,19923,20013,19774,19849,20013,20124,20588,20516,20560,20647,20438,20450,20428
"Hernani","Total","Hombres",9105,9182,9234,9242,9266,9282,9338,9433,9511,9512,9563,9605,9728,9825,9782,9821,9691,9708,9781,9827,10099,10036,10073,10114,10011,9983,9959
"Hernani","Total","Mujeres",9259,9359,9400,9412,9465,9524,9565,9671,9735,9796,9881,9920,10029,10093,10141,10192,10083,10141,10232,10297,10489,10480,10487,10533,10427,10467,10469
"Hernani","0 - 19","Total",3469,3455,3455,3457,3479,3511,3518,3613,3679,3760,3808,3865,3923,3950,3954,3932,3917,3876,3915,3869,3927,3870,3861,3853,3762,3719,3607
"Hernani","0 - 19","Hombres",1758,1763,1746,1736,1751,1786,1809,1835,1870,1903,1935,1977,2009,2015,2003,2009,1988,1984,1978,1968,2007,1967,1963,1966,1923,1894,1825
"Hernani","0 - 19","Mujeres",1711,1692,1709,1721,1728,1725,1709,1778,1809,1857,1873,1888,1914,1935,1951,1923,1929,1892,1937,1901,1920,1903,1898,1887,1839,1825,1782
"Hernani","20 - 64","Total",11896,11984,12029,12085,12120,12140,12210,12270,12268,12141,12134,12071,12131,12134,12066,12117,11961,12046,12077,12181,12449,12403,12423,12433,12286,12264,12264
"Hernani","20 - 64","Hombres",6088,6114,6158,6210,6212,6188,6224,6258,6262,6184,6167,6124,6172,6187,6123,6131,6038,6061,6079,6111,6266,6234,6245,6237,6162,6125,6136
"Hernani","20 - 64","Mujeres",5808,5870,5871,5875,5908,5952,5986,6012,6006,5957,5967,5947,5959,5947,5943,5986,5923,5985,5998,6070,6183,6169,6178,6196,6124,6139,6128
"Hernani",">= 65","Total",2999,3102,3150,3112,3132,3155,3175,3221,3299,3407,3502,3589,3703,3834,3903,3964,3896,3927,4021,4074,4212,4243,4276,4361,4390,4467,4557
"Hernani",">= 65","Hombres",1259,1305,1330,1296,1303,1308,1305,1340,1379,1425,1461,1504,1547,1623,1656,1681,1665,1663,1724,1748,1826,1835,1865,1911,1926,1964,1998
"Hernani",">= 65","Mujeres",1740,1797,1820,1816,1829,1847,1870,1881,1920,1982,2041,2085,2156,2211,2247,2283,2231,2264,2297,2326,2386,2408,2411,2450,2464,2503,2559
"Hernialde","Total","Total",297,298,307,317,322,327,328,337,336,341,349,350,342,343,324,313,310,314,305,305,321,314,314,314,316,318,323
"Hernialde","Total","Hombres",150,153,155,159,163,167,171,179,181,184,188,189,182,183,166,161,156,160,155,157,167,164,165,164,166,165,168
"Hernialde","Total","Mujeres",147,145,152,158,159,160,157,158,155,157,161,161,160,160,158,152,154,154,150,148,154,150,149,150,150,153,155
"Hernialde","0 - 19","Total",55,54,53,63,68,71,69,72,72,71,65,63,62,59,58,55,55,58,62,63,70,60,57,52,53,49,49
"Hernialde","0 - 19","Hombres",22,23,21,25,29,31,34,36,37,39,35,37,33,32,34,31,31,32,32,31,37,32,31,30,29,27,27
"Hernialde","0 - 19","Mujeres",33,31,32,38,39,40,35,36,35,32,30,26,29,27,24,24,24,26,30,32,33,28,26,22,24,22,22
"Hernialde","20 - 64","Total",190,190,201,201,209,212,217,220,213,220,235,234,227,232,206,199,198,191,179,171,175,176,180,182,184,191,192
"Hernialde","20 - 64","Hombres",109,111,112,111,114,114,116,118,116,117,125,123,120,121,96,95,94,92,88,87,87,89,91,88,91,94,95
"Hernialde","20 - 64","Mujeres",81,79,89,90,95,98,101,102,97,103,110,111,107,111,110,104,104,99,91,84,88,87,89,94,93,97,97
"Hernialde",">= 65","Total",52,54,53,53,45,44,42,45,51,50,49,53,53,52,60,59,57,65,64,71,76,78,77,80,79,78,82
"Hernialde",">= 65","Hombres",19,19,22,23,20,22,21,25,28,28,28,29,29,30,36,35,31,36,35,39,43,43,43,46,46,44,46
"Hernialde",">= 65","Mujeres",33,35,31,30,25,22,21,20,23,22,21,24,24,22,24,24,26,29,29,32,33,35,34,34,33,34,36
"Hondarribia","Total","Total",15064,15399,15493,15632,15755,15877,15984,16118,16283,16308,16382,16407,16727,16844,16999,17092,17147,17119,16937,16984,17014,17066,17064,17029,17025,17105,16960
"Hondarribia","Total","Hombres",7516,7720,7791,7892,7946,7994,8020,8081,8164,8170,8180,8169,8327,8364,8424,8483,8473,8460,8373,8419,8432,8444,8428,8423,8412,8456,8349
"Hondarribia","Total","Mujeres",7548,7679,7702,7740,7809,7883,7964,8037,8119,8138,8202,8238,8400,8480,8575,8609,8674,8659,8564,8565,8582,8622,8636,8606,8613,8649,8611
"Hondarribia","0 - 19","Total",2892,2910,2876,2934,2949,2950,3035,3102,3153,3229,3257,3275,3358,3384,3406,3430,3391,3376,3309,3270,3210,3152,3143,3097,3087,3055,2921
"Hondarribia","0 - 19","Hombres",1525,1532,1531,1563,1573,1564,1604,1626,1647,1713,1722,1717,1744,1763,1786,1793,1769,1759,1706,1711,1685,1660,1650,1631,1607,1584,1502
"Hondarribia","0 - 19","Mujeres",1367,1378,1345,1371,1376,1386,1431,1476,1506,1516,1535,1558,1614,1621,1620,1637,1622,1617,1603,1559,1525,1492,1493,1466,1480,1471,1419
"Hondarribia","20 - 64","Total",9969,10250,10316,10365,10448,10513,10471,10448,10479,10322,10216,10115,10190,10152,10170,10121,10093,9945,9783,9809,9768,9795,9793,9741,9749,9778,9662
"Hondarribia","20 - 64","Hombres",5033,5206,5244,5285,5323,5349,5310,5311,5342,5239,5165,5114,5172,5123,5133,5127,5085,5027,4957,4976,4947,4950,4940,4922,4938,4957,4901
"Hondarribia","20 - 64","Mujeres",4936,5044,5072,5080,5125,5164,5161,5137,5137,5083,5051,5001,5018,5029,5037,4994,5008,4918,4826,4833,4821,4845,4853,4819,4811,4821,4761
"Hondarribia",">= 65","Total",2203,2239,2301,2333,2358,2414,2478,2568,2651,2757,2909,3017,3179,3308,3423,3541,3663,3798,3845,3905,4036,4119,4128,4191,4189,4272,4377
"Hondarribia",">= 65","Hombres",958,982,1016,1044,1050,1081,1106,1144,1175,1218,1293,1338,1411,1478,1505,1563,1619,1674,1710,1732,1800,1834,1838,1870,1867,1915,1946
"Hondarribia",">= 65","Mujeres",1245,1257,1285,1289,1308,1333,1372,1424,1476,1539,1616,1679,1768,1830,1918,1978,2044,2124,2135,2173,2236,2285,2290,2321,2322,2357,2431
"Ibarra","Total","Total",4140,4188,4234,4236,4245,4253,4233,4255,4300,4307,4237,4214,4209,4195,4215,4177,4225,4237,4258,4306,4179,4104,4096,4085,4054,4074,4076
"Ibarra","Total","Hombres",2150,2169,2179,2185,2192,2197,2195,2215,2231,2237,2181,2160,2166,2143,2126,2081,2089,2099,2105,2120,2074,2025,2022,2000,1987,2001,1998
"Ibarra","Total","Mujeres",1990,2019,2055,2051,2053,2056,2038,2040,2069,2070,2056,2054,2043,2052,2089,2096,2136,2138,2153,2186,2105,2079,2074,2085,2067,2073,2078
"Ibarra","0 - 19","Total",809,803,777,762,758,760,748,748,781,814,804,809,816,810,833,831,843,838,860,858,841,808,786,786,795,795,778
"Ibarra","0 - 19","Hombres",449,441,421,405,401,406,405,404,422,439,425,429,443,436,446,443,441,440,448,457,447,426,420,416,426,422,418
"Ibarra","0 - 19","Mujeres",360,362,356,357,357,354,343,344,359,375,379,380,373,374,387,388,402,398,412,401,394,382,366,370,369,373,360
"Ibarra","20 - 64","Total",2789,2809,2886,2897,2889,2862,2843,2846,2817,2776,2681,2629,2582,2533,2510,2435,2425,2394,2396,2402,2293,2238,2239,2232,2182,2179,2171
"Ibarra","20 - 64","Hombres",1454,1462,1495,1508,1507,1484,1478,1496,1476,1448,1397,1358,1335,1303,1268,1226,1225,1206,1213,1201,1146,1112,1110,1094,1072,1079,1073
"Ibarra","20 - 64","Mujeres",1335,1347,1391,1389,1382,1378,1365,1350,1341,1328,1284,1271,1247,1230,1242,1209,1200,1188,1183,1201,1147,1126,1129,1138,1110,1100,1098
"Ibarra",">= 65","Total",542,576,571,577,598,631,642,661,702,717,752,776,811,852,872,911,957,1005,1002,1046,1045,1058,1071,1067,1077,1100,1127
"Ibarra",">= 65","Hombres",247,266,263,272,284,307,312,315,333,350,359,373,388,404,412,412,423,453,444,462,481,487,492,490,489,500,507
"Ibarra",">= 65","Mujeres",295,310,308,305,314,324,330,346,369,367,393,403,423,448,460,499,534,552,558,584,564,571,579,577,588,600,620
"Ibarrangelu","Total","Total",574,577,581,580,582,586,592,608,615,613,639,640,633,638,640,642,637,629,625,621,683,696,697,710,698,697,685
"Ibarrangelu","Total","Hombres",276,274,277,282,287,293,295,303,302,308,317,317,320,319,324,329,330,326,320,319,350,354,355,365,365,361,355
"Ibarrangelu","Total","Mujeres",298,303,304,298,295,293,297,305,313,305,322,323,313,319,316,313,307,303,305,302,333,342,342,345,333,336,330
"Ibarrangelu","0 - 19","Total",61,67,67,69,73,67,68,73,75,77,84,89,83,82,86,84,93,83,83,80,85,89,88,91,81,77,86
"Ibarrangelu","0 - 19","Hombres",39,42,37,39,41,37,37,39,39,39,42,44,42,43,44,42,51,45,42,43,42,43,46,46,40,38,39
"Ibarrangelu","0 - 19","Mujeres",22,25,30,30,32,30,31,34,36,38,42,45,41,39,42,42,42,38,41,37,43,46,42,45,41,39,47
"Ibarrangelu","20 - 64","Total",338,330,330,334,342,348,356,369,377,378,396,394,398,402,406,408,398,411,403,400,436,443,435,442,438,431,414
"Ibarrangelu","20 - 64","Hombres",168,166,169,177,184,188,193,199,202,209,213,215,218,213,221,225,218,224,220,215,236,239,233,243,246,242,236
"Ibarrangelu","20 - 64","Mujeres",170,164,161,157,158,160,163,170,175,169,183,179,180,189,185,183,180,187,183,185,200,204,202,199,192,189,178
"Ibarrangelu",">= 65","Total",175,180,184,177,167,171,168,166,163,158,159,157,152,154,148,150,146,135,139,141,162,164,174,177,179,189,185
"Ibarrangelu",">= 65","Hombres",69,66,71,66,62,68,65,65,61,60,62,58,60,63,59,62,61,57,58,61,72,72,76,76,79,81,80
"Ibarrangelu",">= 65","Mujeres",106,114,113,111,105,103,103,101,102,98,97,99,92,91,89,88,85,78,81,80,90,92,98,101,100,108,105
"Idiazabal","Total","Total",2014,2013,2048,2098,2113,2128,2153,2178,2239,2278,2302,2319,2325,2336,2336,2333,2374,2379,2388,2380,2336,2331,2330,2319,2323,2315,2279
"Idiazabal","Total","Hombres",1016,1012,1031,1048,1065,1081,1105,1121,1152,1175,1191,1198,1202,1208,1188,1183,1196,1202,1206,1197,1191,1188,1182,1171,1168,1171,1153
"Idiazabal","Total","Mujeres",998,1001,1017,1050,1048,1047,1048,1057,1087,1103,1111,1121,1123,1128,1148,1150,1178,1177,1182,1183,1145,1143,1148,1148,1155,1144,1126
"Idiazabal","0 - 19","Total",353,334,329,348,353,354,381,395,406,428,453,461,488,499,515,528,546,546,539,544,540,528,522,515,505,504,480
"Idiazabal","0 - 19","Hombres",184,172,171,175,173,173,191,204,208,229,244,240,256,270,274,281,286,287,280,283,285,274,269,265,261,264,262
"Idiazabal","0 - 19","Mujeres",169,162,158,173,180,181,190,191,198,199,209,221,232,229,241,247,260,259,259,261,255,254,253,250,244,240,218
"Idiazabal","20 - 64","Total",1292,1305,1331,1356,1361,1372,1358,1358,1407,1404,1394,1396,1367,1356,1337,1312,1324,1296,1299,1290,1253,1245,1247,1241,1254,1258,1240
"Idiazabal","20 - 64","Hombres",673,682,690,705,715,725,722,718,749,742,735,749,730,721,693,667,672,662,666,659,651,657,655,648,655,659,643
"Idiazabal","20 - 64","Mujeres",619,623,641,651,646,647,636,640,658,662,659,647,637,635,644,645,652,634,633,631,602,588,592,593,599,599,597
"Idiazabal",">= 65","Total",369,374,388,394,399,402,414,425,426,446,455,462,470,481,484,493,504,537,550,546,543,558,561,563,564,553,559
"Idiazabal",">= 65","Hombres",159,158,170,168,177,183,192,199,195,204,212,209,216,217,221,235,238,253,260,255,255,257,258,258,252,248,248
"Idiazabal",">= 65","Mujeres",210,216,218,226,222,219,222,226,231,242,243,253,254,264,263,258,266,284,290,291,288,301,303,305,312,305,311
"Igorre","Total","Total",3850,3851,3905,3934,3949,3972,4018,4113,4182,4175,4210,4181,4157,4164,4157,4108,4123,4140,4163,4214,4224,4235,4214,4209,4220,4240,4252
"Igorre","Total","Hombres",1925,1920,1954,1966,1965,1969,1979,2028,2074,2054,2065,2030,2016,2030,2007,1985,1984,2000,2022,2048,2079,2092,2085,2072,2068,2065,2077
"Igorre","Total","Mujeres",1925,1931,1951,1968,1984,2003,2039,2085,2108,2121,2145,2151,2141,2134,2150,2123,2139,2140,2141,2166,2145,2143,2129,2137,2152,2175,2175
"Igorre","0 - 19","Total",765,753,718,704,700,704,696,707,703,728,727,743,750,771,788,797,811,838,847,878,890,881,843,836,866,879,860
"Igorre","0 - 19","Hombres",380,367,356,352,352,355,343,358,349,364,373,374,372,382,387,394,396,421,423,447,465,458,439,435,435,436,429
"Igorre","0 - 19","Mujeres",385,386,362,352,348,349,353,349,354,364,354,369,378,389,401,403,415,417,424,431,425,423,404,401,431,443,431
"Igorre","20 - 64","Total",2507,2522,2592,2636,2664,2663,2722,2784,2830,2792,2824,2767,2736,2694,2636,2564,2543,2502,2506,2483,2438,2454,2439,2406,2367,2368,2390
"Igorre","20 - 64","Hombres",1282,1296,1336,1352,1361,1354,1377,1402,1447,1412,1410,1371,1358,1341,1296,1253,1248,1226,1243,1228,1217,1248,1236,1210,1200,1195,1210
"Igorre","20 - 64","Mujeres",1225,1226,1256,1284,1303,1309,1345,1382,1383,1380,1414,1396,1378,1353,1340,1311,1295,1276,1263,1255,1221,1206,1203,1196,1167,1173,1180
"Igorre",">= 65","Total",578,576,595,594,585,605,600,622,649,655,659,671,671,699,733,747,769,800,810,853,896,900,932,967,987,993,1002
"Igorre",">= 65","Hombres",263,257,262,262,252,260,259,268,278,278,282,285,286,307,324,338,340,353,356,373,397,386,410,427,433,434,438
"Igorre",">= 65","Mujeres",315,319,333,332,333,345,341,354,371,377,377,386,385,392,409,409,429,447,454,480,499,514,522,540,554,559,564
"Ikaztegieta","Total","Total",399,409,413,414,428,441,445,450,456,461,462,466,461,461,484,484,491,495,506,486,476,475,476,476,477,492,488
"Ikaztegieta","Total","Hombres",212,214,216,216,222,227,233,239,242,245,243,245,242,243,252,249,253,254,258,253,247,249,250,242,244,253,255
"Ikaztegieta","Total","Mujeres",187,195,197,198,206,214,212,211,214,216,219,221,219,218,232,235,238,241,248,233,229,226,226,234,233,239,233
"Ikaztegieta","0 - 19","Total",75,77,81,79,83,95,98,96,92,94,99,97,91,89,100,105,103,103,107,98,98,100,95,100,105,110,98
"Ikaztegieta","0 - 19","Hombres",39,35,41,41,40,49,52,56,50,52,52,50,45,45,50,51,50,51,55,52,53,56,52,51,54,55,50
"Ikaztegieta","0 - 19","Mujeres",36,42,40,38,43,46,46,40,42,42,47,47,46,44,50,54,53,52,52,46,45,44,43,49,51,55,48
"Ikaztegieta","20 - 64","Total",266,272,264,269,279,284,282,286,294,294,288,291,284,284,301,295,294,300,297,293,275,274,276,275,265,273,275
"Ikaztegieta","20 - 64","Hombres",143,149,140,142,148,145,145,145,151,152,151,154,151,152,157,152,151,152,150,154,140,134,138,133,128,137,144
"Ikaztegieta","20 - 64","Mujeres",123,123,124,127,131,139,137,141,143,142,137,137,133,132,144,143,143,148,147,139,135,140,138,142,137,136,131
"Ikaztegieta",">= 65","Total",58,60,68,66,66,62,65,68,70,73,75,78,86,88,83,84,94,92,102,95,103,101,105,101,107,109,115
"Ikaztegieta",">= 65","Hombres",30,30,35,33,34,33,36,38,41,41,40,41,46,46,45,46,52,51,53,47,54,59,60,58,62,61,61
"Ikaztegieta",">= 65","Mujeres",28,30,33,33,32,29,29,30,29,32,35,37,40,42,38,38,42,41,49,48,49,42,45,43,45,48,54
"Irun","Total","Total",56552,57324,58042,58907,59327,59743,60173,60347,60210,60076,59960,59770,59610,59483,59624,59673,59681,59508,59899,60208,60522,59976,59860,60191,60429,60749,60665
"Irun","Total","Hombres",27624,28011,28375,28847,29111,29350,29532,29633,29504,29363,29302,29221,29145,29077,29129,29107,29091,28960,29137,29267,29518,29248,29140,29306,29442,29581,29507
"Irun","Total","Mujeres",28928,29313,29667,30060,30216,30393,30641,30714,30706,30713,30658,30549,30465,30406,30495,30566,30590,30548,30762,30941,31004,30728,30720,30885,30987,31168,31158
"Irun","0 - 19","Total",10438,10359,10208,10397,10492,10653,10799,10872,10917,11139,11202,11308,11327,11313,11414,11411,11333,11238,11298,11229,11218,10858,9879,10803,10930,10904,10443
"Irun","0 - 19","Hombres",5402,5355,5267,5359,5411,5509,5587,5602,5591,5724,5752,5836,5859,5856,5882,5903,5866,5795,5829,5771,5790,5562,5030,5570,5626,5598,5344
"Irun","0 - 19","Mujeres",5036,5004,4941,5038,5081,5144,5212,5270,5326,5415,5450,5472,5468,5457,5532,5508,5467,5443,5469,5458,5428,5296,4849,5233,5304,5306,5099
"Irun","20 - 64","Total",36733,37281,38006,38619,39014,39133,39203,39182,38835,38273,37888,37320,36823,36382,36146,35925,35825,35624,35648,35752,35513,35544,36090,35191,35194,35377,35513
"Irun","20 - 64","Hombres",18474,18796,19184,19513,19747,19836,19846,19870,19666,19270,19072,18758,18518,18320,18215,18028,17945,17846,17883,17922,17818,17895,18149,17665,17672,17769,17815
"Irun","20 - 64","Mujeres",18259,18485,18822,19106,19267,19297,19357,19312,19169,19003,18816,18562,18305,18062,17931,17897,17880,17778,17765,17830,17695,17649,17941,17526,17522,17608,17698
"Irun",">= 65","Total",9381,9684,9828,9891,9821,9957,10171,10293,10458,10664,10870,11142,11460,11788,12064,12337,12523,12646,12953,13227,13791,13574,13891,14197,14305,14468,14709
"Irun",">= 65","Hombres",3748,3860,3924,3975,3953,4005,4099,4161,4247,4369,4478,4627,4768,4901,5032,5176,5280,5319,5425,5574,5910,5791,5961,6071,6144,6214,6348
"Irun",">= 65","Mujeres",5633,5824,5904,5916,5868,5952,6072,6132,6211,6295,6392,6515,6692,6887,7032,7161,7243,7327,7528,7653,7881,7783,7930,8126,8161,8254,8361
"Iruña Oka/Iruña de Oca","Total","Total",2159,2236,2285,2392,2460,2523,2578,2852,2957,3049,3046,3165,3197,3185,3239,3334,3382,3445,3514,3590,3534,3595,3623,3664,3711,3673,3780
"Iruña Oka/Iruña de Oca","Total","Hombres",1098,1148,1173,1214,1275,1332,1362,1509,1548,1567,1569,1633,1640,1633,1677,1713,1736,1771,1812,1862,1854,1896,1914,1945,1983,1934,2002
"Iruña Oka/Iruña de Oca","Total","Mujeres",1061,1088,1112,1178,1185,1191,1216,1343,1409,1482,1477,1532,1557,1552,1562,1621,1646,1674,1702,1728,1680,1699,1709,1719,1728,1739,1778
"Iruña Oka/Iruña de Oca","0 - 19","Total",390,389,392,417,445,457,477,544,603,661,677,735,764,768,781,804,825,843,839,848,804,795,808,795,771,762,764
"Iruña Oka/Iruña de Oca","0 - 19","Hombres",194,193,194,210,228,237,246,288,308,331,337,373,382,383,387,388,401,414,410,418,395,391,403,391,373,369,371
"Iruña Oka/Iruña de Oca","0 - 19","Mujeres",196,196,198,207,217,220,231,256,295,330,340,362,382,385,394,416,424,429,429,430,409,404,405,404,398,393,393
"Iruña Oka/Iruña de Oca","20 - 64","Total",1472,1540,1589,1656,1704,1765,1808,1999,2044,2072,2049,2102,2092,2072,2091,2156,2166,2204,2259,2307,2289,2348,2351,2394,2444,2411,2488
"Iruña Oka/Iruña de Oca","20 - 64","Hombres",775,821,836,857,901,948,973,1074,1091,1086,1079,1100,1092,1084,1114,1145,1154,1157,1179,1211,1222,1271,1272,1307,1349,1305,1362
"Iruña Oka/Iruña de Oca","20 - 64","Mujeres",697,719,753,799,803,817,835,925,953,986,970,1002,1000,988,977,1011,1012,1047,1080,1096,1067,1077,1079,1087,1095,1106,1126
"Iruña Oka/Iruña de Oca",">= 65","Total",297,307,304,319,311,301,293,309,310,316,320,328,341,345,367,374,391,398,416,435,441,452,464,475,496,500,528
"Iruña Oka/Iruña de Oca",">= 65","Hombres",129,134,143,147,146,147,143,147,149,150,153,160,166,166,176,180,181,200,223,233,237,234,239,247,261,260,269
"Iruña Oka/Iruña de Oca",">= 65","Mujeres",168,173,161,172,165,154,150,162,161,166,167,168,175,179,191,194,210,198,193,202,204,218,225,228,235,240,259
"Irura","Total","Total",856,1040,1129,1155,1179,1203,1242,1396,1494,1553,1593,1619,1639,1640,1659,1750,1793,1822,1811,1812,1837,1846,1866,1849,1839,1857,1846
"Irura","Total","Hombres",440,546,592,608,625,642,659,742,786,811,824,841,854,858,872,912,923,939,938,951,963,970,969,956,950,957,946
"Irura","Total","Mujeres",416,494,537,547,554,561,583,654,708,742,769,778,785,782,787,838,870,883,873,861,874,876,897,893,889,900,900
"Irura","0 - 19","Total",169,187,207,222,239,252,280,317,350,381,413,432,459,462,467,487,496,504,489,483,503,500,495,486,497,488,461
"Irura","0 - 19","Hombres",87,102,112,119,131,136,150,175,196,209,216,230,246,253,255,264,258,266,262,259,274,274,268,257,260,252,238
"Irura","0 - 19","Mujeres",82,85,95,103,108,116,130,142,154,172,197,202,213,209,212,223,238,238,227,224,229,226,227,229,237,236,223
"Irura","20 - 64","Total",580,736,794,801,816,828,845,961,1022,1040,1034,1042,1028,1021,1030,1090,1116,1137,1139,1143,1146,1157,1173,1166,1139,1164,1163
"Irura","20 - 64","Hombres",311,397,426,429,439,449,458,513,535,541,542,543,538,535,543,572,583,591,597,610,608,617,621,619,606,621,610
"Irura","20 - 64","Mujeres",269,339,368,372,377,379,387,448,487,499,492,499,490,486,487,518,533,546,542,533,538,540,552,547,533,543,553
"Irura",">= 65","Total",107,117,128,132,124,123,117,118,122,132,146,145,152,157,162,173,181,181,183,186,188,189,198,197,203,205,222
"Irura",">= 65","Hombres",42,47,54,60,55,57,51,54,55,61,66,68,70,70,74,76,82,82,79,82,81,79,80,80,84,84,98
"Irura",">= 65","Mujeres",65,70,74,72,69,66,66,64,67,71,80,77,82,87,88,97,99,99,104,104,107,110,118,117,119,121,124
"Iruraiz-Gauna","Total","Total",474,483,489,503,502,500,510,518,526,544,567,573,549,541,539,544,539,533,531,546,564,573,574,580,579,591,598
"Iruraiz-Gauna","Total","Hombres",257,259,258,268,269,269,272,281,290,304,313,321,306,304,302,301,295,292,289,298,314,321,322,322,319,325,328
"Iruraiz-Gauna","Total","Mujeres",217,224,231,235,233,231,238,237,236,240,254,252,243,237,237,243,244,241,242,248,250,252,252,258,260,266,270
"Iruraiz-Gauna","0 - 19","Total",69,69,68,75,85,82,87,89,88,93,102,108,100,94,95,98,97,89,93,88,82,83,75,80,80,88,92
"Iruraiz-Gauna","0 - 19","Hombres",40,37,36,40,44,45,48,53,55,58,60,67,60,58,59,58,55,51,54,54,49,50,43,45,44,48,47
"Iruraiz-Gauna","0 - 19","Mujeres",29,32,32,35,41,37,39,36,33,35,42,41,40,36,36,40,42,38,39,34,33,33,32,35,36,40,45
"Iruraiz-Gauna","20 - 64","Total",309,320,324,334,331,332,334,343,347,358,361,360,342,346,350,349,348,349,344,361,378,389,391,386,374,376,382
"Iruraiz-Gauna","20 - 64","Hombres",172,176,174,182,181,181,179,185,188,197,197,196,186,191,193,189,187,186,183,192,208,215,216,213,205,206,212
"Iruraiz-Gauna","20 - 64","Mujeres",137,144,150,152,150,151,155,158,159,161,164,164,156,155,157,160,161,163,161,169,170,174,175,173,169,170,170
"Iruraiz-Gauna",">= 65","Total",96,94,97,94,86,86,89,86,91,93,104,105,107,101,94,97,94,95,94,97,104,101,108,114,125,127,124
"Iruraiz-Gauna",">= 65","Hombres",45,46,48,46,44,43,45,43,47,49,56,58,60,55,50,54,53,55,52,52,57,56,63,64,70,71,69
"Iruraiz-Gauna",">= 65","Mujeres",51,48,49,48,42,43,44,43,44,44,48,47,47,46,44,43,41,40,42,45,47,45,45,50,55,56,55
"Ispaster","Total","Total",608,609,616,617,618,620,625,659,659,666,678,706,721,717,705,719,721,728,741,744,757,736,735,741,724,723,734
"Ispaster","Total","Hombres",331,332,333,336,335,335,329,347,338,340,348,362,371,371,370,384,383,387,394,396,395,385,381,381,377,374,383
"Ispaster","Total","Mujeres",277,277,283,281,283,285,296,312,321,326,330,344,350,346,335,335,338,341,347,348,362,351,354,360,347,349,351
"Ispaster","0 - 19","Total",86,76,80,79,77,75,74,90,89,100,104,122,138,145,146,156,155,165,167,175,176,164,160,166,153,150,153
"Ispaster","0 - 19","Hombres",44,37,40,39,38,38,37,44,41,47,48,57,61,67,69,81,79,88,93,97,98,88,85,88,84,81,80
"Ispaster","0 - 19","Mujeres",42,39,40,40,39,37,37,46,48,53,56,65,77,78,77,75,76,77,74,78,78,76,75,78,69,69,73
"Ispaster","20 - 64","Total",354,358,360,371,379,386,390,410,413,411,429,443,444,434,408,411,408,405,415,406,413,405,401,399,396,392,408
"Ispaster","20 - 64","Hombres",217,219,216,221,220,221,217,229,228,224,234,238,241,233,223,222,220,216,211,207,207,206,200,200,200,197,208
"Ispaster","20 - 64","Mujeres",137,139,144,150,159,165,173,181,185,187,195,205,203,201,185,189,188,189,204,199,206,199,201,199,196,195,200
"Ispaster",">= 65","Total",168,175,176,167,162,159,161,159,157,155,145,141,139,138,151,152,158,158,159,163,168,167,174,176,175,181,173
"Ispaster",">= 65","Hombres",70,76,77,76,77,76,75,74,69,69,66,67,69,71,78,81,84,83,90,92,90,91,96,93,93,96,95
"Ispaster",">= 65","Mujeres",98,99,99,91,85,83,86,85,88,86,79,74,70,67,73,71,74,75,69,71,78,76,78,83,82,85,78
"Itsasondo","Total","Total",589,592,574,563,576,589,596,617,638,653,665,676,668,667,674,657,692,702,718,728,675,657,671,670,686,685,702
"Itsasondo","Total","Hombres",309,308,303,301,299,297,298,307,316,322,329,331,322,331,335,327,334,343,358,362,341,333,342,340,347,343,351
"Itsasondo","Total","Mujeres",280,284,271,262,277,292,298,310,322,331,336,345,346,336,339,330,358,359,360,366,334,324,329,330,339,342,351
"Itsasondo","0 - 19","Total",93,95,92,92,94,94,91,99,117,137,145,160,162,154,170,159,159,161,165,171,148,147,148,151,161,162,167
"Itsasondo","0 - 19","Hombres",48,51,46,46,46,42,39,43,48,62,70,75,75,74,81,81,78,78,78,83,70,68,73,73,76,77,77
"Itsasondo","0 - 19","Mujeres",45,44,46,46,48,52,52,56,69,75,75,85,87,80,89,78,81,83,87,88,78,79,75,78,85,85,90
"Itsasondo","20 - 64","Total",368,363,350,336,351,365,380,391,400,393,391,389,375,386,379,373,403,408,419,431,405,396,402,396,398,395,414
"Itsasondo","20 - 64","Hombres",206,196,196,192,192,197,203,207,211,203,202,202,194,206,203,194,202,212,222,225,219,212,215,215,215,212,221
"Itsasondo","20 - 64","Mujeres",162,167,154,144,159,168,177,184,189,190,189,187,181,180,176,179,201,196,197,206,186,184,187,181,183,183,193
"Itsasondo",">= 65","Total",128,134,132,135,131,130,125,127,121,123,129,127,131,127,125,125,130,133,134,126,122,114,121,123,127,128,121
"Itsasondo",">= 65","Hombres",55,61,61,63,61,58,56,57,57,57,57,54,53,51,51,52,54,53,58,54,52,53,54,52,56,54,53
"Itsasondo",">= 65","Mujeres",73,73,71,72,70,72,69,70,64,66,72,73,78,76,74,73,76,80,76,72,70,61,67,71,71,74,68
"Iurreta","Total","Total",4213,4109,4080,4010,3920,3839,3835,3835,3810,3776,3830,3852,3823,3740,3708,3678,3676,3667,3689,3688,3639,3636,3636,3672,3728,3811,3830
"Iurreta","Total","Hombres",2087,2035,2012,1984,1946,1913,1901,1910,1907,1901,1923,1903,1887,1831,1822,1813,1808,1799,1793,1779,1758,1766,1776,1795,1818,1858,1870
"Iurreta","Total","Mujeres",2126,2074,2068,2026,1974,1926,1934,1925,1903,1875,1907,1949,1936,1909,1886,1865,1868,1868,1896,1909,1881,1870,1860,1877,1910,1953,1960
"Iurreta","0 - 19","Total",705,674,648,603,579,551,548,553,542,564,585,622,628,633,632,630,625,649,669,657,671,651,630,655,689,706,684
"Iurreta","0 - 19","Hombres",362,345,330,310,293,271,264,270,266,277,286,300,309,314,316,314,313,325,320,321,335,322,307,319,343,351,342
"Iurreta","0 - 19","Mujeres",343,329,318,293,286,280,284,283,276,287,299,322,319,319,316,316,312,324,349,336,336,329,323,336,346,355,342
"Iurreta","20 - 64","Total",2801,2707,2702,2672,2616,2566,2540,2529,2508,2438,2462,2447,2378,2269,2227,2195,2170,2148,2132,2136,2076,2104,2109,2113,2128,2185,2202
"Iurreta","20 - 64","Hombres",1407,1356,1352,1337,1317,1310,1298,1302,1303,1279,1285,1258,1211,1145,1128,1112,1097,1087,1090,1074,1044,1074,1094,1092,1085,1111,1112
"Iurreta","20 - 64","Mujeres",1394,1351,1350,1335,1299,1256,1242,1227,1205,1159,1177,1189,1167,1124,1099,1083,1073,1061,1042,1062,1032,1030,1015,1021,1043,1074,1090
"Iurreta",">= 65","Total",707,728,730,735,725,722,747,753,760,774,783,783,817,838,849,853,881,870,888,895,892,881,897,904,911,920,944
"Iurreta",">= 65","Hombres",318,334,330,337,336,332,339,338,338,345,352,345,367,372,378,387,398,387,383,384,379,370,375,384,390,396,416
"Iurreta",">= 65","Mujeres",389,394,400,398,389,390,408,415,422,429,431,438,450,466,471,466,483,483,505,511,513,511,522,520,521,524,528
"Izurtza","Total","Total",245,250,253,254,252,251,248,264,263,271,280,282,292,287,263,251,269,288,289,287,254,225,222,242,243,243,241
"Izurtza","Total","Hombres",117,121,127,130,129,129,130,141,144,149,163,169,183,172,147,145,160,178,182,183,157,135,133,152,154,156,157
"Izurtza","Total","Mujeres",128,129,126,124,123,122,118,123,119,122,117,113,109,115,116,106,109,110,107,104,97,90,89,90,89,87,84
"Izurtza","0 - 19","Total",31,26,23,26,27,28,26,36,30,45,46,48,55,48,35,36,38,68,63,67,55,36,35,54,62,67,61
"Izurtza","0 - 19","Hombres",16,15,15,17,19,19,18,23,16,28,34,37,45,35,22,22,26,53,50,55,44,26,26,44,50,56,53
"Izurtza","0 - 19","Mujeres",15,11,8,9,8,9,8,13,14,17,12,11,10,13,13,14,12,15,13,12,11,10,9,10,12,11,8
"Izurtza","20 - 64","Total",146,155,160,163,161,160,163,169,178,176,185,189,189,189,181,167,184,169,171,162,138,134,129,132,132,128,127
"Izurtza","20 - 64","Hombres",74,79,82,85,81,83,88,94,106,104,112,114,117,114,105,99,109,99,104,98,80,78,74,78,77,73,72
"Izurtza","20 - 64","Mujeres",72,76,78,78,80,77,75,75,72,72,73,75,72,75,76,68,75,70,67,64,58,56,55,54,55,55,55
"Izurtza",">= 65","Total",68,69,70,65,64,63,59,59,55,50,49,45,48,50,47,48,47,51,55,58,61,55,58,56,49,48,53
"Izurtza",">= 65","Hombres",27,27,30,28,29,27,24,24,22,17,17,18,21,23,20,24,25,26,28,30,33,31,33,30,27,27,32
"Izurtza",">= 65","Mujeres",41,42,40,37,35,36,35,35,33,33,32,27,27,27,27,24,22,25,27,28,28,24,25,26,22,21,21
"Karrantza Harana/Valle de Carranza","Total","Total",2898,2850,2840,2814,2807,2805,2793,2809,2791,2774,2785,2807,2784,2797,2760,2745,2749,2740,2806,2834,2784,2733,2717,2734,2719,2737,2741
"Karrantza Harana/Valle de Carranza","Total","Hombres",1511,1471,1471,1447,1452,1460,1456,1464,1453,1442,1444,1451,1439,1439,1420,1417,1415,1404,1439,1473,1441,1405,1395,1410,1414,1425,1426
"Karrantza Harana/Valle de Carranza","Total","Mujeres",1387,1379,1369,1367,1355,1345,1337,1345,1338,1332,1341,1356,1345,1358,1340,1328,1334,1336,1367,1361,1343,1328,1322,1324,1305,1312,1315
"Karrantza Harana/Valle de Carranza","0 - 19","Total",445,426,431,415,408,403,387,380,371,356,347,355,347,350,339,354,370,377,409,407,394,384,372,376,377,384,383
"Karrantza Harana/Valle de Carranza","0 - 19","Hombres",227,222,223,217,215,218,211,206,196,192,187,191,181,182,179,187,196,201,225,236,222,204,195,199,195,200,207
"Karrantza Harana/Valle de Carranza","0 - 19","Mujeres",218,204,208,198,193,185,176,174,175,164,160,164,166,168,160,167,174,176,184,171,172,180,177,177,182,184,176
"Karrantza Harana/Valle de Carranza","20 - 64","Total",1681,1675,1676,1694,1702,1707,1720,1726,1741,1732,1743,1731,1717,1697,1659,1644,1621,1605,1630,1662,1647,1597,1591,1598,1576,1577,1558
"Karrantza Harana/Valle de Carranza","20 - 64","Hombres",948,927,930,931,936,939,935,937,949,940,951,940,933,925,890,882,868,842,853,865,864,841,834,839,844,844,831
"Karrantza Harana/Valle de Carranza","20 - 64","Mujeres",733,748,746,763,766,768,785,789,792,792,792,791,784,772,769,762,753,763,777,797,783,756,757,759,732,733,727
"Karrantza Harana/Valle de Carranza",">= 65","Total",772,749,733,705,697,695,686,703,679,686,695,721,720,750,762,747,758,758,767,765,743,752,754,760,766,776,800
"Karrantza Harana/Valle de Carranza",">= 65","Hombres",336,322,318,299,301,303,310,321,308,310,306,320,325,332,351,348,351,361,361,372,355,360,366,372,375,381,388
"Karrantza Harana/Valle de Carranza",">= 65","Mujeres",436,427,415,406,396,392,376,382,371,376,389,401,395,418,411,399,407,397,406,393,388,392,388,388,391,395,412
"Kortezubi","Total","Total",374,375,374,378,384,390,401,407,411,417,425,419,440,456,458,440,431,438,437,442,445,448,453,453,460,457,463
"Kortezubi","Total","Hombres",188,188,184,186,192,198,205,211,213,216,220,212,224,233,229,222,215,218,218,214,215,218,220,222,222,220,223
"Kortezubi","Total","Mujeres",186,187,190,192,192,192,196,196,198,201,205,207,216,223,229,218,216,220,219,228,230,230,233,231,238,237,240
"Kortezubi","0 - 19","Total",55,54,55,52,56,60,64,66,69,68,72,76,88,94,98,91,96,98,96,93,96,92,91,91,96,95,91
"Kortezubi","0 - 19","Hombres",26,24,25,24,28,28,31,33,35,36,38,37,45,51,45,44,42,45,44,38,40,38,38,39,39,39,34
"Kortezubi","0 - 19","Mujeres",29,30,30,28,28,32,33,33,34,32,34,39,43,43,53,47,54,53,52,55,56,54,53,52,57,56,57
"Kortezubi","20 - 64","Total",225,223,224,230,238,242,250,259,259,262,259,256,260,264,263,255,248,250,247,251,256,261,265,265,265,261,274
"Kortezubi","20 - 64","Hombres",118,119,117,120,125,129,133,140,139,137,138,135,134,135,137,133,133,132,131,130,132,132,134,133,131,127,138
"Kortezubi","20 - 64","Mujeres",107,104,107,110,113,113,117,119,120,125,121,121,126,129,126,122,115,118,116,121,124,129,131,132,134,134,136
"Kortezubi",">= 65","Total",94,98,95,96,90,88,87,82,83,87,94,87,92,98,97,94,87,90,94,98,93,95,97,97,99,101,98
"Kortezubi",">= 65","Hombres",44,45,42,42,39,41,41,38,39,43,44,40,45,47,47,45,40,41,43,46,43,48,48,50,52,54,51
"Kortezubi",">= 65","Mujeres",50,53,53,54,51,47,46,44,44,44,50,47,47,51,50,49,47,49,51,52,50,47,49,47,47,47,47
"Kripan","Total","Total",186,187,193,193,191,189,185,185,195,196,198,195,197,188,182,187,186,187,185,183,181,182,182,181,185,184,180
"Kripan","Total","Hombres",102,104,108,110,107,104,100,102,104,106,108,108,106,102,98,101,99,99,97,95,95,96,96,96,97,94,96
"Kripan","Total","Mujeres",84,83,85,83,84,85,85,83,91,90,90,87,91,86,84,86,87,88,88,88,86,86,86,85,88,90,84
"Kripan","0 - 19","Total",31,30,33,34,34,36,34,33,40,41,44,41,43,41,37,40,36,38,32,30,27,27,26,24,23,25,22
"Kripan","0 - 19","Hombres",18,19,21,24,23,23,21,21,22,24,26,26,27,25,22,24,21,22,20,19,16,16,15,14,13,13,14
"Kripan","0 - 19","Mujeres",13,11,12,10,11,13,13,12,18,17,18,15,16,16,15,16,15,16,12,11,11,11,11,10,10,12,8
"Kripan","20 - 64","Total",117,115,122,118,117,116,110,110,111,109,106,110,110,104,101,100,101,100,106,106,105,111,111,112,117,115,109
"Kripan","20 - 64","Hombres",66,65,68,65,65,65,61,62,58,58,55,57,56,52,52,51,53,52,53,53,53,56,56,58,60,59,58
"Kripan","20 - 64","Mujeres",51,50,54,53,52,51,49,48,53,51,51,53,54,52,49,49,48,48,53,53,52,55,55,54,57,56,51
"Kripan",">= 65","Total",38,42,38,41,40,37,41,42,44,46,48,44,44,43,44,47,49,49,47,47,49,44,45,45,45,44,49
"Kripan",">= 65","Hombres",18,20,19,21,19,16,18,19,24,24,27,25,23,25,24,26,25,25,24,23,26,24,25,24,24,22,24
"Kripan",">= 65","Mujeres",20,22,19,20,21,21,23,23,20,22,21,19,21,18,20,21,24,24,23,24,23,20,20,21,21,22,25
"Kuartango","Total","Total",355,352,345,344,352,360,357,332,332,343,336,343,343,344,349,356,362,366,359,372,394,405,397,384,388,393,388
"Kuartango","Total","Hombres",193,190,190,188,198,208,203,191,190,197,196,202,198,200,204,208,211,213,210,216,227,229,228,221,218,219,213
"Kuartango","Total","Mujeres",162,162,155,156,154,152,154,141,142,146,140,141,145,144,145,148,151,153,149,156,167,176,169,163,170,174,175
"Kuartango","0 - 19","Total",35,30,34,37,35,35,33,32,36,37,31,35,34,33,35,39,46,48,50,49,65,69,59,62,68,69,62
"Kuartango","0 - 19","Hombres",20,17,21,22,19,25,23,23,24,24,23,24,22,23,23,26,29,29,31,29,38,41,36,38,39,38,32
"Kuartango","0 - 19","Mujeres",15,13,13,15,16,10,10,9,12,13,8,11,12,10,12,13,17,19,19,20,27,28,23,24,29,31,30
"Kuartango","20 - 64","Total",228,228,217,208,220,226,226,215,220,229,230,231,228,232,232,233,229,231,224,231,229,233,224,218,213,217,212
"Kuartango","20 - 64","Hombres",135,134,129,122,135,139,137,132,134,139,139,142,139,140,138,137,134,137,130,135,133,129,131,129,122,124,119
"Kuartango","20 - 64","Mujeres",93,94,88,86,85,87,89,83,86,90,91,89,89,92,94,96,95,94,94,96,96,104,93,89,91,93,93
"Kuartango",">= 65","Total",92,94,94,99,97,99,98,85,76,77,75,77,81,79,82,84,87,87,85,92,100,103,114,104,107,107,114
"Kuartango",">= 65","Hombres",38,39,40,44,44,44,43,36,32,34,34,36,37,37,43,45,48,47,49,52,56,59,61,54,57,57,62
"Kuartango",">= 65","Mujeres",54,55,54,55,53,55,55,49,44,43,41,41,44,42,39,39,39,40,36,40,44,44,53,50,50,50,52
"Labastida/Bastida","Total","Total",1311,1327,1355,1388,1418,1445,1490,1516,1508,1488,1486,1527,1500,1521,1500,1493,1484,1489,1492,1561,1598,1604,1621,1646,1641,1648,1668
"Labastida/Bastida","Total","Hombres",713,728,738,760,766,770,794,805,795,787,775,794,777,790,776,776,767,776,764,795,829,828,841,862,855,852,856
"Labastida/Bastida","Total","Mujeres",598,599,617,628,652,675,696,711,713,701,711,733,723,731,724,717,717,713,728,766,769,776,780,784,786,796,812
"Labastida/Bastida","0 - 19","Total",258,253,253,261,269,287,301,300,306,309,315,323,318,326,315,319,330,320,327,350,349,339,339,336,354,355,347
"Labastida/Bastida","0 - 19","Hombres",134,130,124,125,130,134,141,138,141,144,144,149,146,151,157,161,163,162,158,177,172,162,168,173,178,175,172
"Labastida/Bastida","0 - 19","Mujeres",124,123,129,136,139,153,160,162,165,165,171,174,172,175,158,158,167,158,169,173,177,177,171,163,176,180,175
"Labastida/Bastida","20 - 64","Total",825,851,878,898,919,929,955,975,968,944,933,959,916,923,896,896,873,872,872,898,918,942,950,959,950,952,969
"Labastida/Bastida","20 - 64","Hombres",464,483,499,520,523,523,537,545,536,523,511,521,488,495,465,465,459,453,450,456,481,497,498,502,499,494,502
"Labastida/Bastida","20 - 64","Mujeres",361,368,379,378,396,406,418,430,432,421,422,438,428,428,431,431,414,419,422,442,437,445,452,457,451,458,467
"Labastida/Bastida",">= 65","Total",228,223,224,229,230,229,234,241,234,235,238,245,266,272,289,278,281,297,293,313,331,323,332,351,337,341,352
"Labastida/Bastida",">= 65","Hombres",115,115,115,115,113,113,116,122,118,120,120,124,143,144,154,150,145,161,156,162,176,169,175,187,178,183,182
"Labastida/Bastida",">= 65","Mujeres",113,108,109,114,117,116,118,119,116,115,118,121,123,128,135,128,136,136,137,151,155,154,157,164,159,158,170
"Lagrán","Total","Total",193,191,187,192,194,196,198,189,188,180,185,183,175,166,169,173,174,170,169,176,184,185,190,183,175,181,190
"Lagrán","Total","Hombres",101,100,100,102,104,106,105,99,95,90,94,91,86,83,87,91,93,92,91,95,102,102,105,99,94,98,101
"Lagrán","Total","Mujeres",92,91,87,90,90,90,93,90,93,90,91,92,89,83,82,82,81,78,78,81,82,83,85,84,81,83,89
"Lagrán","0 - 19","Total",13,15,14,11,10,9,11,12,12,9,10,11,12,11,9,9,16,16,13,13,17,19,21,16,16,17,15
"Lagrán","0 - 19","Hombres",8,9,8,6,5,5,5,5,5,4,3,6,4,3,2,4,8,7,5,5,8,10,14,9,8,11,8
"Lagrán","0 - 19","Mujeres",5,6,6,5,5,4,6,7,7,5,7,5,8,8,7,5,8,9,8,8,9,9,7,7,8,6,7
"Lagrán","20 - 64","Total",99,100,97,111,112,115,121,112,107,104,105,102,96,89,93,96,95,90,90,95,100,95,104,99,90,99,104
"Lagrán","20 - 64","Hombres",55,53,53,59,64,65,67,60,56,51,55,50,46,44,49,52,51,49,50,55,59,54,55,54,52,55,56
"Lagrán","20 - 64","Mujeres",44,47,44,52,48,50,54,52,51,53,50,52,50,45,44,44,44,41,40,40,41,41,49,45,38,44,48
"Lagrán",">= 65","Total",81,76,76,70,72,72,66,65,69,67,70,70,67,66,67,68,63,64,66,68,67,71,65,68,69,65,71
"Lagrán",">= 65","Hombres",38,38,39,37,35,36,33,34,34,35,36,35,36,36,36,35,34,36,36,35,35,38,36,36,34,32,37
"Lagrán",">= 65","Mujeres",43,38,37,33,37,36,33,31,35,32,34,35,31,30,31,33,29,28,30,33,32,33,29,32,35,33,34
"Laguardia","Total","Total",1409,1437,1457,1509,1532,1553,1529,1548,1551,1557,1596,1603,1608,1592,1599,1550,1549,1570,1549,1534,1532,1551,1559,1555,1554,1568,1544
"Laguardia","Total","Hombres",747,771,781,811,817,821,788,806,808,811,839,836,844,837,831,818,820,832,822,820,816,830,836,845,843,857,830
"Laguardia","Total","Mujeres",662,666,676,698,715,732,741,742,743,746,757,767,764,755,768,732,729,738,727,714,716,721,723,710,711,711,714
"Laguardia","0 - 19","Total",248,249,252,244,251,257,248,240,240,245,252,257,253,251,262,261,258,272,264,254,254,260,272,264,259,261,244
"Laguardia","0 - 19","Hombres",123,126,133,132,138,141,132,124,130,141,146,150,149,144,150,153,150,159,151,145,141,152,156,151,149,150,140
"Laguardia","0 - 19","Mujeres",125,123,119,112,113,116,116,116,110,104,106,107,104,107,112,108,108,113,113,109,113,108,116,113,110,111,104
"Laguardia","20 - 64","Total",854,865,895,944,954,980,974,1010,1013,1012,1036,1033,1047,1035,1019,970,977,974,958,953,949,958,947,941,941,964,933
"Laguardia","20 - 64","Hombres",476,494,509,535,537,547,534,560,562,553,563,554,563,560,541,516,524,521,519,512,512,515,515,517,515,534,505
"Laguardia","20 - 64","Mujeres",378,371,386,409,417,433,440,450,451,459,473,479,484,475,478,454,453,453,439,441,437,443,432,424,426,430,428
"Laguardia",">= 65","Total",307,323,310,321,327,316,307,298,298,300,308,313,308,306,318,319,314,324,327,327,329,333,340,350,354,343,367
"Laguardia",">= 65","Hombres",148,151,139,144,142,133,122,122,116,117,130,132,132,133,140,149,146,152,152,163,163,163,165,177,179,173,185
"Laguardia",">= 65","Mujeres",159,172,171,177,185,183,185,176,182,183,178,181,176,173,178,170,168,172,175,164,166,170,175,173,175,170,182
"Lanciego/Lantziego","Total","Total",661,674,663,663,673,682,701,696,693,710,699,702,704,701,702,701,703,704,724,753,731,770,767,760,762,740,756
"Lanciego/Lantziego","Total","Hombres",334,337,336,330,340,349,369,367,371,381,372,369,362,357,359,357,359,362,383,408,392,404,394,389,390,385,396
"Lanciego/Lantziego","Total","Mujeres",327,337,327,333,333,333,332,329,322,329,327,333,342,344,343,344,344,342,341,345,339,366,373,371,372,355,360
"Lanciego/Lantziego","0 - 19","Total",107,102,104,101,103,118,117,110,108,118,113,122,131,129,131,133,132,135,149,155,147,170,177,162,170,164,164
"Lanciego/Lantziego","0 - 19","Hombres",48,45,46,46,47,56,60,57,58,58,54,58,57,56,56,56,57,54,69,73,74,80,81,76,80,77,78
"Lanciego/Lantziego","0 - 19","Mujeres",59,57,58,55,56,62,57,53,50,60,59,64,74,73,75,77,75,81,80,82,73,90,96,86,90,87,86
"Lanciego/Lantziego","20 - 64","Total",382,398,387,390,398,400,421,419,419,428,412,405,393,397,401,399,395,402,402,419,409,423,409,410,407,402,407
"Lanciego/Lantziego","20 - 64","Hombres",211,217,213,209,216,219,234,230,234,246,231,223,216,214,216,217,211,217,223,241,226,237,222,216,217,219,222
"Lanciego/Lantziego","20 - 64","Mujeres",171,181,174,181,182,181,187,189,185,182,181,182,177,183,185,182,184,185,179,178,183,186,187,194,190,183,185
"Lanciego/Lantziego",">= 65","Total",172,174,172,172,172,164,163,167,166,164,174,175,180,175,170,169,176,167,173,179,175,177,181,188,185,174,185
"Lanciego/Lantziego",">= 65","Hombres",75,75,77,75,77,74,75,80,79,77,87,88,89,87,87,84,91,91,91,94,92,87,91,97,93,89,96
"Lanciego/Lantziego",">= 65","Mujeres",97,99,95,97,95,90,88,87,87,87,87,87,91,88,83,85,85,76,82,85,83,90,90,91,92,85,89
"Lanestosa","Total","Total",285,287,283,287,293,300,302,298,295,282,273,272,280,277,283,280,280,273,276,275,284,286,279,271,275,269,271
"Lanestosa","Total","Hombres",141,139,138,140,142,145,156,154,155,147,143,144,147,148,150,151,154,151,155,152,153,153,150,144,145,139,141
"Lanestosa","Total","Mujeres",144,148,145,147,151,155,146,144,140,135,130,128,133,129,133,129,126,122,121,123,131,133,129,127,130,130,130
"Lanestosa","0 - 19","Total",48,51,41,37,37,37,37,36,35,34,32,31,36,36,32,33,33,33,33,34,36,34,35,28,28,28,25
"Lanestosa","0 - 19","Hombres",23,23,19,20,20,20,21,20,20,19,17,15,18,17,15,16,15,18,16,17,18,16,16,14,15,13,11
"Lanestosa","0 - 19","Mujeres",25,28,22,17,17,17,16,16,15,15,15,16,18,19,17,17,18,15,17,17,18,18,19,14,13,15,14
"Lanestosa","20 - 64","Total",144,140,147,160,163,172,180,181,178,175,170,168,169,166,179,179,180,175,180,175,174,174,173,159,165,169,166
"Lanestosa","20 - 64","Hombres",81,74,80,86,87,91,101,102,102,100,102,103,100,101,107,106,107,104,109,105,102,100,100,92,92,91,92
"Lanestosa","20 - 64","Mujeres",63,66,67,74,76,81,79,79,76,75,68,65,69,65,72,73,73,71,71,70,72,74,73,67,73,78,74
"Lanestosa",">= 65","Total",93,96,95,90,93,91,85,81,82,73,71,73,75,75,72,68,67,65,63,66,74,78,71,84,82,72,80
"Lanestosa",">= 65","Hombres",37,42,39,34,35,34,34,32,33,28,24,26,29,30,28,29,32,29,30,30,33,37,34,38,38,35,38
"Lanestosa",">= 65","Mujeres",56,54,56,56,58,57,51,49,49,45,47,47,46,45,44,39,35,36,33,36,41,41,37,46,44,37,42
"Lantarón","Total","Total",1021,972,941,958,958,957,970,947,991,970,943,951,959,952,922,912,936,937,942,945,962,980,993,994,996,987,1007
"Lantarón","Total","Hombres",552,516,501,508,518,527,539,528,543,530,520,520,538,536,524,513,526,528,533,528,545,555,561,561,566,570,579
"Lantarón","Total","Mujeres",469,456,440,450,440,430,431,419,448,440,423,431,421,416,398,399,410,409,409,417,417,425,432,433,430,417,428
"Lantarón","0 - 19","Total",130,124,114,119,117,120,118,118,153,138,127,128,144,142,131,143,141,123,131,133,129,142,146,133,133,133,133
"Lantarón","0 - 19","Hombres",68,58,61,65,67,73,70,66,85,79,68,68,82,81,78,84,85,71,75,74,71,83,81,72,76,80,78
"Lantarón","0 - 19","Mujeres",62,66,53,54,50,47,48,52,68,59,59,60,62,61,53,59,56,52,56,59,58,59,65,61,57,53,55
"Lantarón","20 - 64","Total",674,634,617,608,625,621,633,611,620,620,592,599,600,602,583,571,582,588,586,577,585,582,579,591,594,593,610
"Lantarón","20 - 64","Hombres",379,356,345,339,349,354,369,365,361,358,350,350,358,361,348,336,341,349,348,335,344,335,335,342,343,347,349
"Lantarón","20 - 64","Mujeres",295,278,272,269,276,267,264,246,259,262,242,249,242,241,235,235,241,239,238,242,241,247,244,249,251,246,261
"Lantarón",">= 65","Total",217,214,210,231,216,216,219,218,218,212,224,224,215,208,208,198,213,226,225,235,248,256,268,270,269,261,264
"Lantarón",">= 65","Hombres",105,102,95,104,102,100,100,97,97,93,102,102,98,94,98,93,100,108,110,119,130,137,145,147,147,143,152
"Lantarón",">= 65","Mujeres",112,112,115,127,114,116,119,121,121,119,122,122,117,114,110,105,113,118,115,116,118,119,123,123,122,118,112
"Lapuebla de Labarca","Total","Total",847,853,843,837,839,839,883,919,882,869,876,845,836,862,867,865,874,867,882,879,865,872,871,865,866,866,896
"Lapuebla de Labarca","Total","Hombres",435,444,436,433,433,431,455,472,453,447,452,440,436,450,457,458,461,453,455,452,445,452,449,445,444,443,460
"Lapuebla de Labarca","Total","Mujeres",412,409,407,404,406,408,428,447,429,422,424,405,400,412,410,407,413,414,427,427,420,420,422,420,422,423,436
"Lapuebla de Labarca","0 - 19","Total",158,141,145,131,126,127,139,152,144,136,140,142,146,156,170,165,174,173,182,176,167,163,167,167,163,162,177
"Lapuebla de Labarca","0 - 19","Hombres",82,78,84,73,67,68,73,79,77,73,75,78,79,80,94,96,102,98,102,95,90,89,88,88,82,85,87
"Lapuebla de Labarca","0 - 19","Mujeres",76,63,61,58,59,59,66,73,67,63,65,64,67,76,76,69,72,75,80,81,77,74,79,79,81,77,90
"Lapuebla de Labarca","20 - 64","Total",493,504,497,498,515,517,543,570,540,533,547,527,520,531,518,518,520,517,524,525,515,517,517,509,512,515,534
"Lapuebla de Labarca","20 - 64","Hombres",261,268,260,265,276,275,289,299,284,285,294,282,281,288,276,278,277,276,275,274,269,272,274,272,276,272,289
"Lapuebla de Labarca","20 - 64","Mujeres",232,236,237,233,239,242,254,271,256,248,253,245,239,243,242,240,243,241,249,251,246,245,243,237,236,243,245
"Lapuebla de Labarca",">= 65","Total",196,208,201,208,198,195,201,197,198,200,189,176,170,175,179,182,180,177,176,178,183,192,187,189,191,189,185
"Lapuebla de Labarca",">= 65","Hombres",92,98,92,95,90,88,93,94,92,89,83,80,76,82,87,84,82,79,78,83,86,91,87,85,86,86,84
"Lapuebla de Labarca",">= 65","Mujeres",104,110,109,113,108,107,108,103,106,111,106,96,94,93,92,98,98,98,98,95,97,101,100,104,105,103,101
"Larrabetzu","Total","Total",1614,1626,1652,1658,1677,1699,1736,1839,1877,1919,1952,1987,2032,2043,2056,2057,2036,2049,2053,2052,2102,2076,2087,2092,2082,2070,2056
"Larrabetzu","Total","Hombres",803,799,807,806,815,826,856,911,930,939,963,974,992,999,997,997,986,990,990,990,1031,1020,1023,1026,1016,1009,1008
"Larrabetzu","Total","Mujeres",811,827,845,852,862,873,880,928,947,980,989,1013,1040,1044,1059,1060,1050,1059,1063,1062,1071,1056,1064,1066,1066,1061,1048
"Larrabetzu","0 - 19","Total",296,283,296,300,309,315,318,347,364,382,394,409,425,440,453,469,475,471,477,465,465,454,452,454,441,435,432
"Larrabetzu","0 - 19","Hombres",158,147,149,150,149,152,154,167,182,192,200,212,220,229,234,239,243,237,240,228,235,235,236,238,232,233,227
"Larrabetzu","0 - 19","Mujeres",138,136,147,150,160,163,164,180,182,190,194,197,205,211,219,230,232,234,237,237,230,219,216,216,209,202,205
"Larrabetzu","20 - 64","Total",930,955,972,987,996,1020,1053,1132,1162,1192,1203,1225,1250,1242,1244,1231,1214,1214,1207,1215,1248,1235,1235,1229,1230,1213,1202
"Larrabetzu","20 - 64","Hombres",471,484,495,502,511,524,540,584,597,602,610,608,619,618,612,604,597,602,592,607,631,617,617,616,608,591,595
"Larrabetzu","20 - 64","Mujeres",459,471,477,485,485,496,513,548,565,590,593,617,631,624,632,627,617,612,615,608,617,618,618,613,622,622,607
"Larrabetzu",">= 65","Total",388,388,384,371,372,364,365,360,351,345,355,353,357,361,359,357,347,364,369,372,389,387,400,409,411,422,422
"Larrabetzu",">= 65","Hombres",174,168,163,154,155,150,162,160,151,145,153,154,153,152,151,154,146,151,158,155,165,168,170,172,176,185,186
"Larrabetzu",">= 65","Mujeres",214,220,221,217,217,214,203,200,200,200,202,199,204,209,208,203,201,213,211,217,224,219,230,237,235,237,236
"Larraul","Total","Total",176,179,195,202,201,200,207,236,248,253,246,249,260,261,250,246,243,248,246,251,261,260,266,258,259,257,262
"Larraul","Total","Hombres",101,99,107,111,111,111,113,125,132,134,133,137,145,143,139,136,136,140,139,145,150,148,151,146,145,144,141
"Larraul","Total","Mujeres",75,80,88,91,90,89,94,111,116,119,113,112,115,118,111,110,107,108,107,106,111,112,115,112,114,113,121
"Larraul","0 - 19","Total",32,38,41,47,51,50,55,63,70,73,72,73,79,83,77,72,71,73,66,63,70,69,70,70,69,63,65
"Larraul","0 - 19","Hombres",16,20,22,23,26,26,28,30,35,36,40,40,45,45,44,39,40,40,36,35,38,38,39,39,39,36,37
"Larraul","0 - 19","Mujeres",16,18,19,24,25,24,27,33,35,37,32,33,34,38,33,33,31,33,30,28,32,31,31,31,30,27,28
"Larraul","20 - 64","Total",101,98,110,115,110,109,118,140,146,149,143,148,152,151,148,149,146,148,153,158,161,157,162,154,155,157,158
"Larraul","20 - 64","Hombres",62,56,62,68,63,63,68,77,79,80,76,81,82,81,79,82,81,84,87,91,94,91,93,88,86,89,84
"Larraul","20 - 64","Mujeres",39,42,48,47,47,46,50,63,67,69,67,67,70,70,69,67,65,64,66,67,67,66,69,66,69,68,74
"Larraul",">= 65","Total",43,43,44,40,40,41,34,33,32,31,31,28,29,27,25,25,26,27,27,30,30,34,34,34,35,37,39
"Larraul",">= 65","Hombres",23,23,23,20,22,22,17,18,18,18,17,16,18,17,16,15,15,16,16,19,18,19,19,19,20,19,20
"Larraul",">= 65","Mujeres",20,20,21,20,18,19,17,15,14,13,14,12,11,10,9,10,11,11,11,11,12,15,15,15,15,18,19
"Lasarte-Oria","Total","Total",17099,17063,17291,17363,17386,17408,17459,17665,17841,18015,18108,18218,18416,18455,18444,18494,18544,18677,18825,19045,19294,19334,19418,19504,19589,19678,19808
"Lasarte-Oria","Total","Hombres",8469,8453,8590,8631,8644,8650,8689,8750,8848,8939,8985,9040,9093,9090,9090,9107,9120,9181,9220,9317,9458,9453,9480,9512,9544,9569,9632
"Lasarte-Oria","Total","Mujeres",8630,8610,8701,8732,8742,8758,8770,8915,8993,9076,9123,9178,9323,9365,9354,9387,9424,9496,9605,9728,9836,9881,9938,9992,10045,10109,10176
"Lasarte-Oria","0 - 19","Total",2927,2804,2786,2755,2752,2782,2816,2908,2974,3065,3125,3113,3210,3245,3277,3281,3325,3385,3431,3419,3454,3463,3437,3446,3490,3486,3424
"Lasarte-Oria","0 - 19","Hombres",1509,1440,1431,1400,1402,1421,1456,1469,1512,1574,1615,1606,1631,1644,1665,1662,1679,1721,1742,1721,1740,1736,1717,1723,1744,1733,1712
"Lasarte-Oria","0 - 19","Mujeres",1418,1364,1355,1355,1350,1361,1360,1439,1462,1491,1510,1507,1579,1601,1612,1619,1646,1664,1689,1698,1714,1727,1720,1723,1746,1753,1712
"Lasarte-Oria","20 - 64","Total",12024,11983,12096,12067,11993,11836,11709,11683,11575,11499,11368,11351,11268,11108,10946,10875,10799,10751,10811,10966,11131,11140,11234,11240,11308,11394,11514
"Lasarte-Oria","20 - 64","Hombres",6039,6027,6083,6064,6013,5905,5844,5833,5802,5760,5693,5700,5673,5569,5515,5490,5429,5399,5428,5518,5615,5628,5682,5642,5691,5730,5804
"Lasarte-Oria","20 - 64","Mujeres",5985,5956,6013,6003,5980,5931,5865,5850,5773,5739,5675,5651,5595,5539,5431,5385,5370,5352,5383,5448,5516,5512,5552,5598,5617,5664,5710
"Lasarte-Oria",">= 65","Total",2148,2276,2409,2541,2641,2790,2934,3074,3292,3451,3615,3754,3938,4102,4221,4338,4420,4541,4583,4660,4709,4731,4747,4818,4791,4798,4870
"Lasarte-Oria",">= 65","Hombres",921,986,1076,1167,1229,1324,1389,1448,1534,1605,1677,1734,1789,1877,1910,1955,2012,2061,2050,2078,2103,2089,2081,2147,2109,2106,2116
"Lasarte-Oria",">= 65","Mujeres",1227,1290,1333,1374,1412,1466,1545,1626,1758,1846,1938,2020,2149,2225,2311,2383,2408,2480,2533,2582,2606,2642,2666,2671,2682,2692,2754
"Laudio/Llodio","Total","Total",18537,18399,18328,18282,18334,18353,18389,18299,18346,18446,18546,18568,18592,18532,18404,18303,18399,18447,18345,18351,18109,18026,18023,18030,18042,18093,18193
"Laudio/Llodio","Total","Hombres",9216,9140,9104,9085,9114,9113,9094,9040,9074,9133,9160,9176,9180,9165,9080,9030,9032,9040,8933,8921,8806,8730,8721,8721,8715,8750,8808
"Laudio/Llodio","Total","Mujeres",9321,9259,9224,9197,9220,9240,9295,9259,9272,9313,9386,9392,9412,9367,9324,9273,9367,9407,9412,9430,9303,9296,9302,9309,9327,9343,9385
"Laudio/Llodio","0 - 19","Total",3213,3078,2995,2919,2887,2839,2862,2858,2804,2924,2945,2955,2973,2997,2997,2985,3012,3041,3052,3101,3073,3078,3063,3061,3065,3082,3038
"Laudio/Llodio","0 - 19","Hombres",1668,1606,1564,1522,1496,1464,1467,1477,1442,1515,1525,1545,1566,1585,1592,1579,1586,1602,1604,1630,1602,1580,1566,1569,1562,1565,1558
"Laudio/Llodio","0 - 19","Mujeres",1545,1472,1431,1397,1391,1375,1395,1381,1362,1409,1420,1410,1407,1412,1405,1406,1426,1439,1448,1471,1471,1498,1497,1492,1503,1517,1480
"Laudio/Llodio","20 - 64","Total",12350,12204,12135,12076,12070,12040,11985,11772,11901,11693,11622,11543,11430,11232,11040,10826,10845,10783,10642,10532,10352,10230,10211,10174,10142,10142,10238
"Laudio/Llodio","20 - 64","Hombres",6180,6092,6071,6043,6074,6081,6040,5920,6008,5894,5847,5785,5734,5639,5513,5428,5438,5406,5312,5248,5168,5099,5087,5055,5041,5065,5121
"Laudio/Llodio","20 - 64","Mujeres",6170,6112,6064,6033,5996,5959,5945,5852,5893,5799,5775,5758,5696,5593,5527,5398,5407,5377,5330,5284,5184,5131,5124,5119,5101,5077,5117
"Laudio/Llodio",">= 65","Total",2974,3117,3198,3287,3377,3474,3542,3669,3641,3829,3979,4070,4189,4303,4367,4492,4542,4623,4651,4718,4684,4718,4749,4795,4835,4869,4917
"Laudio/Llodio",">= 65","Hombres",1368,1442,1469,1520,1544,1568,1587,1643,1624,1724,1788,1846,1880,1941,1975,2023,2008,2032,2017,2043,2036,2051,2068,2097,2112,2120,2129
"Laudio/Llodio",">= 65","Mujeres",1606,1675,1729,1767,1833,1906,1955,2026,2017,2105,2191,2224,2309,2362,2392,2469,2534,2591,2634,2675,2648,2667,2681,2698,2723,2749,2788
"Laukiz","Total","Total",997,992,983,969,970,973,992,1061,1090,1120,1146,1155,1160,1144,1157,1183,1155,1162,1165,1197,1249,1238,1231,1235,1242,1253,1248
"Laukiz","Total","Hombres",521,505,500,504,501,499,503,538,552,565,584,584,581,566,573,586,564,563,568,570,598,599,597,596,599,603,606
"Laukiz","Total","Mujeres",476,487,483,465,469,474,489,523,538,555,562,571,579,578,584,597,591,599,597,627,651,639,634,639,643,650,642
"Laukiz","0 - 19","Total",167,173,173,167,169,180,181,202,222,237,243,255,262,258,264,273,267,275,277,280,292,271,276,266,276,274,263
"Laukiz","0 - 19","Hombres",100,98,99,101,102,106,105,113,119,127,129,140,145,133,137,143,140,141,144,146,155,141,138,135,133,133,122
"Laukiz","0 - 19","Mujeres",67,75,74,66,67,74,76,89,103,110,114,115,117,125,127,130,127,134,133,134,137,130,138,131,143,141,141
"Laukiz","20 - 64","Total",667,655,650,642,640,628,645,686,687,686,709,693,685,671,677,687,665,661,656,683,712,723,709,721,725,742,744
"Laukiz","20 - 64","Hombres",339,328,324,321,319,312,317,343,344,343,355,339,334,335,339,340,324,324,322,322,334,351,350,350,357,366,377
"Laukiz","20 - 64","Mujeres",328,327,326,321,321,316,328,343,343,343,354,354,351,336,338,347,341,337,334,361,378,372,359,371,368,376,367
"Laukiz",">= 65","Total",163,164,160,160,161,165,166,173,181,197,194,207,213,215,216,223,223,226,232,234,245,244,246,248,241,237,241
"Laukiz",">= 65","Hombres",82,79,77,82,80,81,81,82,89,95,100,105,102,98,97,103,100,98,102,102,109,107,109,111,109,104,107
"Laukiz",">= 65","Mujeres",81,85,83,78,81,84,85,91,92,102,94,102,111,117,119,120,123,128,130,132,136,137,137,137,132,133,134
"Lazkao","Total","Total",4781,4920,4964,4975,5011,5046,5118,5201,5260,5247,5302,5324,5372,5357,5349,5426,5435,5462,5549,5632,5810,5768,5780,5818,5828,5862,5888
"Lazkao","Total","Hombres",2464,2549,2557,2556,2572,2586,2626,2679,2717,2680,2681,2689,2721,2719,2695,2731,2727,2735,2780,2818,2889,2878,2880,2898,2898,2921,2916
"Lazkao","Total","Mujeres",2317,2371,2407,2419,2439,2460,2492,2522,2543,2567,2621,2635,2651,2638,2654,2695,2708,2727,2769,2814,2921,2890,2900,2920,2930,2941,2972
"Lazkao","0 - 19","Total",980,978,950,937,918,902,961,1007,1059,1073,1109,1133,1157,1170,1155,1181,1213,1207,1221,1234,1318,1268,1208,1260,1291,1290,1267
"Lazkao","0 - 19","Hombres",521,523,495,488,470,470,499,521,549,542,548,566,579,582,577,596,607,611,624,627,662,622,584,622,630,626,619
"Lazkao","0 - 19","Mujeres",459,455,455,449,448,432,462,486,510,531,561,567,578,588,578,585,606,596,597,607,656,646,624,638,661,664,648
"Lazkao","20 - 64","Total",2979,3103,3167,3182,3235,3265,3274,3323,3305,3284,3279,3261,3261,3227,3214,3253,3221,3229,3306,3350,3404,3431,3486,3446,3432,3446,3474
"Lazkao","20 - 64","Hombres",1562,1634,1675,1690,1722,1729,1739,1786,1785,1754,1738,1728,1739,1721,1684,1699,1682,1673,1711,1732,1745,1783,1819,1789,1781,1790,1783
"Lazkao","20 - 64","Mujeres",1417,1469,1492,1492,1513,1536,1535,1537,1520,1530,1541,1533,1522,1506,1530,1554,1539,1556,1595,1618,1659,1648,1667,1657,1651,1656,1691
"Lazkao",">= 65","Total",822,839,847,856,858,879,883,871,896,890,914,930,954,960,980,992,1001,1026,1022,1048,1088,1069,1086,1112,1105,1126,1147
"Lazkao",">= 65","Hombres",381,392,387,378,380,387,388,372,383,384,395,395,403,416,434,436,438,451,445,459,482,473,477,487,487,505,514
"Lazkao",">= 65","Mujeres",441,447,460,478,478,492,495,499,513,506,519,535,551,544,546,556,563,575,577,589,606,596,609,625,618,621,633
"Leaburu","Total","Total",361,369,373,367,371,375,376,380,379,389,378,380,359,370,364,360,359,367,363,378,368,372,366,383,377,380,383
"Leaburu","Total","Hombres",190,199,202,198,202,206,201,201,198,199,190,192,182,193,192,186,187,190,194,199,195,194,192,203,195,199,202
"Leaburu","Total","Mujeres",171,170,171,169,169,169,175,179,181,190,188,188,177,177,172,174,172,177,169,179,173,178,174,180,182,181,181
"Leaburu","0 - 19","Total",50,56,57,55,53,62,66,69,71,79,76,77,72,77,76,76,77,84,81,77,79,85,80,79,80,76,73
"Leaburu","0 - 19","Hombres",23,26,28,28,27,31,33,35,36,39,35,39,36,41,43,40,42,43,43,41,41,44,40,38,42,39,37
"Leaburu","0 - 19","Mujeres",27,30,29,27,26,31,33,34,35,40,41,38,36,36,33,36,35,41,38,36,38,41,40,41,38,37,36
"Leaburu","20 - 64","Total",226,229,235,231,238,234,228,233,229,233,223,221,203,213,211,210,208,214,203,219,212,209,213,223,215,219,221
"Leaburu","20 - 64","Hombres",133,138,141,137,140,138,131,131,127,128,122,117,107,112,112,111,107,111,107,113,111,107,112,118,108,113,115
"Leaburu","20 - 64","Mujeres",93,91,94,94,98,96,97,102,102,105,101,104,96,101,99,99,101,103,96,106,101,102,101,105,107,106,106
"Leaburu",">= 65","Total",85,84,81,81,80,79,82,78,79,77,79,82,84,80,77,74,74,69,79,82,77,78,73,81,82,85,89
"Leaburu",">= 65","Hombres",34,35,33,33,35,37,37,35,35,32,33,36,39,40,37,35,38,36,44,45,43,43,40,47,45,47,50
"Leaburu",">= 65","Mujeres",51,49,48,48,45,42,45,43,44,45,46,46,45,40,40,39,36,33,35,37,34,35,33,34,37,38,39
"Legazpi","Total","Total",8752,8712,8664,8626,8571,8515,8553,8649,8655,8660,8629,8587,8586,8557,8480,8438,8462,8428,8430,8409,8336,8292,8269,8290,8335,8372,8377
"Legazpi","Total","Hombres",4442,4421,4390,4362,4354,4342,4367,4435,4457,4460,4413,4382,4358,4340,4306,4294,4288,4266,4251,4243,4203,4175,4155,4166,4182,4215,4229
"Legazpi","Total","Mujeres",4310,4291,4274,4264,4217,4173,4186,4214,4198,4200,4216,4205,4228,4217,4174,4144,4174,4162,4179,4166,4133,4117,4114,4124,4153,4157,4148
"Legazpi","0 - 19","Total",1485,1450,1414,1405,1373,1368,1376,1416,1410,1446,1472,1486,1540,1531,1516,1515,1517,1505,1499,1472,1467,1459,1467,1470,1485,1483,1494
"Legazpi","0 - 19","Hombres",765,756,742,723,707,702,714,739,738,762,767,780,801,799,798,796,789,790,776,765,759,753,761,760,770,779,774
"Legazpi","0 - 19","Mujeres",720,694,672,682,666,666,662,677,672,684,705,706,739,732,718,719,728,715,723,707,708,706,706,710,715,704,720
"Legazpi","20 - 64","Total",5592,5529,5500,5481,5472,5385,5403,5442,5441,5355,5239,5153,5094,5037,4946,4847,4839,4795,4780,4770,4677,4603,4573,4583,4600,4635,4607
"Legazpi","20 - 64","Hombres",2885,2853,2848,2846,2860,2850,2868,2904,2928,2872,2783,2729,2695,2660,2619,2574,2555,2524,2498,2495,2434,2392,2366,2380,2382,2412,2424
"Legazpi","20 - 64","Mujeres",2707,2676,2652,2635,2612,2535,2535,2538,2513,2483,2456,2424,2399,2377,2327,2273,2284,2271,2282,2275,2243,2211,2207,2203,2218,2223,2183
"Legazpi",">= 65","Total",1675,1733,1750,1740,1726,1762,1774,1791,1804,1859,1918,1948,1952,1989,2018,2076,2106,2128,2151,2167,2192,2230,2229,2237,2250,2254,2276
"Legazpi",">= 65","Hombres",792,812,800,793,787,790,785,792,791,826,863,873,862,881,889,924,944,952,977,983,1010,1030,1028,1026,1030,1024,1031
"Legazpi",">= 65","Mujeres",883,921,950,947,939,972,989,999,1013,1033,1055,1075,1090,1108,1129,1152,1162,1176,1174,1184,1182,1200,1201,1211,1220,1230,1245
"Legorreta","Total","Total",1365,1367,1371,1370,1386,1402,1413,1429,1469,1489,1528,1515,1534,1510,1483,1485,1504,1502,1489,1490,1485,1476,1492,1510,1499,1494,1499
"Legorreta","Total","Hombres",690,692,695,693,715,737,732,741,755,768,783,784,799,784,756,756,777,777,765,770,757,750,765,772,767,764,773
"Legorreta","Total","Mujeres",675,675,676,677,671,665,681,688,714,721,745,731,735,726,727,729,727,725,724,720,728,726,727,738,732,730,726
"Legorreta","0 - 19","Total",240,239,232,217,216,231,242,246,268,288,287,281,287,301,292,306,313,324,304,308,312,306,302,309,306,311,310
"Legorreta","0 - 19","Hombres",122,123,118,106,108,120,121,124,135,147,140,137,143,156,145,156,159,172,160,162,165,150,149,153,152,157,157
"Legorreta","0 - 19","Mujeres",118,116,114,111,108,111,121,122,133,141,147,144,144,145,147,150,154,152,144,146,147,156,153,156,154,154,153
"Legorreta","20 - 64","Total",863,861,860,874,896,904,903,918,922,916,940,924,933,900,867,848,856,835,840,843,841,850,874,868,862,856,880
"Legorreta","20 - 64","Hombres",444,449,447,457,477,487,485,497,492,490,506,500,506,485,458,438,454,439,441,450,439,457,474,465,465,463,479
"Legorreta","20 - 64","Mujeres",419,412,413,417,419,417,418,421,430,426,434,424,427,415,409,410,402,396,399,393,402,393,400,403,397,393,401
"Legorreta",">= 65","Total",262,267,279,279,274,267,268,265,279,285,301,310,314,309,324,331,335,343,345,339,332,320,316,333,331,327,309
"Legorreta",">= 65","Hombres",124,120,130,130,130,130,126,120,128,131,137,147,150,143,153,162,164,166,164,158,153,143,142,154,150,144,137
"Legorreta",">= 65","Mujeres",138,147,149,149,144,137,142,145,151,154,164,163,164,166,171,169,171,177,181,181,179,177,174,179,181,183,172
"Legutio","Total","Total",1354,1370,1410,1443,1481,1517,1562,1600,1622,1623,1677,1741,1745,1698,1705,1732,1711,1773,1795,1832,1978,2017,2030,2048,2089,2091,2108
"Legutio","Total","Hombres",703,713,742,762,779,794,816,829,853,851,874,919,918,887,899,910,899,934,941,959,1042,1060,1064,1061,1075,1076,1096
"Legutio","Total","Mujeres",651,657,668,681,702,723,746,771,769,772,803,822,827,811,806,822,812,839,854,873,936,957,966,987,1014,1015,1012
"Legutio","0 - 19","Total",221,216,217,223,229,241,273,287,288,286,294,305,304,296,310,335,337,352,353,357,384,396,390,392,423,414,400
"Legutio","0 - 19","Hombres",107,113,110,111,108,115,132,133,132,139,142,141,141,135,149,166,169,175,173,176,194,201,200,197,214,211,206
"Legutio","0 - 19","Mujeres",114,103,107,112,121,126,141,154,156,147,152,164,163,161,161,169,168,177,180,181,190,195,190,195,209,203,194
"Legutio","20 - 64","Total",932,930,969,1006,1034,1051,1064,1088,1113,1114,1158,1196,1193,1140,1124,1109,1085,1115,1127,1147,1240,1259,1264,1284,1296,1300,1321
"Legutio","20 - 64","Hombres",497,491,522,543,563,565,575,588,616,609,621,654,651,620,612,594,580,598,605,620,671,681,677,680,677,679,707
"Legutio","20 - 64","Mujeres",435,439,447,463,471,486,489,500,497,505,537,542,542,520,512,515,505,517,522,527,569,578,587,604,619,621,614
"Legutio",">= 65","Total",201,224,224,214,218,225,225,225,221,223,225,240,248,262,271,288,289,306,315,328,354,362,376,372,370,377,387
"Legutio",">= 65","Hombres",99,109,110,108,108,114,109,108,105,103,111,124,126,132,138,150,150,161,163,163,177,178,187,184,184,186,183
"Legutio",">= 65","Mujeres",102,115,114,106,110,111,116,117,116,120,114,116,122,130,133,138,139,145,152,165,177,184,189,188,186,191,204
"Leintz-Gatzaga","Total","Total",239,230,237,236,244,252,247,258,261,258,269,267,270,255,251,245,244,248,250,234,226,220,209,209,215,225,224
"Leintz-Gatzaga","Total","Hombres",127,123,128,127,134,141,138,146,149,145,148,145,149,144,139,137,133,136,133,128,132,130,123,125,128,130,127
"Leintz-Gatzaga","Total","Mujeres",112,107,109,109,110,111,109,112,112,113,121,122,121,111,112,108,111,112,117,106,94,90,86,84,87,95,97
"Leintz-Gatzaga","0 - 19","Total",39,36,37,38,39,39,42,45,45,48,52,51,54,46,49,43,44,51,42,35,33,32,27,27,28,30,32
"Leintz-Gatzaga","0 - 19","Hombres",16,13,16,19,19,20,20,22,23,23,23,22,26,17,19,18,18,21,13,14,14,13,9,9,8,8,9
"Leintz-Gatzaga","0 - 19","Mujeres",23,23,21,19,20,19,22,23,22,25,29,29,28,29,30,25,26,30,29,21,19,19,18,18,20,22,23
"Leintz-Gatzaga","20 - 64","Total",155,152,158,153,159,167,160,160,162,157,165,164,166,160,158,152,155,143,153,149,137,132,123,123,132,137,134
"Leintz-Gatzaga","20 - 64","Hombres",91,91,93,88,94,99,96,95,96,93,96,96,97,100,97,91,91,86,87,86,83,82,79,80,89,89,85
"Leintz-Gatzaga","20 - 64","Mujeres",64,61,65,65,65,68,64,65,66,64,69,68,69,60,61,61,64,57,66,63,54,50,44,43,43,48,49
"Leintz-Gatzaga",">= 65","Total",45,42,42,45,46,46,45,53,54,53,52,52,50,49,44,50,45,54,55,50,56,56,59,59,55,58,58
"Leintz-Gatzaga",">= 65","Hombres",20,19,19,20,21,22,22,29,30,29,29,27,26,27,23,28,24,29,33,28,35,35,35,36,31,33,33
"Leintz-Gatzaga",">= 65","Mujeres",25,23,23,25,25,24,23,24,24,24,23,25,24,22,21,22,21,25,22,22,21,21,24,23,24,25,25
"Leioa","Total","Total",27336,27613,27900,27813,28175,28592,29036,29553,29930,30165,30426,30557,30557,30595,30642,30793,30753,30904,31188,31424,31940,31946,32209,32255,32363,32448,32495
"Leioa","Total","Hombres",13506,13620,13753,13647,13801,13988,14166,14450,14609,14701,14821,14877,14873,14859,14878,14916,14918,15012,15133,15256,15533,15575,15685,15689,15746,15802,15798
"Leioa","Total","Mujeres",13830,13993,14147,14166,14374,14604,14870,15103,15321,15464,15605,15680,15684,15736,15764,15877,15835,15892,16055,16168,16407,16371,16524,16566,16617,16646,16697
"Leioa","0 - 19","Total",5438,5361,5346,5319,5380,5530,5564,5658,5726,5806,5913,6020,6031,6085,6134,6153,6102,6078,6190,6188,6294,6238,6252,6209,6188,6138,6045
"Leioa","0 - 19","Hombres",2802,2714,2707,2671,2712,2785,2815,2876,2903,2938,2988,3035,3059,3095,3115,3141,3146,3110,3146,3159,3232,3237,3225,3214,3238,3213,3151
"Leioa","0 - 19","Mujeres",2636,2647,2639,2648,2668,2745,2749,2782,2823,2868,2925,2985,2972,2990,3019,3012,2956,2968,3044,3029,3062,3001,3027,2995,2950,2925,2894
"Leioa","20 - 64","Total",19014,19245,19435,19357,19573,19672,19995,20287,20433,20387,20322,20109,19876,19603,19287,19160,19014,19023,18979,19004,19155,19112,19217,19211,19246,19269,19148
"Leioa","20 - 64","Hombres",9469,9622,9735,9654,9719,9757,9843,10018,10081,10040,10021,9902,9753,9578,9445,9369,9300,9372,9341,9349,9439,9456,9516,9481,9449,9482,9421
"Leioa","20 - 64","Mujeres",9545,9623,9700,9703,9854,9915,10152,10269,10352,10347,10301,10207,10123,10025,9842,9791,9714,9651,9638,9655,9716,9656,9701,9730,9797,9787,9727
"Leioa",">= 65","Total",2884,3007,3119,3137,3222,3390,3477,3608,3771,3972,4191,4428,4650,4907,5221,5480,5637,5803,6019,6232,6491,6596,6740,6835,6929,7041,7302
"Leioa",">= 65","Hombres",1235,1284,1311,1322,1370,1446,1508,1556,1625,1723,1812,1940,2061,2186,2318,2406,2472,2530,2646,2748,2862,2882,2944,2994,3059,3107,3226
"Leioa",">= 65","Mujeres",1649,1723,1808,1815,1852,1944,1969,2052,2146,2249,2379,2488,2589,2721,2903,3074,3165,3273,3373,3484,3629,3714,3796,3841,3870,3934,4076
"Lekeitio","Total","Total",7353,7307,7273,7224,7242,7273,7355,7454,7444,7410,7385,7421,7373,7345,7230,7187,7192,7212,7246,7227,7243,7150,7122,7107,7114,7130,7186
"Lekeitio","Total","Hombres",3647,3623,3593,3556,3569,3590,3627,3653,3646,3613,3623,3629,3604,3609,3554,3547,3561,3560,3578,3575,3561,3529,3512,3505,3505,3513,3549
"Lekeitio","Total","Mujeres",3706,3684,3680,3668,3673,3683,3728,3801,3798,3797,3762,3792,3769,3736,3676,3640,3631,3652,3668,3652,3682,3621,3610,3602,3609,3617,3637
"Lekeitio","0 - 19","Total",1172,1162,1143,1135,1138,1166,1205,1224,1237,1261,1284,1284,1307,1302,1313,1291,1279,1290,1311,1293,1272,1216,1207,1193,1172,1163,1115
"Lekeitio","0 - 19","Hombres",606,602,594,589,594,616,633,636,640,649,675,665,674,675,679,677,664,667,675,672,658,626,614,615,606,599,570
"Lekeitio","0 - 19","Mujeres",566,560,549,546,544,550,572,588,597,612,609,619,633,627,634,614,615,623,636,621,614,590,593,578,566,564,545
"Lekeitio","20 - 64","Total",4588,4546,4538,4495,4510,4504,4526,4587,4554,4465,4410,4440,4359,4327,4218,4180,4195,4172,4161,4132,4124,4065,4039,4023,4049,4041,4100
"Lekeitio","20 - 64","Hombres",2371,2350,2335,2315,2312,2306,2319,2342,2319,2265,2243,2260,2213,2214,2157,2148,2158,2123,2118,2103,2084,2072,2057,2044,2055,2045,2087
"Lekeitio","20 - 64","Mujeres",2217,2196,2203,2180,2198,2198,2207,2245,2235,2200,2167,2180,2146,2113,2061,2032,2037,2049,2043,2029,2040,1993,1982,1979,1994,1996,2013
"Lekeitio",">= 65","Total",1593,1599,1592,1594,1594,1603,1624,1643,1653,1684,1691,1697,1707,1716,1699,1716,1718,1750,1774,1802,1847,1869,1876,1891,1893,1926,1971
"Lekeitio",">= 65","Hombres",670,671,664,652,663,668,675,675,687,699,705,704,717,720,718,722,739,770,785,800,819,831,841,846,844,869,892
"Lekeitio",">= 65","Mujeres",923,928,928,942,931,935,949,968,966,985,986,993,990,996,981,994,979,980,989,1002,1028,1038,1035,1045,1049,1057,1079
"Lemoa","Total","Total",2692,2776,2831,2859,2864,2874,2957,3107,3156,3238,3371,3486,3533,3573,3544,3559,3614,3631,3610,3628,3531,3574,3589,3585,3588,3619,3640
"Lemoa","Total","Hombres",1326,1376,1402,1420,1425,1433,1464,1546,1562,1606,1682,1761,1784,1804,1803,1800,1821,1830,1816,1819,1777,1799,1810,1804,1813,1827,1845
"Lemoa","Total","Mujeres",1366,1400,1429,1439,1439,1441,1493,1561,1594,1632,1689,1725,1749,1769,1741,1759,1793,1801,1794,1809,1754,1775,1779,1781,1775,1792,1795
"Lemoa","0 - 19","Total",433,453,446,457,454,464,491,519,534,539,586,624,648,675,699,720,749,744,746,754,749,754,776,753,745,752,747
"Lemoa","0 - 19","Hombres",214,223,227,229,219,229,241,261,268,270,296,314,338,361,385,395,404,401,398,402,395,401,409,397,397,397,399
"Lemoa","0 - 19","Mujeres",219,230,219,228,235,235,250,258,266,269,290,310,310,314,314,325,345,343,348,352,354,353,367,356,348,355,348
"Lemoa","20 - 64","Total",1639,1697,1752,1773,1788,1804,1855,1988,2033,2108,2191,2270,2280,2305,2269,2251,2263,2282,2259,2251,2174,2206,2207,2210,2222,2220,2230
"Lemoa","20 - 64","Hombres",837,876,904,924,946,950,974,1044,1062,1103,1150,1212,1204,1203,1191,1169,1170,1188,1171,1157,1122,1138,1140,1135,1143,1140,1145
"Lemoa","20 - 64","Mujeres",802,821,848,849,842,854,881,944,971,1005,1041,1058,1076,1102,1078,1082,1093,1094,1088,1094,1052,1068,1067,1075,1079,1080,1085
"Lemoa",">= 65","Total",620,626,633,629,622,606,611,600,589,591,594,592,605,593,576,588,602,605,605,623,608,614,606,622,621,647,663
"Lemoa",">= 65","Hombres",275,277,271,267,260,254,249,241,232,233,236,235,242,240,227,236,247,241,247,260,260,260,261,272,273,290,301
"Lemoa",">= 65","Mujeres",345,349,362,362,362,352,362,359,357,358,358,357,363,353,349,352,355,364,358,363,348,354,345,350,348,357,362
"Lemoiz","Total","Total",932,916,924,938,948,961,984,1028,1031,1037,1049,1091,1153,1193,1232,1244,1233,1240,1238,1257,1320,1340,1321,1340,1342,1362,1370
"Lemoiz","Total","Hombres",497,487,482,490,491,494,506,552,552,546,551,577,607,630,651,664,666,668,664,673,693,701,690,702,705,713,717
"Lemoiz","Total","Mujeres",435,429,442,448,457,467,478,476,479,491,498,514,546,563,581,580,567,572,574,584,627,639,631,638,637,649,653
"Lemoiz","0 - 19","Total",140,145,139,157,157,169,173,181,188,191,195,210,217,236,248,260,263,263,257,271,278,282,272,267,267,273,279
"Lemoiz","0 - 19","Hombres",76,78,73,81,83,86,87,91,93,90,91,102,100,111,119,129,133,137,134,139,146,147,141,144,144,150,152
"Lemoiz","0 - 19","Mujeres",64,67,66,76,74,83,86,90,95,101,104,108,117,125,129,131,130,126,123,132,132,135,131,123,123,123,127
"Lemoiz","20 - 64","Total",568,555,574,574,591,595,614,645,641,642,654,680,733,764,784,790,791,794,793,802,837,851,842,852,855,864,848
"Lemoiz","20 - 64","Hombres",314,306,307,311,317,317,326,362,361,360,373,384,414,430,441,445,446,442,439,441,443,452,444,446,451,449,441
"Lemoiz","20 - 64","Mujeres",254,249,267,263,274,278,288,283,280,282,281,296,319,334,343,345,345,352,354,361,394,399,398,406,404,415,407
"Lemoiz",">= 65","Total",224,216,211,207,200,197,197,202,202,204,200,201,203,193,200,194,179,183,188,184,205,207,207,221,220,225,243
"Lemoiz",">= 65","Hombres",107,103,102,98,91,91,93,99,98,96,87,91,93,89,91,90,87,89,91,93,104,102,105,112,110,114,124
"Lemoiz",">= 65","Mujeres",117,113,109,109,109,106,104,103,104,108,113,110,110,104,109,104,92,94,97,91,101,105,102,109,110,111,119
"Leza","Total","Total",205,213,217,230,226,222,232,232,230,241,217,225,218,213,222,216,222,211,217,226,217,216,222,221,224,213,208
"Leza","Total","Hombres",107,110,112,119,120,121,126,128,128,133,114,118,115,110,111,105,110,106,105,111,110,111,110,113,115,109,110
"Leza","Total","Mujeres",98,103,105,111,106,101,106,104,102,108,103,107,103,103,111,111,112,105,112,115,107,105,112,108,109,104,98
"Leza","0 - 19","Total",27,28,26,29,26,25,29,32,30,33,31,33,34,37,36,36,41,39,36,42,39,35,40,37,40,38,36
"Leza","0 - 19","Hombres",16,18,15,19,14,13,14,15,13,15,14,15,17,18,15,14,19,18,17,16,15,14,16,15,16,15,15
"Leza","0 - 19","Mujeres",11,10,11,10,12,12,15,17,17,18,17,18,17,19,21,22,22,21,19,26,24,21,24,22,24,23,21
"Leza","20 - 64","Total",105,114,125,134,139,135,142,137,140,145,126,134,129,120,129,122,121,113,126,127,120,123,121,122,122,115,111
"Leza","20 - 64","Hombres",59,60,67,71,78,80,85,83,87,88,74,79,75,66,72,67,64,63,66,69,70,73,68,71,72,67,66
"Leza","20 - 64","Mujeres",46,54,58,63,61,55,57,54,53,57,52,55,54,54,57,55,57,50,60,58,50,50,53,51,50,48,45
"Leza",">= 65","Total",73,71,66,67,61,62,61,63,60,63,60,58,55,56,57,58,60,59,55,57,58,58,61,62,62,60,61
"Leza",">= 65","Hombres",32,32,30,29,28,28,27,30,28,30,26,24,23,26,24,24,27,25,22,26,25,24,26,27,27,27,29
"Leza",">= 65","Mujeres",41,39,36,38,33,34,34,33,32,33,34,34,32,30,33,34,33,34,33,31,33,34,35,35,35,33,32
"Lezama","Total","Total",2200,2206,2230,2265,2302,2344,2402,2431,2439,2472,2491,2450,2418,2399,2368,2353,2371,2403,2383,2413,2404,2422,2394,2397,2385,2402,2363
"Lezama","Total","Hombres",1133,1128,1140,1150,1158,1169,1188,1206,1199,1224,1227,1188,1170,1160,1149,1152,1154,1166,1157,1178,1183,1194,1182,1183,1178,1183,1157
"Lezama","Total","Mujeres",1067,1078,1090,1115,1144,1175,1214,1225,1240,1248,1264,1262,1248,1239,1219,1201,1217,1237,1226,1235,1221,1228,1212,1214,1207,1219,1206
"Lezama","0 - 19","Total",441,435,419,438,443,454,464,480,477,491,486,494,492,486,478,487,497,502,476,481,495,482,452,465,459,453,434
"Lezama","0 - 19","Hombres",246,237,235,237,237,234,236,246,244,255,251,248,249,244,242,252,266,255,246,256,267,259,233,248,246,239,221
"Lezama","0 - 19","Mujeres",195,198,184,201,206,220,228,234,233,236,235,246,243,242,236,235,231,247,230,225,228,223,219,217,213,214,213
"Lezama","20 - 64","Total",1391,1399,1433,1446,1482,1512,1554,1567,1576,1595,1600,1558,1522,1499,1462,1430,1429,1450,1440,1447,1409,1435,1430,1409,1397,1400,1368
"Lezama","20 - 64","Hombres",734,732,744,752,763,773,788,795,789,804,804,769,741,730,708,697,689,702,695,700,683,701,704,684,678,679,670
"Lezama","20 - 64","Mujeres",657,667,689,694,719,739,766,772,787,791,796,789,781,769,754,733,740,748,745,747,726,734,726,725,719,721,698
"Lezama",">= 65","Total",368,372,378,381,377,378,384,384,386,386,405,398,404,414,428,436,445,451,467,485,500,505,512,523,529,549,561
"Lezama",">= 65","Hombres",153,159,161,161,158,162,164,165,166,165,172,171,180,186,199,203,199,209,216,222,233,234,245,251,254,265,266
"Lezama",">= 65","Mujeres",215,213,217,220,219,216,220,219,220,221,233,227,224,228,229,233,246,242,251,263,267,271,267,272,275,284,295
"Lezo","Total","Total",5786,5886,5968,5852,5882,5912,5924,5987,5986,6017,6040,6053,6121,6078,6056,6002,6037,6021,6102,6080,6087,6041,6011,6038,6034,6010,6188
"Lezo","Total","Hombres",2905,2959,2989,2935,2943,2949,2951,2968,2975,2993,3004,3011,3052,3023,3010,2981,3010,3005,3049,3052,3016,2988,2960,2971,2984,2969,3044
"Lezo","Total","Mujeres",2881,2927,2979,2917,2939,2963,2973,3019,3011,3024,3036,3042,3069,3055,3046,3021,3027,3016,3053,3028,3071,3053,3051,3067,3050,3041,3144
"Lezo","0 - 19","Total",1188,1168,1169,1127,1141,1131,1131,1148,1172,1200,1191,1184,1207,1188,1178,1151,1158,1154,1174,1165,1158,1122,1099,1108,1087,1067,1090
"Lezo","0 - 19","Hombres",625,619,619,583,592,588,573,580,604,612,606,597,618,616,618,605,604,615,625,625,621,600,584,580,571,568,577
"Lezo","0 - 19","Mujeres",563,549,550,544,549,543,558,568,568,588,585,587,589,572,560,546,554,539,549,540,537,522,515,528,516,499,513
"Lezo","20 - 64","Total",3892,3984,4059,3982,4007,4027,4030,4064,4020,4011,4033,4013,4026,3988,3952,3892,3875,3825,3835,3807,3767,3717,3681,3680,3679,3643,3753
"Lezo","20 - 64","Hombres",1977,2028,2057,2041,2039,2036,2056,2064,2037,2033,2045,2051,2049,2011,1988,1955,1952,1903,1907,1899,1856,1834,1816,1822,1841,1814,1859
"Lezo","20 - 64","Mujeres",1915,1956,2002,1941,1968,1991,1974,2000,1983,1978,1988,1962,1977,1977,1964,1937,1923,1922,1928,1908,1911,1883,1865,1858,1838,1829,1894
"Lezo",">= 65","Total",706,734,740,743,734,754,763,775,794,806,816,856,888,902,926,959,1004,1042,1093,1108,1162,1202,1231,1250,1268,1300,1345
"Lezo",">= 65","Hombres",303,312,313,311,312,325,322,324,334,348,353,363,385,396,404,421,454,487,517,528,539,554,560,569,572,587,608
"Lezo",">= 65","Mujeres",403,422,427,432,422,429,441,451,460,458,463,493,503,506,522,538,550,555,576,580,623,648,671,681,696,713,737
"Lizartza","Total","Total",600,603,611,615,607,599,603,623,633,656,641,648,671,671,657,638,641,644,647,649,648,651,652,657,662,686,700
"Lizartza","Total","Hombres",314,317,320,321,318,315,315,329,329,345,338,354,368,369,358,343,341,340,342,344,344,344,349,351,357,359,369
"Lizartza","Total","Mujeres",286,286,291,294,289,284,288,294,304,311,303,294,303,302,299,295,300,304,305,305,304,307,303,306,305,327,331
"Lizartza","0 - 19","Total",78,77,91,95,94,93,96,98,115,122,118,123,130,131,128,130,133,135,135,135,130,130,120,118,121,137,147
"Lizartza","0 - 19","Hombres",44,39,48,49,50,45,49,51,57,61,58,59,68,70,61,62,60,61,59,62,56,57,51,49,53,59,61
"Lizartza","0 - 19","Mujeres",34,38,43,46,44,48,47,47,58,61,60,64,62,61,67,68,73,74,76,73,74,73,69,69,68,78,86
"Lizartza","20 - 64","Total",396,413,405,407,404,402,404,420,405,423,408,413,416,412,398,376,373,364,372,369,371,381,392,389,399,401,406
"Lizartza","20 - 64","Hombres",216,229,222,219,218,223,220,233,224,235,224,239,238,237,231,213,210,201,208,202,211,210,223,220,230,222,232
"Lizartza","20 - 64","Mujeres",180,184,183,188,186,179,184,187,181,188,184,174,178,175,167,163,163,163,164,167,160,171,169,169,169,179,174
"Lizartza",">= 65","Total",126,113,115,113,109,104,103,105,113,111,115,112,125,128,131,132,135,145,140,145,147,140,140,150,142,148,147
"Lizartza",">= 65","Hombres",54,49,50,53,50,47,46,45,48,49,56,56,62,62,66,68,71,78,75,80,77,77,75,82,74,78,76
"Lizartza",">= 65","Mujeres",72,64,65,60,59,57,57,60,65,62,59,56,63,66,65,64,64,67,65,65,70,63,65,68,68,70,71
"Loiu","Total","Total",1832,2081,1949,1994,2037,2085,2110,2074,2215,2447,2416,2420,2402,2298,2311,2277,2300,2336,2355,2311,2259,2211,2197,2193,2217,2243,2240
"Loiu","Total","Hombres",894,1115,980,1026,1049,1075,1074,1049,1150,1258,1237,1222,1208,1169,1151,1136,1138,1168,1201,1178,1180,1106,1093,1090,1108,1143,1144
"Loiu","Total","Mujeres",938,966,969,968,988,1010,1036,1025,1065,1189,1179,1198,1194,1129,1160,1141,1162,1168,1154,1133,1079,1105,1104,1103,1109,1100,1096
"Loiu","0 - 19","Total",359,551,461,477,447,470,488,404,488,503,505,507,493,480,497,472,504,533,556,550,524,446,405,405,433,459,425
"Loiu","0 - 19","Hombres",187,363,273,292,266,278,289,216,295,306,297,287,265,259,255,257,282,302,328,343,315,241,227,230,236,265,264
"Loiu","0 - 19","Mujeres",172,188,188,185,181,192,199,188,193,197,208,220,228,221,242,215,222,231,228,207,209,205,178,175,197,194,161
"Loiu","20 - 64","Total",1094,1146,1103,1156,1223,1241,1243,1272,1319,1430,1392,1394,1397,1364,1372,1353,1338,1357,1338,1295,1259,1299,1315,1281,1260,1254,1272
"Loiu","20 - 64","Hombres",542,584,550,577,620,632,623,660,688,749,740,727,738,725,718,691,670,678,679,643,658,657,658,645,647,647,636
"Loiu","20 - 64","Mujeres",552,562,553,579,603,609,620,612,631,681,652,667,659,639,654,662,668,679,659,652,601,642,657,636,613,607,636
"Loiu",">= 65","Total",379,384,385,361,367,374,379,398,408,514,519,519,512,454,442,452,458,446,461,466,476,466,477,507,524,530,543
"Loiu",">= 65","Hombres",165,168,157,157,163,165,162,173,167,203,200,208,205,185,178,188,186,188,194,192,207,208,208,215,225,231,244
"Loiu",">= 65","Mujeres",214,216,228,204,204,209,217,225,241,311,319,311,307,269,264,264,272,258,267,274,269,258,269,292,299,299,299
"Mallabia","Total","Total",1136,1129,1137,1123,1130,1140,1155,1165,1170,1177,1183,1195,1211,1209,1214,1175,1179,1173,1174,1190,1180,1192,1183,1166,1159,1161,1120
"Mallabia","Total","Hombres",600,601,603,593,587,583,592,587,588,593,591,601,601,607,607,589,595,593,599,608,592,597,598,586,584,585,568
"Mallabia","Total","Mujeres",536,528,534,530,543,557,563,578,582,584,592,594,610,602,607,586,584,580,575,582,588,595,585,580,575,576,552
"Mallabia","0 - 19","Total",189,180,179,182,172,175,174,180,195,199,201,206,219,222,222,200,200,192,194,197,207,212,208,206,200,209,187
"Mallabia","0 - 19","Hombres",111,101,106,106,97,92,92,91,99,101,99,101,104,107,100,93,89,92,94,99,104,109,108,107,107,113,99
"Mallabia","0 - 19","Mujeres",78,79,73,76,75,83,82,89,96,98,102,105,115,115,122,107,111,100,100,98,103,103,100,99,93,96,88
"Mallabia","20 - 64","Total",759,767,771,755,772,780,795,795,767,767,765,770,764,754,753,724,716,716,700,710,690,695,691,678,674,668,662
"Mallabia","20 - 64","Hombres",396,412,408,396,400,398,408,406,388,390,389,395,386,383,390,370,376,371,366,368,353,351,350,344,338,332,337
"Mallabia","20 - 64","Mujeres",363,355,363,359,372,382,387,389,379,377,376,375,378,371,363,354,340,345,334,342,337,344,341,334,336,336,325
"Mallabia",">= 65","Total",188,182,187,186,186,185,186,190,208,211,217,219,228,233,239,251,263,265,280,283,283,285,284,282,285,284,271
"Mallabia",">= 65","Hombres",93,88,89,91,90,93,92,90,101,102,103,105,111,117,117,126,130,130,139,141,135,137,140,135,139,140,132
"Mallabia",">= 65","Mujeres",95,94,98,95,96,92,94,100,107,109,114,114,117,116,122,125,133,135,141,142,148,148,144,147,146,144,139
"Mañaria","Total","Total",470,463,464,460,455,451,473,474,495,515,510,505,512,500,522,518,522,519,516,522,516,526,532,530,546,534,538
"Mañaria","Total","Hombres",249,240,241,241,239,238,256,265,278,287,279,281,284,270,276,275,274,270,263,259,263,274,278,276,287,287,289
"Mañaria","Total","Mujeres",221,223,223,219,216,213,217,209,217,228,231,224,228,230,246,243,248,249,253,263,253,252,254,254,259,247,249
"Mañaria","0 - 19","Total",73,75,66,67,66,67,68,68,73,83,79,81,85,88,94,93,95,101,98,99,102,106,107,106,112,113,111
"Mañaria","0 - 19","Hombres",42,41,36,38,39,39,38,38,40,47,39,43,45,49,50,51,53,59,58,56,60,61,62,62,61,62,63
"Mañaria","0 - 19","Mujeres",31,34,30,29,27,28,30,30,33,36,40,38,40,39,44,42,42,42,40,43,42,45,45,44,51,51,48
"Mañaria","20 - 64","Total",300,299,305,300,301,296,314,313,330,339,340,326,333,316,332,322,326,317,313,311,301,304,306,302,310,303,305
"Mañaria","20 - 64","Hombres",161,157,158,159,157,155,174,179,188,192,195,193,193,174,177,174,173,164,157,154,151,155,159,157,166,167,168
"Mañaria","20 - 64","Mujeres",139,142,147,141,144,141,140,134,142,147,145,133,140,142,155,148,153,153,156,157,150,149,147,145,144,136,137
"Mañaria",">= 65","Total",97,89,93,93,88,88,91,93,92,93,91,98,94,96,96,103,101,101,105,112,113,116,119,122,124,118,122
"Mañaria",">= 65","Hombres",46,42,47,44,43,44,44,48,50,48,45,45,46,47,49,50,48,47,48,49,52,58,57,57,60,58,58
"Mañaria",">= 65","Mujeres",51,47,46,49,45,44,47,45,42,45,46,53,48,49,47,53,53,54,57,63,61,58,62,65,64,60,64
"Markina-Xemein","Total","Total",5388,5390,5404,5435,5174,4518,4639,4750,4897,4890,4913,4906,4925,4923,4906,4899,4933,4895,4964,5025,5032,5024,5023,5015,5031,5058,5056
"Markina-Xemein","Total","Hombres",2721,2730,2749,2774,2646,2311,2406,2496,2596,2573,2582,2541,2549,2545,2534,2513,2556,2511,2543,2559,2567,2562,2552,2543,2532,2556,2566
"Markina-Xemein","Total","Mujeres",2667,2660,2655,2661,2528,2207,2233,2254,2301,2317,2331,2365,2376,2378,2372,2386,2377,2384,2421,2466,2465,2462,2471,2472,2499,2502,2490
"Markina-Xemein","0 - 19","Total",937,902,868,877,836,753,771,771,797,817,853,872,886,897,915,931,963,965,1011,1020,1039,1045,1037,1051,1056,1057,1027
"Markina-Xemein","0 - 19","Hombres",515,503,482,477,460,402,414,415,441,456,470,477,483,485,496,495,515,517,536,540,548,543,547,549,545,541,528
"Markina-Xemein","0 - 19","Mujeres",422,399,386,400,376,351,357,356,356,361,383,395,403,412,419,436,448,448,475,480,491,502,490,502,511,516,499
"Markina-Xemein","20 - 64","Total",3301,3321,3364,3402,3279,2866,2971,3085,3187,3142,3128,3081,3082,3062,3010,2964,2949,2880,2882,2925,2902,2866,2853,2835,2836,2851,2852
"Markina-Xemein","20 - 64","Hombres",1700,1719,1755,1801,1722,1521,1609,1699,1759,1713,1695,1635,1632,1622,1588,1561,1561,1498,1513,1523,1509,1490,1471,1466,1454,1475,1472
"Markina-Xemein","20 - 64","Mujeres",1601,1602,1609,1601,1557,1345,1362,1386,1428,1429,1433,1446,1450,1440,1422,1403,1388,1382,1369,1402,1393,1376,1382,1369,1382,1376,1380
"Markina-Xemein",">= 65","Total",1150,1167,1172,1156,1059,899,897,894,913,931,932,953,957,964,981,1004,1021,1050,1071,1080,1091,1113,1133,1129,1139,1150,1177
"Markina-Xemein",">= 65","Hombres",506,508,512,496,464,388,383,382,396,404,417,429,434,438,450,457,480,496,494,496,510,529,534,528,533,540,566
"Markina-Xemein",">= 65","Mujeres",644,659,660,660,595,511,514,512,517,527,515,524,523,526,531,547,541,554,577,584,581,584,599,601,606,610,611
"Maruri-Jatabe","Total","Total",699,733,769,807,820,834,842,846,889,889,912,954,942,934,943,941,925,917,928,916,961,1005,1029,1040,1049,1045,1100
"Maruri-Jatabe","Total","Hombres",336,353,370,386,400,415,425,426,456,462,469,490,481,481,484,485,475,469,474,465,490,506,522,533,538,534,571
"Maruri-Jatabe","Total","Mujeres",363,380,399,421,420,419,417,420,433,427,443,464,461,453,459,456,450,448,454,451,471,499,507,507,511,511,529
"Maruri-Jatabe","0 - 19","Total",111,124,124,136,144,153,156,161,161,166,173,178,173,176,180,187,178,173,183,178,186,190,187,200,210,210,214
"Maruri-Jatabe","0 - 19","Hombres",55,62,63,64,67,72,72,76,80,81,83,91,88,92,95,104,99,92,99,98,106,103,100,109,120,117,116
"Maruri-Jatabe","0 - 19","Mujeres",56,62,61,72,77,81,84,85,81,85,90,87,85,84,85,83,79,81,84,80,80,87,87,91,90,93,98
"Maruri-Jatabe","20 - 64","Total",448,461,502,519,530,539,547,541,581,567,570,608,595,581,579,563,559,556,563,546,579,607,636,628,629,626,663
"Maruri-Jatabe","20 - 64","Hombres",215,221,240,249,262,270,282,279,299,299,297,310,304,297,294,288,283,286,288,273,290,303,322,319,313,314,343
"Maruri-Jatabe","20 - 64","Mujeres",233,240,262,270,268,269,265,262,282,268,273,298,291,284,285,275,276,270,275,273,289,304,314,309,316,312,320
"Maruri-Jatabe",">= 65","Total",140,148,143,152,146,142,139,144,147,156,169,168,174,177,184,191,188,188,182,192,196,208,206,212,210,209,223
"Maruri-Jatabe",">= 65","Hombres",66,70,67,73,71,73,71,71,77,82,89,89,89,92,95,93,93,91,87,94,94,100,100,105,105,103,112
"Maruri-Jatabe",">= 65","Mujeres",74,78,76,79,75,69,68,73,70,74,80,79,85,85,89,98,95,97,95,98,102,108,106,107,105,106,111
"Mendaro","Total","Total",1498,1535,1584,1669,1673,1676,1708,1831,1898,1897,1935,1971,1997,2011,2037,2039,2135,2148,2139,2115,2002,1997,2023,2031,2017,2025,2049
"Mendaro","Total","Hombres",770,804,816,865,872,878,888,955,992,987,1003,1029,1033,1027,1036,1040,1079,1082,1069,1065,1021,1016,1029,1038,1030,1030,1041
"Mendaro","Total","Mujeres",728,731,768,804,801,798,820,876,906,910,932,942,964,984,1001,999,1056,1066,1070,1050,981,981,994,993,987,995,1008
"Mendaro","0 - 19","Total",222,228,244,266,275,293,300,351,363,373,413,449,469,489,526,528,564,562,573,543,502,481,484,482,483,475,454
"Mendaro","0 - 19","Hombres",120,129,127,138,147,157,154,183,184,187,211,237,241,248,263,267,282,279,290,283,271,249,255,251,253,244,228
"Mendaro","0 - 19","Mujeres",102,99,117,128,128,136,146,168,179,186,202,212,228,241,263,261,282,283,283,260,231,232,229,231,230,231,226
"Mendaro","20 - 64","Total",959,989,1014,1076,1090,1083,1104,1175,1224,1215,1209,1201,1199,1172,1166,1162,1201,1214,1195,1190,1132,1154,1178,1181,1178,1188,1218
"Mendaro","20 - 64","Hombres",507,524,526,563,570,572,586,622,659,652,637,637,632,612,611,607,625,630,607,603,579,600,603,611,613,620,642
"Mendaro","20 - 64","Mujeres",452,465,488,513,520,511,518,553,565,563,572,564,567,560,555,555,576,584,588,587,553,554,575,570,565,568,576
"Mendaro",">= 65","Total",317,318,326,327,308,300,304,305,311,309,313,321,329,350,345,349,370,372,371,382,368,362,361,368,356,362,377
"Mendaro",">= 65","Hombres",143,151,163,164,155,149,148,150,149,148,155,155,160,167,162,166,172,173,172,179,171,167,171,176,164,166,171
"Mendaro",">= 65","Mujeres",174,167,163,163,153,151,156,155,162,161,158,166,169,183,183,183,198,199,199,203,197,195,190,192,192,196,206
"Mendata","Total","Total",345,343,345,348,358,369,373,374,383,394,386,383,376,385,392,400,405,404,408,405,404,415,412,405,403,401,400
"Mendata","Total","Hombres",181,178,177,176,184,193,195,196,202,211,206,202,196,199,201,204,212,212,217,217,204,207,209,201,201,201,202
"Mendata","Total","Mujeres",164,165,168,172,174,176,178,178,181,183,180,181,180,186,191,196,193,192,191,188,200,208,203,204,202,200,198
"Mendata","0 - 19","Total",47,45,46,48,50,57,62,65,73,67,65,68,72,72,83,84,83,80,84,80,79,80,74,70,71,70,72
"Mendata","0 - 19","Hombres",21,21,22,25,26,30,32,34,39,38,37,39,39,36,40,40,40,36,42,39,39,44,43,41,41,40,37
"Mendata","0 - 19","Mujeres",26,24,24,23,24,27,30,31,34,29,28,29,33,36,43,44,43,44,42,41,40,36,31,29,30,30,35
"Mendata","20 - 64","Total",214,209,213,215,227,233,229,230,233,247,237,228,224,232,226,229,232,230,232,235,237,240,239,237,237,234,233
"Mendata","20 - 64","Hombres",122,119,117,116,121,125,125,123,125,135,129,121,117,121,115,117,124,124,127,131,123,117,119,115,115,116,120
"Mendata","20 - 64","Mujeres",92,90,96,99,106,108,104,107,108,112,108,107,107,111,111,112,108,106,105,104,114,123,120,122,122,118,113
"Mendata",">= 65","Total",84,89,86,85,81,79,82,79,77,80,84,87,80,81,83,87,90,94,92,90,88,95,99,98,95,97,95
"Mendata",">= 65","Hombres",38,38,38,35,37,38,38,39,38,38,40,42,40,42,46,47,48,52,48,47,42,46,47,45,45,45,45
"Mendata",">= 65","Mujeres",46,51,48,50,44,41,44,40,39,42,44,45,40,39,37,40,42,42,44,43,46,49,52,53,50,52,50
"Mendexa","Total","Total",390,384,384,400,401,402,420,425,448,442,452,455,455,465,474,472,481,480,485,472,450,451,448,449,444,449,452
"Mendexa","Total","Hombres",218,216,217,222,215,208,219,220,233,227,230,232,229,236,244,240,240,242,240,234,230,236,238,234,234,236,235
"Mendexa","Total","Mujeres",172,168,167,178,186,194,201,205,215,215,222,223,226,229,230,232,241,238,245,238,220,215,210,215,210,213,217
"Mendexa","0 - 19","Total",52,55,58,57,62,68,77,74,77,77,80,80,77,82,83,79,86,78,83,81,75,77,71,70,73,74,71
"Mendexa","0 - 19","Hombres",31,29,31,32,34,37,44,40,42,40,39,40,38,41,42,38,40,34,35,37,36,38,35,32,36,38,35
"Mendexa","0 - 19","Mujeres",21,26,27,25,28,31,33,34,35,37,41,40,39,41,41,41,46,44,48,44,39,39,36,38,37,36,36
"Mendexa","20 - 64","Total",245,239,242,256,264,259,271,279,296,284,290,284,286,292,300,303,303,297,294,283,268,272,273,278,265,267,269
"Mendexa","20 - 64","Hombres",144,145,149,149,150,140,145,148,157,148,150,143,146,151,157,157,152,156,152,138,134,143,144,146,139,138,136
"Mendexa","20 - 64","Mujeres",101,94,93,107,114,119,126,131,139,136,140,141,140,141,143,146,151,141,142,145,134,129,129,132,126,129,133
"Mendexa",">= 65","Total",93,90,84,87,75,75,72,72,75,81,82,91,92,91,91,90,92,105,108,108,107,102,104,101,106,108,112
"Mendexa",">= 65","Hombres",43,42,37,41,31,31,30,32,34,39,41,49,45,44,45,45,48,52,53,59,60,55,59,56,59,60,64
"Mendexa",">= 65","Mujeres",50,48,47,46,44,44,42,40,41,42,41,42,47,47,46,45,44,53,55,49,47,47,45,45,47,48,48
"Meñaka","Total","Total",599,599,616,640,646,654,648,665,676,700,720,740,733,729,715,725,713,706,713,704,730,733,731,745,741,751,775
"Meñaka","Total","Hombres",295,297,304,318,323,329,329,333,343,350,364,372,376,378,368,376,368,368,367,365,385,388,386,393,396,395,416
"Meñaka","Total","Mujeres",304,302,312,322,323,325,319,332,333,350,356,368,357,351,347,349,345,338,346,339,345,345,345,352,345,356,359
"Meñaka","0 - 19","Total",80,81,85,90,86,96,94,104,113,116,132,128,129,129,124,132,140,132,140,140,141,142,133,141,136,134,134
"Meñaka","0 - 19","Hombres",33,34,39,40,40,44,41,45,53,57,65,63,66,65,62,68,77,68,68,69,75,76,74,80,76,75,77
"Meñaka","0 - 19","Mujeres",47,47,46,50,46,52,53,59,60,59,67,65,63,64,62,64,63,64,72,71,66,66,59,61,60,59,57
"Meñaka","20 - 64","Total",363,366,383,401,415,420,434,435,430,446,450,465,461,450,442,426,416,414,401,390,401,400,405,406,398,415,434
"Meñaka","20 - 64","Hombres",187,192,200,212,218,223,235,232,226,228,233,237,236,233,226,221,206,212,206,204,208,211,209,210,206,214,229
"Meñaka","20 - 64","Mujeres",176,174,183,189,197,197,199,203,204,218,217,228,225,217,216,205,210,202,195,186,193,189,196,196,192,201,205
"Meñaka",">= 65","Total",156,152,148,149,145,138,120,126,133,138,138,147,143,150,149,167,157,160,172,174,188,191,193,198,207,202,207
"Meñaka",">= 65","Hombres",75,71,65,66,65,62,53,56,64,65,66,72,74,80,80,87,85,88,93,92,102,101,103,103,114,106,110
"Meñaka",">= 65","Mujeres",81,81,83,83,80,76,67,70,69,73,72,75,69,70,69,80,72,72,79,82,86,90,90,95,93,96,97
"Moreda de Álava/Moreda Araba","Total","Total",302,306,301,305,303,301,303,297,296,286,284,280,274,271,265,262,277,285,278,269,256,260,260,253,254,258,264
"Moreda de Álava/Moreda Araba","Total","Hombres",163,161,157,160,156,152,153,155,156,148,150,150,143,144,141,139,145,148,143,141,138,141,141,139,139,142,145
"Moreda de Álava/Moreda Araba","Total","Mujeres",139,145,144,145,147,149,150,142,140,138,134,130,131,127,124,123,132,137,135,128,118,119,119,114,115,116,119
"Moreda de Álava/Moreda Araba","0 - 19","Total",35,41,43,46,43,44,45,41,45,42,35,36,33,29,32,24,28,33,21,25,22,19,20,16,21,27,39
"Moreda de Álava/Moreda Araba","0 - 19","Hombres",16,17,20,21,20,21,21,19,23,19,15,15,10,11,15,11,15,16,10,14,13,10,11,7,12,11,19
"Moreda de Álava/Moreda Araba","0 - 19","Mujeres",19,24,23,25,23,23,24,22,22,23,20,21,23,18,17,13,13,17,11,11,9,9,9,9,9,16,20
"Moreda de Álava/Moreda Araba","20 - 64","Total",174,172,165,163,165,166,171,174,163,161,171,164,167,161,164,164,180,180,186,184,174,178,174,166,165,166,160
"Moreda de Álava/Moreda Araba","20 - 64","Hombres",106,102,95,94,94,92,93,100,92,90,98,96,100,92,94,92,97,98,101,100,94,103,95,94,89,96,93
"Moreda de Álava/Moreda Araba","20 - 64","Mujeres",68,70,70,69,71,74,78,74,71,71,73,68,67,69,70,72,83,82,85,84,80,75,79,72,76,70,67
"Moreda de Álava/Moreda Araba",">= 65","Total",93,93,93,96,95,91,87,82,88,83,78,80,74,81,69,74,69,72,71,60,60,63,66,71,68,65,65
"Moreda de Álava/Moreda Araba",">= 65","Hombres",41,42,42,45,42,39,39,36,41,39,37,39,33,41,32,36,33,34,32,27,31,28,35,38,38,35,33
"Moreda de Álava/Moreda Araba",">= 65","Mujeres",52,51,51,51,53,52,48,46,47,44,41,41,41,40,37,38,36,38,39,33,29,35,31,33,30,30,32
"Morga","Total","Total",381,382,399,399,396,394,389,394,405,417,411,409,429,419,424,418,402,405,391,387,418,430,429,424,425,425,429
"Morga","Total","Hombres",210,208,223,225,219,214,211,215,219,220,213,213,218,214,220,213,203,204,198,197,211,216,217,216,217,215,217
"Morga","Total","Mujeres",171,174,176,174,177,180,178,179,186,197,198,196,211,205,204,205,199,201,193,190,207,214,212,208,208,210,212
"Morga","0 - 19","Total",49,53,55,55,54,54,50,50,45,50,53,53,57,57,57,55,56,59,58,54,56,63,57,54,54,50,50
"Morga","0 - 19","Hombres",29,31,32,33,32,31,28,27,24,25,26,25,27,29,31,30,30,34,33,33,34,35,31,29,28,26,25
"Morga","0 - 19","Mujeres",20,22,23,22,22,23,22,23,21,25,27,28,30,28,26,25,26,25,25,21,22,28,26,25,26,24,25
"Morga","20 - 64","Total",221,223,244,245,242,242,242,250,265,274,263,261,276,264,268,263,243,243,229,228,242,250,254,248,247,249,248
"Morga","20 - 64","Hombres",126,129,142,143,140,141,138,148,154,157,148,149,151,145,147,139,125,124,119,119,127,129,132,130,131,130,130
"Morga","20 - 64","Mujeres",95,94,102,102,102,101,104,102,111,117,115,112,125,119,121,124,118,119,110,109,115,121,122,118,116,119,118
"Morga",">= 65","Total",111,106,100,99,100,98,97,94,95,93,95,95,96,98,99,100,103,103,104,105,120,117,118,122,124,126,131
"Morga",">= 65","Hombres",55,48,49,49,47,42,45,40,41,38,39,39,40,40,42,44,48,46,46,45,50,52,54,57,58,59,62
"Morga",">= 65","Mujeres",56,58,51,50,53,56,52,54,54,55,56,56,56,58,57,56,55,57,58,60,70,65,64,65,66,67,69
"Mundaka","Total","Total",1822,1820,1825,1835,1847,1864,1842,1856,1917,1916,1919,1920,1909,1879,1879,1858,1839,1824,1844,1843,1878,1879,1877,1866,1854,1850,1836
"Mundaka","Total","Hombres",903,906,914,919,914,912,898,900,937,938,924,923,913,898,899,879,871,866,881,872,901,908,909,908,899,894,892
"Mundaka","Total","Mujeres",919,914,911,916,933,952,944,956,980,978,995,997,996,981,980,979,968,958,963,971,977,971,968,958,955,956,944
"Mundaka","0 - 19","Total",261,249,234,248,236,240,250,263,289,290,288,302,297,292,297,287,284,289,296,293,298,294,292,285,287,286,277
"Mundaka","0 - 19","Hombres",132,129,119,128,125,127,132,136,152,154,146,152,147,152,151,141,137,146,154,150,157,149,146,143,147,144,145
"Mundaka","0 - 19","Mujeres",129,120,115,120,111,113,118,127,137,136,142,150,150,140,146,146,147,143,142,143,141,145,146,142,140,142,132
"Mundaka","20 - 64","Total",1144,1159,1175,1186,1203,1220,1198,1198,1217,1205,1195,1176,1169,1142,1132,1103,1088,1066,1054,1059,1079,1080,1061,1046,1028,1020,995
"Mundaka","20 - 64","Hombres",606,605,621,626,624,626,611,608,624,615,602,592,587,571,572,560,547,529,527,524,527,536,532,529,514,510,501
"Mundaka","20 - 64","Mujeres",538,554,554,560,579,594,587,590,593,590,593,584,582,571,560,543,541,537,527,535,552,544,529,517,514,510,494
"Mundaka",">= 65","Total",417,412,416,401,408,404,394,395,411,421,436,442,443,445,450,468,467,469,494,491,501,505,524,535,539,544,564
"Mundaka",">= 65","Hombres",165,172,174,165,165,159,155,156,161,169,176,179,179,175,176,178,187,191,200,198,217,223,231,236,238,240,246
"Mundaka",">= 65","Mujeres",252,240,242,236,243,245,239,239,250,252,260,263,264,270,274,290,280,278,294,293,284,282,293,299,301,304,318
"Mungia","Total","Total",13885,14075,14369,14567,14776,15014,15312,15753,16068,16368,16584,16792,16866,16888,16965,17091,17061,17237,17349,17278,17324,17324,17388,17515,17575,17654,17772
"Mungia","Total","Hombres",6819,6916,7028,7142,7233,7341,7468,7698,7856,8020,8098,8210,8229,8225,8254,8302,8285,8358,8412,8377,8392,8380,8404,8467,8488,8519,8589
"Mungia","Total","Mujeres",7066,7159,7341,7425,7543,7673,7844,8055,8212,8348,8486,8582,8637,8663,8711,8789,8776,8879,8937,8901,8932,8944,8984,9048,9087,9135,9183
"Mungia","0 - 19","Total",3002,2974,2995,3000,3012,3069,3138,3279,3363,3502,3581,3682,3758,3771,3781,3855,3840,3869,3872,3792,3813,3734,3591,3605,3701,3693,3648
"Mungia","0 - 19","Hombres",1509,1491,1473,1501,1500,1525,1561,1645,1682,1778,1805,1849,1885,1900,1903,1944,1936,1938,1938,1927,1966,1912,1839,1852,1910,1892,1870
"Mungia","0 - 19","Mujeres",1493,1483,1522,1499,1512,1544,1577,1634,1681,1724,1776,1833,1873,1871,1878,1911,1904,1931,1934,1865,1847,1822,1752,1753,1791,1801,1778
"Mungia","20 - 64","Total",8988,9150,9384,9556,9759,9923,10122,10375,10572,10664,10734,10769,10661,10622,10599,10579,10510,10604,10623,10559,10456,10479,10594,10627,10549,10586,10622
"Mungia","20 - 64","Hombres",4459,4543,4657,4746,4845,4928,4995,5111,5221,5253,5269,5297,5236,5194,5176,5147,5108,5158,5176,5120,5050,5073,5140,5157,5093,5115,5135
"Mungia","20 - 64","Mujeres",4529,4607,4727,4810,4914,4995,5127,5264,5351,5411,5465,5472,5425,5428,5423,5432,5402,5446,5447,5439,5406,5406,5454,5470,5456,5471,5487
"Mungia",">= 65","Total",1895,1951,1990,2011,2005,2022,2052,2099,2133,2202,2269,2341,2447,2495,2585,2657,2711,2764,2854,2927,3055,3111,3203,3283,3325,3375,3502
"Mungia",">= 65","Hombres",851,882,898,895,888,888,912,942,953,989,1024,1064,1108,1131,1175,1211,1241,1262,1298,1330,1376,1395,1425,1458,1485,1512,1584
"Mungia",">= 65","Mujeres",1044,1069,1092,1116,1117,1134,1140,1157,1180,1213,1245,1277,1339,1364,1410,1446,1470,1502,1556,1597,1679,1716,1778,1825,1840,1863,1918
"Munitibar-Arbatzegi Gerrikaitz","Total","Total",394,389,380,383,383,383,380,394,417,416,427,441,458,466,461,462,450,448,457,458,486,471,470,465,462,466,466
"Munitibar-Arbatzegi Gerrikaitz","Total","Hombres",215,210,203,202,203,204,209,214,222,227,232,241,249,253,250,252,249,247,257,259,260,253,255,250,257,260,259
"Munitibar-Arbatzegi Gerrikaitz","Total","Mujeres",179,179,177,181,180,179,171,180,195,189,195,200,209,213,211,210,201,201,200,199,226,218,215,215,205,206,207
"Munitibar-Arbatzegi Gerrikaitz","0 - 19","Total",56,54,55,56,55,57,53,57,66,66,65,72,73,75,70,81,75,68,71,69,69,66,65,66,62,64,64
"Munitibar-Arbatzegi Gerrikaitz","0 - 19","Hombres",30,28,29,29,29,28,30,30,36,36,39,39,39,45,42,47,43,42,42,45,41,40,38,37,37,39,39
"Munitibar-Arbatzegi Gerrikaitz","0 - 19","Mujeres",26,26,26,27,26,29,23,27,30,30,26,33,34,30,28,34,32,26,29,24,28,26,27,29,25,25,25
"Munitibar-Arbatzegi Gerrikaitz","20 - 64","Total",223,221,217,218,217,215,221,233,251,260,266,281,282,294,290,273,273,277,286,291,314,308,305,297,298,299,297
"Munitibar-Arbatzegi Gerrikaitz","20 - 64","Hombres",128,124,122,123,124,126,132,138,142,149,150,164,169,169,167,158,162,156,165,168,170,166,167,160,166,167,163
"Munitibar-Arbatzegi Gerrikaitz","20 - 64","Mujeres",95,97,95,95,93,89,89,95,109,111,116,117,113,125,123,115,111,121,121,123,144,142,138,137,132,132,134
"Munitibar-Arbatzegi Gerrikaitz",">= 65","Total",115,114,108,109,111,111,106,104,100,90,96,88,103,97,101,108,102,103,100,98,103,97,100,102,102,103,105
"Munitibar-Arbatzegi Gerrikaitz",">= 65","Hombres",57,58,52,50,50,50,47,46,44,42,43,38,41,39,41,47,44,49,50,46,49,47,50,53,54,54,57
"Munitibar-Arbatzegi Gerrikaitz",">= 65","Mujeres",58,56,56,59,61,61,59,58,56,48,53,50,62,58,60,61,58,54,50,52,54,50,50,49,48,49,48
"Murueta","Total","Total",214,240,253,278,285,293,300,299,297,294,293,288,297,296,297,298,301,301,304,311,316,322,323,333,328,318,314
"Murueta","Total","Hombres",120,135,136,149,149,150,155,152,153,153,149,151,156,152,151,149,146,144,144,152,160,167,167,170,164,160,161
"Murueta","Total","Mujeres",94,105,117,129,136,143,145,147,144,141,144,137,141,144,146,149,155,157,160,159,156,155,156,163,164,158,153
"Murueta","0 - 19","Total",38,47,48,55,57,62,61,58,61,57,58,55,57,61,63,64,71,62,61,64,64,61,57,59,60,54,57
"Murueta","0 - 19","Hombres",22,28,26,28,29,30,30,30,31,32,33,32,33,35,36,35,37,34,30,35,33,36,31,33,32,29,29
"Murueta","0 - 19","Mujeres",16,19,22,27,28,32,31,28,30,25,25,23,24,26,27,29,34,28,31,29,31,25,26,26,28,25,28
"Murueta","20 - 64","Total",123,141,152,170,176,176,184,188,190,193,196,192,198,192,193,191,188,197,196,198,199,203,205,210,205,195,191
"Murueta","20 - 64","Hombres",71,80,82,92,93,92,97,95,98,99,100,99,104,97,96,96,94,96,97,98,103,103,107,109,105,99,98
"Murueta","20 - 64","Mujeres",52,61,70,78,83,84,87,93,92,94,96,93,94,95,97,95,94,101,99,100,96,100,98,101,100,96,93
"Murueta",">= 65","Total",53,52,53,53,52,55,55,53,46,44,39,41,42,43,41,43,42,42,47,49,53,58,61,64,63,69,66
"Murueta",">= 65","Hombres",27,27,28,29,27,28,28,27,24,22,16,20,19,20,19,18,15,14,17,19,24,28,29,28,27,32,34
"Murueta",">= 65","Mujeres",26,25,25,24,25,27,27,26,22,22,23,21,23,23,22,25,27,28,30,30,29,30,32,36,36,37,32
"Muskiz","Total","Total",6701,6680,6678,6709,6792,6887,6932,7077,7186,7287,7334,7454,7517,7491,7475,7449,7517,7517,7456,7479,7289,7203,7183,7178,7202,7190,7282
"Muskiz","Total","Hombres",3319,3298,3282,3310,3346,3389,3451,3519,3577,3648,3653,3699,3723,3705,3698,3686,3723,3709,3671,3654,3546,3480,3483,3489,3513,3521,3604
"Muskiz","Total","Mujeres",3382,3382,3396,3399,3446,3498,3481,3558,3609,3639,3681,3755,3794,3786,3777,3763,3794,3808,3785,3825,3743,3723,3700,3689,3689,3669,3678
"Muskiz","0 - 19","Total",1219,1186,1146,1149,1154,1157,1172,1206,1230,1276,1305,1337,1357,1371,1363,1387,1428,1446,1417,1437,1398,1335,1259,1274,1330,1316,1276
"Muskiz","0 - 19","Hombres",597,583,569,583,590,583,603,617,621,645,666,682,692,704,701,703,727,735,721,724,718,674,642,657,683,679,667
"Muskiz","0 - 19","Mujeres",622,603,577,566,564,574,569,589,609,631,639,655,665,667,662,684,701,711,696,713,680,661,617,617,647,637,609
"Muskiz","20 - 64","Total",4276,4291,4300,4352,4451,4521,4560,4693,4760,4811,4792,4842,4856,4778,4750,4681,4691,4610,4580,4593,4426,4387,4397,4344,4294,4294,4360
"Muskiz","20 - 64","Hombres",2189,2189,2180,2206,2255,2287,2324,2398,2448,2489,2458,2472,2477,2423,2407,2397,2405,2363,2329,2313,2200,2170,2178,2153,2138,2146,2212
"Muskiz","20 - 64","Mujeres",2087,2102,2120,2146,2196,2234,2236,2295,2312,2322,2334,2370,2379,2355,2343,2284,2286,2247,2251,2280,2226,2217,2219,2191,2156,2148,2148
"Muskiz",">= 65","Total",1206,1203,1232,1208,1187,1209,1200,1178,1196,1200,1237,1275,1304,1342,1362,1381,1398,1461,1459,1449,1465,1481,1527,1560,1578,1580,1646
"Muskiz",">= 65","Hombres",533,526,533,521,501,519,524,504,508,514,529,545,554,578,590,586,591,611,621,617,628,636,663,679,692,696,725
"Muskiz",">= 65","Mujeres",673,677,699,687,686,690,676,674,688,686,708,730,750,764,772,795,807,850,838,832,837,845,864,881,886,884,921
"Mutiloa","Total","Total",206,200,199,194,197,200,204,221,224,237,235,240,240,249,254,244,253,251,250,255,240,243,248,246,244,240,249
"Mutiloa","Total","Hombres",104,100,101,100,102,104,109,119,121,128,125,131,130,134,138,136,141,139,137,138,128,128,127,124,125,124,129
"Mutiloa","Total","Mujeres",102,100,98,94,95,96,95,102,103,109,110,109,110,115,116,108,112,112,113,117,112,115,121,122,119,116,120
"Mutiloa","0 - 19","Total",33,33,28,29,32,34,41,47,46,52,56,59,60,62,64,64,61,62,60,60,56,50,47,52,53,51,49
"Mutiloa","0 - 19","Hombres",24,25,21,20,23,23,27,29,27,29,33,36,37,39,38,39,35,36,34,33,29,25,19,21,22,22,21
"Mutiloa","0 - 19","Mujeres",9,8,7,9,9,11,14,18,19,23,23,23,23,23,26,25,26,26,26,27,27,25,28,31,31,29,28
"Mutiloa","20 - 64","Total",107,99,106,102,104,112,113,124,133,139,137,134,134,138,139,136,143,141,138,141,132,146,154,147,141,140,153
"Mutiloa","20 - 64","Hombres",50,45,53,49,51,58,60,68,74,76,73,72,72,71,76,75,81,79,77,79,76,82,85,82,80,81,87
"Mutiloa","20 - 64","Mujeres",57,54,53,53,53,54,53,56,59,63,64,62,62,67,63,61,62,62,61,62,56,64,69,65,61,59,66
"Mutiloa",">= 65","Total",66,68,65,63,61,54,50,50,45,46,42,47,46,49,51,44,49,48,52,54,52,47,47,47,50,49,47
"Mutiloa",">= 65","Hombres",30,30,27,31,28,23,22,22,20,23,19,23,21,24,24,22,25,24,26,26,23,21,23,21,23,21,21
"Mutiloa",">= 65","Mujeres",36,38,38,32,33,31,28,28,25,23,23,24,25,25,27,22,24,24,26,28,29,26,24,26,27,28,26
"Mutriku","Total","Total",4818,4842,4799,4787,4786,4785,4842,4903,4919,4980,5004,5084,5214,5282,5306,5325,5349,5349,5334,5314,5314,5336,5357,5357,5378,5324,5283
"Mutriku","Total","Hombres",2412,2420,2399,2400,2397,2392,2422,2473,2475,2519,2528,2558,2627,2688,2694,2697,2715,2720,2703,2679,2674,2692,2706,2707,2712,2682,2649
"Mutriku","Total","Mujeres",2406,2422,2400,2387,2389,2393,2420,2430,2444,2461,2476,2526,2587,2594,2612,2628,2634,2629,2631,2635,2640,2644,2651,2650,2666,2642,2634
"Mutriku","0 - 19","Total",873,873,857,836,844,837,859,861,877,905,928,949,985,997,1043,1055,1070,1075,1076,1061,1057,1068,1048,1044,1036,1024,975
"Mutriku","0 - 19","Hombres",438,444,430,423,433,428,433,436,439,462,477,506,529,525,540,546,562,556,561,551,543,549,539,542,533,533,505
"Mutriku","0 - 19","Mujeres",435,429,427,413,411,409,426,425,438,443,451,443,456,472,503,509,508,519,515,510,514,519,509,502,503,491,470
"Mutriku","20 - 64","Total",3102,3118,3105,3119,3125,3137,3170,3202,3174,3179,3165,3195,3255,3292,3250,3242,3224,3201,3171,3131,3107,3088,3121,3113,3127,3069,3043
"Mutriku","20 - 64","Hombres",1627,1613,1610,1623,1626,1627,1656,1691,1677,1685,1679,1658,1686,1735,1720,1704,1682,1684,1653,1615,1599,1589,1609,1604,1608,1572,1552
"Mutriku","20 - 64","Mujeres",1475,1505,1495,1496,1499,1510,1514,1511,1497,1494,1486,1537,1569,1557,1530,1538,1542,1517,1518,1516,1508,1499,1512,1509,1519,1497,1491
"Mutriku",">= 65","Total",843,851,837,832,817,811,813,840,868,896,911,940,974,993,1013,1028,1055,1073,1087,1122,1150,1180,1188,1200,1215,1231,1265
"Mutriku",">= 65","Hombres",347,363,359,354,338,337,333,346,359,372,372,394,412,428,434,447,471,480,489,513,532,554,558,561,571,577,592
"Mutriku",">= 65","Mujeres",496,488,478,478,479,474,480,494,509,524,539,546,562,565,579,581,584,593,598,609,618,626,630,639,644,654,673
"Muxika","Total","Total",1426,1407,1379,1364,1359,1356,1366,1438,1464,1457,1466,1456,1455,1440,1445,1433,1441,1475,1482,1495,1471,1478,1492,1509,1514,1538,1543
"Muxika","Total","Hombres",735,722,703,699,693,688,707,732,746,748,756,749,750,736,736,729,723,757,753,769,778,770,780,796,803,815,821
"Muxika","Total","Mujeres",691,685,676,665,666,668,659,706,718,709,710,707,705,704,709,704,718,718,729,726,693,708,712,713,711,723,722
"Muxika","0 - 19","Total",172,170,157,164,171,169,176,213,216,237,238,252,256,264,269,273,279,319,323,325,315,322,324,343,340,335,328
"Muxika","0 - 19","Hombres",88,87,79,88,80,82,90,106,109,126,128,138,139,142,140,138,144,182,182,186,187,185,190,208,208,203,204
"Muxika","0 - 19","Mujeres",84,83,78,76,91,87,86,107,107,111,110,114,117,122,129,135,135,137,141,139,128,137,134,135,132,132,124
"Muxika","20 - 64","Total",856,850,836,825,822,831,845,889,908,887,892,873,871,850,836,826,832,836,852,861,856,845,846,837,839,858,865
"Muxika","20 - 64","Hombres",462,452,440,435,442,439,453,470,475,467,474,457,462,450,443,435,432,433,437,443,445,433,433,429,434,444,447
"Muxika","20 - 64","Mujeres",394,398,396,390,380,392,392,419,433,420,418,416,409,400,393,391,400,403,415,418,411,412,413,408,405,414,418
"Muxika",">= 65","Total",398,387,386,375,366,356,345,336,340,333,336,331,328,326,340,334,330,320,307,309,300,311,322,329,335,345,350
"Muxika",">= 65","Hombres",185,183,184,176,171,167,164,156,162,155,154,154,149,144,153,156,147,142,134,140,146,152,157,159,161,168,170
"Muxika",">= 65","Mujeres",213,204,202,199,195,189,181,180,178,178,182,177,179,182,187,178,183,178,173,169,154,159,165,170,174,177,180
"Nabarniz","Total","Total",233,235,235,239,230,222,230,225,230,234,236,228,233,237,236,255,249,244,242,235,263,257,259,264,260,270,264
"Nabarniz","Total","Hombres",113,108,113,116,116,117,119,116,120,122,119,114,116,118,116,125,120,117,114,110,121,120,121,126,123,128,125
"Nabarniz","Total","Mujeres",120,127,122,123,114,105,111,109,110,112,117,114,117,119,120,130,129,127,128,125,142,137,138,138,137,142,139
"Nabarniz","0 - 19","Total",27,34,33,35,31,33,39,40,38,37,39,39,38,43,42,48,46,46,43,38,51,44,40,46,51,51,45
"Nabarniz","0 - 19","Hombres",12,14,17,16,17,20,22,24,23,22,22,21,18,22,21,24,22,22,18,15,25,19,15,20,24,25,20
"Nabarniz","0 - 19","Mujeres",15,20,16,19,14,13,17,16,15,15,17,18,20,21,21,24,24,24,25,23,26,25,25,26,27,26,25
"Nabarniz","20 - 64","Total",142,137,138,142,141,134,141,139,145,148,146,144,148,150,146,161,162,158,151,149,156,152,159,149,143,152,148
"Nabarniz","20 - 64","Hombres",75,68,70,72,73,72,74,69,73,76,73,72,77,76,72,79,78,75,70,73,71,73,79,74,69,72,73
"Nabarniz","20 - 64","Mujeres",67,69,68,70,68,62,67,70,72,72,73,72,71,74,74,82,84,83,81,76,85,79,80,75,74,80,75
"Nabarniz",">= 65","Total",64,64,64,62,58,55,50,46,47,49,51,45,47,44,48,46,41,40,48,48,56,61,60,69,66,67,71
"Nabarniz",">= 65","Hombres",26,26,26,28,26,25,23,23,24,24,24,21,21,20,23,22,20,20,26,22,25,28,27,32,30,31,32
"Nabarniz",">= 65","Mujeres",38,38,38,34,32,30,27,23,23,25,27,24,26,24,25,24,21,20,22,26,31,33,33,37,36,36,39
"Navaridas","Total","Total",212,215,206,209,213,217,224,225,220,218,222,233,246,233,251,249,241,209,206,200,222,223,229,230,225,231,227
"Navaridas","Total","Hombres",121,119,112,110,112,114,117,121,120,118,124,132,145,139,156,155,152,121,119,118,123,126,128,129,126,132,128
"Navaridas","Total","Mujeres",91,96,94,99,101,103,107,104,100,100,98,101,101,94,95,94,89,88,87,82,99,97,101,101,99,99,99
"Navaridas","0 - 19","Total",35,39,35,38,42,40,45,45,44,44,43,43,45,39,37,33,35,30,35,30,28,27,30,33,29,33,36
"Navaridas","0 - 19","Hombres",19,22,18,19,19,19,21,24,24,24,24,24,27,23,20,15,17,15,14,14,14,13,13,14,10,13,13
"Navaridas","0 - 19","Mujeres",16,17,17,19,23,21,24,21,20,20,19,19,18,16,17,18,18,15,21,16,14,14,17,19,19,20,23
"Navaridas","20 - 64","Total",116,119,113,116,117,123,126,126,121,122,126,139,152,146,165,170,166,140,133,137,150,150,153,150,152,152,145
"Navaridas","20 - 64","Hombres",68,66,63,62,64,68,69,69,70,70,75,82,95,94,114,117,114,85,84,84,86,87,89,88,89,91,85
"Navaridas","20 - 64","Mujeres",48,53,50,54,53,55,57,57,51,52,51,57,57,52,51,53,52,55,49,53,64,63,64,62,63,61,60
"Navaridas",">= 65","Total",61,57,58,55,54,54,53,54,55,52,53,51,49,48,49,46,40,39,38,33,44,46,46,47,44,46,46
"Navaridas",">= 65","Hombres",34,31,31,29,29,27,27,28,26,24,25,26,23,22,22,23,21,21,21,20,23,26,26,27,27,28,30
"Navaridas",">= 65","Mujeres",27,26,27,26,25,27,26,26,29,28,28,25,26,26,27,23,19,18,17,13,21,20,20,20,17,18,16
"Oiartzun","Total","Total",9271,9429,9500,9548,9627,9705,9714,9769,9840,9940,10013,10057,10057,10056,10199,10211,10290,10345,10351,10369,10297,10372,10349,10340,10355,10383,10473
"Oiartzun","Total","Hombres",4637,4728,4742,4757,4808,4855,4868,4887,4920,4977,5018,5004,5010,4996,5054,5025,5075,5095,5070,5067,5036,5100,5098,5089,5108,5125,5168
"Oiartzun","Total","Mujeres",4634,4701,4758,4791,4819,4850,4846,4882,4920,4963,4995,5053,5047,5060,5145,5186,5215,5250,5281,5302,5261,5272,5251,5251,5247,5258,5305
"Oiartzun","0 - 19","Total",1919,1930,1901,1907,1926,1959,1992,2021,2042,2077,2078,2100,2119,2105,2143,2126,2142,2137,2131,2115,2081,2067,2039,2001,1988,1990,1956
"Oiartzun","0 - 19","Hombres",973,979,952,945,965,976,991,1012,1033,1067,1063,1072,1080,1077,1080,1074,1090,1085,1073,1058,1038,1034,1024,995,996,1004,993
"Oiartzun","0 - 19","Mujeres",946,951,949,962,961,983,1001,1009,1009,1010,1015,1028,1039,1028,1063,1052,1052,1052,1058,1057,1043,1033,1015,1006,992,986,963
"Oiartzun","20 - 64","Total",6133,6236,6316,6359,6404,6411,6374,6376,6372,6360,6354,6303,6224,6159,6211,6211,6215,6218,6160,6169,6099,6124,6097,6090,6115,6112,6148
"Oiartzun","20 - 64","Hombres",3108,3170,3199,3227,3251,3265,3253,3248,3237,3230,3230,3180,3136,3093,3124,3096,3114,3119,3064,3063,3034,3065,3055,3062,3065,3058,3058
"Oiartzun","20 - 64","Mujeres",3025,3066,3117,3132,3153,3146,3121,3128,3135,3130,3124,3123,3088,3066,3087,3115,3101,3099,3096,3106,3065,3059,3042,3028,3050,3054,3090
"Oiartzun",">= 65","Total",1219,1263,1283,1282,1297,1335,1348,1372,1426,1503,1581,1654,1714,1792,1845,1874,1933,1990,2060,2085,2117,2181,2213,2249,2252,2281,2369
"Oiartzun",">= 65","Hombres",556,579,591,585,592,614,624,627,650,680,725,752,794,826,850,855,871,891,933,946,964,1001,1019,1032,1047,1063,1117
"Oiartzun",">= 65","Mujeres",663,684,692,697,705,721,724,745,776,823,856,902,920,966,995,1019,1062,1099,1127,1139,1153,1180,1194,1217,1205,1218,1252
"Okondo","Total","Total",842,899,964,1010,1030,1048,1065,1077,1083,1109,1155,1155,1144,1151,1148,1164,1176,1181,1204,1217,1177,1164,1163,1174,1165,1168,1160
"Okondo","Total","Hombres",432,472,514,534,539,542,562,569,572,585,607,611,607,606,601,614,623,623,631,647,618,616,616,617,616,616,609
"Okondo","Total","Mujeres",410,427,450,476,491,506,503,508,511,524,548,544,537,545,547,550,553,558,573,570,559,548,547,557,549,552,551
"Okondo","0 - 19","Total",134,135,148,161,170,173,177,186,203,202,210,223,215,227,226,238,237,247,254,257,250,242,230,243,244,238,222
"Okondo","0 - 19","Hombres",67,64,75,82,84,82,89,93,104,106,106,115,113,118,115,122,126,131,136,140,136,132,128,134,133,126,115
"Okondo","0 - 19","Mujeres",67,71,73,79,86,91,88,93,99,96,104,108,102,109,111,116,111,116,118,117,114,110,102,109,111,112,107
"Okondo","20 - 64","Total",564,608,656,688,699,711,730,726,703,730,763,755,752,741,733,736,752,743,750,758,734,721,730,720,705,704,703
"Okondo","20 - 64","Hombres",299,338,365,376,377,381,397,397,385,392,412,408,406,401,394,401,410,401,401,410,390,384,389,377,376,379,377
"Okondo","20 - 64","Mujeres",265,270,291,312,322,330,333,329,318,338,351,347,346,340,339,335,342,342,349,348,344,337,341,343,329,325,326
"Okondo",">= 65","Total",144,156,160,161,161,164,158,165,177,177,182,177,177,183,189,190,187,191,200,202,193,201,203,211,216,226,235
"Okondo",">= 65","Hombres",66,70,74,76,78,79,76,79,83,87,89,88,88,87,92,91,87,91,94,97,92,100,99,106,107,111,117
"Okondo",">= 65","Mujeres",78,86,86,85,83,85,82,86,94,90,93,89,89,96,97,99,100,100,106,105,101,101,104,105,109,115,118
"Olaberria","Total","Total",928,917,897,910,901,893,912,948,954,931,936,941,940,958,935,945,904,905,914,917,950,925,924,926,942,946,950
"Olaberria","Total","Hombres",491,482,467,467,458,449,452,486,490,484,489,489,486,501,490,496,471,468,471,475,489,482,480,482,492,491,496
"Olaberria","Total","Mujeres",437,435,430,443,443,444,460,462,464,447,447,452,454,457,445,449,433,437,443,442,461,443,444,444,450,455,454
"Olaberria","0 - 19","Total",114,112,112,125,133,133,147,149,154,140,146,146,144,152,152,155,145,152,164,166,161,151,145,149,151,152,146
"Olaberria","0 - 19","Hombres",54,55,52,58,63,63,72,78,80,74,77,76,69,74,72,74,74,75,81,82,81,76,75,75,75,75,73
"Olaberria","0 - 19","Mujeres",60,57,60,67,70,70,75,71,74,66,69,70,75,78,80,81,71,77,83,84,80,75,70,74,76,77,73
"Olaberria","20 - 64","Total",588,576,550,552,537,523,520,541,534,525,512,521,515,530,508,509,502,501,503,514,539,534,543,543,559,556,576
"Olaberria","20 - 64","Hombres",320,309,296,293,282,273,263,286,285,284,284,288,288,298,289,288,277,280,278,289,297,300,306,308,321,313,321
"Olaberria","20 - 64","Mujeres",268,267,254,259,255,250,257,255,249,241,228,233,227,232,219,221,225,221,225,225,242,234,237,235,238,243,255
"Olaberria",">= 65","Total",226,229,235,233,231,237,245,258,266,266,278,274,281,276,275,281,257,252,247,237,250,240,236,234,232,238,228
"Olaberria",">= 65","Hombres",117,118,119,116,113,113,117,122,125,126,128,125,129,129,129,134,120,113,112,104,111,106,99,99,96,103,102
"Olaberria",">= 65","Mujeres",109,111,116,117,118,124,128,136,141,140,150,149,152,147,146,147,137,139,135,133,139,134,137,135,136,135,126
"Ondarroa","Total","Total",9426,9371,9338,9257,9175,9111,9039,8968,8905,8815,8788,8804,8717,8650,8648,8617,8652,8601,8590,8567,8451,8348,8333,8277,8254,8195,8144
"Ondarroa","Total","Hombres",4655,4636,4647,4642,4601,4571,4550,4521,4492,4443,4416,4428,4397,4334,4374,4363,4385,4364,4345,4320,4236,4175,4170,4130,4132,4105,4096
"Ondarroa","Total","Mujeres",4771,4735,4691,4615,4574,4540,4489,4447,4413,4372,4372,4376,4320,4316,4274,4254,4267,4237,4245,4247,4215,4173,4163,4147,4122,4090,4048
"Ondarroa","0 - 19","Total",1682,1652,1609,1540,1496,1488,1457,1419,1393,1383,1375,1387,1381,1362,1337,1314,1357,1353,1336,1339,1305,1270,1284,1272,1270,1239,1200
"Ondarroa","0 - 19","Hombres",877,856,837,789,774,777,754,734,723,714,704,706,720,695,687,666,697,697,697,681,658,637,654,653,652,641,628
"Ondarroa","0 - 19","Mujeres",805,796,772,751,722,711,703,685,670,669,671,681,661,667,650,648,660,656,639,658,647,633,630,619,618,598,572
"Ondarroa","20 - 64","Total",5983,5913,5932,5930,5894,5805,5712,5661,5579,5464,5412,5400,5297,5248,5236,5221,5209,5147,5111,5079,4958,4862,4814,4757,4737,4703,4675
"Ondarroa","20 - 64","Hombres",3033,3013,3044,3092,3067,3019,2999,2990,2952,2887,2856,2864,2808,2785,2812,2833,2819,2780,2742,2724,2639,2583,2547,2500,2504,2481,2483
"Ondarroa","20 - 64","Mujeres",2950,2900,2888,2838,2827,2786,2713,2671,2627,2577,2556,2536,2489,2463,2424,2388,2390,2367,2369,2355,2319,2279,2267,2257,2233,2222,2192
"Ondarroa",">= 65","Total",1761,1806,1797,1787,1785,1818,1870,1888,1933,1968,2001,2017,2039,2040,2075,2082,2086,2101,2143,2149,2188,2216,2235,2248,2247,2253,2269
"Ondarroa",">= 65","Hombres",745,767,766,761,760,775,797,797,817,842,856,858,869,854,875,864,869,887,906,915,939,955,969,977,976,983,985
"Ondarroa",">= 65","Mujeres",1016,1039,1031,1026,1025,1043,1073,1091,1116,1126,1145,1159,1170,1186,1200,1218,1217,1214,1237,1234,1249,1261,1266,1271,1271,1270,1284
"Oñati","Total","Total",10565,10620,10611,10599,10624,10649,10658,10728,10809,10875,10951,11069,11121,11202,11202,11275,11344,11308,11355,11468,11367,11449,11486,11494,11509,11462,11445
"Oñati","Total","Hombres",5262,5299,5295,5288,5295,5298,5284,5320,5351,5405,5426,5467,5503,5526,5543,5569,5606,5581,5597,5625,5576,5664,5676,5664,5649,5638,5645
"Oñati","Total","Mujeres",5303,5321,5316,5311,5329,5351,5374,5408,5458,5470,5525,5602,5618,5676,5659,5706,5738,5727,5758,5843,5791,5785,5810,5830,5860,5824,5800
"Oñati","0 - 19","Total",1989,1960,1894,1880,1868,1848,1857,1855,1903,1964,2037,2103,2150,2191,2226,2290,2317,2312,2324,2366,2326,2332,2360,2372,2370,2363,2358
"Oñati","0 - 19","Hombres",1027,1020,990,986,978,975,977,964,987,1022,1058,1077,1123,1129,1138,1169,1199,1198,1202,1225,1209,1212,1228,1229,1213,1219,1207
"Oñati","0 - 19","Mujeres",962,940,904,894,890,873,880,891,916,942,979,1026,1027,1062,1088,1121,1118,1114,1122,1141,1117,1120,1132,1143,1157,1144,1151
"Oñati","20 - 64","Total",6613,6637,6664,6649,6669,6690,6686,6704,6743,6706,6654,6635,6605,6600,6542,6469,6473,6420,6421,6441,6334,6384,6368,6363,6352,6309,6248
"Oñati","20 - 64","Hombres",3384,3398,3416,3413,3431,3434,3409,3429,3439,3435,3410,3400,3360,3359,3349,3295,3281,3255,3243,3212,3159,3212,3205,3188,3171,3145,3145
"Oñati","20 - 64","Mujeres",3229,3239,3248,3236,3238,3256,3277,3275,3304,3271,3244,3235,3245,3241,3193,3174,3192,3165,3178,3229,3175,3172,3163,3175,3181,3164,3103
"Oñati",">= 65","Total",1963,2023,2053,2070,2087,2111,2115,2169,2163,2205,2260,2331,2366,2411,2434,2516,2554,2576,2610,2661,2707,2733,2758,2759,2787,2790,2839
"Oñati",">= 65","Hombres",851,881,889,889,886,889,898,927,925,948,958,990,1020,1038,1056,1105,1126,1128,1152,1188,1208,1240,1243,1247,1265,1274,1293
"Oñati",">= 65","Mujeres",1112,1142,1164,1181,1201,1222,1217,1242,1238,1257,1302,1341,1346,1373,1378,1411,1428,1448,1458,1473,1499,1493,1515,1512,1522,1516,1546
"Ordizia","Total","Total",8807,8820,8729,8679,8833,8986,9194,9600,9523,9533,9547,9523,9434,9456,9483,9488,9590,9720,9970,10070,10057,10010,10112,10217,10223,10286,10398
"Ordizia","Total","Hombres",4249,4231,4206,4188,4289,4386,4521,4832,4745,4718,4731,4659,4617,4641,4691,4663,4699,4744,4902,4970,4985,4936,4976,5047,5039,5061,5137
"Ordizia","Total","Mujeres",4558,4589,4523,4491,4544,4600,4673,4768,4778,4815,4816,4864,4817,4815,4792,4825,4891,4976,5068,5100,5072,5074,5136,5170,5184,5225,5261
"Ordizia","0 - 19","Total",1638,1648,1596,1581,1641,1701,1786,1895,1917,1950,1930,1974,1933,1941,1952,1980,2044,2105,2188,2199,2233,2164,2020,2182,2241,2286,2228
"Ordizia","0 - 19","Hombres",814,813,790,762,788,832,864,935,946,972,964,979,980,976,968,975,1005,1032,1085,1109,1140,1082,999,1094,1132,1167,1127
"Ordizia","0 - 19","Mujeres",824,835,806,819,853,869,922,960,971,978,966,995,953,965,984,1005,1039,1073,1103,1090,1093,1082,1021,1088,1109,1119,1101
"Ordizia","20 - 64","Total",5462,5408,5379,5369,5462,5543,5681,5979,5867,5839,5827,5753,5667,5623,5620,5602,5662,5731,5872,5935,5836,5884,6076,5987,5938,5932,6033
"Ordizia","20 - 64","Hombres",2747,2699,2715,2722,2795,2840,2933,3177,3086,3013,3016,2948,2873,2875,2919,2899,2912,2942,3039,3060,2992,3019,3113,3069,3021,2999,3066
"Ordizia","20 - 64","Mujeres",2715,2709,2664,2647,2667,2703,2748,2802,2781,2826,2811,2805,2794,2748,2701,2703,2750,2789,2833,2875,2844,2865,2963,2918,2917,2933,2967
"Ordizia",">= 65","Total",1707,1764,1754,1729,1730,1742,1727,1726,1739,1744,1790,1796,1834,1892,1911,1906,1884,1884,1910,1936,1988,1962,2016,2048,2044,2068,2137
"Ordizia",">= 65","Hombres",688,719,701,704,706,714,724,720,713,733,751,732,764,790,804,789,782,770,778,801,853,835,864,884,886,895,944
"Ordizia",">= 65","Mujeres",1019,1045,1053,1025,1024,1028,1003,1006,1026,1011,1039,1064,1070,1102,1107,1117,1102,1114,1132,1135,1135,1127,1152,1164,1158,1173,1193
"Orendain","Total","Total",142,146,161,162,166,170,170,175,180,187,182,179,190,191,190,196,194,202,202,211,225,242,238,236,234,241,241
"Orendain","Total","Hombres",79,76,88,85,89,93,89,88,92,94,87,91,97,97,97,100,96,99,99,98,109,114,113,111,111,116,118
"Orendain","Total","Mujeres",63,70,73,77,77,77,81,87,88,93,95,88,93,94,93,96,98,103,103,113,116,128,125,125,123,125,123
"Orendain","0 - 19","Total",22,22,26,26,28,25,31,32,33,38,37,41,42,42,45,49,51,59,47,55,63,69,66,64,61,66,66
"Orendain","0 - 19","Hombres",11,8,12,14,15,12,13,12,13,13,12,18,18,17,18,20,23,27,21,22,25,29,28,28,26,28,30
"Orendain","0 - 19","Mujeres",11,14,14,12,13,13,18,20,20,25,25,23,24,25,27,29,28,32,26,33,38,40,38,36,35,38,36
"Orendain","20 - 64","Total",76,80,92,93,96,103,98,105,107,108,105,100,107,105,103,112,113,112,120,122,128,137,138,140,141,142,141
"Orendain","20 - 64","Hombres",44,45,53,49,52,58,53,57,56,59,55,54,57,56,57,61,59,58,61,60,68,69,69,68,71,73,72
"Orendain","20 - 64","Mujeres",32,35,39,44,44,45,45,48,51,49,50,46,50,49,46,51,54,54,59,62,60,68,69,72,70,69,69
"Orendain",">= 65","Total",44,44,43,43,42,42,41,38,40,41,40,38,41,44,42,35,30,31,35,34,34,36,34,32,32,33,34
"Orendain",">= 65","Hombres",24,23,23,22,22,23,23,19,23,22,20,19,22,24,22,19,14,14,17,16,16,16,16,15,14,15,16
"Orendain",">= 65","Mujeres",20,21,20,21,20,19,18,19,17,19,20,19,19,20,20,16,16,17,18,18,18,20,18,17,18,18,18
"Orexa","Total","Total",87,86,88,90,93,96,112,117,116,116,115,114,114,114,116,114,112,112,110,106,111,107,106,102,103,100,99
"Orexa","Total","Hombres",55,56,58,59,57,55,66,67,67,69,65,63,63,62,64,64,63,63,63,62,66,63,62,60,61,61,61
"Orexa","Total","Mujeres",32,30,30,31,36,41,46,50,49,47,50,51,51,52,52,50,49,49,47,44,45,44,44,42,42,39,38
"Orexa","0 - 19","Total",10,9,14,13,17,19,24,28,28,29,28,27,31,33,32,33,33,35,34,29,31,27,21,24,25,24,23
"Orexa","0 - 19","Hombres",6,5,8,8,11,11,16,19,19,20,19,16,20,20,20,20,20,21,21,19,20,20,17,16,17,17,17
"Orexa","0 - 19","Mujeres",4,4,6,5,6,8,8,9,9,9,9,11,11,13,12,13,13,14,13,10,11,7,4,8,8,7,6
"Orexa","20 - 64","Total",60,59,60,62,61,63,75,76,73,71,73,74,68,62,61,60,62,57,58,57,61,58,62,57,57,58,56
"Orexa","20 - 64","Hombres",39,40,41,42,37,36,43,41,40,41,40,40,35,32,33,33,33,31,33,32,36,32,33,33,33,33,33
"Orexa","20 - 64","Mujeres",21,19,19,20,24,27,32,35,33,30,33,34,33,30,28,27,29,26,25,25,25,26,29,24,24,25,23
"Orexa",">= 65","Total",17,18,14,15,15,14,13,13,15,16,14,13,15,19,23,21,17,20,18,20,19,22,23,21,21,18,20
"Orexa",">= 65","Hombres",10,11,9,9,9,8,7,7,8,8,6,7,8,10,11,11,10,11,9,11,10,11,12,11,11,11,11
"Orexa",">= 65","Mujeres",7,7,5,6,6,6,6,6,7,8,8,6,7,9,12,10,7,9,9,9,9,11,11,10,10,7,9
"Orio","Total","Total",4427,4555,4662,4633,4675,4717,4792,4933,5009,5143,5282,5416,5574,5748,5853,5901,5944,5986,6061,6132,6107,6071,6081,6131,6141,6187,6197
"Orio","Total","Hombres",2217,2283,2345,2334,2364,2392,2414,2488,2529,2610,2675,2760,2839,2921,2961,2977,2998,3026,3048,3091,3063,3058,3061,3081,3109,3120,3119
"Orio","Total","Mujeres",2210,2272,2317,2299,2311,2325,2378,2445,2480,2533,2607,2656,2735,2827,2892,2924,2946,2960,3013,3041,3044,3013,3020,3050,3032,3067,3078
"Orio","0 - 19","Total",886,870,891,887,895,912,922,972,1011,1057,1102,1160,1210,1268,1313,1336,1363,1386,1386,1398,1364,1339,1320,1327,1326,1335,1299
"Orio","0 - 19","Hombres",469,452,464,460,468,477,477,504,525,547,568,594,626,658,684,677,692,709,712,724,707,709,698,689,699,704,688
"Orio","0 - 19","Mujeres",417,418,427,427,427,435,445,468,486,510,534,566,584,610,629,659,671,677,674,674,657,630,622,638,627,631,611
"Orio","20 - 64","Total",2866,2981,3052,3043,3077,3097,3171,3239,3245,3305,3354,3402,3469,3565,3605,3608,3599,3626,3665,3707,3692,3680,3682,3704,3704,3720,3724
"Orio","20 - 64","Hombres",1453,1519,1564,1566,1591,1607,1629,1667,1659,1704,1723,1767,1793,1839,1842,1847,1843,1864,1860,1880,1853,1853,1860,1877,1882,1886,1875
"Orio","20 - 64","Mujeres",1413,1462,1488,1477,1486,1490,1542,1572,1586,1601,1631,1635,1676,1726,1763,1761,1756,1762,1805,1827,1839,1827,1822,1827,1822,1834,1849
"Orio",">= 65","Total",675,704,719,703,703,708,699,722,753,781,826,854,895,915,935,957,982,974,1010,1027,1051,1052,1079,1100,1111,1132,1174
"Orio",">= 65","Hombres",295,312,317,308,305,308,308,317,345,359,384,399,420,424,435,453,463,453,476,487,503,496,503,515,528,530,556
"Orio",">= 65","Mujeres",380,392,402,395,398,400,391,405,408,422,442,455,475,491,500,504,519,521,534,540,548,556,576,585,583,602,618
"Ormaiztegi","Total","Total",1189,1180,1192,1233,1249,1264,1295,1301,1314,1309,1309,1291,1299,1291,1292,1300,1310,1321,1295,1276,1252,1242,1248,1231,1245,1266,1290
"Ormaiztegi","Total","Hombres",627,627,630,655,661,666,681,679,680,675,666,660,665,654,652,654,660,665,645,635,621,619,632,620,626,635,647
"Ormaiztegi","Total","Mujeres",562,553,562,578,588,598,614,622,634,634,643,631,634,637,640,646,650,656,650,641,631,623,616,611,619,631,643
"Ormaiztegi","0 - 19","Total",228,237,230,224,231,238,250,254,258,260,264,271,277,270,277,279,285,292,289,296,282,277,277,267,276,291,285
"Ormaiztegi","0 - 19","Hombres",135,139,131,132,135,137,140,138,137,139,135,138,145,141,143,143,146,153,151,148,140,140,142,137,142,150,147
"Ormaiztegi","0 - 19","Mujeres",93,98,99,92,96,101,110,116,121,121,129,133,132,129,134,136,139,139,138,148,142,137,135,130,134,141,138
"Ormaiztegi","20 - 64","Total",762,745,765,816,819,838,845,850,852,846,837,813,803,794,776,772,770,764,722,698,687,680,681,675,680,679,702
"Ormaiztegi","20 - 64","Hombres",406,402,415,438,438,451,458,461,459,450,439,431,422,415,401,394,392,388,361,353,349,347,357,349,351,348,359
"Ormaiztegi","20 - 64","Mujeres",356,343,350,378,381,387,387,389,393,396,398,382,381,379,375,378,378,376,361,345,338,333,324,326,329,331,343
"Ormaiztegi",">= 65","Total",199,198,197,193,199,188,200,197,204,203,208,207,219,227,239,249,255,265,284,282,283,285,290,289,289,296,303
"Ormaiztegi",">= 65","Hombres",86,86,84,85,88,78,83,80,84,86,92,91,98,98,108,117,122,124,133,134,132,132,133,134,133,137,141
"Ormaiztegi",">= 65","Mujeres",113,112,113,108,111,110,117,117,120,117,116,116,121,129,131,132,133,141,151,148,151,153,157,155,156,159,162
"Orozko","Total","Total",2119,2170,2229,2287,2302,2322,2358,2414,2440,2452,2495,2580,2629,2624,2633,2635,2618,2617,2613,2631,2733,2750,2764,2729,2724,2738,2736
"Orozko","Total","Hombres",1087,1111,1125,1161,1166,1174,1183,1214,1231,1230,1238,1276,1311,1303,1301,1301,1292,1288,1287,1301,1348,1362,1368,1356,1363,1374,1370
"Orozko","Total","Mujeres",1032,1059,1104,1126,1136,1148,1175,1200,1209,1222,1257,1304,1318,1321,1332,1334,1326,1329,1326,1330,1385,1388,1396,1373,1361,1364,1366
"Orozko","0 - 19","Total",312,326,352,392,393,415,443,467,481,498,508,530,559,564,564,567,556,559,533,526,533,513,521,498,481,478,465
"Orozko","0 - 19","Hombres",164,169,181,211,211,225,239,246,265,269,269,284,301,302,304,300,294,289,277,271,270,260,260,252,242,240,233
"Orozko","0 - 19","Mujeres",148,157,171,181,182,190,204,221,216,229,239,246,258,262,260,267,262,270,256,255,263,253,261,246,239,238,232
"Orozko","20 - 64","Total",1332,1362,1405,1424,1443,1453,1453,1497,1489,1489,1509,1557,1569,1550,1556,1545,1531,1528,1550,1582,1660,1691,1688,1682,1691,1697,1694
"Orozko","20 - 64","Hombres",702,720,726,735,739,741,733,756,742,742,753,766,780,766,768,762,754,758,771,786,828,848,844,840,860,871,864
"Orozko","20 - 64","Mujeres",630,642,679,689,704,712,720,741,747,747,756,791,789,784,788,783,777,770,779,796,832,843,844,842,831,826,830
"Orozko",">= 65","Total",475,482,472,471,466,454,462,450,470,465,478,493,501,510,513,523,531,530,530,523,540,546,555,549,552,563,577
"Orozko",">= 65","Hombres",221,222,218,215,216,208,211,212,224,219,216,226,230,235,229,239,244,241,239,244,250,254,264,264,261,263,273
"Orozko",">= 65","Mujeres",254,260,254,256,250,246,251,238,246,246,262,267,271,275,284,284,287,289,291,279,290,292,291,285,291,300,304
"Ortuella","Total","Total",8684,8650,8625,8506,8512,8535,8556,8477,8497,8408,8392,8416,8398,8399,8408,8358,8359,8315,8350,8310,8319,8391,8411,8464,8516,8542,8644
"Ortuella","Total","Hombres",4234,4212,4187,4118,4119,4130,4141,4098,4110,4065,4061,4062,4068,4060,4077,4052,4052,4025,4041,4026,4026,4054,4074,4107,4144,4173,4220
"Ortuella","Total","Mujeres",4450,4438,4438,4388,4393,4405,4415,4379,4387,4343,4331,4354,4330,4339,4331,4306,4307,4290,4309,4284,4293,4337,4337,4357,4372,4369,4424
"Ortuella","0 - 19","Total",1568,1525,1490,1437,1408,1411,1387,1373,1387,1373,1371,1376,1395,1390,1415,1384,1408,1382,1381,1372,1385,1410,1401,1419,1462,1461,1437
"Ortuella","0 - 19","Hombres",809,777,750,730,717,722,713,709,720,724,723,727,743,742,753,728,740,730,722,708,716,733,723,727,762,767,756
"Ortuella","0 - 19","Mujeres",759,748,740,707,691,689,674,664,667,649,648,649,652,648,662,656,668,652,659,664,669,677,678,692,700,694,681
"Ortuella","20 - 64","Total",5605,5600,5609,5567,5617,5637,5670,5577,5565,5470,5431,5425,5348,5307,5289,5270,5226,5152,5132,5066,5015,5041,5038,5039,5032,5043,5099
"Ortuella","20 - 64","Hombres",2794,2803,2814,2780,2807,2805,2821,2765,2756,2710,2692,2677,2641,2614,2625,2626,2599,2556,2558,2541,2501,2512,2521,2521,2512,2529,2557
"Ortuella","20 - 64","Mujeres",2811,2797,2795,2787,2810,2832,2849,2812,2809,2760,2739,2748,2707,2693,2664,2644,2627,2596,2574,2525,2514,2529,2517,2518,2520,2514,2542
"Ortuella",">= 65","Total",1511,1525,1526,1502,1487,1487,1499,1527,1545,1565,1590,1615,1655,1702,1704,1704,1725,1781,1837,1872,1919,1940,1972,2006,2022,2038,2108
"Ortuella",">= 65","Hombres",631,632,623,608,595,603,607,624,634,631,646,658,684,704,699,698,713,739,761,777,809,809,830,859,870,877,907
"Ortuella",">= 65","Mujeres",880,893,903,894,892,884,892,903,911,934,944,957,971,998,1005,1006,1012,1042,1076,1095,1110,1131,1142,1147,1152,1161,1201
"Otxandio","Total","Total",1067,1076,1082,1088,1114,1143,1178,1214,1226,1264,1272,1300,1289,1298,1274,1289,1324,1318,1337,1355,1346,1319,1317,1305,1319,1338,1304
"Otxandio","Total","Hombres",547,554,554,559,572,587,614,638,648,667,681,687,670,659,648,652,663,657,672,683,687,674,668,666,670,681,667
"Otxandio","Total","Mujeres",520,522,528,529,542,556,564,576,578,597,591,613,619,639,626,637,661,661,665,672,659,645,649,639,649,657,637
"Otxandio","0 - 19","Total",155,156,158,150,152,172,165,185,198,210,203,228,235,249,254,266,278,279,288,287,289,286,281,291,288,305,282
"Otxandio","0 - 19","Hombres",84,83,80,78,75,87,81,97,106,101,108,119,121,122,130,132,138,134,140,146,147,145,141,150,149,157,145
"Otxandio","0 - 19","Mujeres",71,73,78,72,77,85,84,88,92,109,95,109,114,127,124,134,140,145,148,141,142,141,140,141,139,148,137
"Otxandio","20 - 64","Total",644,634,641,666,686,710,749,770,776,802,805,804,785,782,758,752,765,754,762,773,761,741,735,718,728,733,725
"Otxandio","20 - 64","Hombres",337,339,351,353,368,376,409,420,429,451,453,446,431,422,405,400,403,405,408,408,404,399,395,383,386,390,386
"Otxandio","20 - 64","Mujeres",307,295,290,313,318,334,340,350,347,351,352,358,354,360,353,352,362,349,354,365,357,342,340,335,342,343,339
"Otxandio",">= 65","Total",268,286,283,272,276,261,264,259,252,252,264,268,269,267,262,271,281,285,287,295,296,292,301,296,303,300,297
"Otxandio",">= 65","Hombres",126,132,123,128,129,124,124,121,113,115,120,122,118,115,113,120,122,118,124,129,136,130,132,133,135,134,136
"Otxandio",">= 65","Mujeres",142,154,160,144,147,137,140,138,139,137,144,146,151,152,149,151,159,167,163,166,160,162,169,163,168,166,161
"Oyón-Oion","Total","Total",2387,2485,2572,2705,2825,2940,3085,3175,3215,3317,3364,3367,3356,3388,3414,3427,3427,3465,3497,3521,3567,3551,3569,3559,3538,3582,3688
"Oyón-Oion","Total","Hombres",1191,1259,1301,1369,1437,1501,1586,1620,1650,1704,1738,1734,1726,1731,1741,1734,1749,1775,1773,1795,1811,1799,1806,1804,1802,1812,1863
"Oyón-Oion","Total","Mujeres",1196,1226,1271,1336,1388,1439,1499,1555,1565,1613,1626,1633,1630,1657,1673,1693,1678,1690,1724,1726,1756,1752,1763,1755,1736,1770,1825
"Oyón-Oion","0 - 19","Total",418,408,433,492,530,567,639,699,712,742,797,826,816,851,865,882,874,907,918,906,932,897,899,867,863,863,872
"Oyón-Oion","0 - 19","Hombres",212,218,237,259,275,293,344,366,372,385,423,432,429,454,463,457,453,471,474,471,485,466,469,439,442,442,444
"Oyón-Oion","0 - 19","Mujeres",206,190,196,233,255,274,295,333,340,357,374,394,387,397,402,425,421,436,444,435,447,431,430,428,421,421,428
"Oyón-Oion","20 - 64","Total",1498,1586,1663,1736,1830,1886,1963,1987,2012,2074,2053,2019,2019,2025,2037,2032,2025,2021,2036,2062,2084,2086,2088,2108,2087,2125,2194
"Oyón-Oion","20 - 64","Hombres",768,825,859,899,955,983,1023,1039,1061,1096,1084,1062,1060,1050,1059,1063,1073,1080,1069,1083,1086,1090,1083,1110,1098,1109,1141
"Oyón-Oion","20 - 64","Mujeres",730,761,804,837,875,903,940,948,951,978,969,957,959,975,978,969,952,941,967,979,998,996,1005,998,989,1016,1053
"Oyón-Oion",">= 65","Total",471,491,476,477,465,487,483,489,491,501,514,522,521,512,512,513,528,537,543,553,551,568,582,584,588,594,622
"Oyón-Oion",">= 65","Hombres",211,216,205,211,207,225,219,215,217,223,231,240,237,227,219,214,223,224,230,241,240,243,254,255,262,261,278
"Oyón-Oion",">= 65","Mujeres",260,275,271,266,258,262,264,274,274,278,283,282,284,285,293,299,305,313,313,312,311,325,328,329,326,333,344
"Pasaia","Total","Total",16644,16455,16292,16032,16049,16065,15965,15903,15962,16042,16140,16188,16287,16345,16418,16587,16591,16629,16711,16722,16612,16506,16558,16658,16722,16838,16767
"Pasaia","Total","Hombres",8125,8062,7939,7811,7797,7777,7720,7672,7695,7744,7723,7709,7790,7843,7885,7988,7960,7961,8037,8020,7985,7925,7942,8005,8063,8117,8082
"Pasaia","Total","Mujeres",8519,8393,8353,8221,8252,8288,8245,8231,8267,8298,8417,8479,8497,8502,8533,8599,8631,8668,8674,8702,8627,8581,8616,8653,8659,8721,8685
"Pasaia","0 - 19","Total",2655,2661,2578,2547,2549,2593,2588,2642,2684,2759,2848,2849,2871,2882,2908,2988,2985,3006,3007,3000,2938,2866,2841,2872,2851,2826,2777
"Pasaia","0 - 19","Hombres",1370,1373,1313,1297,1300,1298,1290,1326,1339,1390,1412,1395,1423,1452,1468,1530,1515,1518,1533,1507,1500,1463,1452,1469,1464,1452,1417
"Pasaia","0 - 19","Mujeres",1285,1288,1265,1250,1249,1295,1298,1316,1345,1369,1436,1454,1448,1430,1440,1458,1470,1488,1474,1493,1438,1403,1389,1403,1387,1374,1360
"Pasaia","20 - 64","Total",10541,10309,10201,10076,10112,10091,10008,9891,9846,9813,9737,9718,9737,9764,9781,9883,9907,9933,10029,10058,9982,9975,10038,10090,10190,10297,10271
"Pasaia","20 - 64","Hombres",5374,5279,5226,5154,5165,5152,5120,5040,5030,5007,4941,4923,4941,4965,4985,5031,5044,5034,5099,5096,5040,5021,5031,5058,5131,5172,5158
"Pasaia","20 - 64","Mujeres",5167,5030,4975,4922,4947,4939,4888,4851,4816,4806,4796,4795,4796,4799,4796,4852,4863,4899,4930,4962,4942,4954,5007,5032,5059,5125,5113
"Pasaia",">= 65","Total",3448,3485,3513,3409,3388,3381,3369,3370,3432,3470,3555,3621,3679,3699,3729,3716,3699,3690,3675,3664,3692,3665,3678,3696,3681,3715,3719
"Pasaia",">= 65","Hombres",1381,1410,1400,1360,1332,1327,1310,1306,1326,1347,1370,1391,1426,1426,1432,1427,1401,1409,1405,1417,1445,1441,1458,1478,1468,1493,1507
"Pasaia",">= 65","Mujeres",2067,2075,2113,2049,2056,2054,2059,2064,2106,2123,2185,2230,2253,2273,2297,2289,2298,2281,2270,2247,2247,2224,2220,2218,2213,2222,2212
"Peñacerrada-Urizaharra","Total","Total",231,231,244,246,251,255,251,274,294,303,298,294,283,284,282,280,279,282,287,288,321,331,326,325,325,325,355
"Peñacerrada-Urizaharra","Total","Hombres",126,127,134,137,138,138,140,155,164,171,170,169,167,169,167,163,162,163,164,168,185,187,188,189,188,191,208
"Peñacerrada-Urizaharra","Total","Mujeres",105,104,110,109,113,117,111,119,130,132,128,125,116,115,115,117,117,119,123,120,136,144,138,136,137,134,147
"Peñacerrada-Urizaharra","0 - 19","Total",33,35,36,34,31,33,31,31,32,34,31,39,35,32,35,36,36,28,31,34,38,45,40,35,37,39,50
"Peñacerrada-Urizaharra","0 - 19","Hombres",15,17,17,17,16,15,17,15,17,18,19,22,18,18,18,16,16,14,14,14,14,16,19,16,17,20,27
"Peñacerrada-Urizaharra","0 - 19","Mujeres",18,18,19,17,15,18,14,16,15,16,12,17,17,14,17,20,20,14,17,20,24,29,21,19,20,19,23
"Peñacerrada-Urizaharra","20 - 64","Total",140,138,150,155,153,161,161,181,201,203,198,187,178,183,179,181,183,193,196,190,218,227,221,218,215,219,236
"Peñacerrada-Urizaharra","20 - 64","Hombres",79,77,85,88,88,92,94,110,116,116,114,108,106,111,110,110,111,113,114,113,130,132,126,127,123,125,134
"Peñacerrada-Urizaharra","20 - 64","Mujeres",61,61,65,67,65,69,67,71,85,87,84,79,72,72,69,71,72,80,82,77,88,95,95,91,92,94,102
"Peñacerrada-Urizaharra",">= 65","Total",58,58,58,57,67,61,59,62,61,66,69,68,70,69,68,63,60,61,60,64,65,59,65,72,73,67,69
"Peñacerrada-Urizaharra",">= 65","Hombres",32,33,32,32,34,31,29,30,31,37,37,39,43,40,39,37,35,36,36,41,41,39,43,46,48,46,47
"Peñacerrada-Urizaharra",">= 65","Mujeres",26,25,26,25,33,30,30,32,30,29,32,29,27,29,29,26,25,25,24,23,24,20,22,26,25,21,22
"Plentzia","Total","Total",3707,3701,3819,3951,4035,4126,4232,4355,4354,4387,4414,4404,4426,4430,4397,4360,4374,4412,4363,4400,4523,4466,4445,4459,4451,4493,4528
"Plentzia","Total","Hombres",1823,1819,1871,1929,1952,1979,2016,2081,2082,2116,2126,2121,2140,2151,2146,2130,2126,2146,2132,2142,2199,2178,2157,2161,2164,2177,2185
"Plentzia","Total","Mujeres",1884,1882,1948,2022,2083,2147,2216,2274,2272,2271,2288,2283,2286,2279,2251,2230,2248,2266,2231,2258,2324,2288,2288,2298,2287,2316,2343
"Plentzia","0 - 19","Total",685,681,704,736,754,798,825,831,837,866,871,879,894,867,871,859,869,872,837,833,840,802,807,790,788,774,765
"Plentzia","0 - 19","Hombres",351,355,364,373,379,388,400,399,395,421,423,426,445,437,449,446,454,453,433,435,434,416,416,410,404,397,384
"Plentzia","0 - 19","Mujeres",334,326,340,363,375,410,425,432,442,445,448,453,449,430,422,413,415,419,404,398,406,386,391,380,384,377,381
"Plentzia","20 - 64","Total",2355,2368,2480,2558,2624,2661,2750,2868,2840,2844,2848,2848,2844,2857,2783,2777,2765,2778,2754,2770,2843,2794,2742,2750,2750,2761,2760
"Plentzia","20 - 64","Hombres",1214,1208,1257,1294,1318,1328,1353,1418,1414,1423,1414,1408,1404,1413,1386,1383,1366,1378,1374,1364,1400,1377,1344,1344,1357,1356,1353
"Plentzia","20 - 64","Mujeres",1141,1160,1223,1264,1306,1333,1397,1450,1426,1421,1434,1440,1440,1444,1397,1394,1399,1400,1380,1406,1443,1417,1398,1406,1393,1405,1407
"Plentzia",">= 65","Total",667,652,635,657,657,667,657,656,677,677,695,677,688,706,743,724,740,762,772,797,840,870,896,919,913,958,1003
"Plentzia",">= 65","Hombres",258,256,250,262,255,263,263,264,273,272,289,287,291,301,311,301,306,315,325,343,365,385,397,407,403,424,448
"Plentzia",">= 65","Mujeres",409,396,385,395,402,404,394,392,404,405,406,390,397,405,432,423,434,447,447,454,475,485,499,512,510,534,555
"Portugalete","Total","Total",51184,50543,49918,49299,48882,48560,48239,48086,47955,47739,47603,47645,47319,47001,46700,46372,46323,46274,46191,46153,45677,45110,45021,44919,44991,45108,45150
"Portugalete","Total","Hombres",24916,24596,24240,23905,23666,23483,23264,23149,23079,22938,22842,22842,22649,22510,22313,22176,22161,22176,22096,22089,21821,21562,21484,21455,21444,21498,21531
"Portugalete","Total","Mujeres",26268,25947,25678,25394,25216,25077,24975,24937,24876,24801,24761,24803,24670,24491,24387,24196,24162,24098,24095,24064,23856,23548,23537,23464,23547,23610,23619
"Portugalete","0 - 19","Total",8113,7868,7454,7255,7156,7046,6979,6931,6963,6956,6930,7008,6955,6998,7036,6947,6922,6900,6887,6867,6773,6662,6774,6653,6666,6637,6519
"Portugalete","0 - 19","Hombres",4293,4151,3911,3782,3737,3703,3652,3611,3620,3609,3565,3586,3549,3592,3589,3553,3530,3544,3514,3518,3499,3440,3480,3420,3415,3399,3364
"Portugalete","0 - 19","Mujeres",3820,3717,3543,3473,3419,3343,3327,3320,3343,3347,3365,3422,3406,3406,3447,3394,3392,3356,3373,3349,3274,3222,3294,3233,3251,3238,3155
"Portugalete","20 - 64","Total",33587,32960,32665,32277,31940,31482,31007,30727,30311,29894,29570,29314,28770,28206,27702,27282,27148,26971,26762,26682,26218,25713,25505,25414,25378,25464,25443
"Portugalete","20 - 64","Hombres",16641,16372,16228,16055,15841,15632,15397,15247,15067,14839,14705,14598,14306,14042,13804,13615,13571,13501,13369,13332,13099,12886,12751,12710,12685,12718,12715
"Portugalete","20 - 64","Mujeres",16946,16588,16437,16222,16099,15850,15610,15480,15244,15055,14865,14716,14464,14164,13898,13667,13577,13470,13393,13350,13119,12827,12754,12704,12693,12746,12728
"Portugalete",">= 65","Total",9484,9715,9799,9767,9786,10032,10253,10428,10681,10889,11103,11323,11594,11797,11962,12143,12253,12403,12542,12604,12686,12735,12742,12852,12947,13007,13188
"Portugalete",">= 65","Hombres",3982,4073,4101,4068,4088,4148,4215,4291,4392,4490,4572,4658,4794,4876,4920,5008,5060,5131,5213,5239,5223,5236,5253,5325,5344,5381,5452
"Portugalete",">= 65","Mujeres",5502,5642,5698,5699,5698,5884,6038,6137,6289,6399,6531,6665,6800,6921,7042,7135,7193,7272,7329,7365,7463,7499,7489,7527,7603,7626,7736
"Ribera Baja/Erriberabeitia","Total","Total",812,891,920,1033,1099,1162,1197,1266,1279,1383,1406,1445,1453,1474,1494,1492,1547,1573,1560,1601,1572,1574,1568,1574,1581,1582,1649
"Ribera Baja/Erriberabeitia","Total","Hombres",412,452,473,534,590,644,648,681,683,738,763,774,785,787,800,802,826,836,818,847,827,836,821,824,820,826,875
"Ribera Baja/Erriberabeitia","Total","Mujeres",400,439,447,499,509,518,549,585,596,645,643,671,668,687,694,690,721,737,742,754,745,738,747,750,761,756,774
"Ribera Baja/Erriberabeitia","0 - 19","Total",153,169,160,193,216,243,257,283,289,325,332,335,357,351,356,350,373,369,373,372,344,325,302,306,324,318,319
"Ribera Baja/Erriberabeitia","0 - 19","Hombres",72,80,85,99,119,146,148,161,158,175,185,185,200,192,197,202,219,215,200,209,187,176,165,159,165,162,162
"Ribera Baja/Erriberabeitia","0 - 19","Mujeres",81,89,75,94,97,97,109,122,131,150,147,150,157,159,159,148,154,154,173,163,157,149,137,147,159,156,157
"Ribera Baja/Erriberabeitia","20 - 64","Total",528,590,642,720,759,792,806,852,845,898,915,947,922,935,943,946,978,993,964,1002,995,1019,1016,1007,1007,1011,1055
"Ribera Baja/Erriberabeitia","20 - 64","Hombres",280,311,331,380,414,437,438,459,455,484,498,515,511,516,518,510,517,518,517,524,520,536,529,531,529,538,572
"Ribera Baja/Erriberabeitia","20 - 64","Mujeres",248,279,311,340,345,355,368,393,390,414,417,432,411,419,425,436,461,475,447,478,475,483,487,476,478,473,483
"Ribera Baja/Erriberabeitia",">= 65","Total",131,132,118,120,124,127,134,131,145,160,159,163,174,188,195,196,196,211,223,227,233,230,250,261,250,253,275
"Ribera Baja/Erriberabeitia",">= 65","Hombres",60,61,57,55,57,61,62,61,70,79,80,74,74,79,85,90,90,103,101,114,120,124,127,134,126,126,141
"Ribera Baja/Erriberabeitia",">= 65","Mujeres",71,71,61,65,67,66,72,70,75,81,79,89,100,109,110,106,106,108,122,113,113,106,123,127,124,127,134
"Samaniego","Total","Total",343,329,332,331,325,318,317,331,319,326,329,319,308,273,275,276,245,237,238,241,292,297,296,297,288,282,282
"Samaniego","Total","Hombres",177,170,170,172,171,169,169,179,171,177,186,180,172,146,145,144,129,122,126,120,144,150,153,152,149,145,142
"Samaniego","Total","Mujeres",166,159,162,159,154,149,148,152,148,149,143,139,136,127,130,132,116,115,112,121,148,147,143,145,139,137,140
"Samaniego","0 - 19","Total",72,69,66,68,63,61,60,63,58,55,53,54,52,44,48,40,31,36,34,32,44,45,39,47,56,54,49
"Samaniego","0 - 19","Hombres",36,39,35,34,29,31,32,35,32,30,28,29,26,23,24,20,13,15,15,18,17,22,23,24,27,27,26
"Samaniego","0 - 19","Mujeres",36,30,31,34,34,30,28,28,26,25,25,25,26,21,24,20,18,21,19,14,27,23,16,23,29,27,23
"Samaniego","20 - 64","Total",177,167,170,176,172,176,182,195,188,189,196,191,184,165,166,166,142,134,129,129,175,163,174,180,181,178,180
"Samaniego","20 - 64","Hombres",95,87,85,90,91,91,98,106,100,106,117,113,110,92,93,90,81,76,76,70,93,91,98,100,101,97,94
"Samaniego","20 - 64","Mujeres",82,80,85,86,81,85,84,89,88,83,79,78,74,73,73,76,61,58,53,59,82,72,76,80,80,81,86
"Samaniego",">= 65","Total",94,93,96,87,90,81,75,73,73,82,80,74,72,64,61,70,72,67,75,80,73,89,83,70,51,50,53
"Samaniego",">= 65","Hombres",46,44,50,48,51,47,39,38,39,41,41,38,36,31,28,34,35,31,35,32,34,37,32,28,21,21,22
"Samaniego",">= 65","Mujeres",48,49,46,39,39,34,36,35,34,41,39,36,36,33,33,36,37,36,40,48,39,52,51,42,30,29,31
"San Millán/Donemiliaga","Total","Total",743,716,709,731,730,728,738,712,709,733,738,735,759,744,739,735,733,730,737,726,732,730,738,732,724,720,700
"San Millán/Donemiliaga","Total","Hombres",403,395,400,416,413,409,413,399,394,408,407,402,409,413,414,416,417,415,417,409,402,399,402,395,395,390,383
"San Millán/Donemiliaga","Total","Mujeres",340,321,309,315,317,319,325,313,315,325,331,333,350,331,325,319,316,315,320,317,330,331,336,337,329,330,317
"San Millán/Donemiliaga","0 - 19","Total",116,108,111,110,113,115,122,114,108,123,131,132,139,125,126,126,119,125,125,114,122,120,124,123,121,123,111
"San Millán/Donemiliaga","0 - 19","Hombres",64,59,65,63,62,61,62,59,56,66,69,63,67,61,66,68,64,67,68,60,67,66,68,66,65,66,60
"San Millán/Donemiliaga","0 - 19","Mujeres",52,49,46,47,51,54,60,55,52,57,62,69,72,64,60,58,55,58,57,54,55,54,56,57,56,57,51
"San Millán/Donemiliaga","20 - 64","Total",434,423,427,438,440,439,443,427,425,451,455,440,454,459,446,439,450,440,440,434,430,427,433,430,424,418,402
"San Millán/Donemiliaga","20 - 64","Hombres",246,246,249,263,260,256,258,247,245,257,261,252,254,266,262,257,265,253,253,253,241,241,246,242,242,235,229
"San Millán/Donemiliaga","20 - 64","Mujeres",188,177,178,175,180,183,185,180,180,194,194,188,200,193,184,182,185,187,187,181,189,186,187,188,182,183,173
"San Millán/Donemiliaga",">= 65","Total",193,185,171,183,177,174,173,171,176,159,152,163,166,160,167,170,164,165,172,178,180,183,181,179,179,179,187
"San Millán/Donemiliaga",">= 65","Hombres",93,90,86,90,91,92,93,93,93,85,77,87,88,86,86,91,88,95,96,96,94,92,88,87,88,89,94
"San Millán/Donemiliaga",">= 65","Mujeres",100,95,85,93,86,82,80,78,83,74,75,76,78,74,81,79,76,70,76,82,86,91,93,92,91,90,93
"Santurtzi","Total","Total",47314,46879,46527,46370,46509,46738,46936,46799,46727,46810,46891,47001,46821,46327,45962,45703,45716,45651,45690,45943,45661,45335,45502,45699,45754,45891,46111
"Santurtzi","Total","Hombres",23100,22812,22603,22562,22661,22813,22878,22743,22728,22737,22738,22773,22690,22426,22215,22036,22019,21947,21932,22072,21900,21690,21753,21839,21926,22000,22084
"Santurtzi","Total","Mujeres",24214,24067,23924,23808,23848,23925,24058,24056,23999,24073,24153,24228,24131,23901,23747,23667,23697,23704,23758,23871,23761,23645,23749,23860,23828,23891,24027
"Santurtzi","0 - 19","Total",8038,7783,7434,7329,7190,7210,7304,7404,7415,7519,7597,7682,7696,7568,7593,7607,7616,7635,7624,7677,7607,7488,7337,7393,7516,7529,7460
"Santurtzi","0 - 19","Hombres",4137,3980,3824,3778,3735,3737,3764,3809,3788,3839,3844,3884,3918,3880,3883,3907,3928,3933,3925,3971,3934,3868,3739,3772,3854,3841,3778
"Santurtzi","0 - 19","Mujeres",3901,3803,3610,3551,3455,3473,3540,3595,3627,3680,3753,3798,3778,3688,3710,3700,3688,3702,3699,3706,3673,3620,3598,3621,3662,3688,3682
"Santurtzi","20 - 64","Total",30880,30535,30400,30312,30527,30674,30670,30335,30127,29930,29734,29558,29226,28651,28149,27760,27645,27420,27372,27428,27074,26838,26993,27012,26911,26918,26989
"Santurtzi","20 - 64","Hombres",15411,15241,15169,15142,15259,15370,15361,15162,15138,15017,14939,14866,14693,14371,14135,13908,13798,13645,13592,13618,13413,13291,13391,13367,13316,13348,13391
"Santurtzi","20 - 64","Mujeres",15469,15294,15231,15170,15268,15304,15309,15173,14989,14913,14795,14692,14533,14280,14014,13852,13847,13775,13780,13810,13661,13547,13602,13645,13595,13570,13598
"Santurtzi",">= 65","Total",8396,8561,8693,8729,8792,8854,8962,9060,9185,9361,9560,9761,9899,10108,10220,10336,10455,10596,10694,10838,10980,11009,11172,11294,11327,11444,11662
"Santurtzi",">= 65","Hombres",3552,3591,3610,3642,3667,3706,3753,3772,3802,3881,3955,4023,4079,4175,4197,4221,4293,4369,4415,4483,4553,4531,4623,4700,4756,4811,4915
"Santurtzi",">= 65","Mujeres",4844,4970,5083,5087,5125,5148,5209,5288,5383,5480,5605,5738,5820,5933,6023,6115,6162,6227,6279,6355,6427,6478,6549,6594,6571,6633,6747
"Segura","Total","Total",1275,1269,1265,1272,1278,1283,1290,1356,1379,1451,1485,1487,1484,1491,1500,1498,1498,1496,1523,1533,1476,1483,1476,1471,1455,1473,1499
"Segura","Total","Hombres",644,636,633,641,645,648,638,673,685,730,751,759,756,756,764,766,758,754,772,772,742,743,740,741,739,755,770
"Segura","Total","Mujeres",631,633,632,631,633,635,652,683,694,721,734,728,728,735,736,732,740,742,751,761,734,740,736,730,716,718,729
"Segura","0 - 19","Total",251,230,213,229,220,232,229,247,258,273,301,309,318,319,331,342,341,339,352,353,338,349,350,350,344,349,351
"Segura","0 - 19","Hombres",127,118,111,119,116,127,117,128,133,140,152,158,164,161,161,164,168,162,176,171,167,177,178,185,183,186,190
"Segura","0 - 19","Mujeres",124,112,102,110,104,105,112,119,125,133,149,151,154,158,170,178,173,177,176,182,171,172,172,165,161,163,161
"Segura","20 - 64","Total",742,747,770,774,786,780,785,839,850,904,908,910,904,897,892,876,865,870,883,885,839,825,829,824,816,827,832
"Segura","20 - 64","Hombres",405,401,412,407,419,406,406,434,438,468,478,477,473,470,471,471,451,452,454,454,423,410,409,407,405,419,419
"Segura","20 - 64","Mujeres",337,346,358,367,367,374,379,405,412,436,430,433,431,427,421,405,414,418,429,431,416,415,420,417,411,408,413
"Segura",">= 65","Total",282,292,282,269,272,271,276,270,271,274,276,268,262,275,277,280,292,287,288,295,299,309,297,297,295,297,316
"Segura",">= 65","Hombres",112,117,110,115,110,115,115,111,114,122,121,124,119,125,132,131,139,140,142,147,152,156,153,149,151,150,161
"Segura",">= 65","Mujeres",170,175,172,154,162,156,161,159,157,152,155,144,143,150,145,149,153,147,146,148,147,153,144,148,144,147,155
"Sestao","Total","Total",31793,31311,30673,29875,29705,29592,29547,29441,29249,28970,28674,28476,28248,27859,27578,27286,27408,27311,27146,27246,26896,27082,27182,27364,27574,27775,28019
"Sestao","Total","Hombres",15395,15157,14835,14429,14364,14332,14315,14249,14153,14040,13894,13795,13651,13471,13302,13187,13219,13160,13029,13079,12901,12988,13005,13066,13162,13263,13430
"Sestao","Total","Mujeres",16398,16154,15838,15446,15341,15260,15232,15192,15096,14930,14780,14681,14597,14388,14276,14099,14189,14151,14117,14167,13995,14094,14177,14298,14412,14512,14589
"Sestao","0 - 19","Total",5074,4931,4653,4451,4384,4340,4316,4358,4329,4363,4340,4365,4327,4276,4306,4332,4395,4339,4306,4325,4291,4314,4197,4346,4488,4507,4538
"Sestao","0 - 19","Hombres",2609,2536,2391,2290,2250,2232,2223,2233,2220,2246,2243,2246,2235,2204,2233,2263,2294,2256,2221,2236,2227,2202,2107,2189,2298,2314,2302
"Sestao","0 - 19","Mujeres",2465,2395,2262,2161,2134,2108,2093,2125,2109,2117,2097,2119,2092,2072,2073,2069,2101,2083,2085,2089,2064,2112,2090,2157,2190,2193,2236
"Sestao","20 - 64","Total",20413,20084,19737,19269,19153,19001,18859,18634,18401,18026,17717,17464,17207,16779,16474,16193,16159,16064,15911,16013,15701,15967,16138,16163,16251,16375,16499
"Sestao","20 - 64","Hombres",10232,10084,9904,9654,9624,9558,9489,9386,9263,9084,8919,8810,8655,8466,8292,8177,8150,8094,7986,8015,7832,8009,8106,8066,8059,8117,8239
"Sestao","20 - 64","Mujeres",10181,10000,9833,9615,9529,9443,9370,9248,9138,8942,8798,8654,8552,8313,8182,8016,8009,7970,7925,7998,7869,7958,8032,8097,8192,8258,8260
"Sestao",">= 65","Total",6306,6296,6283,6155,6168,6251,6372,6449,6519,6581,6617,6647,6714,6804,6798,6761,6854,6908,6929,6908,6904,6801,6847,6855,6835,6893,6982
"Sestao",">= 65","Hombres",2554,2537,2540,2485,2490,2542,2603,2630,2670,2710,2732,2739,2761,2801,2777,2747,2775,2810,2822,2828,2842,2777,2792,2811,2805,2832,2889
"Sestao",">= 65","Mujeres",3752,3759,3743,3670,3678,3709,3769,3819,3849,3871,3885,3908,3953,4003,4021,4014,4079,4098,4107,4080,4062,4024,4055,4044,4030,4061,4093
"Sondika","Total","Total",4036,4050,4173,4271,4293,4323,4389,4440,4490,4473,4492,4504,4498,4527,4480,4461,4464,4483,4489,4534,4516,4506,4518,4492,4541,4554,4651
"Sondika","Total","Hombres",1987,1973,2038,2082,2075,2073,2125,2148,2168,2155,2163,2161,2160,2165,2147,2135,2137,2143,2140,2167,2171,2163,2157,2142,2171,2185,2219
"Sondika","Total","Mujeres",2049,2077,2135,2189,2218,2250,2264,2292,2322,2318,2329,2343,2338,2362,2333,2326,2327,2340,2349,2367,2345,2343,2361,2350,2370,2369,2432
"Sondika","0 - 19","Total",664,667,673,728,731,756,770,801,837,856,888,914,919,932,917,905,899,894,880,878,855,830,829,828,829,831,826
"Sondika","0 - 19","Hombres",360,361,364,382,376,392,399,413,425,440,458,471,476,478,472,468,467,457,444,438,430,419,411,412,417,422,407
"Sondika","0 - 19","Mujeres",304,306,309,346,355,364,371,388,412,416,430,443,443,454,445,437,432,437,436,440,425,411,418,416,412,409,419
"Sondika","20 - 64","Total",2480,2480,2560,2610,2627,2643,2669,2684,2681,2649,2640,2614,2603,2629,2593,2610,2627,2643,2668,2717,2719,2699,2713,2695,2726,2730,2767
"Sondika","20 - 64","Hombres",1247,1238,1283,1316,1327,1318,1352,1356,1350,1331,1325,1300,1298,1304,1288,1282,1292,1305,1317,1348,1350,1346,1352,1333,1347,1353,1365
"Sondika","20 - 64","Mujeres",1233,1242,1277,1294,1300,1325,1317,1328,1331,1318,1315,1314,1305,1325,1305,1328,1335,1338,1351,1369,1369,1353,1361,1362,1379,1377,1402
"Sondika",">= 65","Total",892,903,940,933,935,924,950,955,972,968,964,976,976,966,970,946,938,946,941,939,942,977,976,969,986,993,1058
"Sondika",">= 65","Hombres",380,374,391,384,372,363,374,379,393,384,380,390,386,383,387,385,378,381,379,381,391,398,394,397,407,410,447
"Sondika",">= 65","Mujeres",512,529,549,549,563,561,576,576,579,584,584,586,590,583,583,561,560,565,562,558,551,579,582,572,579,583,611
"Sopela","Total","Total",10738,10927,11191,11452,11579,11729,12058,12169,12292,12049,12089,12228,12271,12295,12401,12592,12672,12744,12947,13175,13273,13627,13754,13850,13867,13917,14017
"Sopela","Total","Hombres",5425,5459,5579,5711,5763,5829,5971,6019,6067,5950,5981,6050,6039,6061,6105,6208,6240,6289,6396,6531,6597,6776,6846,6906,6905,6931,6973
"Sopela","Total","Mujeres",5313,5468,5612,5741,5816,5900,6087,6150,6225,6099,6108,6178,6232,6234,6296,6384,6432,6455,6551,6644,6676,6851,6908,6944,6962,6986,7044
"Sopela","0 - 19","Total",2361,2374,2368,2383,2390,2384,2423,2448,2489,2457,2503,2556,2591,2645,2658,2752,2770,2791,2820,2904,2971,2986,2537,2920,3067,3039,2669
"Sopela","0 - 19","Hombres",1199,1175,1176,1199,1194,1211,1227,1236,1257,1256,1281,1307,1302,1351,1350,1399,1407,1426,1457,1498,1564,1543,1350,1530,1605,1594,1436
"Sopela","0 - 19","Mujeres",1162,1199,1192,1184,1196,1173,1196,1212,1232,1201,1222,1249,1289,1294,1308,1353,1363,1365,1363,1406,1407,1443,1187,1390,1462,1445,1233
"Sopela","20 - 64","Total",7214,7386,7651,7898,8034,8172,8416,8488,8508,8283,8236,8227,8171,8090,8107,8138,8116,8096,8164,8272,8073,8432,8913,8504,8352,8392,8764
"Sopela","20 - 64","Hombres",3724,3793,3912,4025,4086,4133,4238,4263,4273,4134,4122,4114,4080,4025,4018,4042,4033,4027,4067,4132,4018,4223,4439,4254,4178,4196,4352
"Sopela","20 - 64","Mujeres",3490,3593,3739,3873,3948,4039,4178,4225,4235,4149,4114,4113,4091,4065,4089,4096,4083,4069,4097,4140,4055,4209,4474,4250,4174,4196,4412
"Sopela",">= 65","Total",1163,1167,1172,1171,1155,1173,1219,1233,1295,1309,1350,1445,1509,1560,1636,1702,1786,1857,1963,1999,2229,2209,2304,2426,2448,2486,2584
"Sopela",">= 65","Hombres",502,491,491,487,483,485,506,520,537,560,578,629,657,685,737,767,800,836,872,901,1015,1010,1057,1122,1122,1141,1185
"Sopela",">= 65","Mujeres",661,676,681,684,672,688,713,713,758,749,772,816,852,875,899,935,986,1021,1091,1098,1214,1199,1247,1304,1326,1345,1399
"Sopuerta","Total","Total",2332,2317,2303,2351,2364,2382,2398,2416,2495,2544,2577,2586,2567,2554,2586,2584,2548,2512,2468,2512,2628,2689,2721,2729,2733,2768,2827
"Sopuerta","Total","Hombres",1140,1131,1123,1155,1178,1204,1216,1231,1262,1287,1309,1327,1318,1299,1303,1292,1276,1253,1219,1252,1296,1331,1351,1365,1367,1386,1455
"Sopuerta","Total","Mujeres",1192,1186,1180,1196,1186,1178,1182,1185,1233,1257,1268,1259,1249,1255,1283,1292,1272,1259,1249,1260,1332,1358,1370,1364,1366,1382,1372
"Sopuerta","0 - 19","Total",363,337,337,344,342,355,343,347,360,371,385,392,426,428,446,459,443,436,442,447,478,495,498,501,499,505,525
"Sopuerta","0 - 19","Hombres",162,151,157,163,167,170,161,172,175,180,192,198,224,221,229,235,222,219,220,230,235,250,253,249,252,258,295
"Sopuerta","0 - 19","Mujeres",201,186,180,181,175,185,182,175,185,191,193,194,202,207,217,224,221,217,222,217,243,245,245,252,247,247,230
"Sopuerta","20 - 64","Total",1402,1413,1410,1460,1484,1509,1550,1556,1618,1646,1667,1676,1624,1596,1591,1560,1527,1503,1479,1517,1568,1614,1630,1645,1646,1652,1667
"Sopuerta","20 - 64","Hombres",739,741,739,765,787,810,832,835,862,879,884,900,867,846,826,803,793,775,762,781,806,826,841,858,855,856,877
"Sopuerta","20 - 64","Mujeres",663,672,671,695,697,699,718,721,756,767,783,776,757,750,765,757,734,728,717,736,762,788,789,787,791,796,790
"Sopuerta",">= 65","Total",567,567,556,547,538,518,505,513,517,527,525,518,517,530,549,565,578,573,547,548,582,580,593,583,588,611,635
"Sopuerta",">= 65","Hombres",239,239,227,227,224,224,223,224,225,228,233,229,227,232,248,254,261,259,237,241,255,255,257,258,260,272,283
"Sopuerta",">= 65","Mujeres",328,328,329,320,314,294,282,289,292,299,292,289,290,298,301,311,317,314,310,307,327,325,336,325,328,339,352
"Soraluze-Placencia de las Armas","Total","Total",4084,4097,4085,4075,4046,4016,3987,3956,3916,3941,3942,3945,3969,3941,3888,3877,3949,3949,3937,3974,3838,3773,3693,3673,3703,3727,3765
"Soraluze-Placencia de las Armas","Total","Hombres",2003,2015,2009,2002,2001,1998,1989,1988,1972,1978,1987,1995,2008,1986,1965,1959,1992,1977,1978,2005,1951,1910,1877,1879,1900,1915,1951
"Soraluze-Placencia de las Armas","Total","Mujeres",2081,2082,2076,2073,2045,2018,1998,1968,1944,1963,1955,1950,1961,1955,1923,1918,1957,1972,1959,1969,1887,1863,1816,1794,1803,1812,1814
"Soraluze-Placencia de las Armas","0 - 19","Total",655,628,621,622,626,611,608,618,620,632,650,669,684,680,672,695,708,724,726,752,730,714,672,679,686,700,678
"Soraluze-Placencia de las Armas","0 - 19","Hombres",348,327,326,320,325,316,316,324,333,334,344,356,356,353,355,367,369,381,390,407,396,393,373,376,374,380,370
"Soraluze-Placencia de las Armas","0 - 19","Mujeres",307,301,295,302,301,295,292,294,287,298,306,313,328,327,317,328,339,343,336,345,334,321,299,303,312,320,308
"Soraluze-Placencia de las Armas","20 - 64","Total",2560,2583,2590,2606,2583,2575,2555,2518,2478,2485,2441,2408,2425,2391,2354,2294,2326,2271,2266,2271,2176,2143,2112,2088,2107,2112,2139
"Soraluze-Placencia de las Armas","20 - 64","Hombres",1315,1331,1336,1341,1338,1340,1328,1313,1289,1288,1276,1270,1283,1268,1243,1222,1241,1195,1189,1197,1155,1124,1107,1104,1123,1125,1152
"Soraluze-Placencia de las Armas","20 - 64","Mujeres",1245,1252,1254,1265,1245,1235,1227,1205,1189,1197,1165,1138,1142,1123,1111,1072,1085,1076,1077,1074,1021,1019,1005,984,984,987,987
"Soraluze-Placencia de las Armas",">= 65","Total",869,886,874,847,837,830,824,820,818,824,851,868,860,870,862,888,915,954,945,951,932,916,909,906,910,915,948
"Soraluze-Placencia de las Armas",">= 65","Hombres",340,357,347,341,338,342,345,351,350,356,367,369,369,365,367,370,382,401,399,401,400,393,397,399,403,410,429
"Soraluze-Placencia de las Armas",">= 65","Mujeres",529,529,527,506,499,488,479,469,468,468,484,499,491,505,495,518,533,553,546,550,532,523,512,507,507,505,519
"Sukarrieta","Total","Total",281,287,299,328,333,338,339,330,336,336,342,344,348,344,362,357,351,344,336,334,357,369,366,365,361,365,376
"Sukarrieta","Total","Hombres",146,151,157,174,173,172,169,166,171,180,182,182,180,175,187,185,183,177,168,168,193,200,195,193,186,188,198
"Sukarrieta","Total","Mujeres",135,136,142,154,160,166,170,164,165,156,160,162,168,169,175,172,168,167,168,166,164,169,171,172,175,177,178
"Sukarrieta","0 - 19","Total",24,23,30,33,34,36,39,35,40,45,47,50,49,43,44,46,46,45,45,44,43,38,38,40,39,39,38
"Sukarrieta","0 - 19","Hombres",13,13,16,21,21,20,21,19,23,29,31,29,27,25,26,27,29,27,26,23,23,19,20,21,22,22,21
"Sukarrieta","0 - 19","Mujeres",11,10,14,12,13,16,18,16,17,16,16,21,22,18,18,19,17,18,19,21,20,19,18,19,17,17,17
"Sukarrieta","20 - 64","Total",190,192,199,219,224,225,220,211,213,204,200,202,209,207,221,222,214,196,184,180,193,207,205,208,202,210,217
"Sukarrieta","20 - 64","Hombres",103,107,111,118,118,114,112,108,110,110,104,107,107,105,112,114,106,94,89,90,108,116,114,113,104,107,113
"Sukarrieta","20 - 64","Mujeres",87,85,88,101,106,111,108,103,103,94,96,95,102,102,109,108,108,102,95,90,85,91,91,95,98,103,104
"Sukarrieta",">= 65","Total",67,72,70,76,75,77,80,84,83,87,95,92,90,94,97,89,91,103,107,110,121,124,123,117,120,116,121
"Sukarrieta",">= 65","Hombres",30,31,30,35,34,38,36,39,38,41,47,46,46,45,49,44,48,56,53,55,62,65,61,59,60,59,64
"Sukarrieta",">= 65","Mujeres",37,41,40,41,41,39,44,45,45,46,48,46,44,49,48,45,43,47,54,55,59,59,62,58,60,57,57
"Tolosa","Total","Total",17687,17637,17555,17400,17500,17599,17677,17685,17822,17932,18111,18454,18749,18835,18993,19041,18989,19069,19270,19400,19688,19706,19869,19929,19949,19961,20048
"Tolosa","Total","Hombres",8496,8454,8452,8386,8435,8477,8528,8520,8604,8654,8751,8913,9032,9063,9157,9197,9190,9255,9353,9390,9544,9561,9638,9668,9700,9706,9774
"Tolosa","Total","Mujeres",9191,9183,9103,9014,9065,9122,9149,9165,9218,9278,9360,9541,9717,9772,9836,9844,9799,9814,9917,10010,10144,10145,10231,10261,10249,10255,10274
"Tolosa","0 - 19","Total",3194,3172,3157,3114,3170,3224,3252,3254,3332,3385,3461,3594,3672,3679,3733,3788,3806,3822,3854,3876,3935,3860,3869,3915,3920,3895,3807
"Tolosa","0 - 19","Hombres",1629,1617,1620,1601,1645,1686,1683,1682,1732,1769,1805,1866,1868,1872,1913,1954,1987,2018,2013,2021,2071,2021,2048,2066,2067,2036,1999
"Tolosa","0 - 19","Mujeres",1565,1555,1537,1513,1525,1538,1569,1572,1600,1616,1656,1728,1804,1807,1820,1834,1819,1804,1841,1855,1864,1839,1821,1849,1853,1859,1808
"Tolosa","20 - 64","Total",11027,10924,10863,10787,10867,10900,10889,10932,10950,10969,10967,11132,11210,11191,11204,11149,11056,11063,11166,11213,11344,11390,11502,11481,11477,11468,11523
"Tolosa","20 - 64","Hombres",5486,5437,5447,5423,5443,5434,5431,5448,5460,5441,5450,5532,5553,5532,5553,5550,5495,5520,5578,5577,5643,5667,5695,5682,5702,5704,5770
"Tolosa","20 - 64","Mujeres",5541,5487,5416,5364,5424,5466,5458,5484,5490,5528,5517,5600,5657,5659,5651,5599,5561,5543,5588,5636,5701,5723,5807,5799,5775,5764,5753
"Tolosa",">= 65","Total",3466,3541,3535,3499,3463,3475,3536,3499,3540,3578,3683,3728,3867,3965,4056,4104,4127,4184,4250,4311,4409,4456,4498,4533,4552,4598,4718
"Tolosa",">= 65","Hombres",1381,1400,1385,1362,1347,1357,1414,1390,1412,1444,1496,1515,1611,1659,1691,1693,1708,1717,1762,1792,1830,1873,1895,1920,1931,1966,2005
"Tolosa",">= 65","Mujeres",2085,2141,2150,2137,2116,2118,2122,2109,2128,2134,2187,2213,2256,2306,2365,2411,2419,2467,2488,2519,2579,2583,2603,2613,2621,2632,2713
"Trucios-Turtzioz","Total","Total",549,539,534,541,535,530,546,546,539,551,546,547,548,532,523,520,518,522,512,520,513,525,530,531,532,525,524
"Trucios-Turtzioz","Total","Hombres",264,262,260,269,267,266,276,273,269,277,275,278,273,273,272,263,265,269,262,263,261,267,268,271,270,268,266
"Trucios-Turtzioz","Total","Mujeres",285,277,274,272,268,264,270,273,270,274,271,269,275,259,251,257,253,253,250,257,252,258,262,260,262,257,258
"Trucios-Turtzioz","0 - 19","Total",85,87,77,77,68,66,71,74,63,65,62,62,60,60,60,59,58,58,59,62,56,63,68,64,64,62,61
"Trucios-Turtzioz","0 - 19","Hombres",44,47,41,43,41,37,41,38,32,33,33,33,30,32,31,28,30,28,30,29,26,27,29,28,25,25,25
"Trucios-Turtzioz","0 - 19","Mujeres",41,40,36,34,27,29,30,36,31,32,29,29,30,28,29,31,28,30,29,33,30,36,39,36,39,37,36
"Trucios-Turtzioz","20 - 64","Total",312,300,315,321,331,335,349,351,353,363,359,357,362,350,336,337,333,332,324,327,330,329,328,326,327,320,323
"Trucios-Turtzioz","20 - 64","Hombres",165,161,169,173,176,183,193,192,191,196,191,192,188,187,184,179,180,182,174,176,177,177,172,173,173,168,169
"Trucios-Turtzioz","20 - 64","Mujeres",147,139,146,148,155,152,156,159,162,167,168,165,174,163,152,158,153,150,150,151,153,152,156,153,154,152,154
"Trucios-Turtzioz",">= 65","Total",152,152,142,143,136,129,126,121,123,123,125,128,126,122,127,124,127,132,129,131,127,133,134,141,141,143,140
"Trucios-Turtzioz",">= 65","Hombres",55,54,50,53,50,46,42,43,46,48,51,53,55,54,57,56,55,59,58,58,58,63,67,70,72,75,72
"Trucios-Turtzioz",">= 65","Mujeres",97,98,92,90,86,83,84,78,77,75,74,75,71,68,70,68,72,73,71,73,69,70,67,71,69,68,68
"Ubide","Total","Total",171,171,171,163,159,155,154,160,163,170,187,187,182,181,184,180,190,190,177,180,169,171,175,182,179,172,179
"Ubide","Total","Hombres",85,85,85,81,81,81,80,80,81,84,95,95,93,94,96,96,100,102,95,100,93,94,91,93,90,88,91
"Ubide","Total","Mujeres",86,86,86,82,78,74,74,80,82,86,92,92,89,87,88,84,90,88,82,80,76,77,84,89,89,84,88
"Ubide","0 - 19","Total",21,21,20,17,19,16,17,18,17,17,22,24,27,23,28,25,28,31,27,24,20,20,24,25,26,23,23
"Ubide","0 - 19","Hombres",9,9,9,6,8,7,9,9,9,10,13,14,15,13,16,14,15,17,15,14,10,10,11,10,10,10,9
"Ubide","0 - 19","Mujeres",12,12,11,11,11,9,8,9,8,7,9,10,12,10,12,11,13,14,12,10,10,10,13,15,16,13,14
"Ubide","20 - 64","Total",99,100,103,107,99,102,102,106,111,118,128,125,119,125,123,121,127,124,120,127,122,124,122,129,127,121,126
"Ubide","20 - 64","Hombres",52,53,53,56,52,56,54,55,59,59,67,65,64,69,68,67,71,70,67,73,69,70,66,69,66,61,65
"Ubide","20 - 64","Mujeres",47,47,50,51,47,46,48,51,52,59,61,60,55,56,55,54,56,54,53,54,53,54,56,60,61,60,61
"Ubide",">= 65","Total",51,50,48,39,41,37,35,36,35,35,37,38,36,33,33,34,35,35,30,29,27,27,29,28,26,28,30
"Ubide",">= 65","Hombres",24,23,23,19,21,18,17,16,13,15,15,16,14,12,12,15,14,15,13,13,14,14,14,14,14,17,17
"Ubide",">= 65","Mujeres",27,27,25,20,20,19,18,20,22,20,22,22,22,21,21,19,21,20,17,16,13,13,15,14,12,11,13
"Ugao-Miraballes","Total","Total",4035,4003,3999,3978,3975,3980,3995,3991,4009,4031,4041,4044,4080,4065,4102,4088,4092,4086,4114,4108,4094,4103,4119,4140,4130,4145,4181
"Ugao-Miraballes","Total","Hombres",2025,2012,2019,2008,2007,2011,2024,2022,2031,2044,2039,2038,2060,2053,2063,2061,2065,2056,2092,2076,2068,2082,2088,2092,2091,2101,2107
"Ugao-Miraballes","Total","Mujeres",2010,1991,1980,1970,1968,1969,1971,1969,1978,1987,2002,2006,2020,2012,2039,2027,2027,2030,2022,2032,2026,2021,2031,2048,2039,2044,2074
"Ugao-Miraballes","0 - 19","Total",738,713,688,683,675,691,691,670,679,675,681,680,686,704,725,743,731,732,758,759,738,726,726,736,736,736,739
"Ugao-Miraballes","0 - 19","Hombres",425,407,393,386,376,372,379,367,364,358,358,361,363,368,368,386,381,375,400,392,385,389,387,381,379,375,377
"Ugao-Miraballes","0 - 19","Mujeres",313,306,295,297,299,319,312,303,315,317,323,319,323,336,357,357,350,357,358,367,353,337,339,355,357,361,362
"Ugao-Miraballes","20 - 64","Total",2592,2577,2585,2581,2594,2596,2602,2607,2607,2626,2614,2599,2615,2556,2569,2524,2518,2506,2499,2456,2454,2477,2467,2476,2449,2453,2457
"Ugao-Miraballes","20 - 64","Hombres",1300,1299,1314,1321,1337,1350,1354,1346,1350,1364,1341,1333,1349,1328,1336,1308,1308,1302,1307,1277,1278,1288,1290,1301,1295,1300,1288
"Ugao-Miraballes","20 - 64","Mujeres",1292,1278,1271,1260,1257,1246,1248,1261,1257,1262,1273,1266,1266,1228,1233,1216,1210,1204,1192,1179,1176,1189,1177,1175,1154,1153,1169
"Ugao-Miraballes",">= 65","Total",705,713,726,714,706,693,702,714,723,730,746,765,779,805,808,821,843,848,857,893,902,900,926,928,945,956,985
"Ugao-Miraballes",">= 65","Hombres",300,306,312,301,294,289,291,309,317,322,340,344,348,357,359,367,376,379,385,407,405,405,411,410,417,426,442
"Ugao-Miraballes",">= 65","Mujeres",405,407,414,413,412,404,411,405,406,408,406,421,431,448,449,454,467,469,472,486,497,495,515,518,528,530,543
"Urduliz","Total","Total",3238,3273,3312,3322,3263,3211,3266,3296,3333,3442,3573,3634,3784,3919,4055,4128,4095,4133,4294,4515,4955,5164,5270,5385,5551,5626,6036
"Urduliz","Total","Hombres",1623,1637,1650,1655,1637,1623,1625,1655,1669,1727,1783,1807,1893,1948,2029,2076,2069,2087,2196,2290,2475,2585,2619,2668,2741,2772,2962
"Urduliz","Total","Mujeres",1615,1636,1662,1667,1626,1588,1641,1641,1664,1715,1790,1827,1891,1971,2026,2052,2026,2046,2098,2225,2480,2579,2651,2717,2810,2854,3074
"Urduliz","0 - 19","Total",574,584,561,578,569,555,561,595,620,650,666,681,721,758,796,827,825,859,900,953,1034,1053,1047,1077,1127,1145,1215
"Urduliz","0 - 19","Hombres",303,313,286,297,292,286,278,301,313,333,332,332,366,368,387,408,411,424,469,500,530,533,531,542,562,570,613
"Urduliz","0 - 19","Mujeres",271,271,275,281,277,269,283,294,307,317,334,349,355,390,409,419,414,435,431,453,504,520,516,535,565,575,602
"Urduliz","20 - 64","Total",2203,2212,2260,2256,2224,2166,2197,2202,2196,2260,2349,2391,2483,2562,2636,2650,2601,2610,2696,2819,3112,3266,3354,3407,3489,3530,3765
"Urduliz","20 - 64","Hombres",1108,1107,1139,1133,1128,1107,1114,1133,1134,1158,1202,1223,1267,1313,1364,1376,1356,1356,1401,1449,1578,1664,1691,1715,1746,1760,1861
"Urduliz","20 - 64","Mujeres",1095,1105,1121,1123,1096,1059,1083,1069,1062,1102,1147,1168,1216,1249,1272,1274,1245,1254,1295,1370,1534,1602,1663,1692,1743,1770,1904
"Urduliz",">= 65","Total",461,477,491,488,470,490,508,499,517,532,558,562,580,599,623,651,669,664,698,743,809,845,869,901,935,951,1056
"Urduliz",">= 65","Hombres",212,217,225,225,217,230,233,221,222,236,249,252,260,267,278,292,302,307,326,341,367,388,397,411,433,442,488
"Urduliz",">= 65","Mujeres",249,260,266,263,253,260,275,278,295,296,309,310,320,332,345,359,367,357,372,402,442,457,472,490,502,509,568
"Urduña/Orduña","Total","Total",3953,3994,4011,4055,4056,4065,4084,4151,4170,4215,4214,4200,4213,4182,4159,4136,4159,4217,4274,4233,4178,4139,4133,4161,4150,4191,4244
"Urduña/Orduña","Total","Hombres",2004,2029,2059,2090,2085,2085,2107,2139,2154,2187,2172,2160,2169,2148,2134,2124,2142,2210,2250,2217,2180,2154,2141,2169,2162,2187,2220
"Urduña/Orduña","Total","Mujeres",1949,1965,1952,1965,1971,1980,1977,2012,2016,2028,2042,2040,2044,2034,2025,2012,2017,2007,2024,2016,1998,1985,1992,1992,1988,2004,2024
"Urduña/Orduña","0 - 19","Total",650,663,663,670,673,661,640,718,671,678,694,696,744,725,724,742,760,832,883,841,816,778,733,781,785,808,804
"Urduña/Orduña","0 - 19","Hombres",351,354,369,372,368,352,340,422,367,379,379,377,402,390,387,391,404,479,520,481,473,441,414,439,441,458,469
"Urduña/Orduña","0 - 19","Mujeres",299,309,294,298,305,309,300,296,304,299,315,319,342,335,337,351,356,353,363,360,343,337,319,342,344,350,335
"Urduña/Orduña","20 - 64","Total",2474,2471,2496,2555,2563,2599,2644,2625,2687,2730,2717,2689,2652,2617,2583,2516,2517,2485,2481,2468,2419,2379,2413,2379,2371,2378,2423
"Urduña/Orduña","20 - 64","Hombres",1302,1315,1328,1354,1355,1372,1407,1361,1419,1440,1433,1412,1391,1372,1358,1340,1336,1315,1303,1293,1262,1251,1258,1250,1242,1248,1269
"Urduña/Orduña","20 - 64","Mujeres",1172,1156,1168,1201,1208,1227,1237,1264,1268,1290,1284,1277,1261,1245,1225,1176,1181,1170,1178,1175,1157,1128,1155,1129,1129,1130,1154
"Urduña/Orduña",">= 65","Total",829,860,852,830,820,805,800,808,812,807,803,815,817,840,852,878,882,900,910,924,943,982,987,1001,994,1005,1017
"Urduña/Orduña",">= 65","Hombres",351,360,362,364,362,361,360,356,368,368,360,371,376,386,389,393,402,416,427,443,445,462,469,480,479,481,482
"Urduña/Orduña",">= 65","Mujeres",478,500,490,466,458,444,440,452,444,439,443,444,441,454,463,485,480,484,483,481,498,520,518,521,515,524,535
"Urkabustaiz","Total","Total",938,961,986,1035,1067,1097,1146,1173,1213,1286,1339,1374,1328,1312,1334,1377,1394,1399,1435,1450,1448,1445,1446,1474,1481,1501,1515
"Urkabustaiz","Total","Hombres",510,517,533,554,566,576,609,624,647,689,721,734,710,704,710,727,738,733,758,765,757,758,757,777,779,786,790
"Urkabustaiz","Total","Mujeres",428,444,453,481,501,521,537,549,566,597,618,640,618,608,624,650,656,666,677,685,691,687,689,697,702,715,725
"Urkabustaiz","0 - 19","Total",152,161,162,189,190,214,219,231,244,265,281,314,300,290,296,313,332,330,328,315,311,316,305,308,313,313,315
"Urkabustaiz","0 - 19","Hombres",82,86,89,108,104,114,111,117,125,130,142,157,148,140,135,140,152,156,160,158,152,158,150,155,158,156,158
"Urkabustaiz","0 - 19","Mujeres",70,75,73,81,86,100,108,114,119,135,139,157,152,150,161,173,180,174,168,157,159,158,155,153,155,157,157
"Urkabustaiz","20 - 64","Total",579,587,623,648,685,695,751,766,788,837,876,881,847,844,862,884,880,867,903,930,920,911,926,941,949,960,948
"Urkabustaiz","20 - 64","Hombres",324,325,344,352,372,377,417,429,440,473,494,494,471,474,487,498,494,474,489,498,491,483,492,499,501,504,489
"Urkabustaiz","20 - 64","Mujeres",255,262,279,296,313,318,334,337,348,364,382,387,376,370,375,386,386,393,414,432,429,428,434,442,448,456,459
"Urkabustaiz",">= 65","Total",207,213,201,198,192,188,176,176,181,184,182,179,181,178,176,180,182,202,204,205,217,218,215,225,219,228,252
"Urkabustaiz",">= 65","Hombres",104,106,100,94,90,85,81,78,82,86,85,83,91,90,88,89,92,103,109,109,114,117,115,123,120,126,143
"Urkabustaiz",">= 65","Mujeres",103,107,101,104,102,103,95,98,99,98,97,96,90,88,88,91,90,99,95,96,103,101,100,102,99,102,109
"Urnieta","Total","Total",5434,5629,5718,5715,5779,5842,5934,6011,6067,6074,6094,6145,6136,6122,6158,6169,6204,6192,6190,6209,6172,6161,6145,6180,6179,6228,6294
"Urnieta","Total","Hombres",2785,2876,2927,2908,2945,2979,3027,3073,3092,3071,3074,3078,3075,3052,3083,3090,3096,3075,3078,3098,3094,3086,3077,3083,3086,3105,3160
"Urnieta","Total","Mujeres",2649,2753,2791,2807,2834,2863,2907,2938,2975,3003,3020,3067,3061,3070,3075,3079,3108,3117,3112,3111,3078,3075,3068,3097,3093,3123,3134
"Urnieta","0 - 19","Total",1162,1198,1236,1244,1279,1262,1288,1338,1353,1358,1399,1430,1431,1440,1427,1390,1399,1354,1322,1290,1252,1196,1164,1153,1144,1139,1114
"Urnieta","0 - 19","Hombres",608,625,637,641,659,645,662,683,686,680,700,711,715,725,715,713,704,683,665,653,631,600,585,579,575,579,572
"Urnieta","0 - 19","Mujeres",554,573,599,603,620,617,626,655,667,678,699,719,716,715,712,677,695,671,657,637,621,596,579,574,569,560,542
"Urnieta","20 - 64","Total",3705,3830,3856,3846,3870,3921,3986,3992,4009,3984,3931,3913,3880,3812,3819,3830,3827,3843,3854,3880,3849,3855,3845,3856,3861,3888,3936
"Urnieta","20 - 64","Hombres",1914,1978,2009,1989,2004,2032,2055,2067,2076,2049,2016,1997,1979,1927,1953,1949,1945,1943,1958,1968,1969,1974,1965,1962,1961,1970,2004
"Urnieta","20 - 64","Mujeres",1791,1852,1847,1857,1866,1889,1931,1925,1933,1935,1915,1916,1901,1885,1866,1881,1882,1900,1896,1912,1880,1881,1880,1894,1900,1918,1932
"Urnieta",">= 65","Total",567,601,626,625,630,659,660,681,705,732,764,802,825,870,912,949,978,995,1014,1039,1071,1110,1136,1171,1174,1201,1244
"Urnieta",">= 65","Hombres",263,273,281,278,282,302,310,323,330,342,358,370,381,400,415,428,447,449,455,477,494,512,527,542,550,556,584
"Urnieta",">= 65","Mujeres",304,328,345,347,348,357,350,358,375,390,406,432,444,470,497,521,531,546,559,562,577,598,609,629,624,645,660
"Urretxu","Total","Total",6358,6470,6540,6543,6599,6655,6641,6698,6804,6889,6892,6930,6900,6932,6958,6850,6820,6776,6802,6829,6835,6799,6786,6798,6818,6822,6795
"Urretxu","Total","Hombres",3190,3271,3308,3309,3343,3375,3360,3383,3447,3493,3508,3504,3494,3512,3525,3452,3419,3394,3403,3416,3444,3416,3399,3422,3431,3426,3421
"Urretxu","Total","Mujeres",3168,3199,3232,3234,3256,3280,3281,3315,3357,3396,3384,3426,3406,3420,3433,3398,3401,3382,3399,3413,3391,3383,3387,3376,3387,3396,3374
"Urretxu","0 - 19","Total",1158,1199,1202,1199,1208,1232,1238,1265,1330,1384,1416,1453,1453,1473,1485,1470,1462,1422,1398,1355,1332,1301,1269,1275,1274,1256,1196
"Urretxu","0 - 19","Hombres",600,630,629,619,629,638,643,650,700,738,770,766,769,779,796,777,764,752,748,732,710,690,668,665,671,667,627
"Urretxu","0 - 19","Mujeres",558,569,573,580,579,594,595,615,630,646,646,687,684,694,689,693,698,670,650,623,622,611,601,610,603,589,569
"Urretxu","20 - 64","Total",4161,4176,4205,4227,4231,4254,4221,4222,4228,4237,4152,4124,4068,4061,4039,3958,3926,3898,3917,3965,3965,3973,3989,3966,3988,3981,3978
"Urretxu","20 - 64","Hombres",2120,2145,2182,2193,2196,2214,2192,2198,2189,2195,2147,2135,2109,2102,2091,2039,2020,2004,2000,2022,2052,2063,2065,2072,2081,2062,2078
"Urretxu","20 - 64","Mujeres",2041,2031,2023,2034,2035,2040,2029,2024,2039,2042,2005,1989,1959,1959,1948,1919,1906,1894,1917,1943,1913,1910,1924,1894,1907,1919,1900
"Urretxu",">= 65","Total",1039,1095,1133,1117,1160,1169,1182,1211,1246,1268,1324,1353,1379,1398,1434,1422,1432,1456,1487,1509,1538,1525,1528,1557,1556,1585,1621
"Urretxu",">= 65","Hombres",470,496,497,497,518,523,525,535,558,560,591,603,616,631,638,636,635,638,655,662,682,663,666,685,679,697,716
"Urretxu",">= 65","Mujeres",569,599,636,620,642,646,657,676,688,708,733,750,763,767,796,786,797,818,832,847,856,862,862,872,877,888,905
"Usansolo","Total","Total",-,-,-,-,-,-,-,-,-,-,-,-,-,-,-,-,-,-,-,-,-,-,-,-,-,4576,4591
"Usansolo","Total","Hombres",-,-,-,-,-,-,-,-,-,-,-,-,-,-,-,-,-,-,-,-,-,-,-,-,-,2252,2259
"Usansolo","Total","Mujeres",-,-,-,-,-,-,-,-,-,-,-,-,-,-,-,-,-,-,-,-,-,-,-,-,-,2324,2332
"Usansolo","0 - 19","Total",-,-,-,-,-,-,-,-,-,-,-,-,-,-,-,-,-,-,-,-,-,-,-,-,-,879,867
"Usansolo","0 - 19","Hombres",-,-,-,-,-,-,-,-,-,-,-,-,-,-,-,-,-,-,-,-,-,-,-,-,-,472,457
"Usansolo","0 - 19","Mujeres",-,-,-,-,-,-,-,-,-,-,-,-,-,-,-,-,-,-,-,-,-,-,-,-,-,407,410
"Usansolo","20 - 64","Total",-,-,-,-,-,-,-,-,-,-,-,-,-,-,-,-,-,-,-,-,-,-,-,-,-,2781,2781
"Usansolo","20 - 64","Hombres",-,-,-,-,-,-,-,-,-,-,-,-,-,-,-,-,-,-,-,-,-,-,-,-,-,1379,1380
"Usansolo","20 - 64","Mujeres",-,-,-,-,-,-,-,-,-,-,-,-,-,-,-,-,-,-,-,-,-,-,-,-,-,1402,1401
"Usansolo",">= 65","Total",-,-,-,-,-,-,-,-,-,-,-,-,-,-,-,-,-,-,-,-,-,-,-,-,-,916,943
"Usansolo",">= 65","Hombres",-,-,-,-,-,-,-,-,-,-,-,-,-,-,-,-,-,-,-,-,-,-,-,-,-,401,422
"Usansolo",">= 65","Mujeres",-,-,-,-,-,-,-,-,-,-,-,-,-,-,-,-,-,-,-,-,-,-,-,-,-,515,521
"Usurbil","Total","Total",5296,5407,5489,5549,5591,5633,5651,5729,5884,5989,6055,6109,6154,6207,6225,6223,6305,6305,6318,6308,6146,6174,6223,6350,6389,6439,6485
"Usurbil","Total","Hombres",2718,2784,2835,2851,2866,2879,2894,2947,3017,3070,3101,3117,3149,3166,3155,3157,3204,3206,3206,3200,3087,3102,3129,3183,3208,3236,3237
"Usurbil","Total","Mujeres",2578,2623,2654,2698,2725,2754,2757,2782,2867,2919,2954,2992,3005,3041,3070,3066,3101,3099,3112,3108,3059,3072,3094,3167,3181,3203,3248
"Usurbil","0 - 19","Total",1004,988,969,995,1021,1040,1056,1087,1153,1201,1255,1331,1349,1357,1380,1377,1436,1430,1413,1370,1319,1321,1315,1343,1341,1333,1300
"Usurbil","0 - 19","Hombres",533,522,509,514,536,549,554,572,600,617,644,693,705,709,719,711,743,746,750,729,701,696,696,709,715,714,696
"Usurbil","0 - 19","Mujeres",471,466,460,481,485,491,502,515,553,584,611,638,644,648,661,666,693,684,663,641,618,625,619,634,626,619,604
"Usurbil","20 - 64","Total",3568,3658,3735,3732,3752,3746,3733,3763,3824,3863,3846,3794,3797,3824,3777,3761,3745,3745,3714,3723,3602,3602,3658,3743,3784,3829,3875
"Usurbil","20 - 64","Hombres",1869,1927,1975,1965,1958,1952,1951,1975,2003,2024,2020,1983,1994,1996,1944,1937,1944,1941,1922,1926,1837,1836,1867,1901,1925,1948,1951
"Usurbil","20 - 64","Mujeres",1699,1731,1760,1767,1794,1794,1782,1788,1821,1839,1826,1811,1803,1828,1833,1824,1801,1804,1792,1797,1765,1766,1791,1842,1859,1881,1924
"Usurbil",">= 65","Total",724,761,785,822,818,847,862,879,907,925,954,984,1008,1026,1068,1085,1124,1130,1191,1215,1225,1251,1250,1264,1264,1277,1310
"Usurbil",">= 65","Hombres",316,335,351,372,372,378,389,400,414,429,437,441,450,461,492,509,517,519,534,545,549,570,566,573,568,574,590
"Usurbil",">= 65","Mujeres",408,426,434,450,446,469,473,479,493,496,517,543,558,565,576,576,607,611,657,670,676,681,684,691,696,703,720
"Valdegovía/Gaubea","Total","Total",954,1003,1015,1061,1087,1111,1121,1164,1124,1136,1136,1107,1088,1084,1064,1063,1058,1068,1069,1064,1122,1169,1165,1139,1139,1149,1147
"Valdegovía/Gaubea","Total","Hombres",499,529,544,567,592,615,615,643,620,627,627,610,593,594,585,589,591,586,593,581,610,630,634,628,625,624,628
"Valdegovía/Gaubea","Total","Mujeres",455,474,471,494,495,496,506,521,504,509,509,497,495,490,479,474,467,482,476,483,512,539,531,511,514,525,519
"Valdegovía/Gaubea","0 - 19","Total",89,105,110,120,115,123,118,137,129,130,133,141,137,145,147,134,132,136,122,119,129,134,128,119,133,122,125
"Valdegovía/Gaubea","0 - 19","Hombres",42,55,58,62,59,66,63,70,64,63,62,68,65,69,75,67,64,65,59,54,55,57,55,52,62,57,60
"Valdegovía/Gaubea","0 - 19","Mujeres",47,50,52,58,56,57,55,67,65,67,71,73,72,76,72,67,68,71,63,65,74,77,73,67,71,65,65
"Valdegovía/Gaubea","20 - 64","Total",569,588,602,629,652,663,688,719,686,687,682,646,643,628,619,628,630,622,642,632,671,697,689,679,661,682,668
"Valdegovía/Gaubea","20 - 64","Hombres",310,318,334,349,369,377,383,402,386,385,383,361,360,358,348,362,367,356,372,363,383,392,388,382,370,374,369
"Valdegovía/Gaubea","20 - 64","Mujeres",259,270,268,280,283,286,305,317,300,302,299,285,283,270,271,266,263,266,270,269,288,305,301,297,291,308,299
"Valdegovía/Gaubea",">= 65","Total",296,310,303,312,320,325,315,308,309,319,321,320,308,311,298,301,296,310,305,313,322,338,348,341,345,345,354
"Valdegovía/Gaubea",">= 65","Hombres",147,156,152,156,164,172,169,171,170,179,182,181,168,167,162,160,160,165,162,164,172,181,191,194,193,193,199
"Valdegovía/Gaubea",">= 65","Mujeres",149,154,151,156,156,153,146,137,139,140,139,139,140,144,136,141,136,145,143,149,150,157,157,147,152,152,155
"Valle de Trápaga-Trapagaran","Total","Total",12465,12549,12555,12457,12395,12357,12406,12362,12321,12262,12181,12151,12048,12052,12008,11938,11878,11872,11875,11855,11760,11760,11746,11749,11728,11747,11630
"Valle de Trápaga-Trapagaran","Total","Hombres",6109,6155,6162,6093,6072,6065,6084,6066,6033,6021,5946,5937,5872,5848,5847,5775,5736,5729,5713,5697,5658,5647,5641,5665,5654,5665,5593
"Valle de Trápaga-Trapagaran","Total","Mujeres",6356,6394,6393,6364,6323,6292,6322,6296,6288,6241,6235,6214,6176,6204,6161,6163,6142,6143,6162,6158,6102,6113,6105,6084,6074,6082,6037
"Valle de Trápaga-Trapagaran","0 - 19","Total",2073,2017,1997,1952,1936,1912,1933,1951,1981,2029,2038,2066,2028,2059,2046,2050,2027,2019,1992,1944,1930,1883,1812,1833,1850,1838,1724
"Valle de Trápaga-Trapagaran","0 - 19","Hombres",1086,1069,1063,1032,1004,1002,1012,1041,1039,1078,1083,1078,1053,1058,1057,1041,1020,1017,995,964,972,954,877,899,932,916,865
"Valle de Trápaga-Trapagaran","0 - 19","Mujeres",987,948,934,920,932,910,921,910,942,951,955,988,975,1001,989,1009,1007,1002,997,980,958,929,935,934,918,922,859
"Valle de Trápaga-Trapagaran","20 - 64","Total",8256,8331,8358,8329,8284,8270,8222,8142,8051,7893,7754,7631,7541,7446,7354,7239,7186,7149,7118,7101,6974,7004,7002,6941,6912,6905,6849
"Valle de Trápaga-Trapagaran","20 - 64","Hombres",4145,4181,4199,4173,4184,4185,4152,4081,4047,3961,3879,3840,3794,3740,3703,3639,3602,3584,3561,3562,3484,3484,3519,3484,3435,3458,3416
"Valle de Trápaga-Trapagaran","20 - 64","Mujeres",4111,4150,4159,4156,4100,4085,4070,4061,4004,3932,3875,3791,3747,3706,3651,3600,3584,3565,3557,3539,3490,3520,3483,3457,3477,3447,3433
"Valle de Trápaga-Trapagaran",">= 65","Total",2136,2201,2200,2176,2175,2175,2251,2269,2289,2340,2389,2454,2479,2547,2608,2649,2665,2704,2765,2810,2856,2873,2932,2975,2966,3004,3057
"Valle de Trápaga-Trapagaran",">= 65","Hombres",878,905,900,888,884,878,920,944,947,982,984,1019,1025,1050,1087,1095,1114,1128,1157,1171,1202,1209,1245,1282,1287,1291,1312
"Valle de Trápaga-Trapagaran",">= 65","Mujeres",1258,1296,1300,1288,1291,1297,1331,1325,1342,1358,1405,1435,1454,1497,1521,1554,1551,1576,1608,1639,1654,1664,1687,1693,1679,1713,1745
"Villabona","Total","Total",5401,5423,5466,5569,5585,5601,5677,5675,5688,5720,5755,5761,5766,5769,5737,5768,5894,5925,5906,5917,5755,5728,5728,5706,5729,5747,5778
"Villabona","Total","Hombres",2700,2714,2746,2804,2816,2826,2860,2878,2892,2882,2891,2901,2903,2881,2853,2867,2919,2939,2936,2935,2842,2819,2815,2786,2783,2792,2794
"Villabona","Total","Mujeres",2701,2709,2720,2765,2769,2775,2817,2797,2796,2838,2864,2860,2863,2888,2884,2901,2975,2986,2970,2982,2913,2909,2913,2920,2946,2955,2984
"Villabona","0 - 19","Total",1101,1086,1075,1073,1064,1064,1096,1113,1127,1145,1173,1209,1211,1223,1236,1225,1252,1246,1206,1188,1146,1132,1097,1099,1115,1099,1055
"Villabona","0 - 19","Hombres",558,544,549,549,541,539,548,565,579,573,589,618,623,618,629,617,627,631,612,604,590,577,542,555,563,552,518
"Villabona","0 - 19","Mujeres",543,542,526,524,523,525,548,548,548,572,584,591,588,605,607,608,625,615,594,584,556,555,555,544,552,547,537
"Villabona","20 - 64","Total",3550,3588,3643,3738,3742,3729,3742,3702,3684,3660,3623,3573,3551,3518,3438,3442,3485,3492,3495,3509,3374,3360,3378,3321,3319,3336,3383
"Villabona","20 - 64","Hombres",1829,1855,1882,1939,1951,1946,1955,1943,1929,1899,1876,1842,1831,1804,1738,1741,1764,1763,1771,1766,1676,1680,1703,1648,1627,1642,1667
"Villabona","20 - 64","Mujeres",1721,1733,1761,1799,1791,1783,1787,1759,1755,1761,1747,1731,1720,1714,1700,1701,1721,1729,1724,1743,1698,1680,1675,1673,1692,1694,1716
"Villabona",">= 65","Total",750,749,748,758,779,808,839,860,877,915,959,979,1004,1028,1063,1101,1157,1187,1205,1220,1235,1236,1253,1286,1295,1312,1340
"Villabona",">= 65","Hombres",313,315,315,316,324,341,357,370,384,410,426,441,449,459,486,509,528,545,553,565,576,562,570,583,593,598,609
"Villabona",">= 65","Mujeres",437,434,433,442,455,467,482,490,493,505,533,538,555,569,577,592,629,642,652,655,659,674,683,703,702,714,731
"Villabuena de Álava/Eskuernaga","Total","Total",322,332,326,326,328,330,317,320,321,322,331,326,316,316,309,295,303,306,304,282,292,296,292,291,291,299,286
"Villabuena de Álava/Eskuernaga","Total","Hombres",159,164,161,164,165,166,162,162,163,161,168,168,165,163,161,148,152,153,152,144,150,156,153,151,153,157,154
"Villabuena de Álava/Eskuernaga","Total","Mujeres",163,168,165,162,163,164,155,158,158,161,163,158,151,153,148,147,151,153,152,138,142,140,139,140,138,142,132
"Villabuena de Álava/Eskuernaga","0 - 19","Total",53,57,51,54,47,49,44,44,43,45,44,48,44,46,42,40,39,43,37,31,33,30,31,30,32,36,35
"Villabuena de Álava/Eskuernaga","0 - 19","Hombres",24,26,22,25,18,18,16,16,18,19,21,22,21,23,20,19,19,19,16,13,17,16,17,17,19,21,22
"Villabuena de Álava/Eskuernaga","0 - 19","Mujeres",29,31,29,29,29,31,28,28,25,26,23,26,23,23,22,21,20,24,21,18,16,14,14,13,13,15,13
"Villabuena de Álava/Eskuernaga","20 - 64","Total",188,189,192,187,194,198,192,190,190,188,192,187,183,182,181,173,181,180,176,171,173,177,172,174,169,175,166
"Villabuena de Álava/Eskuernaga","20 - 64","Hombres",96,96,98,99,106,109,106,103,104,99,102,102,100,98,101,89,92,95,93,91,92,98,94,93,92,94,94
"Villabuena de Álava/Eskuernaga","20 - 64","Mujeres",92,93,94,88,88,89,86,87,86,89,90,85,83,84,80,84,89,85,83,80,81,79,78,81,77,81,72
"Villabuena de Álava/Eskuernaga",">= 65","Total",81,86,83,85,87,83,81,86,88,89,95,91,89,88,86,82,83,83,91,80,86,89,89,87,90,88,85
"Villabuena de Álava/Eskuernaga",">= 65","Hombres",39,42,41,40,41,39,40,43,41,43,45,44,44,42,40,40,41,39,43,40,41,42,42,41,42,42,38
"Villabuena de Álava/Eskuernaga",">= 65","Mujeres",42,44,42,45,46,44,41,43,47,46,50,47,45,46,46,42,42,44,48,40,45,47,47,46,48,46,47
"Vitoria-Gasteiz","Total","Total",214676,216926,219583,220871,223953,226645,229387,232020,234741,237150,238128,240430,238911,238862,240699,241451,242254,243815,246149,248087,247833,248106,248961,250100,250877,251974,253956
"Vitoria-Gasteiz","Total","Hombres",105530,106672,108074,108897,110420,111598,113019,114472,115856,117117,117375,118453,117146,116729,117539,117667,117851,118388,119604,120315,120123,120144,120490,121042,121404,121948,122984
"Vitoria-Gasteiz","Total","Mujeres",109146,110254,111509,111974,113533,115047,116368,117548,118885,120033,120753,121977,121765,122133,123160,123784,124403,125427,126545,127772,127710,127962,128471,129058,129473,130026,130972
"Vitoria-Gasteiz","0 - 19","Total",39628,38988,38341,38057,38157,38360,38847,39589,40423,41330,42124,43133,43426,43882,45042,45850,46531,47062,47570,47746,47853,47189,45576,47224,47640,47833,46589
"Vitoria-Gasteiz","0 - 19","Hombres",20250,19939,19559,19430,19507,19599,19803,20153,20683,21211,21645,22135,22306,22581,23191,23637,23933,24217,24541,24601,24648,24227,23277,24299,24645,24727,24055
"Vitoria-Gasteiz","0 - 19","Mujeres",19378,19049,18782,18627,18650,18761,19044,19436,19740,20119,20479,20998,21120,21301,21851,22213,22598,22845,23029,23145,23205,22962,22299,22925,22995,23106,22534
"Vitoria-Gasteiz","20 - 64","Total",142905,144691,147120,148189,150586,152100,153389,154500,155177,155300,154265,154288,151250,149378,148616,147528,146735,146651,147320,147903,146020,146400,147667,146445,145995,146325,148523
"Vitoria-Gasteiz","20 - 64","Hombres",71656,72627,73968,74632,75828,76469,77191,77885,78128,78212,77492,77572,75499,74214,73761,72998,72535,72313,72710,72926,71958,72331,73080,72341,71993,72252,73410
"Vitoria-Gasteiz","20 - 64","Mujeres",71249,72064,73152,73557,74758,75631,76198,76615,77049,77088,76773,76716,75751,75164,74855,74530,74200,74338,74610,74977,74062,74069,74587,74104,74002,74073,75113
"Vitoria-Gasteiz",">= 65","Total",32143,33247,34122,34625,35210,36185,37151,37931,39141,40520,41739,43009,44235,45602,47041,48073,48988,50102,51259,52438,53960,54517,55718,56431,57242,57816,58844
"Vitoria-Gasteiz",">= 65","Hombres",13624,14106,14547,14835,15085,15530,16025,16434,17045,17694,18238,18746,19341,19934,20587,21032,21383,21858,22353,22788,23517,23586,24133,24402,24766,24969,25519
"Vitoria-Gasteiz",">= 65","Mujeres",18519,19141,19575,19790,20125,20655,21126,21497,22096,22826,23501,24263,24894,25668,26454,27041,27605,28244,28906,29650,30443,30931,31585,32029,32476,32847,33325
"Yécora/Iekora","Total","Total",264,258,253,271,282,293,305,302,311,298,291,294,276,266,267,272,258,258,257,267,263,246,247,247,243,262,274
"Yécora/Iekora","Total","Hombres",134,138,131,143,145,147,161,157,171,162,159,161,149,144,146,145,138,139,141,147,142,134,136,137,138,151,158
"Yécora/Iekora","Total","Mujeres",130,120,122,128,137,146,144,145,140,136,132,133,127,122,121,127,120,119,116,120,121,112,111,110,105,111,116
"Yécora/Iekora","0 - 19","Total",44,44,38,42,41,52,42,40,33,40,38,40,45,47,46,47,49,50,51,57,47,36,36,32,35,43,46
"Yécora/Iekora","0 - 19","Hombres",23,25,19,23,23,26,21,18,15,23,21,22,22,25,25,25,27,29,33,39,33,24,25,22,25,32,37
"Yécora/Iekora","0 - 19","Mujeres",21,19,19,19,18,26,21,22,18,17,17,18,23,22,21,22,22,21,18,18,14,12,11,10,10,11,9
"Yécora/Iekora","20 - 64","Total",146,147,151,162,179,177,194,195,209,189,181,183,170,156,164,169,149,142,139,137,137,136,139,136,135,143,149
"Yécora/Iekora","20 - 64","Hombres",73,78,79,85,91,94,106,107,123,106,100,102,94,85,91,91,80,79,77,76,74,75,78,78,77,83,82
"Yécora/Iekora","20 - 64","Mujeres",73,69,72,77,88,83,88,88,86,83,81,81,76,71,73,78,69,63,62,61,63,61,61,58,58,60,67
"Yécora/Iekora",">= 65","Total",74,67,64,67,62,64,69,67,69,69,72,71,61,63,57,56,60,66,67,73,79,74,72,79,73,76,79
"Yécora/Iekora",">= 65","Hombres",38,35,33,35,31,27,34,32,33,33,38,37,33,34,30,29,31,31,31,32,35,35,33,37,36,36,39
"Yécora/Iekora",">= 65","Mujeres",36,32,31,32,31,37,35,35,36,36,34,34,28,29,27,27,29,35,36,41,44,39,39,42,37,40,40
"Zaldibar","Total","Total",2767,2767,2767,2787,2807,2832,2871,2912,2993,3017,3010,3047,3030,3041,3038,3062,3056,3067,3056,3045,3032,3015,3011,3005,3012,3022,3051
"Zaldibar","Total","Hombres",1340,1345,1347,1362,1375,1391,1397,1425,1477,1490,1492,1526,1505,1518,1514,1531,1536,1547,1535,1534,1515,1515,1509,1516,1513,1512,1522
"Zaldibar","Total","Mujeres",1427,1422,1420,1425,1432,1441,1474,1487,1516,1527,1518,1521,1525,1523,1524,1531,1520,1520,1521,1511,1517,1500,1502,1489,1499,1510,1529
"Zaldibar","0 - 19","Total",480,459,450,455,452,456,466,461,465,486,513,523,528,554,562,585,592,610,611,617,605,608,599,607,608,598,594
"Zaldibar","0 - 19","Hombres",247,238,232,232,233,240,242,241,243,255,264,269,275,295,294,308,313,318,313,320,316,315,304,313,313,311,301
"Zaldibar","0 - 19","Mujeres",233,221,218,223,219,216,224,220,222,231,249,254,253,259,268,277,279,292,298,297,289,293,295,294,295,287,293
"Zaldibar","20 - 64","Total",1817,1817,1827,1845,1868,1878,1898,1942,2010,2007,1959,1981,1945,1910,1891,1883,1871,1853,1816,1792,1769,1736,1747,1733,1735,1753,1766
"Zaldibar","20 - 64","Hombres",916,917,924,942,958,962,968,992,1032,1025,1005,1028,996,982,971,958,957,957,942,929,901,896,902,904,901,905,913
"Zaldibar","20 - 64","Mujeres",901,900,903,903,910,916,930,950,978,982,954,953,949,928,920,925,914,896,874,863,868,840,845,829,834,848,853
"Zaldibar",">= 65","Total",470,491,490,487,487,498,507,509,518,524,538,543,557,577,585,594,593,604,629,636,658,671,665,665,669,671,691
"Zaldibar",">= 65","Hombres",177,190,191,188,184,189,187,192,202,210,223,229,234,241,249,265,266,272,280,285,298,304,303,299,299,296,308
"Zaldibar",">= 65","Mujeres",293,301,299,299,303,309,320,317,316,314,315,314,323,336,336,329,327,332,349,351,360,367,362,366,370,375,383
"Zaldibia","Total","Total",1469,1481,1489,1459,1445,1431,1453,1492,1515,1495,1510,1517,1524,1556,1574,1566,1593,1630,1630,1658,1636,1666,1696,1731,1746,1736,1766
"Zaldibia","Total","Hombres",758,772,765,755,748,741,764,793,811,799,793,796,805,817,828,822,820,831,826,838,837,852,869,883,890,888,897
"Zaldibia","Total","Mujeres",711,709,724,704,697,690,689,699,704,696,717,721,719,739,746,744,773,799,804,820,799,814,827,848,856,848,869
"Zaldibia","0 - 19","Total",257,252,240,233,227,231,234,249,261,256,264,276,282,301,314,322,340,358,347,359,365,382,397,412,418,418,434
"Zaldibia","0 - 19","Hombres",127,128,115,112,112,115,118,132,139,129,134,140,141,148,161,166,171,182,174,178,188,196,201,215,217,220,222
"Zaldibia","0 - 19","Mujeres",130,124,125,121,115,116,116,117,122,127,130,136,141,153,153,156,169,176,173,181,177,186,196,197,201,198,212
"Zaldibia","20 - 64","Total",920,945,957,931,918,894,916,944,949,940,941,939,941,950,955,932,935,943,946,949,920,934,946,958,958,946,952
"Zaldibia","20 - 64","Hombres",506,516,523,508,492,479,500,519,525,523,512,513,516,516,510,496,491,486,478,483,478,488,500,497,493,486,490
"Zaldibia","20 - 64","Mujeres",414,429,434,423,426,415,416,425,424,417,429,426,425,434,445,436,444,457,468,466,442,446,446,461,465,460,462
"Zaldibia",">= 65","Total",292,284,292,295,300,306,303,299,305,299,305,302,301,305,305,312,318,329,337,350,351,350,353,361,370,372,380
"Zaldibia",">= 65","Hombres",125,128,127,135,144,147,146,142,147,147,147,143,148,153,157,160,158,163,174,177,171,168,168,171,180,182,185
"Zaldibia",">= 65","Mujeres",167,156,165,160,156,159,157,157,158,152,158,159,153,152,148,152,160,166,163,173,180,182,185,190,190,190,195
"Zalduondo","Total","Total",167,172,172,193,196,199,203,194,196,201,204,192,191,196,206,198,199,196,194,197,205,207,215,214,212,213,220
"Zalduondo","Total","Hombres",85,87,85,97,97,97,106,100,102,107,109,104,104,106,111,108,106,103,102,105,107,107,114,111,110,110,111
"Zalduondo","Total","Mujeres",82,85,87,96,99,102,97,94,94,94,95,88,87,90,95,90,93,93,92,92,98,100,101,103,102,103,109
"Zalduondo","0 - 19","Total",28,33,27,31,32,36,38,31,31,37,38,34,31,34,39,38,43,42,39,37,34,33,33,33,31,25,30
"Zalduondo","0 - 19","Hombres",12,14,10,16,15,17,19,17,18,24,24,23,21,21,23,22,22,22,19,19,16,17,17,18,15,13,14
"Zalduondo","0 - 19","Mujeres",16,19,17,15,17,19,19,14,13,13,14,11,10,13,16,16,21,20,20,18,18,16,16,15,16,12,16
"Zalduondo","20 - 64","Total",96,100,99,117,121,126,130,130,132,132,137,128,131,132,137,131,127,124,126,126,135,138,147,145,143,152,150
"Zalduondo","20 - 64","Hombres",53,54,53,59,60,65,73,71,71,73,75,69,71,71,74,72,70,68,68,69,73,71,78,75,75,77,77
"Zalduondo","20 - 64","Mujeres",43,46,46,58,61,61,57,59,61,59,62,59,60,61,63,59,57,56,58,57,62,67,69,70,68,75,73
"Zalduondo",">= 65","Total",43,39,46,45,43,37,35,33,33,32,29,30,29,30,30,29,29,30,29,34,36,36,35,36,38,36,40
"Zalduondo",">= 65","Hombres",20,19,22,22,22,15,14,12,13,10,10,12,12,14,14,14,14,13,15,17,18,19,19,18,20,20,20
"Zalduondo",">= 65","Mujeres",23,20,24,23,21,22,21,21,20,22,19,18,17,16,16,15,15,17,14,17,18,17,16,18,18,16,20
"Zalla","Total","Total",7755,7798,7844,7865,7886,7922,8023,8147,8172,8155,8238,8402,8453,8415,8408,8376,8409,8420,8438,8441,8349,8245,8245,8244,8215,8229,8257
"Zalla","Total","Hombres",3755,3782,3806,3803,3843,3892,3917,4001,4008,4000,4045,4117,4125,4108,4106,4093,4096,4119,4157,4145,4086,4036,4011,4020,4010,4011,4027
"Zalla","Total","Mujeres",4000,4016,4038,4062,4043,4030,4106,4146,4164,4155,4193,4285,4328,4307,4302,4283,4313,4301,4281,4296,4263,4209,4234,4224,4205,4218,4230
"Zalla","0 - 19","Total",1426,1365,1337,1294,1300,1303,1299,1330,1328,1353,1369,1434,1443,1453,1498,1488,1546,1560,1549,1554,1546,1502,1454,1470,1486,1469,1416
"Zalla","0 - 19","Hombres",742,707,690,671,672,669,656,675,680,705,707,747,735,740,772,761,791,804,806,815,808,787,747,763,767,762,741
"Zalla","0 - 19","Mujeres",684,658,647,623,628,634,643,655,648,648,662,687,708,713,726,727,755,756,743,739,738,715,707,707,719,707,675
"Zalla","20 - 64","Total",5005,5098,5168,5274,5300,5338,5409,5496,5510,5443,5481,5534,5530,5466,5374,5337,5297,5235,5205,5138,4963,4856,4873,4837,4791,4784,4806
"Zalla","20 - 64","Hombres",2460,2511,2563,2607,2652,2691,2711,2769,2778,2731,2754,2769,2762,2734,2683,2676,2638,2590,2594,2549,2469,2429,2433,2415,2403,2397,2412
"Zalla","20 - 64","Mujeres",2545,2587,2605,2667,2648,2647,2698,2727,2732,2712,2727,2765,2768,2732,2691,2661,2659,2645,2611,2589,2494,2427,2440,2422,2388,2387,2394
"Zalla",">= 65","Total",1324,1335,1339,1297,1286,1281,1315,1321,1334,1359,1388,1434,1480,1496,1536,1551,1566,1625,1684,1749,1840,1887,1918,1937,1938,1976,2035
"Zalla",">= 65","Hombres",553,564,553,525,519,532,550,557,550,564,584,601,628,634,651,656,667,725,757,781,809,820,831,842,840,852,874
"Zalla",">= 65","Mujeres",771,771,786,772,767,749,765,764,784,795,804,833,852,862,885,895,899,900,927,968,1031,1067,1087,1095,1098,1124,1161
"Zambrana","Total","Total",366,358,344,357,356,355,359,356,374,385,409,439,437,427,418,415,424,425,436,446,438,432,418,428,444,448,462
"Zambrana","Total","Hombres",201,201,194,207,199,191,196,191,199,210,219,234,230,225,222,223,227,225,234,231,232,230,227,231,239,240,246
"Zambrana","Total","Mujeres",165,157,150,150,157,164,163,165,175,175,190,205,207,202,196,192,197,200,202,215,206,202,191,197,205,208,216
"Zambrana","0 - 19","Total",45,42,38,46,44,44,49,47,51,52,51,67,66,67,59,67,65,67,72,79,72,66,63,66,64,63,70
"Zambrana","0 - 19","Hombres",19,20,18,28,27,25,25,25,27,30,32,36,33,38,34,38,37,38,41,41,35,32,30,32,29,28,28
"Zambrana","0 - 19","Mujeres",26,22,20,18,17,19,24,22,24,22,19,31,33,29,25,29,28,29,31,38,37,34,33,34,35,35,42
"Zambrana","20 - 64","Total",220,208,197,203,207,206,205,211,227,243,268,283,284,274,272,266,269,271,276,276,268,263,256,264,278,283,283
"Zambrana","20 - 64","Hombres",129,127,121,124,120,115,120,120,129,142,149,159,157,147,148,149,149,146,149,147,149,147,145,146,153,155,158
"Zambrana","20 - 64","Mujeres",91,81,76,79,87,91,85,91,98,101,119,124,127,127,124,117,120,125,127,129,119,116,111,118,125,128,125
"Zambrana",">= 65","Total",101,108,109,108,105,105,105,98,96,90,90,89,87,86,87,82,90,87,88,91,98,103,99,98,102,102,109
"Zambrana",">= 65","Hombres",53,54,55,55,52,51,51,46,43,38,38,39,40,40,40,36,41,41,44,43,48,51,52,53,57,57,60
"Zambrana",">= 65","Mujeres",48,54,54,53,53,54,54,52,53,52,52,50,47,46,47,46,49,46,44,48,50,52,47,45,45,45,49
"Zamudio","Total","Total",2809,2948,3019,3064,3114,3170,3221,3216,3194,3188,3192,3216,3194,3174,3174,3183,3212,3268,3274,3313,3223,3202,3215,3223,3238,3247,3384
"Zamudio","Total","Hombres",1386,1457,1490,1512,1547,1586,1611,1602,1588,1598,1598,1605,1593,1560,1546,1550,1568,1611,1628,1651,1605,1595,1605,1609,1624,1632,1705
"Zamudio","Total","Mujeres",1423,1491,1529,1552,1567,1584,1610,1614,1606,1590,1594,1611,1601,1614,1628,1633,1644,1657,1646,1662,1618,1607,1610,1614,1614,1615,1679
"Zamudio","0 - 19","Total",447,453,448,451,468,480,485,504,508,522,516,554,557,559,559,584,585,594,615,635,617,603,566,567,598,596,602
"Zamudio","0 - 19","Hombres",236,236,235,232,237,239,246,266,269,280,266,290,279,285,276,282,282,285,303,326,316,308,293,290,308,315,330
"Zamudio","0 - 19","Mujeres",211,217,213,219,231,241,239,238,239,242,250,264,278,274,283,302,303,309,312,309,301,295,273,277,290,281,272
"Zamudio","20 - 64","Total",1810,1929,2008,2030,2060,2083,2119,2096,2066,2045,2055,2034,2007,1952,1950,1930,1924,1939,1915,1920,1852,1848,1888,1873,1846,1861,1969
"Zamudio","20 - 64","Hombres",912,979,1016,1037,1065,1087,1100,1064,1052,1042,1053,1041,1041,988,984,977,990,1008,1002,1005,972,964,985,985,974,976,1027
"Zamudio","20 - 64","Mujeres",898,950,992,993,995,996,1019,1032,1014,1003,1002,993,966,964,966,953,934,931,913,915,880,884,903,888,872,885,942
"Zamudio",">= 65","Total",552,566,563,583,586,607,617,616,620,621,621,628,630,663,665,669,703,735,744,758,754,751,761,783,794,790,813
"Zamudio",">= 65","Hombres",238,242,239,243,245,260,265,272,267,276,279,274,273,287,286,291,296,318,323,320,317,323,327,334,342,341,348
"Zamudio",">= 65","Mujeres",314,324,324,340,341,347,352,344,353,345,342,354,357,376,379,378,407,417,421,438,437,428,434,449,452,449,465
"Zaratamo","Total","Total",1701,1681,1653,1639,1655,1674,1691,1746,1744,1720,1674,1670,1657,1655,1619,1609,1635,1633,1631,1647,1644,1624,1601,1609,1598,1616,1602
"Zaratamo","Total","Hombres",849,833,816,804,818,834,854,883,879,859,825,824,818,812,793,784,800,798,804,801,802,791,790,790,788,797,788
"Zaratamo","Total","Mujeres",852,848,837,835,837,840,837,863,865,861,849,846,839,843,826,825,835,835,827,846,842,833,811,819,810,819,814
"Zaratamo","0 - 19","Total",331,315,294,286,290,305,304,319,328,318,302,305,311,319,301,299,303,297,295,299,301,289,274,275,278,280,259
"Zaratamo","0 - 19","Hombres",173,164,155,143,148,160,160,170,175,162,154,156,165,162,159,151,151,154,155,150,152,146,136,138,139,145,134
"Zaratamo","0 - 19","Mujeres",158,151,139,143,142,145,144,149,153,156,148,149,146,157,142,148,152,143,140,149,149,143,138,137,139,135,125
"Zaratamo","20 - 64","Total",1084,1068,1059,1044,1053,1053,1073,1111,1104,1095,1072,1058,1029,1024,1008,994,1010,1007,999,1014,1013,1005,999,988,974,988,983
"Zaratamo","20 - 64","Hombres",547,535,529,525,528,532,558,575,565,568,548,539,519,522,505,503,515,504,503,506,505,507,511,506,497,501,493
"Zaratamo","20 - 64","Mujeres",537,533,530,519,525,521,515,536,539,527,524,519,510,502,503,491,495,503,496,508,508,498,488,482,477,487,490
"Zaratamo",">= 65","Total",286,298,300,309,312,316,314,316,312,307,300,307,317,312,310,316,322,329,337,334,330,330,328,346,346,348,360
"Zaratamo",">= 65","Hombres",129,134,132,136,142,142,136,138,139,129,123,129,134,128,129,130,134,140,146,145,145,138,143,146,152,151,161
"Zaratamo",">= 65","Mujeres",157,164,168,173,170,174,178,178,173,178,177,178,183,184,181,186,188,189,191,189,185,192,185,200,194,197,199
"Zarautz","Total","Total",20568,20989,21170,21445,21739,22031,22104,22254,22402,22470,22583,22548,22695,22814,22915,23040,23058,23188,23301,23347,23243,23055,23036,23118,23211,23333,23464
"Zarautz","Total","Hombres",10162,10387,10496,10610,10759,10899,10904,10926,10994,11018,11056,11025,11052,11101,11143,11227,11255,11289,11345,11338,11251,11169,11134,11182,11215,11286,11340
"Zarautz","Total","Mujeres",10406,10602,10674,10835,10980,11132,11200,11328,11408,11452,11527,11523,11643,11713,11772,11813,11803,11899,11956,12009,11992,11886,11902,11936,11996,12047,12124
"Zarautz","0 - 19","Total",4333,4391,4391,4474,4605,4632,4661,4695,4665,4703,4728,4708,4726,4704,4710,4670,4677,4666,4694,4590,4515,4423,4400,4348,4339,4299,4208
"Zarautz","0 - 19","Hombres",2240,2273,2284,2319,2387,2390,2400,2410,2382,2403,2438,2415,2415,2405,2412,2414,2420,2394,2410,2355,2291,2250,2230,2201,2206,2188,2157
"Zarautz","0 - 19","Mujeres",2093,2118,2107,2155,2218,2242,2261,2285,2283,2300,2290,2293,2311,2299,2298,2256,2257,2272,2284,2235,2224,2173,2170,2147,2133,2111,2051
"Zarautz","20 - 64","Total",13258,13550,13690,13841,14011,14211,14189,14231,14301,14211,14162,14048,14055,13952,13903,13929,13907,13899,13858,13911,13790,13620,13576,13619,13662,13739,13789
"Zarautz","20 - 64","Hombres",6686,6856,6931,6988,7072,7184,7142,7130,7164,7105,7062,6985,6961,6896,6868,6878,6885,6860,6824,6838,6774,6692,6656,6691,6706,6752,6758
"Zarautz","20 - 64","Mujeres",6572,6694,6759,6853,6939,7027,7047,7101,7137,7106,7100,7063,7094,7056,7035,7051,7022,7039,7034,7073,7016,6928,6920,6928,6956,6987,7031
"Zarautz",">= 65","Total",2977,3048,3089,3130,3123,3188,3254,3328,3436,3556,3693,3792,3914,4158,4302,4441,4474,4623,4749,4846,4938,5012,5060,5151,5210,5295,5467
"Zarautz",">= 65","Hombres",1236,1258,1281,1303,1300,1325,1362,1386,1448,1510,1556,1625,1676,1800,1863,1935,1950,2035,2111,2145,2186,2227,2248,2290,2303,2346,2425
"Zarautz",">= 65","Mujeres",1741,1790,1808,1827,1823,1863,1892,1942,1988,2046,2137,2167,2238,2358,2439,2506,2524,2588,2638,2701,2752,2785,2812,2861,2907,2949,3042
"Zeanuri","Total","Total",1215,1211,1205,1217,1228,1242,1267,1305,1328,1297,1317,1310,1287,1264,1251,1243,1251,1250,1258,1254,1233,1254,1247,1241,1236,1239,1226
"Zeanuri","Total","Hombres",635,633,628,635,640,647,650,661,678,662,670,662,647,641,631,631,641,642,655,651,616,622,614,615,609,614,607
"Zeanuri","Total","Mujeres",580,578,577,582,588,595,617,644,650,635,647,648,640,623,620,612,610,608,603,603,617,632,633,626,627,625,619
"Zeanuri","0 - 19","Total",188,174,167,170,168,179,197,207,226,217,224,235,241,236,232,235,237,236,244,233,242,234,223,227,221,219,215
"Zeanuri","0 - 19","Hombres",86,82,83,86,84,97,104,106,118,110,117,118,123,123,121,119,122,125,130,124,127,122,112,119,114,112,105
"Zeanuri","0 - 19","Mujeres",102,92,84,84,84,82,93,101,108,107,107,117,118,113,111,116,115,111,114,109,115,112,111,108,107,107,110
"Zeanuri","20 - 64","Total",679,687,707,723,754,775,796,825,836,817,835,822,795,770,759,747,748,744,745,748,725,747,744,731,733,739,722
"Zeanuri","20 - 64","Hombres",375,374,384,395,412,419,424,435,438,434,435,431,415,405,397,394,394,383,387,385,360,369,366,358,359,366,363
"Zeanuri","20 - 64","Mujeres",304,313,323,328,342,356,372,390,398,383,400,391,380,365,362,353,354,361,358,363,365,378,378,373,374,373,359
"Zeanuri",">= 65","Total",348,350,331,324,306,288,274,273,266,263,258,253,251,258,260,261,266,270,269,273,266,273,280,283,282,281,289
"Zeanuri",">= 65","Hombres",174,177,161,154,144,131,122,120,122,118,118,113,109,113,113,118,125,134,138,142,129,131,136,138,136,136,139
"Zeanuri",">= 65","Mujeres",174,173,170,170,162,157,152,153,144,145,140,140,142,145,147,143,141,136,131,131,137,142,144,145,146,145,150
"Zeberio","Total","Total",998,1022,1044,1050,1058,1068,1075,1072,1051,1049,1048,1059,1066,1066,1061,1069,1057,1053,1065,1084,1078,1072,1069,1076,1073,1076,1080
"Zeberio","Total","Hombres",531,541,551,547,547,548,544,532,518,515,519,518,530,527,522,533,526,521,534,541,547,533,536,532,527,532,535
"Zeberio","Total","Mujeres",467,481,493,503,511,520,531,540,533,534,529,541,536,539,539,536,531,532,531,543,531,539,533,544,546,544,545
"Zeberio","0 - 19","Total",149,156,161,165,169,180,182,182,180,183,185,183,185,193,191,194,195,192,201,205,205,202,188,185,192,187,180
"Zeberio","0 - 19","Hombres",77,79,85,80,83,87,87,87,86,88,91,92,93,97,96,98,102,98,102,102,106,105,95,92,94,92,84
"Zeberio","0 - 19","Mujeres",72,77,76,85,86,93,95,95,94,95,94,91,92,96,95,96,93,94,99,103,99,97,93,93,98,95,96
"Zeberio","20 - 64","Total",571,580,609,617,621,629,643,638,634,628,617,639,646,640,640,651,643,636,635,637,636,629,646,646,633,637,642
"Zeberio","20 - 64","Hombres",311,319,335,339,334,336,334,323,317,314,310,318,329,325,323,330,322,316,322,327,328,318,331,327,323,326,333
"Zeberio","20 - 64","Mujeres",260,261,274,278,287,293,309,315,317,314,307,321,317,315,317,321,321,320,313,310,308,311,315,319,310,311,309
"Zeberio",">= 65","Total",278,286,274,268,268,259,250,252,237,238,246,237,235,233,230,224,219,225,229,242,237,241,235,245,248,252,258
"Zeberio",">= 65","Hombres",143,143,131,128,130,125,123,122,115,113,118,108,108,105,103,105,102,107,110,112,113,110,110,113,110,114,118
"Zeberio",">= 65","Mujeres",135,143,143,140,138,134,127,130,122,125,128,129,127,128,127,119,117,118,119,130,124,131,125,132,138,138,140
"Zegama","Total","Total",1268,1290,1271,1275,1317,1359,1390,1439,1478,1517,1540,1537,1539,1531,1525,1521,1532,1534,1532,1521,1556,1542,1528,1545,1538,1543,1560
"Zegama","Total","Hombres",646,658,646,651,687,722,745,777,796,801,825,827,822,816,809,812,811,810,804,788,805,796,793,803,800,809,819
"Zegama","Total","Mujeres",622,632,625,624,630,637,645,662,682,716,715,710,717,715,716,709,721,724,728,733,751,746,735,742,738,734,741
"Zegama","0 - 19","Total",218,210,204,202,201,205,208,219,235,251,259,274,288,282,297,304,331,339,347,358,358,357,350,352,356,362,355
"Zegama","0 - 19","Hombres",108,103,98,101,99,101,102,110,119,127,137,138,142,148,161,169,180,183,182,183,186,190,182,179,179,183,184
"Zegama","0 - 19","Mujeres",110,107,106,101,102,104,106,109,116,124,122,136,146,134,136,135,151,156,165,175,172,167,168,173,177,179,171
"Zegama","20 - 64","Total",749,778,776,786,831,866,907,952,973,993,1002,986,979,967,944,928,901,902,892,864,888,869,862,863,859,852,866
"Zegama","20 - 64","Hombres",402,424,425,429,466,499,526,555,563,559,570,567,560,542,523,519,499,497,489,468,479,459,459,468,472,466,471
"Zegama","20 - 64","Mujeres",347,354,351,357,365,367,381,397,410,434,432,419,419,425,421,409,402,405,403,396,409,410,403,395,387,386,395
"Zegama",">= 65","Total",301,302,291,287,285,288,275,268,270,273,279,277,272,282,284,289,300,293,293,299,310,316,316,330,323,329,339
"Zegama",">= 65","Hombres",136,131,123,121,122,122,117,112,114,115,118,122,120,126,125,124,132,130,133,137,140,147,152,156,149,160,164
"Zegama",">= 65","Mujeres",165,171,168,166,163,166,158,156,156,158,161,155,152,156,159,165,168,163,160,162,170,169,164,174,174,169,175
"Zerain","Total","Total",234,240,242,240,242,244,245,241,240,246,254,263,265,265,257,258,257,258,266,274,279,275,282,281,282,281,290
"Zerain","Total","Hombres",114,115,117,118,121,124,121,120,122,119,123,127,129,128,120,119,119,119,123,128,132,127,131,130,132,132,135
"Zerain","Total","Mujeres",120,125,125,122,121,120,124,121,118,127,131,136,136,137,137,139,138,139,143,146,147,148,151,151,150,149,155
"Zerain","0 - 19","Total",42,37,38,42,39,38,37,37,39,41,41,44,44,51,47,50,50,54,55,56,55,53,51,54,53,55,58
"Zerain","0 - 19","Hombres",22,17,18,24,23,23,18,18,20,21,20,23,23,27,21,20,18,21,20,20,21,20,19,22,21,23,23
"Zerain","0 - 19","Mujeres",20,20,20,18,16,15,19,19,19,20,21,21,21,24,26,30,32,33,35,36,34,33,32,32,32,32,35
"Zerain","20 - 64","Total",136,148,146,145,154,159,164,159,154,153,159,160,161,154,146,150,143,140,141,141,145,147,154,146,146,145,151
"Zerain","20 - 64","Hombres",70,76,74,72,79,82,84,84,81,74,79,76,77,72,67,70,69,68,69,70,72,71,74,70,72,73,75
"Zerain","20 - 64","Mujeres",66,72,72,73,75,77,80,75,73,79,80,84,84,82,79,80,74,72,72,71,73,76,80,76,74,72,76
"Zerain",">= 65","Total",56,55,58,53,49,47,44,45,47,52,54,59,60,60,64,58,64,64,70,77,79,75,77,81,83,81,81
"Zerain",">= 65","Hombres",22,22,25,22,19,19,19,18,21,24,24,28,29,29,32,29,32,30,34,38,39,36,38,38,39,36,37
"Zerain",">= 65","Mujeres",34,33,33,31,30,28,25,27,26,28,30,31,31,31,32,29,32,34,36,39,40,39,39,43,44,45,44
"Zestoa","Total","Total",3288,3284,3245,3265,3303,3341,3379,3392,3439,3520,3638,3657,3662,3664,3715,3740,3825,3846,3833,3894,3781,3739,3730,3766,3789,3825,3908
"Zestoa","Total","Hombres",1703,1693,1667,1683,1709,1734,1749,1750,1786,1841,1901,1916,1925,1924,1953,1965,2010,2020,2003,2036,1977,1949,1938,1953,1967,1974,2033
"Zestoa","Total","Mujeres",1585,1591,1578,1582,1594,1607,1630,1642,1653,1679,1737,1741,1737,1740,1762,1775,1815,1826,1830,1858,1804,1790,1792,1813,1822,1851,1875
"Zestoa","0 - 19","Total",591,593,570,584,587,597,611,614,642,671,729,738,746,750,793,817,835,836,830,879,820,802,804,826,828,844,835
"Zestoa","0 - 19","Hombres",285,286,273,289,288,300,299,294,313,333,371,385,401,399,429,442,464,459,453,475,458,447,445,459,461,459,455
"Zestoa","0 - 19","Mujeres",306,307,297,295,299,297,312,320,329,338,358,353,345,351,364,375,371,377,377,404,362,355,359,367,367,385,380
"Zestoa","20 - 64","Total",2034,2008,1987,2013,2064,2098,2129,2132,2144,2193,2250,2253,2234,2246,2238,2229,2268,2283,2268,2272,2233,2224,2206,2229,2227,2235,2311
"Zestoa","20 - 64","Hombres",1114,1091,1077,1096,1123,1139,1158,1162,1168,1205,1225,1226,1209,1222,1210,1204,1213,1212,1198,1208,1171,1160,1148,1158,1159,1164,1213
"Zestoa","20 - 64","Mujeres",920,917,910,917,941,959,971,970,976,988,1025,1027,1025,1024,1028,1025,1055,1071,1070,1064,1062,1064,1058,1071,1068,1071,1098
"Zestoa",">= 65","Total",663,683,688,668,652,646,639,646,653,656,659,666,682,668,684,694,722,727,735,743,728,713,720,711,734,746,762
"Zestoa",">= 65","Hombres",304,316,317,298,298,295,292,294,305,303,305,305,315,303,314,319,333,349,352,353,348,342,345,336,347,351,365
"Zestoa",">= 65","Mujeres",359,367,371,370,354,351,347,352,348,353,354,361,367,365,370,375,389,378,383,390,380,371,375,375,387,395,397
"Zierbena","Total","Total",1194,1221,1257,1270,1273,1279,1286,1334,1368,1382,1434,1465,1483,1501,1500,1494,1497,1495,1493,1524,1517,1487,1482,1492,1494,1488,1509
"Zierbena","Total","Hombres",632,655,667,671,676,683,690,726,749,753,776,783,800,809,803,796,793,795,789,807,809,790,790,791,792,793,815
"Zierbena","Total","Mujeres",562,566,590,599,597,596,596,608,619,629,658,682,683,692,697,698,704,700,704,717,708,697,692,701,702,695,694
"Zierbena","0 - 19","Total",183,183,188,193,184,187,183,184,183,184,206,208,220,233,236,239,243,256,251,256,247,230,229,228,230,227,224
"Zierbena","0 - 19","Hombres",113,112,113,109,105,110,109,110,110,105,113,111,120,130,130,130,129,137,140,143,140,130,132,131,129,131,135
"Zierbena","0 - 19","Mujeres",70,71,75,84,79,77,74,74,73,79,93,97,100,103,106,109,114,119,111,113,107,100,97,97,101,96,89
"Zierbena","20 - 64","Total",773,796,829,829,856,854,866,904,931,939,973,1009,1016,1010,997,983,976,960,957,976,968,942,944,946,937,941,960
"Zierbena","20 - 64","Hombres",414,437,448,454,473,468,477,509,532,535,554,572,580,572,567,553,546,542,529,540,536,525,525,525,522,523,532
"Zierbena","20 - 64","Mujeres",359,359,381,375,383,386,389,395,399,404,419,437,436,438,430,430,430,418,428,436,432,417,419,421,415,418,428
"Zierbena",">= 65","Total",238,242,240,248,233,238,237,246,254,259,255,248,247,258,267,272,278,279,285,292,302,315,309,318,327,320,325
"Zierbena",">= 65","Hombres",105,106,106,108,98,105,104,107,107,113,109,100,100,107,106,113,118,116,120,124,133,135,133,135,141,139,148
"Zierbena",">= 65","Mujeres",133,136,134,140,135,133,133,139,147,146,146,148,147,151,161,159,160,163,165,168,169,180,176,183,186,181,177
"Zigoitia","Total","Total",1339,1362,1394,1412,1435,1455,1480,1568,1637,1699,1745,1765,1783,1766,1786,1762,1729,1719,1712,1707,1827,1840,1828,1833,1849,1861,1867
"Zigoitia","Total","Hombres",720,735,753,759,772,783,785,829,863,911,941,963,965,959,968,959,941,932,920,919,984,993,984,983,988,999,997
"Zigoitia","Total","Mujeres",619,627,641,653,663,672,695,739,774,788,804,802,818,807,818,803,788,787,792,788,843,847,844,850,861,862,870
"Zigoitia","0 - 19","Total",225,226,229,233,230,245,248,280,300,328,337,346,361,355,359,348,342,331,333,325,340,337,334,332,336,345,336
"Zigoitia","0 - 19","Hombres",131,128,125,129,121,131,132,151,156,174,181,192,204,195,195,193,190,184,185,180,185,186,186,181,186,194,184
"Zigoitia","0 - 19","Mujeres",94,98,104,104,109,114,116,129,144,154,156,154,157,160,164,155,152,147,148,145,155,151,148,151,150,151,152
"Zigoitia","20 - 64","Total",923,943,964,977,1006,997,1023,1075,1120,1148,1172,1183,1170,1143,1144,1119,1090,1071,1036,1024,1093,1094,1085,1086,1079,1072,1067
"Zigoitia","20 - 64","Hombres",499,517,536,531,555,548,551,570,596,624,637,643,627,617,615,602,588,583,555,549,586,591,583,582,573,565,568
"Zigoitia","20 - 64","Mujeres",424,426,428,446,451,449,472,505,524,524,535,540,543,526,529,517,502,488,481,475,507,503,502,504,506,507,499
"Zigoitia",">= 65","Total",191,193,201,202,199,213,209,213,217,223,236,236,252,268,283,295,297,317,343,358,394,409,409,415,434,444,464
"Zigoitia",">= 65","Hombres",90,90,92,99,96,104,102,108,111,113,123,128,134,147,158,164,163,165,180,190,213,216,215,220,229,240,245
"Zigoitia",">= 65","Mujeres",101,103,109,103,103,109,107,105,106,110,113,108,118,121,125,131,134,152,163,168,181,193,194,195,205,204,219
"Ziortza-Bolibar","Total","Total",-,-,-,-,-,405,411,418,422,439,443,448,462,463,464,461,466,466,451,439,426,420,412,413,424,426,418
"Ziortza-Bolibar","Total","Hombres",-,-,-,-,-,213,221,227,228,237,236,239,248,245,248,244,243,246,238,234,227,226,225,222,231,232,227
"Ziortza-Bolibar","Total","Mujeres",-,-,-,-,-,192,190,191,194,202,207,209,214,218,216,217,223,220,213,205,199,194,187,191,193,194,191
"Ziortza-Bolibar","0 - 19","Total",-,-,-,-,-,45,45,49,55,62,60,61,61,71,72,68,73,72,72,73,76,72,67,70,77,75,76
"Ziortza-Bolibar","0 - 19","Hombres",-,-,-,-,-,27,27,30,33,35,36,35,36,40,40,39,43,40,40,39,38,36,35,35,40,39,39
"Ziortza-Bolibar","0 - 19","Mujeres",-,-,-,-,-,18,18,19,22,27,24,26,25,31,32,29,30,32,32,34,38,36,32,35,37,36,37
"Ziortza-Bolibar","20 - 64","Total",-,-,-,-,-,259,265,267,269,266,274,281,296,290,291,290,290,276,267,247,236,241,243,238,241,243,233
"Ziortza-Bolibar","20 - 64","Hombres",-,-,-,-,-,133,139,140,141,141,141,148,155,152,157,156,151,149,143,135,130,138,140,133,138,138,134
"Ziortza-Bolibar","20 - 64","Mujeres",-,-,-,-,-,126,126,127,128,125,133,133,141,138,134,134,139,127,124,112,106,103,103,105,103,105,99
"Ziortza-Bolibar",">= 65","Total",-,-,-,-,-,101,101,102,98,111,109,106,105,102,101,103,103,118,112,119,114,107,102,105,106,108,109
"Ziortza-Bolibar",">= 65","Hombres",-,-,-,-,-,53,55,57,54,61,59,56,57,53,51,49,49,57,55,60,59,52,50,54,53,55,54
"Ziortza-Bolibar",">= 65","Mujeres",-,-,-,-,-,48,46,45,44,50,50,50,48,49,50,54,54,61,57,59,55,55,52,51,53,53,55
"Zizurkil","Total","Total",2738,2754,2730,2688,2736,2784,2748,2758,2763,2741,2772,2866,2946,2941,2944,2935,2992,2998,3029,3035,2926,2920,2884,2897,2890,2895,2904
"Zizurkil","Total","Hombres",1379,1402,1384,1370,1392,1413,1400,1396,1399,1388,1404,1427,1486,1470,1480,1466,1496,1489,1512,1518,1476,1471,1447,1457,1449,1457,1444
"Zizurkil","Total","Mujeres",1359,1352,1346,1318,1344,1371,1348,1362,1364,1353,1368,1439,1460,1471,1464,1469,1496,1509,1517,1517,1450,1449,1437,1440,1441,1438,1460
"Zizurkil","0 - 19","Total",548,548,534,523,532,543,540,551,554,541,552,585,600,615,618,638,643,656,657,651,614,606,581,589,604,598,573
"Zizurkil","0 - 19","Hombres",275,283,270,265,267,275,277,275,274,268,278,286,291,299,302,314,316,329,331,325,312,294,282,290,290,288,271
"Zizurkil","0 - 19","Mujeres",273,265,264,258,265,268,263,276,280,273,274,299,309,316,316,324,327,327,326,326,302,312,299,299,314,310,302
"Zizurkil","20 - 64","Total",1797,1794,1782,1758,1785,1823,1798,1780,1762,1747,1736,1761,1808,1750,1743,1708,1728,1699,1726,1744,1681,1696,1687,1672,1659,1681,1692
"Zizurkil","20 - 64","Hombres",922,930,919,909,928,937,926,915,915,902,890,884,934,885,892,876,888,855,873,889,869,887,868,858,852,872,861
"Zizurkil","20 - 64","Mujeres",875,864,863,849,857,886,872,865,847,845,846,877,874,865,851,832,840,844,853,855,812,809,819,814,807,809,831
"Zizurkil",">= 65","Total",393,412,414,407,419,418,410,427,447,453,484,520,538,576,583,589,621,643,646,640,631,618,616,636,627,616,639
"Zizurkil",">= 65","Hombres",182,189,195,196,197,201,197,206,210,218,236,257,261,286,286,276,292,305,308,304,295,290,297,309,307,297,312
"Zizurkil",">= 65","Mujeres",211,223,219,211,222,217,213,221,237,235,248,263,277,290,297,313,329,338,338,336,336,328,319,327,320,319,327
"Zuia","Total","Total",1740,1869,2027,2189,2252,2310,2354,2381,2398,2419,2447,2470,2457,2452,2414,2380,2374,2379,2365,2362,2345,2371,2369,2392,2436,2434,2411
"Zuia","Total","Hombres",875,943,1037,1104,1148,1188,1227,1239,1262,1262,1271,1284,1284,1285,1258,1243,1221,1222,1220,1217,1233,1246,1249,1258,1271,1277,1265
"Zuia","Total","Mujeres",865,926,990,1085,1104,1122,1127,1142,1136,1157,1176,1186,1173,1167,1156,1137,1153,1157,1145,1145,1112,1125,1120,1134,1165,1157,1146
"Zuia","0 - 19","Total",342,379,425,474,505,519,548,566,583,590,582,592,593,581,560,549,539,521,486,454,431,413,400,398,412,400,370
"Zuia","0 - 19","Hombres",165,184,204,235,255,261,282,292,303,302,297,305,313,307,299,290,286,274,261,249,242,231,221,214,218,215,201
"Zuia","0 - 19","Mujeres",177,195,221,239,250,258,266,274,280,288,285,287,280,274,261,259,253,247,225,205,189,182,179,184,194,185,169
"Zuia","20 - 64","Total",1092,1182,1282,1387,1414,1442,1455,1468,1469,1481,1508,1494,1495,1492,1471,1438,1422,1424,1433,1455,1454,1478,1493,1498,1512,1504,1500
"Zuia","20 - 64","Hombres",583,629,697,730,748,775,788,795,801,803,809,799,794,799,781,769,743,743,744,748,762,777,787,790,795,789,786
"Zuia","20 - 64","Mujeres",509,553,585,657,666,667,667,673,668,678,699,695,701,693,690,669,679,681,689,707,692,701,706,708,717,715,714
"Zuia",">= 65","Total",306,308,320,328,333,349,351,347,346,348,357,384,369,379,383,393,413,434,446,453,460,480,476,496,512,530,541
"Zuia",">= 65","Hombres",127,130,136,139,145,152,157,152,158,157,165,180,177,179,178,184,192,205,215,220,229,238,241,254,258,273,278
"Zuia",">= 65","Mujeres",179,178,184,189,188,197,194,195,188,191,192,204,192,200,205,209,221,229,231,233,231,242,235,242,254,257,263
"Zumaia","Total","Total",8454,8571,8650,8704,8767,8829,8889,9019,9209,9261,9377,9505,9554,9662,9718,9746,9739,9770,9825,9827,9983,10006,10044,10054,10051,10090,10001
"Zumaia","Total","Hombres",4228,4306,4334,4349,4371,4390,4426,4487,4594,4615,4661,4710,4734,4808,4822,4827,4825,4843,4859,4861,4957,4953,4963,4969,4976,5009,4948
"Zumaia","Total","Mujeres",4226,4265,4316,4355,4396,4439,4463,4532,4615,4646,4716,4795,4820,4854,4896,4919,4914,4927,4966,4966,5026,5053,5081,5085,5075,5081,5053
"Zumaia","0 - 19","Total",1790,1767,1771,1755,1760,1762,1774,1820,1910,1936,1994,2048,2070,2126,2138,2174,2201,2182,2164,2136,2205,2156,2101,2126,2115,2091,2023
"Zumaia","0 - 19","Hombres",910,901,895,880,879,882,886,910,979,990,1017,1034,1049,1091,1090,1112,1139,1103,1096,1081,1132,1087,1067,1085,1093,1081,1045
"Zumaia","0 - 19","Mujeres",880,866,876,875,881,880,888,910,931,946,977,1014,1021,1035,1048,1062,1062,1079,1068,1055,1073,1069,1034,1041,1022,1010,978
"Zumaia","20 - 64","Total",5411,5518,5597,5647,5718,5765,5791,5851,5886,5894,5906,5942,5914,5901,5896,5857,5803,5806,5813,5792,5797,5834,5865,5819,5806,5838,5766
"Zumaia","20 - 64","Hombres",2799,2866,2898,2924,2950,2953,2978,2993,2994,3000,2990,3001,2985,2989,2986,2944,2898,2923,2903,2915,2916,2954,2954,2921,2907,2933,2892
"Zumaia","20 - 64","Mujeres",2612,2652,2699,2723,2768,2812,2813,2858,2892,2894,2916,2941,2929,2912,2910,2913,2905,2883,2910,2877,2881,2880,2911,2898,2899,2905,2874
"Zumaia",">= 65","Total",1253,1286,1282,1302,1289,1302,1324,1348,1413,1431,1477,1515,1570,1635,1684,1715,1735,1782,1848,1899,1981,2016,2078,2109,2130,2161,2212
"Zumaia",">= 65","Hombres",519,539,541,545,542,555,562,584,621,625,654,675,700,728,746,771,788,817,860,865,909,912,942,963,976,995,1011
"Zumaia",">= 65","Mujeres",734,747,741,757,747,747,762,764,792,806,823,840,870,907,938,944,947,965,988,1034,1072,1104,1136,1146,1154,1166,1201
"Zumarraga","Total","Total",9896,9877,9795,9763,9790,9816,9807,9812,9907,9866,9883,9926,10019,9866,9815,9820,9858,9868,9767,9821,9626,9585,9582,9573,9597,9590,9568
"Zumarraga","Total","Hombres",4953,4929,4912,4904,4904,4900,4876,4879,4931,4929,4931,4947,5014,4912,4845,4848,4846,4852,4785,4831,4752,4737,4735,4713,4731,4736,4711
"Zumarraga","Total","Mujeres",4943,4948,4883,4859,4886,4916,4931,4933,4976,4937,4952,4979,5005,4954,4970,4972,5012,5016,4982,4990,4874,4848,4847,4860,4866,4854,4857
"Zumarraga","0 - 19","Total",1772,1726,1631,1632,1641,1664,1676,1691,1735,1719,1736,1745,1809,1753,1746,1779,1777,1797,1762,1813,1782,1753,1733,1732,1745,1720,1689
"Zumarraga","0 - 19","Hombres",924,887,845,852,834,857,857,870,886,886,885,884,928,894,886,913,901,910,902,934,915,886,888,878,893,873,869
"Zumarraga","0 - 19","Mujeres",848,839,786,780,807,807,819,821,849,833,851,861,881,859,860,866,876,887,860,879,867,867,845,854,852,847,820
"Zumarraga","20 - 64","Total",6289,6279,6255,6193,6192,6132,6088,6050,6061,5978,5912,5893,5908,5767,5709,5708,5684,5672,5614,5608,5488,5477,5463,5441,5436,5456,5438
"Zumarraga","20 - 64","Hombres",3226,3210,3222,3191,3212,3159,3124,3114,3131,3101,3080,3080,3098,3019,2973,2966,2949,2939,2881,2874,2819,2842,2824,2801,2792,2818,2786
"Zumarraga","20 - 64","Mujeres",3063,3069,3033,3002,2980,2973,2964,2936,2930,2877,2832,2813,2810,2748,2736,2742,2735,2733,2733,2734,2669,2635,2639,2640,2644,2638,2652
"Zumarraga",">= 65","Total",1835,1872,1909,1938,1957,2020,2043,2071,2111,2169,2235,2288,2302,2346,2360,2333,2397,2399,2391,2400,2356,2355,2386,2400,2416,2414,2441
"Zumarraga",">= 65","Hombres",803,832,845,861,858,884,895,895,914,942,966,983,988,999,986,969,996,1003,1002,1023,1018,1009,1023,1034,1046,1045,1056
"Zumarraga",">= 65","Mujeres",1032,1040,1064,1077,1099,1136,1148,1176,1197,1227,1269,1305,1314,1347,1374,1364,1401,1396,1389,1377,1338,1346,1363,1366,1370,1369,1385
"Entzia-Iturrieta","Total","Total",,,,,,,,,,,,,,,,,,,,,,,,,,,,,
"Entzia-Iturrieta","Total","Hombres",,,,,,,,,,,,,,,,,,,,,,,,,,,,,
"Entzia-Iturrieta","Total","Mujeres",,,,,,,,,,,,,,,,,,,,,,,,,,,,,
"Entzia-Iturrieta","0 - 19","Total",,,,,,,,,,,,,,,,,,,,,,,,,,,,,
"Entzia-Iturrieta","0 - 19","Hombres",,,,,,,,,,,,,,,,,,,,,,,,,,,,,
"Entzia-Iturrieta","0 - 19","Mujeres",,,,,,,,,,,,,,,,,,,,,,,,,,,,,
"Entzia-Iturrieta","20 - 64","Total",,,,,,,,,,,,,,,,,,,,,,,,,,,,,
"Entzia-Iturrieta","20 - 64","Hombres",,,,,,,,,,,,,,,,,,,,,,,,,,,,,
"Entzia-Iturrieta","20 - 64","Mujeres",,,,,,,,,,,,,,,,,,,,,,,,,,,,,
"Entzia-Iturrieta",">= 65","Total",,,,,,,,,,,,,,,,,,,,,,,,,,,,,
"Entzia-Iturrieta",">= 65","Hombres",,,,,,,,,,,,,,,,,,,,,,,,,,,,,
"Entzia-Iturrieta",">= 65","Mujeres",,,,,,,,,,,,,,,,,,,,,,,,,,,,,
"Limitadua/El Limitado","Total","Total",,,,,,,,,,,,,,,,,,,,,,,,,,,,,
"Limitadua/El Limitado","Total","Hombres",,,,,,,,,,,,,,,,,,,,,,,,,,,,,
"Limitadua/El Limitado","Total","Mujeres",,,,,,,,,,,,,,,,,,,,,,,,,,,,,
"Limitadua/El Limitado","0 - 19","Total",,,,,,,,,,,,,,,,,,,,,,,,,,,,,
"Limitadua/El Limitado","0 - 19","Hombres",,,,,,,,,,,,,,,,,,,,,,,,,,,,,
"Limitadua/El Limitado","0 - 19","Mujeres",,,,,,,,,,,,,,,,,,,,,,,,,,,,,
"Limitadua/El Limitado","20 - 64","Total",,,,,,,,,,,,,,,,,,,,,,,,,,,,,
"Limitadua/El Limitado","20 - 64","Hombres",,,,,,,,,,,,,,,,,,,,,,,,,,,,,
"Limitadua/El Limitado","20 - 64","Mujeres",,,,,,,,,,,,,,,,,,,,,,,,,,,,,
"Limitadua/El Limitado",">= 65","Total",,,,,,,,,,,,,,,,,,,,,,,,,,,,,
"Limitadua/El Limitado",">= 65","Hombres",,,,,,,,,,,,,,,,,,,,,,,,,,,,,
"Limitadua/El Limitado",">= 65","Mujeres",,,,,,,,,,,,,,,,,,,,,,,,,,,,,
"Badaiako mankomunitatea/Mancomunidad de Badaia","Total","Total",,,,,,,,,,,,,,,,,,,,,,,,,,,,,
"Badaiako mankomunitatea/Mancomunidad de Badaia","Total","Hombres",,,,,,,,,,,,,,,,,,,,,,,,,,,,,
"Badaiako mankomunitatea/Mancomunidad de Badaia","Total","Mujeres",,,,,,,,,,,,,,,,,,,,,,,,,,,,,
"Badaiako mankomunitatea/Mancomunidad de Badaia","0 - 19","Total",,,,,,,,,,,,,,,,,,,,,,,,,,,,,
"Badaiako mankomunitatea/Mancomunidad de Badaia","0 - 19","Hombres",,,,,,,,,,,,,,,,,,,,,,,,,,,,,
"Badaiako mankomunitatea/Mancomunidad de Badaia","0 - 19","Mujeres",,,,,,,,,,,,,,,,,,,,,,,,,,,,,
"Badaiako mankomunitatea/Mancomunidad de Badaia","20 - 64","Total",,,,,,,,,,,,,,,,,,,,,,,,,,,,,
"Badaiako mankomunitatea/Mancomunidad de Badaia","20 - 64","Hombres",,,,,,,,,,,,,,,,,,,,,,,,,,,,,
"Badaiako mankomunitatea/Mancomunidad de Badaia","20 - 64","Mujeres",,,,,,,,,,,,,,,,,,,,,,,,,,,,,
"Badaiako mankomunitatea/Mancomunidad de Badaia",">= 65","Total",,,,,,,,,,,,,,,,,,,,,,,,,,,,,
"Badaiako mankomunitatea/Mancomunidad de Badaia",">= 65","Hombres",,,,,,,,,,,,,,,,,,,,,,,,,,,,,
"Badaiako mankomunitatea/Mancomunidad de Badaia",">= 65","Mujeres",,,,,,,,,,,,,,,,,,,,,,,,,,,,,
"Gipuzkoako eta Arabako Partzuergo Nagusia/Parzonería General de Gipuzkoa y Álava","Total","Total",,,,,,,,,,,,,,,,,,,,,,,,,,,,,
"Gipuzkoako eta Arabako Partzuergo Nagusia/Parzonería General de Gipuzkoa y Álava","Total","Hombres",,,,,,,,,,,,,,,,,,,,,,,,,,,,,
"Gipuzkoako eta Arabako Partzuergo Nagusia/Parzonería General de Gipuzkoa y Álava","Total","Mujeres",,,,,,,,,,,,,,,,,,,,,,,,,,,,,
"Gipuzkoako eta Arabako Partzuergo Nagusia/Parzonería General de Gipuzkoa y Álava","0 - 19","Total",,,,,,,,,,,,,,,,,,,,,,,,,,,,,
"Gipuzkoako eta Arabako Partzuergo Nagusia/Parzonería General de Gipuzkoa y Álava","0 - 19","Hombres",,,,,,,,,,,,,,,,,,,,,,,,,,,,,
"Gipuzkoako eta Arabako Partzuergo Nagusia/Parzonería General de Gipuzkoa y Álava","0 - 19","Mujeres",,,,,,,,,,,,,,,,,,,,,,,,,,,,,
"Gipuzkoako eta Arabako Partzuergo Nagusia/Parzonería General de Gipuzkoa y Álava","20 - 64","Total",,,,,,,,,,,,,,,,,,,,,,,,,,,,,
"Gipuzkoako eta Arabako Partzuergo Nagusia/Parzonería General de Gipuzkoa y Álava","20 - 64","Hombres",,,,,,,,,,,,,,,,,,,,,,,,,,,,,
"Gipuzkoako eta Arabako Partzuergo Nagusia/Parzonería General de Gipuzkoa y Álava","20 - 64","Mujeres",,,,,,,,,,,,,,,,,,,,,,,,,,,,,
"Gipuzkoako eta Arabako Partzuergo Nagusia/Parzonería General de Gipuzkoa y Álava",">= 65","Total",,,,,,,,,,,,,,,,,,,,,,,,,,,,,
"Gipuzkoako eta Arabako Partzuergo Nagusia/Parzonería General de Gipuzkoa y Álava",">= 65","Hombres",,,,,,,,,,,,,,,,,,,,,,,,,,,,,
"Gipuzkoako eta Arabako Partzuergo Nagusia/Parzonería General de Gipuzkoa y Álava",">= 65","Mujeres",,,,,,,,,,,,,,,,,,,,,,,,,,,,,
"Gipuzkoako Partzuergo Txikia/Parzonería Menor de Gipuzkoa","Total","Total",,,,,,,,,,,,,,,,,,,,,,,,,,,,,
"Gipuzkoako Partzuergo Txikia/Parzonería Menor de Gipuzkoa","Total","Hombres",,,,,,,,,,,,,,,,,,,,,,,,,,,,,
"Gipuzkoako Partzuergo Txikia/Parzonería Menor de Gipuzkoa","Total","Mujeres",,,,,,,,,,,,,,,,,,,,,,,,,,,,,
"Gipuzkoako Partzuergo Txikia/Parzonería Menor de Gipuzkoa","0 - 19","Total",,,,,,,,,,,,,,,,,,,,,,,,,,,,,
"Gipuzkoako Partzuergo Txikia/Parzonería Menor de Gipuzkoa","0 - 19","Hombres",,,,,,,,,,,,,,,,,,,,,,,,,,,,,
"Gipuzkoako Partzuergo Txikia/Parzonería Menor de Gipuzkoa","0 - 19","Mujeres",,,,,,,,,,,,,,,,,,,,,,,,,,,,,
"Gipuzkoako Partzuergo Txikia/Parzonería Menor de Gipuzkoa","20 - 64","Total",,,,,,,,,,,,,,,,,,,,,,,,,,,,,
"Gipuzkoako Partzuergo Txikia/Parzonería Menor de Gipuzkoa","20 - 64","Hombres",,,,,,,,,,,,,,,,,,,,,,,,,,,,,
"Gipuzkoako Partzuergo Txikia/Parzonería Menor de Gipuzkoa","20 - 64","Mujeres",,,,,,,,,,,,,,,,,,,,,,,,,,,,,
"Gipuzkoako Partzuergo Txikia/Parzonería Menor de Gipuzkoa",">= 65","Total",,,,,,,,,,,,,,,,,,,,,,,,,,,,,
"Gipuzkoako Partzuergo Txikia/Parzonería Menor de Gipuzkoa",">= 65","Hombres",,,,,,,,,,,,,,,,,,,,,,,,,,,,,
"Gipuzkoako Partzuergo Txikia/Parzonería Menor de Gipuzkoa",">= 65","Mujeres",,,,,,,,,,,,,,,,,,,,,,,,,,,,,
